14:26:57 **** Build of configuration Debug for project integrated_sensors ****
make -j20 all 
arm-none-eabi-gcc "../Drivers/STM32L4xx_HAL_Driver/Src/stm32l4xx_hal.c" -mcpu=cortex-m4 -std=gnu11 -g3 -DDEBUG -DUSE_HAL_DRIVER -DSTM32L432xx -c -I../Core/Inc -I../Drivers/STM32L4xx_HAL_Driver/Inc -I../Drivers/STM32L4xx_HAL_Driver/Inc/Legacy -I../Drivers/CMSIS/Device/ST/STM32L4xx/Include -I../Drivers/CMSIS/Include -O0 -ffunction-sections -fdata-sections -Wall -fstack-usage -fcyclomatic-complexity -MMD -MP -MF"Drivers/STM32L4xx_HAL_Driver/Src/stm32l4xx_hal.d" -MT"Drivers/STM32L4xx_HAL_Driver/Src/stm32l4xx_hal.o" --specs=nano.specs -mfpu=fpv4-sp-d16 -mfloat-abi=hard -mthumb -o "Drivers/STM32L4xx_HAL_Driver/Src/stm32l4xx_hal.o"
arm-none-eabi-gcc "../Drivers/STM32L4xx_HAL_Driver/Src/stm32l4xx_hal_adc.c" -mcpu=cortex-m4 -std=gnu11 -g3 -DDEBUG -DUSE_HAL_DRIVER -DSTM32L432xx -c -I../Core/Inc -I../Drivers/STM32L4xx_HAL_Driver/Inc -I../Drivers/STM32L4xx_HAL_Driver/Inc/Legacy -I../Drivers/CMSIS/Device/ST/STM32L4xx/Include -I../Drivers/CMSIS/Include -O0 -ffunction-sections -fdata-sections -Wall -fstack-usage -fcyclomatic-complexity -MMD -MP -MF"Drivers/STM32L4xx_HAL_Driver/Src/stm32l4xx_hal_adc.d" -MT"Drivers/STM32L4xx_HAL_Driver/Src/stm32l4xx_hal_adc.o" --specs=nano.specs -mfpu=fpv4-sp-d16 -mfloat-abi=hard -mthumb -o "Drivers/STM32L4xx_HAL_Driver/Src/stm32l4xx_hal_adc.o"
arm-none-eabi-gcc "../Drivers/STM32L4xx_HAL_Driver/Src/stm32l4xx_hal_adc_ex.c" -mcpu=cortex-m4 -std=gnu11 -g3 -DDEBUG -DUSE_HAL_DRIVER -DSTM32L432xx -c -I../Core/Inc -I../Drivers/STM32L4xx_HAL_Driver/Inc -I../Drivers/STM32L4xx_HAL_Driver/Inc/Legacy -I../Drivers/CMSIS/Device/ST/STM32L4xx/Include -I../Drivers/CMSIS/Include -O0 -ffunction-sections -fdata-sections -Wall -fstack-usage -fcyclomatic-complexity -MMD -MP -MF"Drivers/STM32L4xx_HAL_Driver/Src/stm32l4xx_hal_adc_ex.d" -MT"Drivers/STM32L4xx_HAL_Driver/Src/stm32l4xx_hal_adc_ex.o" --specs=nano.specs -mfpu=fpv4-sp-d16 -mfloat-abi=hard -mthumb -o "Drivers/STM32L4xx_HAL_Driver/Src/stm32l4xx_hal_adc_ex.o"
arm-none-eabi-gcc "../Drivers/STM32L4xx_HAL_Driver/Src/stm32l4xx_hal_cortex.c" -mcpu=cortex-m4 -std=gnu11 -g3 -DDEBUG -DUSE_HAL_DRIVER -DSTM32L432xx -c -I../Core/Inc -I../Drivers/STM32L4xx_HAL_Driver/Inc -I../Drivers/STM32L4xx_HAL_Driver/Inc/Legacy -I../Drivers/CMSIS/Device/ST/STM32L4xx/Include -I../Drivers/CMSIS/Include -O0 -ffunction-sections -fdata-sections -Wall -fstack-usage -fcyclomatic-complexity -MMD -MP -MF"Drivers/STM32L4xx_HAL_Driver/Src/stm32l4xx_hal_cortex.d" -MT"Drivers/STM32L4xx_HAL_Driver/Src/stm32l4xx_hal_cortex.o" --specs=nano.specs -mfpu=fpv4-sp-d16 -mfloat-abi=hard -mthumb -o "Drivers/STM32L4xx_HAL_Driver/Src/stm32l4xx_hal_cortex.o"
arm-none-eabi-gcc "../Drivers/STM32L4xx_HAL_Driver/Src/stm32l4xx_hal_dma.c" -mcpu=cortex-m4 -std=gnu11 -g3 -DDEBUG -DUSE_HAL_DRIVER -DSTM32L432xx -c -I../Core/Inc -I../Drivers/STM32L4xx_HAL_Driver/Inc -I../Drivers/STM32L4xx_HAL_Driver/Inc/Legacy -I../Drivers/CMSIS/Device/ST/STM32L4xx/Include -I../Drivers/CMSIS/Include -O0 -ffunction-sections -fdata-sections -Wall -fstack-usage -fcyclomatic-complexity -MMD -MP -MF"Drivers/STM32L4xx_HAL_Driver/Src/stm32l4xx_hal_dma.d" -MT"Drivers/STM32L4xx_HAL_Driver/Src/stm32l4xx_hal_dma.o" --specs=nano.specs -mfpu=fpv4-sp-d16 -mfloat-abi=hard -mthumb -o "Drivers/STM32L4xx_HAL_Driver/Src/stm32l4xx_hal_dma.o"
arm-none-eabi-gcc "../Drivers/STM32L4xx_HAL_Driver/Src/stm32l4xx_hal_dma_ex.c" -mcpu=cortex-m4 -std=gnu11 -g3 -DDEBUG -DUSE_HAL_DRIVER -DSTM32L432xx -c -I../Core/Inc -I../Drivers/STM32L4xx_HAL_Driver/Inc -I../Drivers/STM32L4xx_HAL_Driver/Inc/Legacy -I../Drivers/CMSIS/Device/ST/STM32L4xx/Include -I../Drivers/CMSIS/Include -O0 -ffunction-sections -fdata-sections -Wall -fstack-usage -fcyclomatic-complexity -MMD -MP -MF"Drivers/STM32L4xx_HAL_Driver/Src/stm32l4xx_hal_dma_ex.d" -MT"Drivers/STM32L4xx_HAL_Driver/Src/stm32l4xx_hal_dma_ex.o" --specs=nano.specs -mfpu=fpv4-sp-d16 -mfloat-abi=hard -mthumb -o "Drivers/STM32L4xx_HAL_Driver/Src/stm32l4xx_hal_dma_ex.o"
arm-none-eabi-gcc "../Drivers/STM32L4xx_HAL_Driver/Src/stm32l4xx_hal_exti.c" -mcpu=cortex-m4 -std=gnu11 -g3 -DDEBUG -DUSE_HAL_DRIVER -DSTM32L432xx -c -I../Core/Inc -I../Drivers/STM32L4xx_HAL_Driver/Inc -I../Drivers/STM32L4xx_HAL_Driver/Inc/Legacy -I../Drivers/CMSIS/Device/ST/STM32L4xx/Include -I../Drivers/CMSIS/Include -O0 -ffunction-sections -fdata-sections -Wall -fstack-usage -fcyclomatic-complexity -MMD -MP -MF"Drivers/STM32L4xx_HAL_Driver/Src/stm32l4xx_hal_exti.d" -MT"Drivers/STM32L4xx_HAL_Driver/Src/stm32l4xx_hal_exti.o" --specs=nano.specs -mfpu=fpv4-sp-d16 -mfloat-abi=hard -mthumb -o "Drivers/STM32L4xx_HAL_Driver/Src/stm32l4xx_hal_exti.o"
arm-none-eabi-gcc "../Drivers/STM32L4xx_HAL_Driver/Src/stm32l4xx_hal_flash.c" -mcpu=cortex-m4 -std=gnu11 -g3 -DDEBUG -DUSE_HAL_DRIVER -DSTM32L432xx -c -I../Core/Inc -I../Drivers/STM32L4xx_HAL_Driver/Inc -I../Drivers/STM32L4xx_HAL_Driver/Inc/Legacy -I../Drivers/CMSIS/Device/ST/STM32L4xx/Include -I../Drivers/CMSIS/Include -O0 -ffunction-sections -fdata-sections -Wall -fstack-usage -fcyclomatic-complexity -MMD -MP -MF"Drivers/STM32L4xx_HAL_Driver/Src/stm32l4xx_hal_flash.d" -MT"Drivers/STM32L4xx_HAL_Driver/Src/stm32l4xx_hal_flash.o" --specs=nano.specs -mfpu=fpv4-sp-d16 -mfloat-abi=hard -mthumb -o "Drivers/STM32L4xx_HAL_Driver/Src/stm32l4xx_hal_flash.o"
arm-none-eabi-gcc "../Drivers/STM32L4xx_HAL_Driver/Src/stm32l4xx_hal_flash_ex.c" -mcpu=cortex-m4 -std=gnu11 -g3 -DDEBUG -DUSE_HAL_DRIVER -DSTM32L432xx -c -I../Core/Inc -I../Drivers/STM32L4xx_HAL_Driver/Inc -I../Drivers/STM32L4xx_HAL_Driver/Inc/Legacy -I../Drivers/CMSIS/Device/ST/STM32L4xx/Include -I../Drivers/CMSIS/Include -O0 -ffunction-sections -fdata-sections -Wall -fstack-usage -fcyclomatic-complexity -MMD -MP -MF"Drivers/STM32L4xx_HAL_Driver/Src/stm32l4xx_hal_flash_ex.d" -MT"Drivers/STM32L4xx_HAL_Driver/Src/stm32l4xx_hal_flash_ex.o" --specs=nano.specs -mfpu=fpv4-sp-d16 -mfloat-abi=hard -mthumb -o "Drivers/STM32L4xx_HAL_Driver/Src/stm32l4xx_hal_flash_ex.o"
arm-none-eabi-gcc "../Drivers/STM32L4xx_HAL_Driver/Src/stm32l4xx_hal_flash_ramfunc.c" -mcpu=cortex-m4 -std=gnu11 -g3 -DDEBUG -DUSE_HAL_DRIVER -DSTM32L432xx -c -I../Core/Inc -I../Drivers/STM32L4xx_HAL_Driver/Inc -I../Drivers/STM32L4xx_HAL_Driver/Inc/Legacy -I../Drivers/CMSIS/Device/ST/STM32L4xx/Include -I../Drivers/CMSIS/Include -O0 -ffunction-sections -fdata-sections -Wall -fstack-usage -fcyclomatic-complexity -MMD -MP -MF"Drivers/STM32L4xx_HAL_Driver/Src/stm32l4xx_hal_flash_ramfunc.d" -MT"Drivers/STM32L4xx_HAL_Driver/Src/stm32l4xx_hal_flash_ramfunc.o" --specs=nano.specs -mfpu=fpv4-sp-d16 -mfloat-abi=hard -mthumb -o "Drivers/STM32L4xx_HAL_Driver/Src/stm32l4xx_hal_flash_ramfunc.o"
arm-none-eabi-gcc "../Drivers/STM32L4xx_HAL_Driver/Src/stm32l4xx_hal_gpio.c" -mcpu=cortex-m4 -std=gnu11 -g3 -DDEBUG -DUSE_HAL_DRIVER -DSTM32L432xx -c -I../Core/Inc -I../Drivers/STM32L4xx_HAL_Driver/Inc -I../Drivers/STM32L4xx_HAL_Driver/Inc/Legacy -I../Drivers/CMSIS/Device/ST/STM32L4xx/Include -I../Drivers/CMSIS/Include -O0 -ffunction-sections -fdata-sections -Wall -fstack-usage -fcyclomatic-complexity -MMD -MP -MF"Drivers/STM32L4xx_HAL_Driver/Src/stm32l4xx_hal_gpio.d" -MT"Drivers/STM32L4xx_HAL_Driver/Src/stm32l4xx_hal_gpio.o" --specs=nano.specs -mfpu=fpv4-sp-d16 -mfloat-abi=hard -mthumb -o "Drivers/STM32L4xx_HAL_Driver/Src/stm32l4xx_hal_gpio.o"
arm-none-eabi-gcc "../Drivers/STM32L4xx_HAL_Driver/Src/stm32l4xx_hal_i2c.c" -mcpu=cortex-m4 -std=gnu11 -g3 -DDEBUG -DUSE_HAL_DRIVER -DSTM32L432xx -c -I../Core/Inc -I../Drivers/STM32L4xx_HAL_Driver/Inc -I../Drivers/STM32L4xx_HAL_Driver/Inc/Legacy -I../Drivers/CMSIS/Device/ST/STM32L4xx/Include -I../Drivers/CMSIS/Include -O0 -ffunction-sections -fdata-sections -Wall -fstack-usage -fcyclomatic-complexity -MMD -MP -MF"Drivers/STM32L4xx_HAL_Driver/Src/stm32l4xx_hal_i2c.d" -MT"Drivers/STM32L4xx_HAL_Driver/Src/stm32l4xx_hal_i2c.o" --specs=nano.specs -mfpu=fpv4-sp-d16 -mfloat-abi=hard -mthumb -o "Drivers/STM32L4xx_HAL_Driver/Src/stm32l4xx_hal_i2c.o"
arm-none-eabi-gcc "../Drivers/STM32L4xx_HAL_Driver/Src/stm32l4xx_hal_i2c_ex.c" -mcpu=cortex-m4 -std=gnu11 -g3 -DDEBUG -DUSE_HAL_DRIVER -DSTM32L432xx -c -I../Core/Inc -I../Drivers/STM32L4xx_HAL_Driver/Inc -I../Drivers/STM32L4xx_HAL_Driver/Inc/Legacy -I../Drivers/CMSIS/Device/ST/STM32L4xx/Include -I../Drivers/CMSIS/Include -O0 -ffunction-sections -fdata-sections -Wall -fstack-usage -fcyclomatic-complexity -MMD -MP -MF"Drivers/STM32L4xx_HAL_Driver/Src/stm32l4xx_hal_i2c_ex.d" -MT"Drivers/STM32L4xx_HAL_Driver/Src/stm32l4xx_hal_i2c_ex.o" --specs=nano.specs -mfpu=fpv4-sp-d16 -mfloat-abi=hard -mthumb -o "Drivers/STM32L4xx_HAL_Driver/Src/stm32l4xx_hal_i2c_ex.o"
arm-none-eabi-gcc "../Drivers/STM32L4xx_HAL_Driver/Src/stm32l4xx_hal_pwr.c" -mcpu=cortex-m4 -std=gnu11 -g3 -DDEBUG -DUSE_HAL_DRIVER -DSTM32L432xx -c -I../Core/Inc -I../Drivers/STM32L4xx_HAL_Driver/Inc -I../Drivers/STM32L4xx_HAL_Driver/Inc/Legacy -I../Drivers/CMSIS/Device/ST/STM32L4xx/Include -I../Drivers/CMSIS/Include -O0 -ffunction-sections -fdata-sections -Wall -fstack-usage -fcyclomatic-complexity -MMD -MP -MF"Drivers/STM32L4xx_HAL_Driver/Src/stm32l4xx_hal_pwr.d" -MT"Drivers/STM32L4xx_HAL_Driver/Src/stm32l4xx_hal_pwr.o" --specs=nano.specs -mfpu=fpv4-sp-d16 -mfloat-abi=hard -mthumb -o "Drivers/STM32L4xx_HAL_Driver/Src/stm32l4xx_hal_pwr.o"
arm-none-eabi-gcc "../Drivers/STM32L4xx_HAL_Driver/Src/stm32l4xx_hal_pwr_ex.c" -mcpu=cortex-m4 -std=gnu11 -g3 -DDEBUG -DUSE_HAL_DRIVER -DSTM32L432xx -c -I../Core/Inc -I../Drivers/STM32L4xx_HAL_Driver/Inc -I../Drivers/STM32L4xx_HAL_Driver/Inc/Legacy -I../Drivers/CMSIS/Device/ST/STM32L4xx/Include -I../Drivers/CMSIS/Include -O0 -ffunction-sections -fdata-sections -Wall -fstack-usage -fcyclomatic-complexity -MMD -MP -MF"Drivers/STM32L4xx_HAL_Driver/Src/stm32l4xx_hal_pwr_ex.d" -MT"Drivers/STM32L4xx_HAL_Driver/Src/stm32l4xx_hal_pwr_ex.o" --specs=nano.specs -mfpu=fpv4-sp-d16 -mfloat-abi=hard -mthumb -o "Drivers/STM32L4xx_HAL_Driver/Src/stm32l4xx_hal_pwr_ex.o"
arm-none-eabi-gcc "../Drivers/STM32L4xx_HAL_Driver/Src/stm32l4xx_hal_rcc.c" -mcpu=cortex-m4 -std=gnu11 -g3 -DDEBUG -DUSE_HAL_DRIVER -DSTM32L432xx -c -I../Core/Inc -I../Drivers/STM32L4xx_HAL_Driver/Inc -I../Drivers/STM32L4xx_HAL_Driver/Inc/Legacy -I../Drivers/CMSIS/Device/ST/STM32L4xx/Include -I../Drivers/CMSIS/Include -O0 -ffunction-sections -fdata-sections -Wall -fstack-usage -fcyclomatic-complexity -MMD -MP -MF"Drivers/STM32L4xx_HAL_Driver/Src/stm32l4xx_hal_rcc.d" -MT"Drivers/STM32L4xx_HAL_Driver/Src/stm32l4xx_hal_rcc.o" --specs=nano.specs -mfpu=fpv4-sp-d16 -mfloat-abi=hard -mthumb -o "Drivers/STM32L4xx_HAL_Driver/Src/stm32l4xx_hal_rcc.o"
arm-none-eabi-gcc "../Drivers/STM32L4xx_HAL_Driver/Src/stm32l4xx_hal_rcc_ex.c" -mcpu=cortex-m4 -std=gnu11 -g3 -DDEBUG -DUSE_HAL_DRIVER -DSTM32L432xx -c -I../Core/Inc -I../Drivers/STM32L4xx_HAL_Driver/Inc -I../Drivers/STM32L4xx_HAL_Driver/Inc/Legacy -I../Drivers/CMSIS/Device/ST/STM32L4xx/Include -I../Drivers/CMSIS/Include -O0 -ffunction-sections -fdata-sections -Wall -fstack-usage -fcyclomatic-complexity -MMD -MP -MF"Drivers/STM32L4xx_HAL_Driver/Src/stm32l4xx_hal_rcc_ex.d" -MT"Drivers/STM32L4xx_HAL_Driver/Src/stm32l4xx_hal_rcc_ex.o" --specs=nano.specs -mfpu=fpv4-sp-d16 -mfloat-abi=hard -mthumb -o "Drivers/STM32L4xx_HAL_Driver/Src/stm32l4xx_hal_rcc_ex.o"
arm-none-eabi-gcc "../Drivers/STM32L4xx_HAL_Driver/Src/stm32l4xx_hal_tim.c" -mcpu=cortex-m4 -std=gnu11 -g3 -DDEBUG -DUSE_HAL_DRIVER -DSTM32L432xx -c -I../Core/Inc -I../Drivers/STM32L4xx_HAL_Driver/Inc -I../Drivers/STM32L4xx_HAL_Driver/Inc/Legacy -I../Drivers/CMSIS/Device/ST/STM32L4xx/Include -I../Drivers/CMSIS/Include -O0 -ffunction-sections -fdata-sections -Wall -fstack-usage -fcyclomatic-complexity -MMD -MP -MF"Drivers/STM32L4xx_HAL_Driver/Src/stm32l4xx_hal_tim.d" -MT"Drivers/STM32L4xx_HAL_Driver/Src/stm32l4xx_hal_tim.o" --specs=nano.specs -mfpu=fpv4-sp-d16 -mfloat-abi=hard -mthumb -o "Drivers/STM32L4xx_HAL_Driver/Src/stm32l4xx_hal_tim.o"
arm-none-eabi-gcc "../Drivers/STM32L4xx_HAL_Driver/Src/stm32l4xx_hal_tim_ex.c" -mcpu=cortex-m4 -std=gnu11 -g3 -DDEBUG -DUSE_HAL_DRIVER -DSTM32L432xx -c -I../Core/Inc -I../Drivers/STM32L4xx_HAL_Driver/Inc -I../Drivers/STM32L4xx_HAL_Driver/Inc/Legacy -I../Drivers/CMSIS/Device/ST/STM32L4xx/Include -I../Drivers/CMSIS/Include -O0 -ffunction-sections -fdata-sections -Wall -fstack-usage -fcyclomatic-complexity -MMD -MP -MF"Drivers/STM32L4xx_HAL_Driver/Src/stm32l4xx_hal_tim_ex.d" -MT"Drivers/STM32L4xx_HAL_Driver/Src/stm32l4xx_hal_tim_ex.o" --specs=nano.specs -mfpu=fpv4-sp-d16 -mfloat-abi=hard -mthumb -o "Drivers/STM32L4xx_HAL_Driver/Src/stm32l4xx_hal_tim_ex.o"
arm-none-eabi-gcc "../Drivers/STM32L4xx_HAL_Driver/Src/stm32l4xx_hal_uart.c" -mcpu=cortex-m4 -std=gnu11 -g3 -DDEBUG -DUSE_HAL_DRIVER -DSTM32L432xx -c -I../Core/Inc -I../Drivers/STM32L4xx_HAL_Driver/Inc -I../Drivers/STM32L4xx_HAL_Driver/Inc/Legacy -I../Drivers/CMSIS/Device/ST/STM32L4xx/Include -I../Drivers/CMSIS/Include -O0 -ffunction-sections -fdata-sections -Wall -fstack-usage -fcyclomatic-complexity -MMD -MP -MF"Drivers/STM32L4xx_HAL_Driver/Src/stm32l4xx_hal_uart.d" -MT"Drivers/STM32L4xx_HAL_Driver/Src/stm32l4xx_hal_uart.o" --specs=nano.specs -mfpu=fpv4-sp-d16 -mfloat-abi=hard -mthumb -o "Drivers/STM32L4xx_HAL_Driver/Src/stm32l4xx_hal_uart.o"
arm-none-eabi-gcc "../Drivers/STM32L4xx_HAL_Driver/Src/stm32l4xx_hal_uart_ex.c" -mcpu=cortex-m4 -std=gnu11 -g3 -DDEBUG -DUSE_HAL_DRIVER -DSTM32L432xx -c -I../Core/Inc -I../Drivers/STM32L4xx_HAL_Driver/Inc -I../Drivers/STM32L4xx_HAL_Driver/Inc/Legacy -I../Drivers/CMSIS/Device/ST/STM32L4xx/Include -I../Drivers/CMSIS/Include -O0 -ffunction-sections -fdata-sections -Wall -fstack-usage -fcyclomatic-complexity -MMD -MP -MF"Drivers/STM32L4xx_HAL_Driver/Src/stm32l4xx_hal_uart_ex.d" -MT"Drivers/STM32L4xx_HAL_Driver/Src/stm32l4xx_hal_uart_ex.o" --specs=nano.specs -mfpu=fpv4-sp-d16 -mfloat-abi=hard -mthumb -o "Drivers/STM32L4xx_HAL_Driver/Src/stm32l4xx_hal_uart_ex.o"
arm-none-eabi-gcc -mcpu=cortex-m4 -g3 -DDEBUG -c -x assembler-with-cpp -MMD -MP -MF"Core/Startup/startup_stm32l432kcux.d" -MT"Core/Startup/startup_stm32l432kcux.o" --specs=nano.specs -mfpu=fpv4-sp-d16 -mfloat-abi=hard -mthumb -o "Core/Startup/startup_stm32l432kcux.o" "../Core/Startup/startup_stm32l432kcux.s"
arm-none-eabi-gcc "../Core/Src/main.c" -mcpu=cortex-m4 -std=gnu11 -g3 -DDEBUG -DUSE_HAL_DRIVER -DSTM32L432xx -c -I../Core/Inc -I../Drivers/STM32L4xx_HAL_Driver/Inc -I../Drivers/STM32L4xx_HAL_Driver/Inc/Legacy -I../Drivers/CMSIS/Device/ST/STM32L4xx/Include -I../Drivers/CMSIS/Include -O0 -ffunction-sections -fdata-sections -Wall -fstack-usage -fcyclomatic-complexity -MMD -MP -MF"Core/Src/main.d" -MT"Core/Src/main.o" --specs=nano.specs -mfpu=fpv4-sp-d16 -mfloat-abi=hard -mthumb -o "Core/Src/main.o"
arm-none-eabi-gcc "../Core/Src/stm32l4xx_hal_msp.c" -mcpu=cortex-m4 -std=gnu11 -g3 -DDEBUG -DUSE_HAL_DRIVER -DSTM32L432xx -c -I../Core/Inc -I../Drivers/STM32L4xx_HAL_Driver/Inc -I../Drivers/STM32L4xx_HAL_Driver/Inc/Legacy -I../Drivers/CMSIS/Device/ST/STM32L4xx/Include -I../Drivers/CMSIS/Include -O0 -ffunction-sections -fdata-sections -Wall -fstack-usage -fcyclomatic-complexity -MMD -MP -MF"Core/Src/stm32l4xx_hal_msp.d" -MT"Core/Src/stm32l4xx_hal_msp.o" --specs=nano.specs -mfpu=fpv4-sp-d16 -mfloat-abi=hard -mthumb -o "Core/Src/stm32l4xx_hal_msp.o"
arm-none-eabi-gcc "../Core/Src/stm32l4xx_it.c" -mcpu=cortex-m4 -std=gnu11 -g3 -DDEBUG -DUSE_HAL_DRIVER -DSTM32L432xx -c -I../Core/Inc -I../Drivers/STM32L4xx_HAL_Driver/Inc -I../Drivers/STM32L4xx_HAL_Driver/Inc/Legacy -I../Drivers/CMSIS/Device/ST/STM32L4xx/Include -I../Drivers/CMSIS/Include -O0 -ffunction-sections -fdata-sections -Wall -fstack-usage -fcyclomatic-complexity -MMD -MP -MF"Core/Src/stm32l4xx_it.d" -MT"Core/Src/stm32l4xx_it.o" --specs=nano.specs -mfpu=fpv4-sp-d16 -mfloat-abi=hard -mthumb -o "Core/Src/stm32l4xx_it.o"
arm-none-eabi-gcc "../Core/Src/syscalls.c" -mcpu=cortex-m4 -std=gnu11 -g3 -DDEBUG -DUSE_HAL_DRIVER -DSTM32L432xx -c -I../Core/Inc -I../Drivers/STM32L4xx_HAL_Driver/Inc -I../Drivers/STM32L4xx_HAL_Driver/Inc/Legacy -I../Drivers/CMSIS/Device/ST/STM32L4xx/Include -I../Drivers/CMSIS/Include -O0 -ffunction-sections -fdata-sections -Wall -fstack-usage -fcyclomatic-complexity -MMD -MP -MF"Core/Src/syscalls.d" -MT"Core/Src/syscalls.o" --specs=nano.specs -mfpu=fpv4-sp-d16 -mfloat-abi=hard -mthumb -o "Core/Src/syscalls.o"
arm-none-eabi-gcc "../Core/Src/sysmem.c" -mcpu=cortex-m4 -std=gnu11 -g3 -DDEBUG -DUSE_HAL_DRIVER -DSTM32L432xx -c -I../Core/Inc -I../Drivers/STM32L4xx_HAL_Driver/Inc -I../Drivers/STM32L4xx_HAL_Driver/Inc/Legacy -I../Drivers/CMSIS/Device/ST/STM32L4xx/Include -I../Drivers/CMSIS/Include -O0 -ffunction-sections -fdata-sections -Wall -fstack-usage -fcyclomatic-complexity -MMD -MP -MF"Core/Src/sysmem.d" -MT"Core/Src/sysmem.o" --specs=nano.specs -mfpu=fpv4-sp-d16 -mfloat-abi=hard -mthumb -o "Core/Src/sysmem.o"
arm-none-eabi-gcc "../Core/Src/system_stm32l4xx.c" -mcpu=cortex-m4 -std=gnu11 -g3 -DDEBUG -DUSE_HAL_DRIVER -DSTM32L432xx -c -I../Core/Inc -I../Drivers/STM32L4xx_HAL_Driver/Inc -I../Drivers/STM32L4xx_HAL_Driver/Inc/Legacy -I../Drivers/CMSIS/Device/ST/STM32L4xx/Include -I../Drivers/CMSIS/Include -O0 -ffunction-sections -fdata-sections -Wall -fstack-usage -fcyclomatic-complexity -MMD -MP -MF"Core/Src/system_stm32l4xx.d" -MT"Core/Src/system_stm32l4xx.o" --specs=nano.specs -mfpu=fpv4-sp-d16 -mfloat-abi=hard -mthumb -o "Core/Src/system_stm32l4xx.o"
../Core/Src/main.c: In function 'HAL_GPIO_EXTI_Callback':
../Core/Src/main.c:110:25: error: 'VTTL_Pin' undeclared (first use in this function)
  110 |         if (GPIO_Pin == VTTL_Pin){
      |                         ^~~~~~~~
../Core/Src/main.c:110:25: note: each undeclared identifier is reported only once for each function it appears in
../Core/Src/main.c: In function 'main':
../Core/Src/main.c:195:27: warning: implicit declaration of function 'readSmoothedTemperature' [-Wimplicit-function-declaration]
  195 |                   temp1 = readSmoothedTemperature(&avg1, ADCvalues[0]);
      |                           ^~~~~~~~~~~~~~~~~~~~~~~
../Core/Src/main.c:280:13: error: invalid storage class for function 'MX_ADC1_Init'
  280 | static void MX_ADC1_Init(void)
      |             ^~~~~~~~~~~~
../Core/Src/main.c:347:13: error: invalid storage class for function 'MX_TIM2_Init'
  347 | static void MX_TIM2_Init(void)
      |             ^~~~~~~~~~~~
../Core/Src/main.c:392:13: error: invalid storage class for function 'MX_USART2_UART_Init'
  392 | static void MX_USART2_UART_Init(void)
      |             ^~~~~~~~~~~~~~~~~~~
../Core/Src/main.c:425:13: error: invalid storage class for function 'MX_DMA_Init'
  425 | static void MX_DMA_Init(void)
      |             ^~~~~~~~~~~
../Core/Src/main.c:443:13: error: invalid storage class for function 'MX_GPIO_Init'
  443 | static void MX_GPIO_Init(void)
      |             ^~~~~~~~~~~~
../Core/Src/main.c:505:1: error: expected declaration or statement at end of input
  505 | }
      | ^
../Core/Src/main.c: At top level:
../Core/Src/main.c:95:13: warning: 'MX_GPIO_Init' used but never defined
   95 | static void MX_GPIO_Init(void);
      |             ^~~~~~~~~~~~
../Core/Src/main.c:96:13: warning: 'MX_DMA_Init' used but never defined
   96 | static void MX_DMA_Init(void);
      |             ^~~~~~~~~~~
../Core/Src/main.c:97:13: warning: 'MX_USART2_UART_Init' used but never defined
   97 | static void MX_USART2_UART_Init(void);
      |             ^~~~~~~~~~~~~~~~~~~
../Core/Src/main.c:98:13: warning: 'MX_ADC1_Init' used but never defined
   98 | static void MX_ADC1_Init(void);
      |             ^~~~~~~~~~~~
../Core/Src/main.c:99:13: warning: 'MX_TIM2_Init' used but never defined
   99 | static void MX_TIM2_Init(void);
      |             ^~~~~~~~~~~~
../Core/Src/main.c:496:6: warning: 'Error_Handler' defined but not used [-Wunused-function]
  496 | void Error_Handler(void)
      |      ^~~~~~~~~~~~~
../Core/Src/main.c:471:8: warning: 'readSmoothedTemperature' defined but not used [-Wunused-function]
  471 | double readSmoothedTemperature(MovingAverage_t *ma, uint16_t rawSample)
      |        ^~~~~~~~~~~~~~~~~~~~~~~
../Core/Src/main.c:443:13: warning: 'MX_GPIO_Init' defined but not used [-Wunused-function]
  443 | static void MX_GPIO_Init(void)
      |             ^~~~~~~~~~~~
../Core/Src/main.c:425:13: warning: 'MX_DMA_Init' defined but not used [-Wunused-function]
  425 | static void MX_DMA_Init(void)
      |             ^~~~~~~~~~~
../Core/Src/main.c:392:13: warning: 'MX_USART2_UART_Init' defined but not used [-Wunused-function]
  392 | static void MX_USART2_UART_Init(void)
      |             ^~~~~~~~~~~~~~~~~~~
../Core/Src/main.c:347:13: warning: 'MX_TIM2_Init' defined but not used [-Wunused-function]
  347 | static void MX_TIM2_Init(void)
      |             ^~~~~~~~~~~~
../Core/Src/main.c:280:13: warning: 'MX_ADC1_Init' defined but not used [-Wunused-function]
  280 | static void MX_ADC1_Init(void)
      |             ^~~~~~~~~~~~
../Core/Src/main.c:219:6: warning: 'SystemClock_Config' defined but not used [-Wunused-function]
  219 | void SystemClock_Config(void)
      |      ^~~~~~~~~~~~~~~~~~
make: *** [Core/Src/subdir.mk:34: Core/Src/main.o] Error 1
make: *** Waiting for unfinished jobs....
"make -j20 all" terminated with exit code 2. Build might be incomplete.
14:30:11 **** Incremental Build of configuration Debug for project integrated_sensors ****
make -j20 all 
arm-none-eabi-gcc "../Core/Src/main.c" -mcpu=cortex-m4 -std=gnu11 -g3 -DDEBUG -DUSE_HAL_DRIVER -DSTM32L432xx -c -I../Core/Inc -I../Drivers/STM32L4xx_HAL_Driver/Inc -I../Drivers/STM32L4xx_HAL_Driver/Inc/Legacy -I../Drivers/CMSIS/Device/ST/STM32L4xx/Include -I../Drivers/CMSIS/Include -O0 -ffunction-sections -fdata-sections -Wall -fstack-usage -fcyclomatic-complexity -MMD -MP -MF"Core/Src/main.d" -MT"Core/Src/main.o" --specs=nano.specs -mfpu=fpv4-sp-d16 -mfloat-abi=hard -mthumb -o "Core/Src/main.o"
arm-none-eabi-gcc "../Core/Src/stm32l4xx_hal_msp.c" -mcpu=cortex-m4 -std=gnu11 -g3 -DDEBUG -DUSE_HAL_DRIVER -DSTM32L432xx -c -I../Core/Inc -I../Drivers/STM32L4xx_HAL_Driver/Inc -I../Drivers/STM32L4xx_HAL_Driver/Inc/Legacy -I../Drivers/CMSIS/Device/ST/STM32L4xx/Include -I../Drivers/CMSIS/Include -O0 -ffunction-sections -fdata-sections -Wall -fstack-usage -fcyclomatic-complexity -MMD -MP -MF"Core/Src/stm32l4xx_hal_msp.d" -MT"Core/Src/stm32l4xx_hal_msp.o" --specs=nano.specs -mfpu=fpv4-sp-d16 -mfloat-abi=hard -mthumb -o "Core/Src/stm32l4xx_hal_msp.o"
arm-none-eabi-gcc "../Core/Src/stm32l4xx_it.c" -mcpu=cortex-m4 -std=gnu11 -g3 -DDEBUG -DUSE_HAL_DRIVER -DSTM32L432xx -c -I../Core/Inc -I../Drivers/STM32L4xx_HAL_Driver/Inc -I../Drivers/STM32L4xx_HAL_Driver/Inc/Legacy -I../Drivers/CMSIS/Device/ST/STM32L4xx/Include -I../Drivers/CMSIS/Include -O0 -ffunction-sections -fdata-sections -Wall -fstack-usage -fcyclomatic-complexity -MMD -MP -MF"Core/Src/stm32l4xx_it.d" -MT"Core/Src/stm32l4xx_it.o" --specs=nano.specs -mfpu=fpv4-sp-d16 -mfloat-abi=hard -mthumb -o "Core/Src/stm32l4xx_it.o"
../Core/Src/main.c: In function 'main':
../Core/Src/main.c:195:27: warning: implicit declaration of function 'readSmoothedTemperature' [-Wimplicit-function-declaration]
  195 |                   temp1 = readSmoothedTemperature(&avg1, ADCvalues[0]);
      |                           ^~~~~~~~~~~~~~~~~~~~~~~
../Core/Src/main.c:280:13: error: invalid storage class for function 'MX_ADC1_Init'
  280 | static void MX_ADC1_Init(void)
      |             ^~~~~~~~~~~~
../Core/Src/main.c:347:13: error: invalid storage class for function 'MX_TIM2_Init'
  347 | static void MX_TIM2_Init(void)
      |             ^~~~~~~~~~~~
../Core/Src/main.c:392:13: error: invalid storage class for function 'MX_USART2_UART_Init'
  392 | static void MX_USART2_UART_Init(void)
      |             ^~~~~~~~~~~~~~~~~~~
../Core/Src/main.c:425:13: error: invalid storage class for function 'MX_DMA_Init'
  425 | static void MX_DMA_Init(void)
      |             ^~~~~~~~~~~
../Core/Src/main.c:443:13: error: invalid storage class for function 'MX_GPIO_Init'
  443 | static void MX_GPIO_Init(void)
      |             ^~~~~~~~~~~~
../Core/Src/main.c:511:1: error: expected declaration or statement at end of input
  511 | }
      | ^
../Core/Src/main.c: At top level:
../Core/Src/main.c:95:13: warning: 'MX_GPIO_Init' used but never defined
   95 | static void MX_GPIO_Init(void);
      |             ^~~~~~~~~~~~
../Core/Src/main.c:96:13: warning: 'MX_DMA_Init' used but never defined
   96 | static void MX_DMA_Init(void);
      |             ^~~~~~~~~~~
../Core/Src/main.c:97:13: warning: 'MX_USART2_UART_Init' used but never defined
   97 | static void MX_USART2_UART_Init(void);
      |             ^~~~~~~~~~~~~~~~~~~
../Core/Src/main.c:98:13: warning: 'MX_ADC1_Init' used but never defined
   98 | static void MX_ADC1_Init(void);
      |             ^~~~~~~~~~~~
../Core/Src/main.c:99:13: warning: 'MX_TIM2_Init' used but never defined
   99 | static void MX_TIM2_Init(void);
      |             ^~~~~~~~~~~~
../Core/Src/main.c:502:6: warning: 'Error_Handler' defined but not used [-Wunused-function]
  502 | void Error_Handler(void)
      |      ^~~~~~~~~~~~~
../Core/Src/main.c:477:8: warning: 'readSmoothedTemperature' defined but not used [-Wunused-function]
  477 | double readSmoothedTemperature(MovingAverage_t *ma, uint16_t rawSample)
      |        ^~~~~~~~~~~~~~~~~~~~~~~
../Core/Src/main.c:443:13: warning: 'MX_GPIO_Init' defined but not used [-Wunused-function]
  443 | static void MX_GPIO_Init(void)
      |             ^~~~~~~~~~~~
../Core/Src/main.c:425:13: warning: 'MX_DMA_Init' defined but not used [-Wunused-function]
  425 | static void MX_DMA_Init(void)
      |             ^~~~~~~~~~~
../Core/Src/main.c:392:13: warning: 'MX_USART2_UART_Init' defined but not used [-Wunused-function]
  392 | static void MX_USART2_UART_Init(void)
      |             ^~~~~~~~~~~~~~~~~~~
../Core/Src/main.c:347:13: warning: 'MX_TIM2_Init' defined but not used [-Wunused-function]
  347 | static void MX_TIM2_Init(void)
      |             ^~~~~~~~~~~~
../Core/Src/main.c:280:13: warning: 'MX_ADC1_Init' defined but not used [-Wunused-function]
  280 | static void MX_ADC1_Init(void)
      |             ^~~~~~~~~~~~
../Core/Src/main.c:219:6: warning: 'SystemClock_Config' defined but not used [-Wunused-function]
  219 | void SystemClock_Config(void)
      |      ^~~~~~~~~~~~~~~~~~
make: *** [Core/Src/subdir.mk:34: Core/Src/main.o] Error 1
make: *** Waiting for unfinished jobs....
"make -j20 all" terminated with exit code 2. Build might be incomplete.
14:31:38 **** Incremental Build of configuration Debug for project integrated_sensors ****
make -j20 all 
arm-none-eabi-gcc "../Core/Src/main.c" -mcpu=cortex-m4 -std=gnu11 -g3 -DDEBUG -DUSE_HAL_DRIVER -DSTM32L432xx -c -I../Core/Inc -I../Drivers/STM32L4xx_HAL_Driver/Inc -I../Drivers/STM32L4xx_HAL_Driver/Inc/Legacy -I../Drivers/CMSIS/Device/ST/STM32L4xx/Include -I../Drivers/CMSIS/Include -O0 -ffunction-sections -fdata-sections -Wall -fstack-usage -fcyclomatic-complexity -MMD -MP -MF"Core/Src/main.d" -MT"Core/Src/main.o" --specs=nano.specs -mfpu=fpv4-sp-d16 -mfloat-abi=hard -mthumb -o "Core/Src/main.o"
../Core/Src/main.c: In function 'main':
../Core/Src/main.c:280:13: error: invalid storage class for function 'MX_ADC1_Init'
  280 | static void MX_ADC1_Init(void)
      |             ^~~~~~~~~~~~
../Core/Src/main.c:347:13: error: invalid storage class for function 'MX_TIM2_Init'
  347 | static void MX_TIM2_Init(void)
      |             ^~~~~~~~~~~~
../Core/Src/main.c:392:13: error: invalid storage class for function 'MX_USART2_UART_Init'
  392 | static void MX_USART2_UART_Init(void)
      |             ^~~~~~~~~~~~~~~~~~~
../Core/Src/main.c:425:13: error: invalid storage class for function 'MX_DMA_Init'
  425 | static void MX_DMA_Init(void)
      |             ^~~~~~~~~~~
../Core/Src/main.c:443:13: error: invalid storage class for function 'MX_GPIO_Init'
  443 | static void MX_GPIO_Init(void)
      |             ^~~~~~~~~~~~
../Core/Src/main.c:511:1: error: expected declaration or statement at end of input
  511 | }
      | ^
../Core/Src/main.c: At top level:
../Core/Src/main.c:95:13: warning: 'MX_GPIO_Init' used but never defined
   95 | static void MX_GPIO_Init(void);
      |             ^~~~~~~~~~~~
../Core/Src/main.c:96:13: warning: 'MX_DMA_Init' used but never defined
   96 | static void MX_DMA_Init(void);
      |             ^~~~~~~~~~~
../Core/Src/main.c:97:13: warning: 'MX_USART2_UART_Init' used but never defined
   97 | static void MX_USART2_UART_Init(void);
      |             ^~~~~~~~~~~~~~~~~~~
../Core/Src/main.c:98:13: warning: 'MX_ADC1_Init' used but never defined
   98 | static void MX_ADC1_Init(void);
      |             ^~~~~~~~~~~~
../Core/Src/main.c:99:13: warning: 'MX_TIM2_Init' used but never defined
   99 | static void MX_TIM2_Init(void);
      |             ^~~~~~~~~~~~
../Core/Src/main.c:502:6: warning: 'Error_Handler' defined but not used [-Wunused-function]
  502 | void Error_Handler(void)
      |      ^~~~~~~~~~~~~
../Core/Src/main.c:477:8: warning: 'readSmoothedTemperature' defined but not used [-Wunused-function]
  477 | double readSmoothedTemperature(MovingAverage_t *ma, uint16_t rawSample)
      |        ^~~~~~~~~~~~~~~~~~~~~~~
../Core/Src/main.c:443:13: warning: 'MX_GPIO_Init' defined but not used [-Wunused-function]
  443 | static void MX_GPIO_Init(void)
      |             ^~~~~~~~~~~~
../Core/Src/main.c:425:13: warning: 'MX_DMA_Init' defined but not used [-Wunused-function]
  425 | static void MX_DMA_Init(void)
      |             ^~~~~~~~~~~
../Core/Src/main.c:392:13: warning: 'MX_USART2_UART_Init' defined but not used [-Wunused-function]
  392 | static void MX_USART2_UART_Init(void)
      |             ^~~~~~~~~~~~~~~~~~~
../Core/Src/main.c:347:13: warning: 'MX_TIM2_Init' defined but not used [-Wunused-function]
  347 | static void MX_TIM2_Init(void)
      |             ^~~~~~~~~~~~
../Core/Src/main.c:280:13: warning: 'MX_ADC1_Init' defined but not used [-Wunused-function]
  280 | static void MX_ADC1_Init(void)
      |             ^~~~~~~~~~~~
../Core/Src/main.c:219:6: warning: 'SystemClock_Config' defined but not used [-Wunused-function]
  219 | void SystemClock_Config(void)
      |      ^~~~~~~~~~~~~~~~~~
make: *** [Core/Src/subdir.mk:34: Core/Src/main.o] Error 1
"make -j20 all" terminated with exit code 2. Build might be incomplete.
14:33:45 **** Incremental Build of configuration Debug for project integrated_sensors ****
make -j20 all 
arm-none-eabi-gcc "../Core/Src/main.c" -mcpu=cortex-m4 -std=gnu11 -g3 -DDEBUG -DUSE_HAL_DRIVER -DSTM32L432xx -c -I../Core/Inc -I../Drivers/STM32L4xx_HAL_Driver/Inc -I../Drivers/STM32L4xx_HAL_Driver/Inc/Legacy -I../Drivers/CMSIS/Device/ST/STM32L4xx/Include -I../Drivers/CMSIS/Include -O0 -ffunction-sections -fdata-sections -Wall -fstack-usage -fcyclomatic-complexity -MMD -MP -MF"Core/Src/main.d" -MT"Core/Src/main.o" --specs=nano.specs -mfpu=fpv4-sp-d16 -mfloat-abi=hard -mthumb -o "Core/Src/main.o"
arm-none-eabi-gcc -o "integrated_sensors.elf" @"objects.list"   -mcpu=cortex-m4 -T"C:\Users\azaki\Documents\GitHub\Project-Nephros\integrated_sensors\integrated_sensors\STM32L432KCUX_FLASH.ld" --specs=nosys.specs -Wl,-Map="integrated_sensors.map" -Wl,--gc-sections -static --specs=nano.specs -mfpu=fpv4-sp-d16 -mfloat-abi=hard -mthumb -Wl,--start-group -lc -lm -Wl,--end-group
Finished building target: integrated_sensors.elf
 
arm-none-eabi-size  integrated_sensors.elf 
arm-none-eabi-objdump -h -S integrated_sensors.elf  > "integrated_sensors.list"
   text	   data	    bss	    dec	    hex	filename
  26296	    100	   2480	  28876	   70cc	integrated_sensors.elf
Finished building: default.size.stdout
 
Finished building: integrated_sensors.list
 
14:35:30 **** Incremental Build of configuration Debug for project integrated_sensors ****
make -j20 all 
arm-none-eabi-gcc -o "integrated_sensors.elf" @"objects.list"   -mcpu=cortex-m4 -T"C:\Users\azaki\Documents\GitHub\Project-Nephros\integrated_sensors\integrated_sensors\STM32L432KCUX_FLASH.ld" --specs=nosys.specs -Wl,-Map="integrated_sensors.map" -Wl,--gc-sections -static -u _printf_float --specs=nano.specs -mfpu=fpv4-sp-d16 -mfloat-abi=hard -mthumb -Wl,--start-group -lc -lm -Wl,--end-group
Finished building target: integrated_sensors.elf
 
arm-none-eabi-size  integrated_sensors.elf 
arm-none-eabi-objdump -h -S integrated_sensors.elf  > "integrated_sensors.list"
   text	   data	    bss	    dec	    hex	filename
  36540	    476	   2488	  39504	   9a50	integrated_sensors.elf
Finished building: default.size.stdout
 
Finished building: integrated_sensors.list
 
14:35:51 **** Incremental Build of configuration Debug for project integrated_sensors ****
make -j20 all 
arm-none-eabi-size  integrated_sensors.elf 
   text	   data	    bss	    dec	    hex	filename
  36540	    476	   2488	  39504	   9a50	integrated_sensors.elf
Finished building: default.size.stdout
 
14:39:17 **** Incremental Build of configuration Debug for project integrated_sensors ****
make -j20 all 
arm-none-eabi-gcc "../Core/Src/main.c" -mcpu=cortex-m4 -std=gnu11 -g3 -DDEBUG -DUSE_HAL_DRIVER -DSTM32L432xx -c -I../Core/Inc -I../Drivers/STM32L4xx_HAL_Driver/Inc -I../Drivers/STM32L4xx_HAL_Driver/Inc/Legacy -I../Drivers/CMSIS/Device/ST/STM32L4xx/Include -I../Drivers/CMSIS/Include -O0 -ffunction-sections -fdata-sections -Wall -fstack-usage -fcyclomatic-complexity -MMD -MP -MF"Core/Src/main.d" -MT"Core/Src/main.o" --specs=nano.specs -mfpu=fpv4-sp-d16 -mfloat-abi=hard -mthumb -o "Core/Src/main.o"
arm-none-eabi-gcc -o "integrated_sensors.elf" @"objects.list"   -mcpu=cortex-m4 -T"C:\Users\azaki\Documents\GitHub\Project-Nephros\integrated_sensors\integrated_sensors\STM32L432KCUX_FLASH.ld" --specs=nosys.specs -Wl,-Map="integrated_sensors.map" -Wl,--gc-sections -static -u _printf_float --specs=nano.specs -mfpu=fpv4-sp-d16 -mfloat-abi=hard -mthumb -Wl,--start-group -lc -lm -Wl,--end-group
C:/ST/STM32CubeIDE_1.19.0/STM32CubeIDE/plugins/com.st.stm32cube.ide.mcu.externaltools.gnu-tools-for-stm32.13.3.rel1.win32_1.0.0.202411081344/tools/bin/../lib/gcc/arm-none-eabi/13.3.1/../../../../arm-none-eabi/bin/ld.exe: ./Core/Src/stm32l4xx_it.o: in function `DMA1_Channel1_IRQHandler':
C:/Users/azaki/Documents/GitHub/Project-Nephros/integrated_sensors/integrated_sensors/Debug/../Core/Src/stm32l4xx_it.c:213:(.text.DMA1_Channel1_IRQHandler+0x10): undefined reference to `hdma_adc1'
collect2.exe: error: ld returned 1 exit status
make: *** [makefile:64: integrated_sensors.elf] Error 1
"make -j20 all" terminated with exit code 2. Build might be incomplete.
14:40:27 **** Incremental Build of configuration Debug for project integrated_sensors ****
make -j20 all 
arm-none-eabi-gcc -o "integrated_sensors.elf" @"objects.list"   -mcpu=cortex-m4 -T"C:\Users\azaki\Documents\GitHub\Project-Nephros\integrated_sensors\integrated_sensors\STM32L432KCUX_FLASH.ld" --specs=nosys.specs -Wl,-Map="integrated_sensors.map" -Wl,--gc-sections -static -u _printf_float --specs=nano.specs -mfpu=fpv4-sp-d16 -mfloat-abi=hard -mthumb -Wl,--start-group -lc -lm -Wl,--end-group
C:/ST/STM32CubeIDE_1.19.0/STM32CubeIDE/plugins/com.st.stm32cube.ide.mcu.externaltools.gnu-tools-for-stm32.13.3.rel1.win32_1.0.0.202411081344/tools/bin/../lib/gcc/arm-none-eabi/13.3.1/../../../../arm-none-eabi/bin/ld.exe: ./Core/Src/stm32l4xx_it.o: in function `DMA1_Channel1_IRQHandler':
C:/Users/azaki/Documents/GitHub/Project-Nephros/integrated_sensors/integrated_sensors/Debug/../Core/Src/stm32l4xx_it.c:213:(.text.DMA1_Channel1_IRQHandler+0x10): undefined reference to `hdma_adc1'
collect2.exe: error: ld returned 1 exit status
make: *** [makefile:64: integrated_sensors.elf] Error 1
"make -j20 all" terminated with exit code 2. Build might be incomplete.
14:42:22 **** Incremental Build of configuration Debug for project integrated_sensors ****
make -j20 all 
arm-none-eabi-gcc "../Core/Src/main.c" -mcpu=cortex-m4 -std=gnu11 -g3 -DDEBUG -DUSE_HAL_DRIVER -DSTM32L432xx -c -I../Core/Inc -I../Drivers/STM32L4xx_HAL_Driver/Inc -I../Drivers/STM32L4xx_HAL_Driver/Inc/Legacy -I../Drivers/CMSIS/Device/ST/STM32L4xx/Include -I../Drivers/CMSIS/Include -O0 -ffunction-sections -fdata-sections -Wall -fstack-usage -fcyclomatic-complexity -MMD -MP -MF"Core/Src/main.d" -MT"Core/Src/main.o" --specs=nano.specs -mfpu=fpv4-sp-d16 -mfloat-abi=hard -mthumb -o "Core/Src/main.o"
arm-none-eabi-gcc -o "integrated_sensors.elf" @"objects.list"   -mcpu=cortex-m4 -T"C:\Users\azaki\Documents\GitHub\Project-Nephros\integrated_sensors\integrated_sensors\STM32L432KCUX_FLASH.ld" --specs=nosys.specs -Wl,-Map="integrated_sensors.map" -Wl,--gc-sections -static -u _printf_float --specs=nano.specs -mfpu=fpv4-sp-d16 -mfloat-abi=hard -mthumb -Wl,--start-group -lc -lm -Wl,--end-group
Finished building target: integrated_sensors.elf
 
arm-none-eabi-size  integrated_sensors.elf 
arm-none-eabi-objdump -h -S integrated_sensors.elf  > "integrated_sensors.list"
   text	   data	    bss	    dec	    hex	filename
  33264	    468	   2388	  36120	   8d18	integrated_sensors.elf
Finished building: default.size.stdout
 
Finished building: integrated_sensors.list
 
14:42:26 **** Incremental Build of configuration Debug for project integrated_sensors ****
make -j20 all 
arm-none-eabi-size  integrated_sensors.elf 
   text	   data	    bss	    dec	    hex	filename
  33264	    468	   2388	  36120	   8d18	integrated_sensors.elf
Finished building: default.size.stdout
 
14:42:46 **** Incremental Build of configuration Debug for project integrated_sensors ****
make -j20 all 
arm-none-eabi-size  integrated_sensors.elf 
   text	   data	    bss	    dec	    hex	filename
  33264	    468	   2388	  36120	   8d18	integrated_sensors.elf
Finished building: default.size.stdout
 
14:46:11 **** Incremental Build of configuration Debug for project integrated_sensors ****
make -j20 all 
arm-none-eabi-gcc "../Core/Src/main.c" -mcpu=cortex-m4 -std=gnu11 -g3 -DDEBUG -DUSE_HAL_DRIVER -DSTM32L432xx -c -I../Core/Inc -I../Drivers/STM32L4xx_HAL_Driver/Inc -I../Drivers/STM32L4xx_HAL_Driver/Inc/Legacy -I../Drivers/CMSIS/Device/ST/STM32L4xx/Include -I../Drivers/CMSIS/Include -O0 -ffunction-sections -fdata-sections -Wall -fstack-usage -fcyclomatic-complexity -MMD -MP -MF"Core/Src/main.d" -MT"Core/Src/main.o" --specs=nano.specs -mfpu=fpv4-sp-d16 -mfloat-abi=hard -mthumb -o "Core/Src/main.o"
arm-none-eabi-gcc -o "integrated_sensors.elf" @"objects.list"   -mcpu=cortex-m4 -T"C:\Users\azaki\Documents\GitHub\Project-Nephros\integrated_sensors\integrated_sensors\STM32L432KCUX_FLASH.ld" --specs=nosys.specs -Wl,-Map="integrated_sensors.map" -Wl,--gc-sections -static -u _printf_float --specs=nano.specs -mfpu=fpv4-sp-d16 -mfloat-abi=hard -mthumb -Wl,--start-group -lc -lm -Wl,--end-group
Finished building target: integrated_sensors.elf
 
arm-none-eabi-size  integrated_sensors.elf 
arm-none-eabi-objdump -h -S integrated_sensors.elf  > "integrated_sensors.list"
   text	   data	    bss	    dec	    hex	filename
  33264	    468	   2388	  36120	   8d18	integrated_sensors.elf
Finished building: default.size.stdout
 
Finished building: integrated_sensors.list
 
14:46:53 **** Incremental Build of configuration Debug for project integrated_sensors ****
make -j20 all 
arm-none-eabi-gcc "../Core/Src/main.c" -mcpu=cortex-m4 -std=gnu11 -g3 -DDEBUG -DUSE_HAL_DRIVER -DSTM32L432xx -c -I../Core/Inc -I../Drivers/STM32L4xx_HAL_Driver/Inc -I../Drivers/STM32L4xx_HAL_Driver/Inc/Legacy -I../Drivers/CMSIS/Device/ST/STM32L4xx/Include -I../Drivers/CMSIS/Include -O0 -ffunction-sections -fdata-sections -Wall -fstack-usage -fcyclomatic-complexity -MMD -MP -MF"Core/Src/main.d" -MT"Core/Src/main.o" --specs=nano.specs -mfpu=fpv4-sp-d16 -mfloat-abi=hard -mthumb -o "Core/Src/main.o"
arm-none-eabi-gcc -o "integrated_sensors.elf" @"objects.list"   -mcpu=cortex-m4 -T"C:\Users\azaki\Documents\GitHub\Project-Nephros\integrated_sensors\integrated_sensors\STM32L432KCUX_FLASH.ld" --specs=nosys.specs -Wl,-Map="integrated_sensors.map" -Wl,--gc-sections -static -u _printf_float --specs=nano.specs -mfpu=fpv4-sp-d16 -mfloat-abi=hard -mthumb -Wl,--start-group -lc -lm -Wl,--end-group
Finished building target: integrated_sensors.elf
 
arm-none-eabi-size  integrated_sensors.elf 
arm-none-eabi-objdump -h -S integrated_sensors.elf  > "integrated_sensors.list"
   text	   data	    bss	    dec	    hex	filename
  33264	    468	   2388	  36120	   8d18	integrated_sensors.elf
Finished building: default.size.stdout
 
Finished building: integrated_sensors.list
 
14:49:34 **** Incremental Build of configuration Debug for project integrated_sensors ****
make -j20 all 
arm-none-eabi-gcc "../Core/Src/main.c" -mcpu=cortex-m4 -std=gnu11 -g3 -DDEBUG -DUSE_HAL_DRIVER -DSTM32L432xx -c -I../Core/Inc -I../Drivers/STM32L4xx_HAL_Driver/Inc -I../Drivers/STM32L4xx_HAL_Driver/Inc/Legacy -I../Drivers/CMSIS/Device/ST/STM32L4xx/Include -I../Drivers/CMSIS/Include -O0 -ffunction-sections -fdata-sections -Wall -fstack-usage -fcyclomatic-complexity -MMD -MP -MF"Core/Src/main.d" -MT"Core/Src/main.o" --specs=nano.specs -mfpu=fpv4-sp-d16 -mfloat-abi=hard -mthumb -o "Core/Src/main.o"
../Core/Src/main.c: In function 'main':
../Core/Src/main.c:128:42: error: 'ADCvalues' undeclared (first use in this function)
  128 |   HAL_ADC_Start_DMA(&hadc1, (uint32_t *) ADCvalues, 2);
      |                                          ^~~~~~~~~
../Core/Src/main.c:128:42: note: each undeclared identifier is reported only once for each function it appears in
make: *** [Core/Src/subdir.mk:34: Core/Src/main.o] Error 1
"make -j20 all" terminated with exit code 2. Build might be incomplete.
14:50:00 **** Incremental Build of configuration Debug for project integrated_sensors ****
make -j20 all 
arm-none-eabi-gcc "../Core/Src/main.c" -mcpu=cortex-m4 -std=gnu11 -g3 -DDEBUG -DUSE_HAL_DRIVER -DSTM32L432xx -c -I../Core/Inc -I../Drivers/STM32L4xx_HAL_Driver/Inc -I../Drivers/STM32L4xx_HAL_Driver/Inc/Legacy -I../Drivers/CMSIS/Device/ST/STM32L4xx/Include -I../Drivers/CMSIS/Include -O0 -ffunction-sections -fdata-sections -Wall -fstack-usage -fcyclomatic-complexity -MMD -MP -MF"Core/Src/main.d" -MT"Core/Src/main.o" --specs=nano.specs -mfpu=fpv4-sp-d16 -mfloat-abi=hard -mthumb -o "Core/Src/main.o"
arm-none-eabi-gcc -o "integrated_sensors.elf" @"objects.list"   -mcpu=cortex-m4 -T"C:\Users\azaki\Documents\GitHub\Project-Nephros\integrated_sensors\integrated_sensors\STM32L432KCUX_FLASH.ld" --specs=nosys.specs -Wl,-Map="integrated_sensors.map" -Wl,--gc-sections -static -u _printf_float --specs=nano.specs -mfpu=fpv4-sp-d16 -mfloat-abi=hard -mthumb -Wl,--start-group -lc -lm -Wl,--end-group
Finished building target: integrated_sensors.elf
 
arm-none-eabi-size  integrated_sensors.elf 
arm-none-eabi-objdump -h -S integrated_sensors.elf  > "integrated_sensors.list"
   text	   data	    bss	    dec	    hex	filename
  36148	    468	   2464	  39080	   98a8	integrated_sensors.elf
Finished building: default.size.stdout
 
Finished building: integrated_sensors.list
 
14:51:06 **** Incremental Build of configuration Debug for project integrated_sensors ****
make -j20 all 
arm-none-eabi-gcc "../Core/Src/main.c" -mcpu=cortex-m4 -std=gnu11 -g3 -DDEBUG -DUSE_HAL_DRIVER -DSTM32L432xx -c -I../Core/Inc -I../Drivers/STM32L4xx_HAL_Driver/Inc -I../Drivers/STM32L4xx_HAL_Driver/Inc/Legacy -I../Drivers/CMSIS/Device/ST/STM32L4xx/Include -I../Drivers/CMSIS/Include -O0 -ffunction-sections -fdata-sections -Wall -fstack-usage -fcyclomatic-complexity -MMD -MP -MF"Core/Src/main.d" -MT"Core/Src/main.o" --specs=nano.specs -mfpu=fpv4-sp-d16 -mfloat-abi=hard -mthumb -o "Core/Src/main.o"
arm-none-eabi-gcc -o "integrated_sensors.elf" @"objects.list"   -mcpu=cortex-m4 -T"C:\Users\azaki\Documents\GitHub\Project-Nephros\integrated_sensors\integrated_sensors\STM32L432KCUX_FLASH.ld" --specs=nosys.specs -Wl,-Map="integrated_sensors.map" -Wl,--gc-sections -static -u _printf_float --specs=nano.specs -mfpu=fpv4-sp-d16 -mfloat-abi=hard -mthumb -Wl,--start-group -lc -lm -Wl,--end-group
Finished building target: integrated_sensors.elf
 
arm-none-eabi-size  integrated_sensors.elf 
arm-none-eabi-objdump -h -S integrated_sensors.elf  > "integrated_sensors.list"
   text	   data	    bss	    dec	    hex	filename
  34656	    468	   2416	  37540	   92a4	integrated_sensors.elf
Finished building: default.size.stdout
 
Finished building: integrated_sensors.list
 
14:52:39 **** Incremental Build of configuration Debug for project integrated_sensors ****
make -j20 all 
arm-none-eabi-gcc "../Core/Src/main.c" -mcpu=cortex-m4 -std=gnu11 -g3 -DDEBUG -DUSE_HAL_DRIVER -DSTM32L432xx -c -I../Core/Inc -I../Drivers/STM32L4xx_HAL_Driver/Inc -I../Drivers/STM32L4xx_HAL_Driver/Inc/Legacy -I../Drivers/CMSIS/Device/ST/STM32L4xx/Include -I../Drivers/CMSIS/Include -O0 -ffunction-sections -fdata-sections -Wall -fstack-usage -fcyclomatic-complexity -MMD -MP -MF"Core/Src/main.d" -MT"Core/Src/main.o" --specs=nano.specs -mfpu=fpv4-sp-d16 -mfloat-abi=hard -mthumb -o "Core/Src/main.o"
arm-none-eabi-gcc -o "integrated_sensors.elf" @"objects.list"   -mcpu=cortex-m4 -T"C:\Users\azaki\Documents\GitHub\Project-Nephros\integrated_sensors\integrated_sensors\STM32L432KCUX_FLASH.ld" --specs=nosys.specs -Wl,-Map="integrated_sensors.map" -Wl,--gc-sections -static -u _printf_float --specs=nano.specs -mfpu=fpv4-sp-d16 -mfloat-abi=hard -mthumb -Wl,--start-group -lc -lm -Wl,--end-group
Finished building target: integrated_sensors.elf
 
arm-none-eabi-size  integrated_sensors.elf 
arm-none-eabi-objdump -h -S integrated_sensors.elf  > "integrated_sensors.list"
   text	   data	    bss	    dec	    hex	filename
  33336	    468	   2408	  36212	   8d74	integrated_sensors.elf
Finished building: default.size.stdout
 
Finished building: integrated_sensors.list
 
14:52:43 **** Incremental Build of configuration Debug for project integrated_sensors ****
make -j20 all 
arm-none-eabi-size  integrated_sensors.elf 
   text	   data	    bss	    dec	    hex	filename
  33336	    468	   2408	  36212	   8d74	integrated_sensors.elf
Finished building: default.size.stdout
 
14:53:01 **** Incremental Build of configuration Debug for project integrated_sensors ****
make -j20 all 
arm-none-eabi-size  integrated_sensors.elf 
   text	   data	    bss	    dec	    hex	filename
  33336	    468	   2408	  36212	   8d74	integrated_sensors.elf
Finished building: default.size.stdout
 
14:54:10 **** Incremental Build of configuration Debug for project integrated_sensors ****
make -j20 all 
arm-none-eabi-gcc "../Core/Src/main.c" -mcpu=cortex-m4 -std=gnu11 -g3 -DDEBUG -DUSE_HAL_DRIVER -DSTM32L432xx -c -I../Core/Inc -I../Drivers/STM32L4xx_HAL_Driver/Inc -I../Drivers/STM32L4xx_HAL_Driver/Inc/Legacy -I../Drivers/CMSIS/Device/ST/STM32L4xx/Include -I../Drivers/CMSIS/Include -O0 -ffunction-sections -fdata-sections -Wall -fstack-usage -fcyclomatic-complexity -MMD -MP -MF"Core/Src/main.d" -MT"Core/Src/main.o" --specs=nano.specs -mfpu=fpv4-sp-d16 -mfloat-abi=hard -mthumb -o "Core/Src/main.o"
arm-none-eabi-gcc -o "integrated_sensors.elf" @"objects.list"   -mcpu=cortex-m4 -T"C:\Users\azaki\Documents\GitHub\Project-Nephros\integrated_sensors\integrated_sensors\STM32L432KCUX_FLASH.ld" --specs=nosys.specs -Wl,-Map="integrated_sensors.map" -Wl,--gc-sections -static -u _printf_float --specs=nano.specs -mfpu=fpv4-sp-d16 -mfloat-abi=hard -mthumb -Wl,--start-group -lc -lm -Wl,--end-group
Finished building target: integrated_sensors.elf
 
arm-none-eabi-size  integrated_sensors.elf 
arm-none-eabi-objdump -h -S integrated_sensors.elf  > "integrated_sensors.list"
   text	   data	    bss	    dec	    hex	filename
  34656	    468	   2416	  37540	   92a4	integrated_sensors.elf
Finished building: default.size.stdout
 
Finished building: integrated_sensors.list
 
14:54:34 **** Incremental Build of configuration Debug for project integrated_sensors ****
make -j20 all 
arm-none-eabi-size  integrated_sensors.elf 
   text	   data	    bss	    dec	    hex	filename
  34656	    468	   2416	  37540	   92a4	integrated_sensors.elf
Finished building: default.size.stdout
 
14:55:03 **** Incremental Build of configuration Debug for project integrated_sensors ****
make -j20 all 
arm-none-eabi-size  integrated_sensors.elf 
   text	   data	    bss	    dec	    hex	filename
  34656	    468	   2416	  37540	   92a4	integrated_sensors.elf
Finished building: default.size.stdout
 
14:56:00 **** Incremental Build of configuration Debug for project integrated_sensors ****
make -j20 all 
arm-none-eabi-gcc "../Core/Src/main.c" -mcpu=cortex-m4 -std=gnu11 -g3 -DDEBUG -DUSE_HAL_DRIVER -DSTM32L432xx -c -I../Core/Inc -I../Drivers/STM32L4xx_HAL_Driver/Inc -I../Drivers/STM32L4xx_HAL_Driver/Inc/Legacy -I../Drivers/CMSIS/Device/ST/STM32L4xx/Include -I../Drivers/CMSIS/Include -O0 -ffunction-sections -fdata-sections -Wall -fstack-usage -fcyclomatic-complexity -MMD -MP -MF"Core/Src/main.d" -MT"Core/Src/main.o" --specs=nano.specs -mfpu=fpv4-sp-d16 -mfloat-abi=hard -mthumb -o "Core/Src/main.o"
arm-none-eabi-gcc -o "integrated_sensors.elf" @"objects.list"   -mcpu=cortex-m4 -T"C:\Users\azaki\Documents\GitHub\Project-Nephros\integrated_sensors\integrated_sensors\STM32L432KCUX_FLASH.ld" --specs=nosys.specs -Wl,-Map="integrated_sensors.map" -Wl,--gc-sections -static -u _printf_float --specs=nano.specs -mfpu=fpv4-sp-d16 -mfloat-abi=hard -mthumb -Wl,--start-group -lc -lm -Wl,--end-group
Finished building target: integrated_sensors.elf
 
arm-none-eabi-size  integrated_sensors.elf 
arm-none-eabi-objdump -h -S integrated_sensors.elf  > "integrated_sensors.list"
   text	   data	    bss	    dec	    hex	filename
  34656	    468	   2416	  37540	   92a4	integrated_sensors.elf
Finished building: default.size.stdout
 
Finished building: integrated_sensors.list
 
14:56:21 **** Incremental Build of configuration Debug for project integrated_sensors ****
make -j20 all 
arm-none-eabi-size  integrated_sensors.elf 
   text	   data	    bss	    dec	    hex	filename
  34656	    468	   2416	  37540	   92a4	integrated_sensors.elf
Finished building: default.size.stdout
 
14:56:50 **** Incremental Build of configuration Debug for project integrated_sensors ****
make -j20 all 
arm-none-eabi-gcc "../Core/Src/main.c" -mcpu=cortex-m4 -std=gnu11 -g3 -DDEBUG -DUSE_HAL_DRIVER -DSTM32L432xx -c -I../Core/Inc -I../Drivers/STM32L4xx_HAL_Driver/Inc -I../Drivers/STM32L4xx_HAL_Driver/Inc/Legacy -I../Drivers/CMSIS/Device/ST/STM32L4xx/Include -I../Drivers/CMSIS/Include -O0 -ffunction-sections -fdata-sections -Wall -fstack-usage -fcyclomatic-complexity -MMD -MP -MF"Core/Src/main.d" -MT"Core/Src/main.o" --specs=nano.specs -mfpu=fpv4-sp-d16 -mfloat-abi=hard -mthumb -o "Core/Src/main.o"
arm-none-eabi-gcc -o "integrated_sensors.elf" @"objects.list"   -mcpu=cortex-m4 -T"C:\Users\azaki\Documents\GitHub\Project-Nephros\integrated_sensors\integrated_sensors\STM32L432KCUX_FLASH.ld" --specs=nosys.specs -Wl,-Map="integrated_sensors.map" -Wl,--gc-sections -static -u _printf_float --specs=nano.specs -mfpu=fpv4-sp-d16 -mfloat-abi=hard -mthumb -Wl,--start-group -lc -lm -Wl,--end-group
Finished building target: integrated_sensors.elf
 
arm-none-eabi-size  integrated_sensors.elf 
arm-none-eabi-objdump -h -S integrated_sensors.elf  > "integrated_sensors.list"
   text	   data	    bss	    dec	    hex	filename
  34656	    468	   2416	  37540	   92a4	integrated_sensors.elf
Finished building: default.size.stdout
 
Finished building: integrated_sensors.list
 
15:34:01 **** Build of configuration Debug for project integrated_sensors ****
make -j20 all 
arm-none-eabi-gcc "../Core/Src/main.c" -mcpu=cortex-m4 -std=gnu11 -g3 -DDEBUG -DUSE_HAL_DRIVER -DSTM32L432xx -c -I../Core/Inc -I../Drivers/STM32L4xx_HAL_Driver/Inc -I../Drivers/STM32L4xx_HAL_Driver/Inc/Legacy -I../Drivers/CMSIS/Device/ST/STM32L4xx/Include -I../Drivers/CMSIS/Include -O0 -ffunction-sections -fdata-sections -Wall -fstack-usage -fcyclomatic-complexity -MMD -MP -MF"Core/Src/main.d" -MT"Core/Src/main.o" --specs=nano.specs -mfpu=fpv4-sp-d16 -mfloat-abi=hard -mthumb -o "Core/Src/main.o"
arm-none-eabi-gcc "../Core/Src/stm32l4xx_hal_msp.c" -mcpu=cortex-m4 -std=gnu11 -g3 -DDEBUG -DUSE_HAL_DRIVER -DSTM32L432xx -c -I../Core/Inc -I../Drivers/STM32L4xx_HAL_Driver/Inc -I../Drivers/STM32L4xx_HAL_Driver/Inc/Legacy -I../Drivers/CMSIS/Device/ST/STM32L4xx/Include -I../Drivers/CMSIS/Include -O0 -ffunction-sections -fdata-sections -Wall -fstack-usage -fcyclomatic-complexity -MMD -MP -MF"Core/Src/stm32l4xx_hal_msp.d" -MT"Core/Src/stm32l4xx_hal_msp.o" --specs=nano.specs -mfpu=fpv4-sp-d16 -mfloat-abi=hard -mthumb -o "Core/Src/stm32l4xx_hal_msp.o"
arm-none-eabi-gcc "../Core/Src/stm32l4xx_it.c" -mcpu=cortex-m4 -std=gnu11 -g3 -DDEBUG -DUSE_HAL_DRIVER -DSTM32L432xx -c -I../Core/Inc -I../Drivers/STM32L4xx_HAL_Driver/Inc -I../Drivers/STM32L4xx_HAL_Driver/Inc/Legacy -I../Drivers/CMSIS/Device/ST/STM32L4xx/Include -I../Drivers/CMSIS/Include -O0 -ffunction-sections -fdata-sections -Wall -fstack-usage -fcyclomatic-complexity -MMD -MP -MF"Core/Src/stm32l4xx_it.d" -MT"Core/Src/stm32l4xx_it.o" --specs=nano.specs -mfpu=fpv4-sp-d16 -mfloat-abi=hard -mthumb -o "Core/Src/stm32l4xx_it.o"
arm-none-eabi-gcc -o "integrated_sensors.elf" @"objects.list"   -mcpu=cortex-m4 -T"C:\Users\azaki\Documents\GitHub\Project-Nephros\integrated_sensors\integrated_sensors\STM32L432KCUX_FLASH.ld" --specs=nosys.specs -Wl,-Map="integrated_sensors.map" -Wl,--gc-sections -static -u _printf_float --specs=nano.specs -mfpu=fpv4-sp-d16 -mfloat-abi=hard -mthumb -Wl,--start-group -lc -lm -Wl,--end-group
Finished building target: integrated_sensors.elf
 
arm-none-eabi-size  integrated_sensors.elf 
arm-none-eabi-objdump -h -S integrated_sensors.elf  > "integrated_sensors.list"
   text	   data	    bss	    dec	    hex	filename
  39420	    476	   2488	  42384	   a590	integrated_sensors.elf
Finished building: default.size.stdout
 
Finished building: integrated_sensors.list
 
15:34:16 **** Incremental Build of configuration Debug for project integrated_sensors ****
make -j20 all 
arm-none-eabi-size  integrated_sensors.elf 
   text	   data	    bss	    dec	    hex	filename
  39420	    476	   2488	  42384	   a590	integrated_sensors.elf
Finished building: default.size.stdout
 
16:30:46 **** Incremental Build of configuration Debug for project integrated_sensors ****
make -j20 all 
arm-none-eabi-size  integrated_sensors.elf 
   text	   data	    bss	    dec	    hex	filename
  39420	    476	   2488	  42384	   a590	integrated_sensors.elf
Finished building: default.size.stdout
 
16:35:59 **** Incremental Build of configuration Debug for project integrated_sensors ****
make -j20 all 
arm-none-eabi-gcc "../Core/Src/main.c" -mcpu=cortex-m4 -std=gnu11 -g3 -DDEBUG -DUSE_HAL_DRIVER -DSTM32L432xx -c -I../Core/Inc -I../Drivers/STM32L4xx_HAL_Driver/Inc -I../Drivers/STM32L4xx_HAL_Driver/Inc/Legacy -I../Drivers/CMSIS/Device/ST/STM32L4xx/Include -I../Drivers/CMSIS/Include -O0 -ffunction-sections -fdata-sections -Wall -fstack-usage -fcyclomatic-complexity -MMD -MP -MF"Core/Src/main.d" -MT"Core/Src/main.o" --specs=nano.specs -mfpu=fpv4-sp-d16 -mfloat-abi=hard -mthumb -o "Core/Src/main.o"
arm-none-eabi-gcc "../Core/Src/stm32l4xx_hal_msp.c" -mcpu=cortex-m4 -std=gnu11 -g3 -DDEBUG -DUSE_HAL_DRIVER -DSTM32L432xx -c -I../Core/Inc -I../Drivers/STM32L4xx_HAL_Driver/Inc -I../Drivers/STM32L4xx_HAL_Driver/Inc/Legacy -I../Drivers/CMSIS/Device/ST/STM32L4xx/Include -I../Drivers/CMSIS/Include -O0 -ffunction-sections -fdata-sections -Wall -fstack-usage -fcyclomatic-complexity -MMD -MP -MF"Core/Src/stm32l4xx_hal_msp.d" -MT"Core/Src/stm32l4xx_hal_msp.o" --specs=nano.specs -mfpu=fpv4-sp-d16 -mfloat-abi=hard -mthumb -o "Core/Src/stm32l4xx_hal_msp.o"
arm-none-eabi-gcc -o "integrated_sensors.elf" @"objects.list"   -mcpu=cortex-m4 -T"C:\Users\azaki\Documents\GitHub\Project-Nephros\integrated_sensors\integrated_sensors\STM32L432KCUX_FLASH.ld" --specs=nosys.specs -Wl,-Map="integrated_sensors.map" -Wl,--gc-sections -static -u _printf_float --specs=nano.specs -mfpu=fpv4-sp-d16 -mfloat-abi=hard -mthumb -Wl,--start-group -lc -lm -Wl,--end-group
Finished building target: integrated_sensors.elf
 
arm-none-eabi-size  integrated_sensors.elf 
arm-none-eabi-objdump -h -S integrated_sensors.elf  > "integrated_sensors.list"
   text	   data	    bss	    dec	    hex	filename
  39404	    476	   2488	  42368	   a580	integrated_sensors.elf
Finished building: default.size.stdout
 
Finished building: integrated_sensors.list
 
16:37:57 **** Incremental Build of configuration Debug for project integrated_sensors ****
make -j20 all 
arm-none-eabi-gcc "../Core/Src/main.c" -mcpu=cortex-m4 -std=gnu11 -g3 -DDEBUG -DUSE_HAL_DRIVER -DSTM32L432xx -c -I../Core/Inc -I../Drivers/STM32L4xx_HAL_Driver/Inc -I../Drivers/STM32L4xx_HAL_Driver/Inc/Legacy -I../Drivers/CMSIS/Device/ST/STM32L4xx/Include -I../Drivers/CMSIS/Include -O0 -ffunction-sections -fdata-sections -Wall -fstack-usage -fcyclomatic-complexity -MMD -MP -MF"Core/Src/main.d" -MT"Core/Src/main.o" --specs=nano.specs -mfpu=fpv4-sp-d16 -mfloat-abi=hard -mthumb -o "Core/Src/main.o"
arm-none-eabi-gcc -o "integrated_sensors.elf" @"objects.list"   -mcpu=cortex-m4 -T"C:\Users\azaki\Documents\GitHub\Project-Nephros\integrated_sensors\integrated_sensors\STM32L432KCUX_FLASH.ld" --specs=nosys.specs -Wl,-Map="integrated_sensors.map" -Wl,--gc-sections -static -u _printf_float --specs=nano.specs -mfpu=fpv4-sp-d16 -mfloat-abi=hard -mthumb -Wl,--start-group -lc -lm -Wl,--end-group
Finished building target: integrated_sensors.elf
 
arm-none-eabi-size  integrated_sensors.elf 
arm-none-eabi-objdump -h -S integrated_sensors.elf  > "integrated_sensors.list"
   text	   data	    bss	    dec	    hex	filename
  39372	    476	   2488	  42336	   a560	integrated_sensors.elf
Finished building: default.size.stdout
 
Finished building: integrated_sensors.list
 
16:40:08 **** Incremental Build of configuration Debug for project integrated_sensors ****
make -j20 all 
arm-none-eabi-gcc "../Core/Src/main.c" -mcpu=cortex-m4 -std=gnu11 -g3 -DDEBUG -DUSE_HAL_DRIVER -DSTM32L432xx -c -I../Core/Inc -I../Drivers/STM32L4xx_HAL_Driver/Inc -I../Drivers/STM32L4xx_HAL_Driver/Inc/Legacy -I../Drivers/CMSIS/Device/ST/STM32L4xx/Include -I../Drivers/CMSIS/Include -O0 -ffunction-sections -fdata-sections -Wall -fstack-usage -fcyclomatic-complexity -MMD -MP -MF"Core/Src/main.d" -MT"Core/Src/main.o" --specs=nano.specs -mfpu=fpv4-sp-d16 -mfloat-abi=hard -mthumb -o "Core/Src/main.o"
arm-none-eabi-gcc -o "integrated_sensors.elf" @"objects.list"   -mcpu=cortex-m4 -T"C:\Users\azaki\Documents\GitHub\Project-Nephros\integrated_sensors\integrated_sensors\STM32L432KCUX_FLASH.ld" --specs=nosys.specs -Wl,-Map="integrated_sensors.map" -Wl,--gc-sections -static -u _printf_float --specs=nano.specs -mfpu=fpv4-sp-d16 -mfloat-abi=hard -mthumb -Wl,--start-group -lc -lm -Wl,--end-group
Finished building target: integrated_sensors.elf
 
arm-none-eabi-size  integrated_sensors.elf 
arm-none-eabi-objdump -h -S integrated_sensors.elf  > "integrated_sensors.list"
   text	   data	    bss	    dec	    hex	filename
  39404	    476	   2488	  42368	   a580	integrated_sensors.elf
Finished building: default.size.stdout
 
Finished building: integrated_sensors.list
 
16:41:26 **** Incremental Build of configuration Debug for project integrated_sensors ****
make -j20 all 
arm-none-eabi-gcc "../Core/Src/main.c" -mcpu=cortex-m4 -std=gnu11 -g3 -DDEBUG -DUSE_HAL_DRIVER -DSTM32L432xx -c -I../Core/Inc -I../Drivers/STM32L4xx_HAL_Driver/Inc -I../Drivers/STM32L4xx_HAL_Driver/Inc/Legacy -I../Drivers/CMSIS/Device/ST/STM32L4xx/Include -I../Drivers/CMSIS/Include -O0 -ffunction-sections -fdata-sections -Wall -fstack-usage -fcyclomatic-complexity -MMD -MP -MF"Core/Src/main.d" -MT"Core/Src/main.o" --specs=nano.specs -mfpu=fpv4-sp-d16 -mfloat-abi=hard -mthumb -o "Core/Src/main.o"
arm-none-eabi-gcc -o "integrated_sensors.elf" @"objects.list"   -mcpu=cortex-m4 -T"C:\Users\azaki\Documents\GitHub\Project-Nephros\integrated_sensors\integrated_sensors\STM32L432KCUX_FLASH.ld" --specs=nosys.specs -Wl,-Map="integrated_sensors.map" -Wl,--gc-sections -static -u _printf_float --specs=nano.specs -mfpu=fpv4-sp-d16 -mfloat-abi=hard -mthumb -Wl,--start-group -lc -lm -Wl,--end-group
Finished building target: integrated_sensors.elf
 
arm-none-eabi-size  integrated_sensors.elf 
arm-none-eabi-objdump -h -S integrated_sensors.elf  > "integrated_sensors.list"
   text	   data	    bss	    dec	    hex	filename
  39404	    476	   2488	  42368	   a580	integrated_sensors.elf
Finished building: default.size.stdout
 
Finished building: integrated_sensors.list
 
16:43:54 **** Incremental Build of configuration Debug for project integrated_sensors ****
make -j20 all 
arm-none-eabi-gcc "../Core/Src/main.c" -mcpu=cortex-m4 -std=gnu11 -g3 -DDEBUG -DUSE_HAL_DRIVER -DSTM32L432xx -c -I../Core/Inc -I../Drivers/STM32L4xx_HAL_Driver/Inc -I../Drivers/STM32L4xx_HAL_Driver/Inc/Legacy -I../Drivers/CMSIS/Device/ST/STM32L4xx/Include -I../Drivers/CMSIS/Include -O0 -ffunction-sections -fdata-sections -Wall -fstack-usage -fcyclomatic-complexity -MMD -MP -MF"Core/Src/main.d" -MT"Core/Src/main.o" --specs=nano.specs -mfpu=fpv4-sp-d16 -mfloat-abi=hard -mthumb -o "Core/Src/main.o"
arm-none-eabi-gcc -o "integrated_sensors.elf" @"objects.list"   -mcpu=cortex-m4 -T"C:\Users\azaki\Documents\GitHub\Project-Nephros\integrated_sensors\integrated_sensors\STM32L432KCUX_FLASH.ld" --specs=nosys.specs -Wl,-Map="integrated_sensors.map" -Wl,--gc-sections -static -u _printf_float --specs=nano.specs -mfpu=fpv4-sp-d16 -mfloat-abi=hard -mthumb -Wl,--start-group -lc -lm -Wl,--end-group
Finished building target: integrated_sensors.elf
 
arm-none-eabi-size  integrated_sensors.elf 
arm-none-eabi-objdump -h -S integrated_sensors.elf  > "integrated_sensors.list"
   text	   data	    bss	    dec	    hex	filename
  39404	    476	   2488	  42368	   a580	integrated_sensors.elf
Finished building: default.size.stdout
 
Finished building: integrated_sensors.list
 
17:00:29 **** Incremental Build of configuration Debug for project integrated_sensors ****
make -j20 all 
arm-none-eabi-gcc "../Core/Src/main.c" -mcpu=cortex-m4 -std=gnu11 -g3 -DDEBUG -DUSE_HAL_DRIVER -DSTM32L432xx -c -I../Core/Inc -I../Drivers/STM32L4xx_HAL_Driver/Inc -I../Drivers/STM32L4xx_HAL_Driver/Inc/Legacy -I../Drivers/CMSIS/Device/ST/STM32L4xx/Include -I../Drivers/CMSIS/Include -O0 -ffunction-sections -fdata-sections -Wall -fstack-usage -fcyclomatic-complexity -MMD -MP -MF"Core/Src/main.d" -MT"Core/Src/main.o" --specs=nano.specs -mfpu=fpv4-sp-d16 -mfloat-abi=hard -mthumb -o "Core/Src/main.o"
arm-none-eabi-gcc -o "integrated_sensors.elf" @"objects.list"   -mcpu=cortex-m4 -T"C:\Users\azaki\Documents\GitHub\Project-Nephros\integrated_sensors\integrated_sensors\STM32L432KCUX_FLASH.ld" --specs=nosys.specs -Wl,-Map="integrated_sensors.map" -Wl,--gc-sections -static -u _printf_float --specs=nano.specs -mfpu=fpv4-sp-d16 -mfloat-abi=hard -mthumb -Wl,--start-group -lc -lm -Wl,--end-group
Finished building target: integrated_sensors.elf
 
arm-none-eabi-size  integrated_sensors.elf 
arm-none-eabi-objdump -h -S integrated_sensors.elf  > "integrated_sensors.list"
   text	   data	    bss	    dec	    hex	filename
  39812	    476	   2576	  42864	   a770	integrated_sensors.elf
Finished building: default.size.stdout
 
Finished building: integrated_sensors.list
 
17:01:23 **** Incremental Build of configuration Debug for project integrated_sensors ****
make -j20 all 
arm-none-eabi-gcc "../Core/Src/main.c" -mcpu=cortex-m4 -std=gnu11 -g3 -DDEBUG -DUSE_HAL_DRIVER -DSTM32L432xx -c -I../Core/Inc -I../Drivers/STM32L4xx_HAL_Driver/Inc -I../Drivers/STM32L4xx_HAL_Driver/Inc/Legacy -I../Drivers/CMSIS/Device/ST/STM32L4xx/Include -I../Drivers/CMSIS/Include -O0 -ffunction-sections -fdata-sections -Wall -fstack-usage -fcyclomatic-complexity -MMD -MP -MF"Core/Src/main.d" -MT"Core/Src/main.o" --specs=nano.specs -mfpu=fpv4-sp-d16 -mfloat-abi=hard -mthumb -o "Core/Src/main.o"
arm-none-eabi-gcc -o "integrated_sensors.elf" @"objects.list"   -mcpu=cortex-m4 -T"C:\Users\azaki\Documents\GitHub\Project-Nephros\integrated_sensors\integrated_sensors\STM32L432KCUX_FLASH.ld" --specs=nosys.specs -Wl,-Map="integrated_sensors.map" -Wl,--gc-sections -static -u _printf_float --specs=nano.specs -mfpu=fpv4-sp-d16 -mfloat-abi=hard -mthumb -Wl,--start-group -lc -lm -Wl,--end-group
Finished building target: integrated_sensors.elf
 
arm-none-eabi-size  integrated_sensors.elf 
arm-none-eabi-objdump -h -S integrated_sensors.elf  > "integrated_sensors.list"
   text	   data	    bss	    dec	    hex	filename
  39812	    476	   2576	  42864	   a770	integrated_sensors.elf
Finished building: default.size.stdout
 
Finished building: integrated_sensors.list
 
17:06:20 **** Incremental Build of configuration Debug for project integrated_sensors ****
make -j20 all 
arm-none-eabi-gcc "../Core/Src/main.c" -mcpu=cortex-m4 -std=gnu11 -g3 -DDEBUG -DUSE_HAL_DRIVER -DSTM32L432xx -c -I../Core/Inc -I../Drivers/STM32L4xx_HAL_Driver/Inc -I../Drivers/STM32L4xx_HAL_Driver/Inc/Legacy -I../Drivers/CMSIS/Device/ST/STM32L4xx/Include -I../Drivers/CMSIS/Include -O0 -ffunction-sections -fdata-sections -Wall -fstack-usage -fcyclomatic-complexity -MMD -MP -MF"Core/Src/main.d" -MT"Core/Src/main.o" --specs=nano.specs -mfpu=fpv4-sp-d16 -mfloat-abi=hard -mthumb -o "Core/Src/main.o"
../Core/Src/main.c: In function 'main':
../Core/Src/main.c:253:25: warning: unused variable 'p2_avg' [-Wunused-variable]
  253 |                   float p2_avg = p2_sum / (float)MA_DEPTH;
      |                         ^~~~~~
../Core/Src/main.c:252:25: warning: unused variable 'p1_avg' [-Wunused-variable]
  252 |                   float p1_avg = p1_sum / (float)MA_DEPTH;
      |                         ^~~~~~
../Core/Src/main.c:262:97: error: 'p1_avg' undeclared (first use in this function)
  262 |                                           temp1, temp2, bubble_detection, bubble_sensor_failed, p1_avg, p2_avg);
      |                                                                                                 ^~~~~~
../Core/Src/main.c:262:97: note: each undeclared identifier is reported only once for each function it appears in
../Core/Src/main.c:262:105: error: 'p2_avg' undeclared (first use in this function)
  262 |                                           temp1, temp2, bubble_detection, bubble_sensor_failed, p1_avg, p2_avg);
      |                                                                                                         ^~~~~~
make: *** [Core/Src/subdir.mk:34: Core/Src/main.o] Error 1
"make -j20 all" terminated with exit code 2. Build might be incomplete.
17:08:44 **** Incremental Build of configuration Debug for project integrated_sensors ****
make -j20 all 
arm-none-eabi-gcc "../Core/Src/main.c" -mcpu=cortex-m4 -std=gnu11 -g3 -DDEBUG -DUSE_HAL_DRIVER -DSTM32L432xx -c -I../Core/Inc -I../Drivers/STM32L4xx_HAL_Driver/Inc -I../Drivers/STM32L4xx_HAL_Driver/Inc/Legacy -I../Drivers/CMSIS/Device/ST/STM32L4xx/Include -I../Drivers/CMSIS/Include -O0 -ffunction-sections -fdata-sections -Wall -fstack-usage -fcyclomatic-complexity -MMD -MP -MF"Core/Src/main.d" -MT"Core/Src/main.o" --specs=nano.specs -mfpu=fpv4-sp-d16 -mfloat-abi=hard -mthumb -o "Core/Src/main.o"
../Core/Src/main.c: In function 'main':
../Core/Src/main.c:255:25: warning: unused variable 'p2_avg' [-Wunused-variable]
  255 |                   float p2_avg = p2_sum / (float)MA_DEPTH;
      |                         ^~~~~~
../Core/Src/main.c:254:25: warning: unused variable 'p1_avg' [-Wunused-variable]
  254 |                   float p1_avg = p1_sum / (float)MA_DEPTH;
      |                         ^~~~~~
arm-none-eabi-gcc -o "integrated_sensors.elf" @"objects.list"   -mcpu=cortex-m4 -T"C:\Users\azaki\Documents\GitHub\Project-Nephros\integrated_sensors\integrated_sensors\STM32L432KCUX_FLASH.ld" --specs=nosys.specs -Wl,-Map="integrated_sensors.map" -Wl,--gc-sections -static -u _printf_float --specs=nano.specs -mfpu=fpv4-sp-d16 -mfloat-abi=hard -mthumb -Wl,--start-group -lc -lm -Wl,--end-group
Finished building target: integrated_sensors.elf
 
arm-none-eabi-size  integrated_sensors.elf 
arm-none-eabi-objdump -h -S integrated_sensors.elf  > "integrated_sensors.list"
   text	   data	    bss	    dec	    hex	filename
  39988	    476	   2584	  43048	   a828	integrated_sensors.elf
Finished building: default.size.stdout
 
Finished building: integrated_sensors.list
 
17:08:50 **** Incremental Build of configuration Debug for project integrated_sensors ****
make -j20 all 
arm-none-eabi-size  integrated_sensors.elf 
   text	   data	    bss	    dec	    hex	filename
  39988	    476	   2584	  43048	   a828	integrated_sensors.elf
Finished building: default.size.stdout
 
17:11:41 **** Incremental Build of configuration Debug for project integrated_sensors ****
make -j20 all 
arm-none-eabi-gcc "../Core/Src/main.c" -mcpu=cortex-m4 -std=gnu11 -g3 -DDEBUG -DUSE_HAL_DRIVER -DSTM32L432xx -c -I../Core/Inc -I../Drivers/STM32L4xx_HAL_Driver/Inc -I../Drivers/STM32L4xx_HAL_Driver/Inc/Legacy -I../Drivers/CMSIS/Device/ST/STM32L4xx/Include -I../Drivers/CMSIS/Include -O0 -ffunction-sections -fdata-sections -Wall -fstack-usage -fcyclomatic-complexity -MMD -MP -MF"Core/Src/main.d" -MT"Core/Src/main.o" --specs=nano.specs -mfpu=fpv4-sp-d16 -mfloat-abi=hard -mthumb -o "Core/Src/main.o"
../Core/Src/main.c: In function 'main':
../Core/Src/main.c:255:25: warning: unused variable 'p2_avg' [-Wunused-variable]
  255 |                   float p2_avg = p2_sum / (float)MA_DEPTH;
      |                         ^~~~~~
../Core/Src/main.c:254:25: warning: unused variable 'p1_avg' [-Wunused-variable]
  254 |                   float p1_avg = p1_sum / (float)MA_DEPTH;
      |                         ^~~~~~
arm-none-eabi-gcc -o "integrated_sensors.elf" @"objects.list"   -mcpu=cortex-m4 -T"C:\Users\azaki\Documents\GitHub\Project-Nephros\integrated_sensors\integrated_sensors\STM32L432KCUX_FLASH.ld" --specs=nosys.specs -Wl,-Map="integrated_sensors.map" -Wl,--gc-sections -static -u _printf_float --specs=nano.specs -mfpu=fpv4-sp-d16 -mfloat-abi=hard -mthumb -Wl,--start-group -lc -lm -Wl,--end-group
Finished building target: integrated_sensors.elf
 
arm-none-eabi-size  integrated_sensors.elf 
arm-none-eabi-objdump -h -S integrated_sensors.elf  > "integrated_sensors.list"
   text	   data	    bss	    dec	    hex	filename
  39988	    476	   2584	  43048	   a828	integrated_sensors.elf
Finished building: default.size.stdout
 
Finished building: integrated_sensors.list
 
17:16:39 **** Incremental Build of configuration Debug for project integrated_sensors ****
make -j20 all 
arm-none-eabi-gcc "../Core/Src/main.c" -mcpu=cortex-m4 -std=gnu11 -g3 -DDEBUG -DUSE_HAL_DRIVER -DSTM32L432xx -c -I../Core/Inc -I../Drivers/STM32L4xx_HAL_Driver/Inc -I../Drivers/STM32L4xx_HAL_Driver/Inc/Legacy -I../Drivers/CMSIS/Device/ST/STM32L4xx/Include -I../Drivers/CMSIS/Include -O0 -ffunction-sections -fdata-sections -Wall -fstack-usage -fcyclomatic-complexity -MMD -MP -MF"Core/Src/main.d" -MT"Core/Src/main.o" --specs=nano.specs -mfpu=fpv4-sp-d16 -mfloat-abi=hard -mthumb -o "Core/Src/main.o"
../Core/Src/main.c:117:8: error: unknown type name 'PressureMA_t'
  117 | static PressureMA_t pMA1 = {0}, pMA2 = {0};
      |        ^~~~~~~~~~~~
../Core/Src/main.c: In function 'main':
../Core/Src/main.c:260:32: warning: implicit declaration of function 'readPressurePSI' [-Wimplicit-function-declaration]
  260 |                   float psi1 = readPressurePSI(&pMA1, ADCvalues[3]);
      |                                ^~~~~~~~~~~~~~~
../Core/Src/main.c:261:25: warning: unused variable 'psi2' [-Wunused-variable]
  261 |                   float psi2 = readPressurePSI(&pMA2, ADCvalues[4]);
      |                         ^~~~
../Core/Src/main.c:260:25: warning: unused variable 'psi1' [-Wunused-variable]
  260 |                   float psi1 = readPressurePSI(&pMA1, ADCvalues[3]);
      |                         ^~~~
../Core/Src/main.c:270:97: error: 'psi1' undeclared (first use in this function)
  270 |                                           temp1, temp2, bubble_detection, bubble_sensor_failed, psi1, psi2);
      |                                                                                                 ^~~~
../Core/Src/main.c:270:97: note: each undeclared identifier is reported only once for each function it appears in
../Core/Src/main.c:270:103: error: 'psi2' undeclared (first use in this function)
  270 |                                           temp1, temp2, bubble_detection, bubble_sensor_failed, psi1, psi2);
      |                                                                                                       ^~~~
../Core/Src/main.c: At top level:
../Core/Src/main.c:595:23: error: unknown type name 'PressureMA_t'
  595 | float readPressurePSI(PressureMA_t *ma, uint32_t rawADC)
      |                       ^~~~~~~~~~~~
../Core/Src/main.c:131:14: warning: 'adc_counts_to_volts' declared 'static' but never defined [-Wunused-function]
  131 | static float adc_counts_to_volts(uint32_t raw_count);
      |              ^~~~~~~~~~~~~~~~~~~
../Core/Src/main.c:132:14: warning: 'sensor_volts_to_psi' declared 'static' but never defined [-Wunused-function]
  132 | static float sensor_volts_to_psi(float sensor_volts);
      |              ^~~~~~~~~~~~~~~~~~~
../Core/Src/main.c:113:16: warning: 'p_filled' defined but not used [-Wunused-variable]
  113 | static uint8_t p_filled = 0;
      |                ^~~~~~~~
../Core/Src/main.c:112:16: warning: 'p_index' defined but not used [-Wunused-variable]
  112 | static uint8_t p_index = 0;
      |                ^~~~~~~
../Core/Src/main.c:111:16: warning: 'p2_buffer' defined but not used [-Wunused-variable]
  111 | static float   p2_buffer[MA_DEPTH] = {0};
      |                ^~~~~~~~~
../Core/Src/main.c:110:16: warning: 'p1_buffer' defined but not used [-Wunused-variable]
  110 | static float   p1_buffer[MA_DEPTH] = {0};
      |                ^~~~~~~~~
make: *** [Core/Src/subdir.mk:34: Core/Src/main.o] Error 1
"make -j20 all" terminated with exit code 2. Build might be incomplete.
17:17:45 **** Incremental Build of configuration Debug for project integrated_sensors ****
make -j20 all 
arm-none-eabi-gcc "../Core/Src/main.c" -mcpu=cortex-m4 -std=gnu11 -g3 -DDEBUG -DUSE_HAL_DRIVER -DSTM32L432xx -c -I../Core/Inc -I../Drivers/STM32L4xx_HAL_Driver/Inc -I../Drivers/STM32L4xx_HAL_Driver/Inc/Legacy -I../Drivers/CMSIS/Device/ST/STM32L4xx/Include -I../Drivers/CMSIS/Include -O0 -ffunction-sections -fdata-sections -Wall -fstack-usage -fcyclomatic-complexity -MMD -MP -MF"Core/Src/main.d" -MT"Core/Src/main.o" --specs=nano.specs -mfpu=fpv4-sp-d16 -mfloat-abi=hard -mthumb -o "Core/Src/main.o"
../Core/Src/main.c: In function 'main':
../Core/Src/main.c:266:32: warning: implicit declaration of function 'readPressurePSI' [-Wimplicit-function-declaration]
  266 |                   float psi1 = readPressurePSI(&pMA1, ADCvalues[3]);
      |                                ^~~~~~~~~~~~~~~
../Core/Src/main.c:267:25: warning: unused variable 'psi2' [-Wunused-variable]
  267 |                   float psi2 = readPressurePSI(&pMA2, ADCvalues[4]);
      |                         ^~~~
../Core/Src/main.c:266:25: warning: unused variable 'psi1' [-Wunused-variable]
  266 |                   float psi1 = readPressurePSI(&pMA1, ADCvalues[3]);
      |                         ^~~~
../Core/Src/main.c:276:97: error: 'psi1' undeclared (first use in this function)
  276 |                                           temp1, temp2, bubble_detection, bubble_sensor_failed, psi1, psi2);
      |                                                                                                 ^~~~
../Core/Src/main.c:276:97: note: each undeclared identifier is reported only once for each function it appears in
../Core/Src/main.c:276:103: error: 'psi2' undeclared (first use in this function)
  276 |                                           temp1, temp2, bubble_detection, bubble_sensor_failed, psi1, psi2);
      |                                                                                                       ^~~~
../Core/Src/main.c: At top level:
../Core/Src/main.c:601:7: error: conflicting types for 'readPressurePSI'; have 'float(PressureMA_t *, uint32_t)' {aka 'float(PressureMA_t *, long unsigned int)'}
  601 | float readPressurePSI(PressureMA_t *ma, uint32_t rawADC)
      |       ^~~~~~~~~~~~~~~
../Core/Src/main.c:266:32: note: previous implicit declaration of 'readPressurePSI' with type 'int()'
  266 |                   float psi1 = readPressurePSI(&pMA1, ADCvalues[3]);
      |                                ^~~~~~~~~~~~~~~
../Core/Src/main.c:137:14: warning: 'adc_counts_to_volts' declared 'static' but never defined [-Wunused-function]
  137 | static float adc_counts_to_volts(uint32_t raw_count);
      |              ^~~~~~~~~~~~~~~~~~~
../Core/Src/main.c:138:14: warning: 'sensor_volts_to_psi' declared 'static' but never defined [-Wunused-function]
  138 | static float sensor_volts_to_psi(float sensor_volts);
      |              ^~~~~~~~~~~~~~~~~~~
../Core/Src/main.c:113:16: warning: 'p_filled' defined but not used [-Wunused-variable]
  113 | static uint8_t p_filled = 0;
      |                ^~~~~~~~
../Core/Src/main.c:112:16: warning: 'p_index' defined but not used [-Wunused-variable]
  112 | static uint8_t p_index = 0;
      |                ^~~~~~~
../Core/Src/main.c:111:16: warning: 'p2_buffer' defined but not used [-Wunused-variable]
  111 | static float   p2_buffer[MA_DEPTH] = {0};
      |                ^~~~~~~~~
../Core/Src/main.c:110:16: warning: 'p1_buffer' defined but not used [-Wunused-variable]
  110 | static float   p1_buffer[MA_DEPTH] = {0};
      |                ^~~~~~~~~
make: *** [Core/Src/subdir.mk:34: Core/Src/main.o] Error 1
"make -j20 all" terminated with exit code 2. Build might be incomplete.
17:18:14 **** Incremental Build of configuration Debug for project integrated_sensors ****
make -j20 all 
arm-none-eabi-gcc "../Core/Src/main.c" -mcpu=cortex-m4 -std=gnu11 -g3 -DDEBUG -DUSE_HAL_DRIVER -DSTM32L432xx -c -I../Core/Inc -I../Drivers/STM32L4xx_HAL_Driver/Inc -I../Drivers/STM32L4xx_HAL_Driver/Inc/Legacy -I../Drivers/CMSIS/Device/ST/STM32L4xx/Include -I../Drivers/CMSIS/Include -O0 -ffunction-sections -fdata-sections -Wall -fstack-usage -fcyclomatic-complexity -MMD -MP -MF"Core/Src/main.d" -MT"Core/Src/main.o" --specs=nano.specs -mfpu=fpv4-sp-d16 -mfloat-abi=hard -mthumb -o "Core/Src/main.o"
../Core/Src/main.c: In function 'main':
../Core/Src/main.c:266:25: warning: unused variable 'psi2' [-Wunused-variable]
  266 |                   float psi2 = readPressurePSI(&pMA2, ADCvalues[4]);
      |                         ^~~~
../Core/Src/main.c:265:25: warning: unused variable 'psi1' [-Wunused-variable]
  265 |                   float psi1 = readPressurePSI(&pMA1, ADCvalues[3]);
      |                         ^~~~
../Core/Src/main.c:275:97: error: 'psi1' undeclared (first use in this function)
  275 |                                           temp1, temp2, bubble_detection, bubble_sensor_failed, psi1, psi2);
      |                                                                                                 ^~~~
../Core/Src/main.c:275:97: note: each undeclared identifier is reported only once for each function it appears in
../Core/Src/main.c:275:103: error: 'psi2' undeclared (first use in this function)
  275 |                                           temp1, temp2, bubble_detection, bubble_sensor_failed, psi1, psi2);
      |                                                                                                       ^~~~
../Core/Src/main.c: At top level:
../Core/Src/main.c:113:16: warning: 'p_filled' defined but not used [-Wunused-variable]
  113 | static uint8_t p_filled = 0;
      |                ^~~~~~~~
../Core/Src/main.c:112:16: warning: 'p_index' defined but not used [-Wunused-variable]
  112 | static uint8_t p_index = 0;
      |                ^~~~~~~
../Core/Src/main.c:111:16: warning: 'p2_buffer' defined but not used [-Wunused-variable]
  111 | static float   p2_buffer[MA_DEPTH] = {0};
      |                ^~~~~~~~~
../Core/Src/main.c:110:16: warning: 'p1_buffer' defined but not used [-Wunused-variable]
  110 | static float   p1_buffer[MA_DEPTH] = {0};
      |                ^~~~~~~~~
make: *** [Core/Src/subdir.mk:34: Core/Src/main.o] Error 1
"make -j20 all" terminated with exit code 2. Build might be incomplete.
17:19:05 **** Incremental Build of configuration Debug for project integrated_sensors ****
make -j20 all 
arm-none-eabi-gcc "../Core/Src/main.c" -mcpu=cortex-m4 -std=gnu11 -g3 -DDEBUG -DUSE_HAL_DRIVER -DSTM32L432xx -c -I../Core/Inc -I../Drivers/STM32L4xx_HAL_Driver/Inc -I../Drivers/STM32L4xx_HAL_Driver/Inc/Legacy -I../Drivers/CMSIS/Device/ST/STM32L4xx/Include -I../Drivers/CMSIS/Include -O0 -ffunction-sections -fdata-sections -Wall -fstack-usage -fcyclomatic-complexity -MMD -MP -MF"Core/Src/main.d" -MT"Core/Src/main.o" --specs=nano.specs -mfpu=fpv4-sp-d16 -mfloat-abi=hard -mthumb -o "Core/Src/main.o"
../Core/Src/main.c: In function 'main':
../Core/Src/main.c:262:25: warning: unused variable 'psi2' [-Wunused-variable]
  262 |                   float psi2 = readPressurePSI(&pMA2, ADCvalues[4]);
      |                         ^~~~
../Core/Src/main.c:261:25: warning: unused variable 'psi1' [-Wunused-variable]
  261 |                   float psi1 = readPressurePSI(&pMA1, ADCvalues[3]);
      |                         ^~~~
arm-none-eabi-gcc -o "integrated_sensors.elf" @"objects.list"   -mcpu=cortex-m4 -T"C:\Users\azaki\Documents\GitHub\Project-Nephros\integrated_sensors\integrated_sensors\STM32L432KCUX_FLASH.ld" --specs=nosys.specs -Wl,-Map="integrated_sensors.map" -Wl,--gc-sections -static -u _printf_float --specs=nano.specs -mfpu=fpv4-sp-d16 -mfloat-abi=hard -mthumb -Wl,--start-group -lc -lm -Wl,--end-group
Finished building target: integrated_sensors.elf
 
arm-none-eabi-size  integrated_sensors.elf 
arm-none-eabi-objdump -h -S integrated_sensors.elf  > "integrated_sensors.list"
   text	   data	    bss	    dec	    hex	filename
  39900	    476	   2592	  42968	   a7d8	integrated_sensors.elf
Finished building: default.size.stdout
 
Finished building: integrated_sensors.list
 
17:19:30 **** Incremental Build of configuration Debug for project integrated_sensors ****
make -j20 all 
arm-none-eabi-gcc "../Core/Src/main.c" -mcpu=cortex-m4 -std=gnu11 -g3 -DDEBUG -DUSE_HAL_DRIVER -DSTM32L432xx -c -I../Core/Inc -I../Drivers/STM32L4xx_HAL_Driver/Inc -I../Drivers/STM32L4xx_HAL_Driver/Inc/Legacy -I../Drivers/CMSIS/Device/ST/STM32L4xx/Include -I../Drivers/CMSIS/Include -O0 -ffunction-sections -fdata-sections -Wall -fstack-usage -fcyclomatic-complexity -MMD -MP -MF"Core/Src/main.d" -MT"Core/Src/main.o" --specs=nano.specs -mfpu=fpv4-sp-d16 -mfloat-abi=hard -mthumb -o "Core/Src/main.o"
arm-none-eabi-gcc -o "integrated_sensors.elf" @"objects.list"   -mcpu=cortex-m4 -T"C:\Users\azaki\Documents\GitHub\Project-Nephros\integrated_sensors\integrated_sensors\STM32L432KCUX_FLASH.ld" --specs=nosys.specs -Wl,-Map="integrated_sensors.map" -Wl,--gc-sections -static -u _printf_float --specs=nano.specs -mfpu=fpv4-sp-d16 -mfloat-abi=hard -mthumb -Wl,--start-group -lc -lm -Wl,--end-group
Finished building target: integrated_sensors.elf
 
arm-none-eabi-size  integrated_sensors.elf 
arm-none-eabi-objdump -h -S integrated_sensors.elf  > "integrated_sensors.list"
   text	   data	    bss	    dec	    hex	filename
  39908	    476	   2592	  42976	   a7e0	integrated_sensors.elf
Finished building: default.size.stdout
 
Finished building: integrated_sensors.list
 
17:19:36 **** Incremental Build of configuration Debug for project integrated_sensors ****
make -j20 all 
arm-none-eabi-size  integrated_sensors.elf 
   text	   data	    bss	    dec	    hex	filename
  39908	    476	   2592	  42976	   a7e0	integrated_sensors.elf
Finished building: default.size.stdout
 
22:15:02 **** Incremental Build of configuration Debug for project integrated_sensors ****
make -j20 all 
arm-none-eabi-gcc "../Core/Src/main.c" -mcpu=cortex-m4 -std=gnu11 -g3 -DDEBUG -DUSE_HAL_DRIVER -DSTM32L432xx -c -I../Core/Inc -I../Drivers/STM32L4xx_HAL_Driver/Inc -I../Drivers/STM32L4xx_HAL_Driver/Inc/Legacy -I../Drivers/CMSIS/Device/ST/STM32L4xx/Include -I../Drivers/CMSIS/Include -O0 -ffunction-sections -fdata-sections -Wall -fstack-usage -fcyclomatic-complexity -MMD -MP -MF"Core/Src/main.d" -MT"Core/Src/main.o" --specs=nano.specs -mfpu=fpv4-sp-d16 -mfloat-abi=hard -mthumb -o "Core/Src/main.o"
arm-none-eabi-gcc -o "integrated_sensors.elf" @"objects.list"   -mcpu=cortex-m4 -T"C:\Users\azaki\Documents\GitHub\Project-Nephros\integrated_sensors\integrated_sensors\STM32L432KCUX_FLASH.ld" --specs=nosys.specs -Wl,-Map="integrated_sensors.map" -Wl,--gc-sections -static -u _printf_float --specs=nano.specs -mfpu=fpv4-sp-d16 -mfloat-abi=hard -mthumb -Wl,--start-group -lc -lm -Wl,--end-group
Finished building target: integrated_sensors.elf
 
arm-none-eabi-size  integrated_sensors.elf 
arm-none-eabi-objdump -h -S integrated_sensors.elf  > "integrated_sensors.list"
   text	   data	    bss	    dec	    hex	filename
  39908	    476	   2592	  42976	   a7e0	integrated_sensors.elf
Finished building: default.size.stdout
 
Finished building: integrated_sensors.list
 
22:16:58 **** Incremental Build of configuration Debug for project integrated_sensors ****
make -j20 all 
arm-none-eabi-gcc "../Core/Src/main.c" -mcpu=cortex-m4 -std=gnu11 -g3 -DDEBUG -DUSE_HAL_DRIVER -DSTM32L432xx -c -I../Core/Inc -I../Drivers/STM32L4xx_HAL_Driver/Inc -I../Drivers/STM32L4xx_HAL_Driver/Inc/Legacy -I../Drivers/CMSIS/Device/ST/STM32L4xx/Include -I../Drivers/CMSIS/Include -O0 -ffunction-sections -fdata-sections -Wall -fstack-usage -fcyclomatic-complexity -MMD -MP -MF"Core/Src/main.d" -MT"Core/Src/main.o" --specs=nano.specs -mfpu=fpv4-sp-d16 -mfloat-abi=hard -mthumb -o "Core/Src/main.o"
../Core/Src/main.c: In function 'main':
../Core/Src/main.c:242:71: warning: format '%f' expects argument of type 'double', but argument 7 has type 'int' [-Wformat=]
  242 |           sprintf(msg, "[T1=%.2f, T2=%.2f, Bubble=%d, Fault=%d, P1=%.2f, P2=%.2f]\r\n",
      |                                                                    ~~~^
      |                                                                       |
      |                                                                       double
      |                                                                    %.2d
  243 |                                           temp1, temp2, bubble_detection, bubble_sensor_failed, ADCvalues[3], ADCvalues[4]);
      |                                                                                                 ~~~~~~~~~~~~
      |                                                                                                          |
      |                                                                                                          int
../Core/Src/main.c:242:80: warning: format '%f' expects argument of type 'double', but argument 8 has type 'int' [-Wformat=]
  242 |           sprintf(msg, "[T1=%.2f, T2=%.2f, Bubble=%d, Fault=%d, P1=%.2f, P2=%.2f]\r\n",
      |                                                                             ~~~^
      |                                                                                |
      |                                                                                double
      |                                                                             %.2d
  243 |                                           temp1, temp2, bubble_detection, bubble_sensor_failed, ADCvalues[3], ADCvalues[4]);
      |                                                                                                               ~~~~~~~~~~~~
      |                                                                                                                        |
      |                                                                                                                        int
arm-none-eabi-gcc -o "integrated_sensors.elf" @"objects.list"   -mcpu=cortex-m4 -T"C:\Users\azaki\Documents\GitHub\Project-Nephros\integrated_sensors\integrated_sensors\STM32L432KCUX_FLASH.ld" --specs=nosys.specs -Wl,-Map="integrated_sensors.map" -Wl,--gc-sections -static -u _printf_float --specs=nano.specs -mfpu=fpv4-sp-d16 -mfloat-abi=hard -mthumb -Wl,--start-group -lc -lm -Wl,--end-group
Finished building target: integrated_sensors.elf
 
arm-none-eabi-size  integrated_sensors.elf 
arm-none-eabi-objdump -h -S integrated_sensors.elf  > "integrated_sensors.list"
   text	   data	    bss	    dec	    hex	filename
  39892	    476	   2592	  42960	   a7d0	integrated_sensors.elf
Finished building: default.size.stdout
 
Finished building: integrated_sensors.list
 
22:19:01 **** Incremental Build of configuration Debug for project integrated_sensors ****
make -j20 all 
arm-none-eabi-gcc "../Core/Src/main.c" -mcpu=cortex-m4 -std=gnu11 -g3 -DDEBUG -DUSE_HAL_DRIVER -DSTM32L432xx -c -I../Core/Inc -I../Drivers/STM32L4xx_HAL_Driver/Inc -I../Drivers/STM32L4xx_HAL_Driver/Inc/Legacy -I../Drivers/CMSIS/Device/ST/STM32L4xx/Include -I../Drivers/CMSIS/Include -O0 -ffunction-sections -fdata-sections -Wall -fstack-usage -fcyclomatic-complexity -MMD -MP -MF"Core/Src/main.d" -MT"Core/Src/main.o" --specs=nano.specs -mfpu=fpv4-sp-d16 -mfloat-abi=hard -mthumb -o "Core/Src/main.o"
arm-none-eabi-gcc -o "integrated_sensors.elf" @"objects.list"   -mcpu=cortex-m4 -T"C:\Users\azaki\Documents\GitHub\Project-Nephros\integrated_sensors\integrated_sensors\STM32L432KCUX_FLASH.ld" --specs=nosys.specs -Wl,-Map="integrated_sensors.map" -Wl,--gc-sections -static -u _printf_float --specs=nano.specs -mfpu=fpv4-sp-d16 -mfloat-abi=hard -mthumb -Wl,--start-group -lc -lm -Wl,--end-group
Finished building target: integrated_sensors.elf
 
arm-none-eabi-size  integrated_sensors.elf 
arm-none-eabi-objdump -h -S integrated_sensors.elf  > "integrated_sensors.list"
   text	   data	    bss	    dec	    hex	filename
  39884	    476	   2592	  42952	   a7c8	integrated_sensors.elf
Finished building: default.size.stdout
 
Finished building: integrated_sensors.list
 
22:31:21 **** Incremental Build of configuration Debug for project integrated_sensors ****
make -j20 all 
arm-none-eabi-gcc "../Core/Src/main.c" -mcpu=cortex-m4 -std=gnu11 -g3 -DDEBUG -DUSE_HAL_DRIVER -DSTM32L432xx -c -I../Core/Inc -I../Drivers/STM32L4xx_HAL_Driver/Inc -I../Drivers/STM32L4xx_HAL_Driver/Inc/Legacy -I../Drivers/CMSIS/Device/ST/STM32L4xx/Include -I../Drivers/CMSIS/Include -O0 -ffunction-sections -fdata-sections -Wall -fstack-usage -fcyclomatic-complexity -MMD -MP -MF"Core/Src/main.d" -MT"Core/Src/main.o" --specs=nano.specs -mfpu=fpv4-sp-d16 -mfloat-abi=hard -mthumb -o "Core/Src/main.o"
arm-none-eabi-gcc -o "integrated_sensors.elf" @"objects.list"   -mcpu=cortex-m4 -T"C:\Users\azaki\Documents\GitHub\Project-Nephros\integrated_sensors\integrated_sensors\STM32L432KCUX_FLASH.ld" --specs=nosys.specs -Wl,-Map="integrated_sensors.map" -Wl,--gc-sections -static -u _printf_float --specs=nano.specs -mfpu=fpv4-sp-d16 -mfloat-abi=hard -mthumb -Wl,--start-group -lc -lm -Wl,--end-group
Finished building target: integrated_sensors.elf
 
arm-none-eabi-size  integrated_sensors.elf 
arm-none-eabi-objdump -h -S integrated_sensors.elf  > "integrated_sensors.list"
   text	   data	    bss	    dec	    hex	filename
  39908	    476	   2592	  42976	   a7e0	integrated_sensors.elf
Finished building: default.size.stdout
 
Finished building: integrated_sensors.list
 
22:44:29 **** Incremental Build of configuration Debug for project integrated_sensors ****
make -j20 all 
arm-none-eabi-gcc "../Core/Src/main.c" -mcpu=cortex-m4 -std=gnu11 -g3 -DDEBUG -DUSE_HAL_DRIVER -DSTM32L432xx -c -I../Core/Inc -I../Drivers/STM32L4xx_HAL_Driver/Inc -I../Drivers/STM32L4xx_HAL_Driver/Inc/Legacy -I../Drivers/CMSIS/Device/ST/STM32L4xx/Include -I../Drivers/CMSIS/Include -O0 -ffunction-sections -fdata-sections -Wall -fstack-usage -fcyclomatic-complexity -MMD -MP -MF"Core/Src/main.d" -MT"Core/Src/main.o" --specs=nano.specs -mfpu=fpv4-sp-d16 -mfloat-abi=hard -mthumb -o "Core/Src/main.o"
arm-none-eabi-gcc "../Core/Src/stm32l4xx_hal_msp.c" -mcpu=cortex-m4 -std=gnu11 -g3 -DDEBUG -DUSE_HAL_DRIVER -DSTM32L432xx -c -I../Core/Inc -I../Drivers/STM32L4xx_HAL_Driver/Inc -I../Drivers/STM32L4xx_HAL_Driver/Inc/Legacy -I../Drivers/CMSIS/Device/ST/STM32L4xx/Include -I../Drivers/CMSIS/Include -O0 -ffunction-sections -fdata-sections -Wall -fstack-usage -fcyclomatic-complexity -MMD -MP -MF"Core/Src/stm32l4xx_hal_msp.d" -MT"Core/Src/stm32l4xx_hal_msp.o" --specs=nano.specs -mfpu=fpv4-sp-d16 -mfloat-abi=hard -mthumb -o "Core/Src/stm32l4xx_hal_msp.o"
arm-none-eabi-gcc "../Core/Src/stm32l4xx_it.c" -mcpu=cortex-m4 -std=gnu11 -g3 -DDEBUG -DUSE_HAL_DRIVER -DSTM32L432xx -c -I../Core/Inc -I../Drivers/STM32L4xx_HAL_Driver/Inc -I../Drivers/STM32L4xx_HAL_Driver/Inc/Legacy -I../Drivers/CMSIS/Device/ST/STM32L4xx/Include -I../Drivers/CMSIS/Include -O0 -ffunction-sections -fdata-sections -Wall -fstack-usage -fcyclomatic-complexity -MMD -MP -MF"Core/Src/stm32l4xx_it.d" -MT"Core/Src/stm32l4xx_it.o" --specs=nano.specs -mfpu=fpv4-sp-d16 -mfloat-abi=hard -mthumb -o "Core/Src/stm32l4xx_it.o"
../Core/Src/main.c: In function 'HAL_GPIO_EXTI_Callback':
../Core/Src/main.c:155:30: error: 'FLOW_Pin' undeclared (first use in this function)
  155 |         else if (GPIO_Pin == FLOW_Pin){
      |                              ^~~~~~~~
../Core/Src/main.c:155:30: note: each undeclared identifier is reported only once for each function it appears in
../Core/Src/main.c: In function 'main':
../Core/Src/main.c:259:73: error: 'p1_avg' undeclared (first use in this function)
  259 |                   temp1, temp2, bubble_detection, bubble_sensor_failed, p1_avg, p2_avg, flow_Lmin);
      |                                                                         ^~~~~~
../Core/Src/main.c:259:81: error: 'p2_avg' undeclared (first use in this function)
  259 |                   temp1, temp2, bubble_detection, bubble_sensor_failed, p1_avg, p2_avg, flow_Lmin);
      |                                                                                 ^~~~~~
make: *** [Core/Src/subdir.mk:34: Core/Src/main.o] Error 1
make: *** Waiting for unfinished jobs....
"make -j20 all" terminated with exit code 2. Build might be incomplete.
22:44:57 **** Incremental Build of configuration Debug for project integrated_sensors ****
make -j20 all 
arm-none-eabi-gcc "../Core/Src/main.c" -mcpu=cortex-m4 -std=gnu11 -g3 -DDEBUG -DUSE_HAL_DRIVER -DSTM32L432xx -c -I../Core/Inc -I../Drivers/STM32L4xx_HAL_Driver/Inc -I../Drivers/STM32L4xx_HAL_Driver/Inc/Legacy -I../Drivers/CMSIS/Device/ST/STM32L4xx/Include -I../Drivers/CMSIS/Include -O0 -ffunction-sections -fdata-sections -Wall -fstack-usage -fcyclomatic-complexity -MMD -MP -MF"Core/Src/main.d" -MT"Core/Src/main.o" --specs=nano.specs -mfpu=fpv4-sp-d16 -mfloat-abi=hard -mthumb -o "Core/Src/main.o"
../Core/Src/main.c: In function 'HAL_GPIO_EXTI_Callback':
../Core/Src/main.c:155:30: error: 'FLOW_Pin' undeclared (first use in this function)
  155 |         else if (GPIO_Pin == FLOW_Pin){
      |                              ^~~~~~~~
../Core/Src/main.c:155:30: note: each undeclared identifier is reported only once for each function it appears in
make: *** [Core/Src/subdir.mk:34: Core/Src/main.o] Error 1
"make -j20 all" terminated with exit code 2. Build might be incomplete.
22:45:27 **** Incremental Build of configuration Debug for project integrated_sensors ****
make -j20 all 
arm-none-eabi-gcc "../Core/Src/main.c" -mcpu=cortex-m4 -std=gnu11 -g3 -DDEBUG -DUSE_HAL_DRIVER -DSTM32L432xx -c -I../Core/Inc -I../Drivers/STM32L4xx_HAL_Driver/Inc -I../Drivers/STM32L4xx_HAL_Driver/Inc/Legacy -I../Drivers/CMSIS/Device/ST/STM32L4xx/Include -I../Drivers/CMSIS/Include -O0 -ffunction-sections -fdata-sections -Wall -fstack-usage -fcyclomatic-complexity -MMD -MP -MF"Core/Src/main.d" -MT"Core/Src/main.o" --specs=nano.specs -mfpu=fpv4-sp-d16 -mfloat-abi=hard -mthumb -o "Core/Src/main.o"
arm-none-eabi-gcc "../Core/Src/stm32l4xx_hal_msp.c" -mcpu=cortex-m4 -std=gnu11 -g3 -DDEBUG -DUSE_HAL_DRIVER -DSTM32L432xx -c -I../Core/Inc -I../Drivers/STM32L4xx_HAL_Driver/Inc -I../Drivers/STM32L4xx_HAL_Driver/Inc/Legacy -I../Drivers/CMSIS/Device/ST/STM32L4xx/Include -I../Drivers/CMSIS/Include -O0 -ffunction-sections -fdata-sections -Wall -fstack-usage -fcyclomatic-complexity -MMD -MP -MF"Core/Src/stm32l4xx_hal_msp.d" -MT"Core/Src/stm32l4xx_hal_msp.o" --specs=nano.specs -mfpu=fpv4-sp-d16 -mfloat-abi=hard -mthumb -o "Core/Src/stm32l4xx_hal_msp.o"
arm-none-eabi-gcc "../Core/Src/stm32l4xx_it.c" -mcpu=cortex-m4 -std=gnu11 -g3 -DDEBUG -DUSE_HAL_DRIVER -DSTM32L432xx -c -I../Core/Inc -I../Drivers/STM32L4xx_HAL_Driver/Inc -I../Drivers/STM32L4xx_HAL_Driver/Inc/Legacy -I../Drivers/CMSIS/Device/ST/STM32L4xx/Include -I../Drivers/CMSIS/Include -O0 -ffunction-sections -fdata-sections -Wall -fstack-usage -fcyclomatic-complexity -MMD -MP -MF"Core/Src/stm32l4xx_it.d" -MT"Core/Src/stm32l4xx_it.o" --specs=nano.specs -mfpu=fpv4-sp-d16 -mfloat-abi=hard -mthumb -o "Core/Src/stm32l4xx_it.o"
../Core/Src/main.c: In function 'HAL_GPIO_EXTI_Callback':
../Core/Src/main.c:155:30: error: 'FLOW_Pin' undeclared (first use in this function)
  155 |         else if (GPIO_Pin == FLOW_Pin){
      |                              ^~~~~~~~
../Core/Src/main.c:155:30: note: each undeclared identifier is reported only once for each function it appears in
make: *** [Core/Src/subdir.mk:34: Core/Src/main.o] Error 1
make: *** Waiting for unfinished jobs....
"make -j20 all" terminated with exit code 2. Build might be incomplete.
22:47:25 **** Incremental Build of configuration Debug for project integrated_sensors ****
make -j20 all 
arm-none-eabi-gcc "../Core/Src/main.c" -mcpu=cortex-m4 -std=gnu11 -g3 -DDEBUG -DUSE_HAL_DRIVER -DSTM32L432xx -c -I../Core/Inc -I../Drivers/STM32L4xx_HAL_Driver/Inc -I../Drivers/STM32L4xx_HAL_Driver/Inc/Legacy -I../Drivers/CMSIS/Device/ST/STM32L4xx/Include -I../Drivers/CMSIS/Include -O0 -ffunction-sections -fdata-sections -Wall -fstack-usage -fcyclomatic-complexity -MMD -MP -MF"Core/Src/main.d" -MT"Core/Src/main.o" --specs=nano.specs -mfpu=fpv4-sp-d16 -mfloat-abi=hard -mthumb -o "Core/Src/main.o"
arm-none-eabi-gcc "../Core/Src/stm32l4xx_hal_msp.c" -mcpu=cortex-m4 -std=gnu11 -g3 -DDEBUG -DUSE_HAL_DRIVER -DSTM32L432xx -c -I../Core/Inc -I../Drivers/STM32L4xx_HAL_Driver/Inc -I../Drivers/STM32L4xx_HAL_Driver/Inc/Legacy -I../Drivers/CMSIS/Device/ST/STM32L4xx/Include -I../Drivers/CMSIS/Include -O0 -ffunction-sections -fdata-sections -Wall -fstack-usage -fcyclomatic-complexity -MMD -MP -MF"Core/Src/stm32l4xx_hal_msp.d" -MT"Core/Src/stm32l4xx_hal_msp.o" --specs=nano.specs -mfpu=fpv4-sp-d16 -mfloat-abi=hard -mthumb -o "Core/Src/stm32l4xx_hal_msp.o"
arm-none-eabi-gcc "../Core/Src/stm32l4xx_it.c" -mcpu=cortex-m4 -std=gnu11 -g3 -DDEBUG -DUSE_HAL_DRIVER -DSTM32L432xx -c -I../Core/Inc -I../Drivers/STM32L4xx_HAL_Driver/Inc -I../Drivers/STM32L4xx_HAL_Driver/Inc/Legacy -I../Drivers/CMSIS/Device/ST/STM32L4xx/Include -I../Drivers/CMSIS/Include -O0 -ffunction-sections -fdata-sections -Wall -fstack-usage -fcyclomatic-complexity -MMD -MP -MF"Core/Src/stm32l4xx_it.d" -MT"Core/Src/stm32l4xx_it.o" --specs=nano.specs -mfpu=fpv4-sp-d16 -mfloat-abi=hard -mthumb -o "Core/Src/stm32l4xx_it.o"
arm-none-eabi-gcc -o "integrated_sensors.elf" @"objects.list"   -mcpu=cortex-m4 -T"C:\Users\azaki\Documents\GitHub\Project-Nephros\integrated_sensors\integrated_sensors\STM32L432KCUX_FLASH.ld" --specs=nosys.specs -Wl,-Map="integrated_sensors.map" -Wl,--gc-sections -static -u _printf_float --specs=nano.specs -mfpu=fpv4-sp-d16 -mfloat-abi=hard -mthumb -Wl,--start-group -lc -lm -Wl,--end-group
Finished building target: integrated_sensors.elf
 
arm-none-eabi-size  integrated_sensors.elf 
arm-none-eabi-objdump -h -S integrated_sensors.elf  > "integrated_sensors.list"
   text	   data	    bss	    dec	    hex	filename
  40036	    476	   2608	  43120	   a870	integrated_sensors.elf
Finished building: default.size.stdout
 
Finished building: integrated_sensors.list
 
22:50:28 **** Incremental Build of configuration Debug for project integrated_sensors ****
make -j20 all 
arm-none-eabi-gcc "../Core/Src/main.c" -mcpu=cortex-m4 -std=gnu11 -g3 -DDEBUG -DUSE_HAL_DRIVER -DSTM32L432xx -c -I../Core/Inc -I../Drivers/STM32L4xx_HAL_Driver/Inc -I../Drivers/STM32L4xx_HAL_Driver/Inc/Legacy -I../Drivers/CMSIS/Device/ST/STM32L4xx/Include -I../Drivers/CMSIS/Include -O0 -ffunction-sections -fdata-sections -Wall -fstack-usage -fcyclomatic-complexity -MMD -MP -MF"Core/Src/main.d" -MT"Core/Src/main.o" --specs=nano.specs -mfpu=fpv4-sp-d16 -mfloat-abi=hard -mthumb -o "Core/Src/main.o"
arm-none-eabi-gcc "../Core/Src/stm32l4xx_hal_msp.c" -mcpu=cortex-m4 -std=gnu11 -g3 -DDEBUG -DUSE_HAL_DRIVER -DSTM32L432xx -c -I../Core/Inc -I../Drivers/STM32L4xx_HAL_Driver/Inc -I../Drivers/STM32L4xx_HAL_Driver/Inc/Legacy -I../Drivers/CMSIS/Device/ST/STM32L4xx/Include -I../Drivers/CMSIS/Include -O0 -ffunction-sections -fdata-sections -Wall -fstack-usage -fcyclomatic-complexity -MMD -MP -MF"Core/Src/stm32l4xx_hal_msp.d" -MT"Core/Src/stm32l4xx_hal_msp.o" --specs=nano.specs -mfpu=fpv4-sp-d16 -mfloat-abi=hard -mthumb -o "Core/Src/stm32l4xx_hal_msp.o"
arm-none-eabi-gcc "../Core/Src/stm32l4xx_it.c" -mcpu=cortex-m4 -std=gnu11 -g3 -DDEBUG -DUSE_HAL_DRIVER -DSTM32L432xx -c -I../Core/Inc -I../Drivers/STM32L4xx_HAL_Driver/Inc -I../Drivers/STM32L4xx_HAL_Driver/Inc/Legacy -I../Drivers/CMSIS/Device/ST/STM32L4xx/Include -I../Drivers/CMSIS/Include -O0 -ffunction-sections -fdata-sections -Wall -fstack-usage -fcyclomatic-complexity -MMD -MP -MF"Core/Src/stm32l4xx_it.d" -MT"Core/Src/stm32l4xx_it.o" --specs=nano.specs -mfpu=fpv4-sp-d16 -mfloat-abi=hard -mthumb -o "Core/Src/stm32l4xx_it.o"
arm-none-eabi-gcc -o "integrated_sensors.elf" @"objects.list"   -mcpu=cortex-m4 -T"C:\Users\azaki\Documents\GitHub\Project-Nephros\integrated_sensors\integrated_sensors\STM32L432KCUX_FLASH.ld" --specs=nosys.specs -Wl,-Map="integrated_sensors.map" -Wl,--gc-sections -static -u _printf_float --specs=nano.specs -mfpu=fpv4-sp-d16 -mfloat-abi=hard -mthumb -Wl,--start-group -lc -lm -Wl,--end-group
Finished building target: integrated_sensors.elf
 
arm-none-eabi-size  integrated_sensors.elf 
arm-none-eabi-objdump -h -S integrated_sensors.elf  > "integrated_sensors.list"
   text	   data	    bss	    dec	    hex	filename
  40068	    476	   2608	  43152	   a890	integrated_sensors.elf
Finished building: default.size.stdout
 
Finished building: integrated_sensors.list
 
23:03:06 **** Incremental Build of configuration Debug for project integrated_sensors ****
make -j20 all 
arm-none-eabi-gcc "../Core/Src/main.c" -mcpu=cortex-m4 -std=gnu11 -g3 -DDEBUG -DUSE_HAL_DRIVER -DSTM32L432xx -c -I../Core/Inc -I../Drivers/STM32L4xx_HAL_Driver/Inc -I../Drivers/STM32L4xx_HAL_Driver/Inc/Legacy -I../Drivers/CMSIS/Device/ST/STM32L4xx/Include -I../Drivers/CMSIS/Include -O0 -ffunction-sections -fdata-sections -Wall -fstack-usage -fcyclomatic-complexity -MMD -MP -MF"Core/Src/main.d" -MT"Core/Src/main.o" --specs=nano.specs -mfpu=fpv4-sp-d16 -mfloat-abi=hard -mthumb -o "Core/Src/main.o"
arm-none-eabi-gcc "../Core/Src/stm32l4xx_hal_msp.c" -mcpu=cortex-m4 -std=gnu11 -g3 -DDEBUG -DUSE_HAL_DRIVER -DSTM32L432xx -c -I../Core/Inc -I../Drivers/STM32L4xx_HAL_Driver/Inc -I../Drivers/STM32L4xx_HAL_Driver/Inc/Legacy -I../Drivers/CMSIS/Device/ST/STM32L4xx/Include -I../Drivers/CMSIS/Include -O0 -ffunction-sections -fdata-sections -Wall -fstack-usage -fcyclomatic-complexity -MMD -MP -MF"Core/Src/stm32l4xx_hal_msp.d" -MT"Core/Src/stm32l4xx_hal_msp.o" --specs=nano.specs -mfpu=fpv4-sp-d16 -mfloat-abi=hard -mthumb -o "Core/Src/stm32l4xx_hal_msp.o"
arm-none-eabi-gcc "../Core/Src/stm32l4xx_it.c" -mcpu=cortex-m4 -std=gnu11 -g3 -DDEBUG -DUSE_HAL_DRIVER -DSTM32L432xx -c -I../Core/Inc -I../Drivers/STM32L4xx_HAL_Driver/Inc -I../Drivers/STM32L4xx_HAL_Driver/Inc/Legacy -I../Drivers/CMSIS/Device/ST/STM32L4xx/Include -I../Drivers/CMSIS/Include -O0 -ffunction-sections -fdata-sections -Wall -fstack-usage -fcyclomatic-complexity -MMD -MP -MF"Core/Src/stm32l4xx_it.d" -MT"Core/Src/stm32l4xx_it.o" --specs=nano.specs -mfpu=fpv4-sp-d16 -mfloat-abi=hard -mthumb -o "Core/Src/stm32l4xx_it.o"
../Core/Src/main.c: In function 'HAL_GPIO_EXTI_Callback':
../Core/Src/main.c:169:30: error: 'FLOW_Pin' undeclared (first use in this function)
  169 |         else if (GPIO_Pin == FLOW_Pin){
      |                              ^~~~~~~~
../Core/Src/main.c:169:30: note: each undeclared identifier is reported only once for each function it appears in
../Core/Src/main.c:170:17: error: 'flow_pulse_count' undeclared (first use in this function)
  170 |                 flow_pulse_count++;
      |                 ^~~~~~~~~~~~~~~~
../Core/Src/main.c: In function 'main':
../Core/Src/main.c:269:19: warning: implicit declaration of function 'flow_update' [-Wimplicit-function-declaration]
  269 |                   flow_update(&flow1, p1);
      |                   ^~~~~~~~~~~
../Core/Src/main.c: At top level:
../Core/Src/main.c:688:13: warning: conflicting types for 'flow_update'; have 'void(flow_ma_t *, uint32_t)' {aka 'void(flow_ma_t *, long unsigned int)'}
  688 | static void flow_update(flow_ma_t *f, uint32_t window_pulses)
      |             ^~~~~~~~~~~
../Core/Src/main.c:688:13: error: static declaration of 'flow_update' follows non-static declaration
../Core/Src/main.c:269:19: note: previous implicit declaration of 'flow_update' with type 'void(flow_ma_t *, uint32_t)' {aka 'void(flow_ma_t *, long unsigned int)'}
  269 |                   flow_update(&flow1, p1);
      |                   ^~~~~~~~~~~
../Core/Src/main.c:688:13: warning: 'flow_update' defined but not used [-Wunused-function]
  688 | static void flow_update(flow_ma_t *f, uint32_t window_pulses)
      |             ^~~~~~~~~~~
make: *** [Core/Src/subdir.mk:34: Core/Src/main.o] Error 1
make: *** Waiting for unfinished jobs....
"make -j20 all" terminated with exit code 2. Build might be incomplete.
23:03:29 **** Incremental Build of configuration Debug for project integrated_sensors ****
make -j20 all 
arm-none-eabi-gcc "../Core/Src/main.c" -mcpu=cortex-m4 -std=gnu11 -g3 -DDEBUG -DUSE_HAL_DRIVER -DSTM32L432xx -c -I../Core/Inc -I../Drivers/STM32L4xx_HAL_Driver/Inc -I../Drivers/STM32L4xx_HAL_Driver/Inc/Legacy -I../Drivers/CMSIS/Device/ST/STM32L4xx/Include -I../Drivers/CMSIS/Include -O0 -ffunction-sections -fdata-sections -Wall -fstack-usage -fcyclomatic-complexity -MMD -MP -MF"Core/Src/main.d" -MT"Core/Src/main.o" --specs=nano.specs -mfpu=fpv4-sp-d16 -mfloat-abi=hard -mthumb -o "Core/Src/main.o"
../Core/Src/main.c: In function 'main':
../Core/Src/main.c:267:19: warning: implicit declaration of function 'flow_update' [-Wimplicit-function-declaration]
  267 |                   flow_update(&flow1, p1);
      |                   ^~~~~~~~~~~
../Core/Src/main.c: At top level:
../Core/Src/main.c:686:13: warning: conflicting types for 'flow_update'; have 'void(flow_ma_t *, uint32_t)' {aka 'void(flow_ma_t *, long unsigned int)'}
  686 | static void flow_update(flow_ma_t *f, uint32_t window_pulses)
      |             ^~~~~~~~~~~
../Core/Src/main.c:686:13: error: static declaration of 'flow_update' follows non-static declaration
../Core/Src/main.c:267:19: note: previous implicit declaration of 'flow_update' with type 'void(flow_ma_t *, uint32_t)' {aka 'void(flow_ma_t *, long unsigned int)'}
  267 |                   flow_update(&flow1, p1);
      |                   ^~~~~~~~~~~
../Core/Src/main.c:686:13: warning: 'flow_update' defined but not used [-Wunused-function]
  686 | static void flow_update(flow_ma_t *f, uint32_t window_pulses)
      |             ^~~~~~~~~~~
make: *** [Core/Src/subdir.mk:34: Core/Src/main.o] Error 1
"make -j20 all" terminated with exit code 2. Build might be incomplete.
23:04:20 **** Incremental Build of configuration Debug for project integrated_sensors ****
make -j20 all 
arm-none-eabi-gcc "../Core/Src/main.c" -mcpu=cortex-m4 -std=gnu11 -g3 -DDEBUG -DUSE_HAL_DRIVER -DSTM32L432xx -c -I../Core/Inc -I../Drivers/STM32L4xx_HAL_Driver/Inc -I../Drivers/STM32L4xx_HAL_Driver/Inc/Legacy -I../Drivers/CMSIS/Device/ST/STM32L4xx/Include -I../Drivers/CMSIS/Include -O0 -ffunction-sections -fdata-sections -Wall -fstack-usage -fcyclomatic-complexity -MMD -MP -MF"Core/Src/main.d" -MT"Core/Src/main.o" --specs=nano.specs -mfpu=fpv4-sp-d16 -mfloat-abi=hard -mthumb -o "Core/Src/main.o"
arm-none-eabi-gcc -o "integrated_sensors.elf" @"objects.list"   -mcpu=cortex-m4 -T"C:\Users\azaki\Documents\GitHub\Project-Nephros\integrated_sensors\integrated_sensors\STM32L432KCUX_FLASH.ld" --specs=nosys.specs -Wl,-Map="integrated_sensors.map" -Wl,--gc-sections -static -u _printf_float --specs=nano.specs -mfpu=fpv4-sp-d16 -mfloat-abi=hard -mthumb -Wl,--start-group -lc -lm -Wl,--end-group
Finished building target: integrated_sensors.elf
 
arm-none-eabi-size  integrated_sensors.elf 
arm-none-eabi-objdump -h -S integrated_sensors.elf  > "integrated_sensors.list"
   text	   data	    bss	    dec	    hex	filename
  42580	    476	   2984	  46040	   b3d8	integrated_sensors.elf
Finished building: default.size.stdout
 
Finished building: integrated_sensors.list
 
23:04:26 **** Incremental Build of configuration Debug for project integrated_sensors ****
make -j20 all 
arm-none-eabi-size  integrated_sensors.elf 
   text	   data	    bss	    dec	    hex	filename
  42580	    476	   2984	  46040	   b3d8	integrated_sensors.elf
Finished building: default.size.stdout
 
23:07:23 **** Incremental Build of configuration Debug for project integrated_sensors ****
make -j20 all 
arm-none-eabi-gcc "../Core/Src/main.c" -mcpu=cortex-m4 -std=gnu11 -g3 -DDEBUG -DUSE_HAL_DRIVER -DSTM32L432xx -c -I../Core/Inc -I../Drivers/STM32L4xx_HAL_Driver/Inc -I../Drivers/STM32L4xx_HAL_Driver/Inc/Legacy -I../Drivers/CMSIS/Device/ST/STM32L4xx/Include -I../Drivers/CMSIS/Include -O0 -ffunction-sections -fdata-sections -Wall -fstack-usage -fcyclomatic-complexity -MMD -MP -MF"Core/Src/main.d" -MT"Core/Src/main.o" --specs=nano.specs -mfpu=fpv4-sp-d16 -mfloat-abi=hard -mthumb -o "Core/Src/main.o"
arm-none-eabi-gcc -o "integrated_sensors.elf" @"objects.list"   -mcpu=cortex-m4 -T"C:\Users\azaki\Documents\GitHub\Project-Nephros\integrated_sensors\integrated_sensors\STM32L432KCUX_FLASH.ld" --specs=nosys.specs -Wl,-Map="integrated_sensors.map" -Wl,--gc-sections -static -u _printf_float --specs=nano.specs -mfpu=fpv4-sp-d16 -mfloat-abi=hard -mthumb -Wl,--start-group -lc -lm -Wl,--end-group
Finished building target: integrated_sensors.elf
 
arm-none-eabi-size  integrated_sensors.elf 
arm-none-eabi-objdump -h -S integrated_sensors.elf  > "integrated_sensors.list"
   text	   data	    bss	    dec	    hex	filename
  42588	    476	   2984	  46048	   b3e0	integrated_sensors.elf
Finished building: default.size.stdout
 
Finished building: integrated_sensors.list
 
23:10:30 **** Incremental Build of configuration Debug for project integrated_sensors ****
make -j20 all 
arm-none-eabi-gcc "../Core/Src/stm32l4xx_hal_msp.c" -mcpu=cortex-m4 -std=gnu11 -g3 -DDEBUG -DUSE_HAL_DRIVER -DSTM32L432xx -c -I../Core/Inc -I../Drivers/STM32L4xx_HAL_Driver/Inc -I../Drivers/STM32L4xx_HAL_Driver/Inc/Legacy -I../Drivers/CMSIS/Device/ST/STM32L4xx/Include -I../Drivers/CMSIS/Include -O0 -ffunction-sections -fdata-sections -Wall -fstack-usage -fcyclomatic-complexity -MMD -MP -MF"Core/Src/stm32l4xx_hal_msp.d" -MT"Core/Src/stm32l4xx_hal_msp.o" --specs=nano.specs -mfpu=fpv4-sp-d16 -mfloat-abi=hard -mthumb -o "Core/Src/stm32l4xx_hal_msp.o"
arm-none-eabi-gcc "../Core/Src/stm32l4xx_it.c" -mcpu=cortex-m4 -std=gnu11 -g3 -DDEBUG -DUSE_HAL_DRIVER -DSTM32L432xx -c -I../Core/Inc -I../Drivers/STM32L4xx_HAL_Driver/Inc -I../Drivers/STM32L4xx_HAL_Driver/Inc/Legacy -I../Drivers/CMSIS/Device/ST/STM32L4xx/Include -I../Drivers/CMSIS/Include -O0 -ffunction-sections -fdata-sections -Wall -fstack-usage -fcyclomatic-complexity -MMD -MP -MF"Core/Src/stm32l4xx_it.d" -MT"Core/Src/stm32l4xx_it.o" --specs=nano.specs -mfpu=fpv4-sp-d16 -mfloat-abi=hard -mthumb -o "Core/Src/stm32l4xx_it.o"
arm-none-eabi-gcc -o "integrated_sensors.elf" @"objects.list"   -mcpu=cortex-m4 -T"C:\Users\azaki\Documents\GitHub\Project-Nephros\integrated_sensors\integrated_sensors\STM32L432KCUX_FLASH.ld" --specs=nosys.specs -Wl,-Map="integrated_sensors.map" -Wl,--gc-sections -static -u _printf_float --specs=nano.specs -mfpu=fpv4-sp-d16 -mfloat-abi=hard -mthumb -Wl,--start-group -lc -lm -Wl,--end-group
Finished building target: integrated_sensors.elf
 
arm-none-eabi-size  integrated_sensors.elf 
arm-none-eabi-objdump -h -S integrated_sensors.elf  > "integrated_sensors.list"
   text	   data	    bss	    dec	    hex	filename
  42628	    476	   2984	  46088	   b408	integrated_sensors.elf
Finished building: default.size.stdout
 
Finished building: integrated_sensors.list
 
23:10:35 **** Incremental Build of configuration Debug for project integrated_sensors ****
make -j20 all 
arm-none-eabi-size  integrated_sensors.elf 
   text	   data	    bss	    dec	    hex	filename
  42628	    476	   2984	  46088	   b408	integrated_sensors.elf
Finished building: default.size.stdout
 
23:16:56 **** Incremental Build of configuration Debug for project integrated_sensors ****
make -j20 all 
arm-none-eabi-gcc "../Core/Src/main.c" -mcpu=cortex-m4 -std=gnu11 -g3 -DDEBUG -DUSE_HAL_DRIVER -DSTM32L432xx -c -I../Core/Inc -I../Drivers/STM32L4xx_HAL_Driver/Inc -I../Drivers/STM32L4xx_HAL_Driver/Inc/Legacy -I../Drivers/CMSIS/Device/ST/STM32L4xx/Include -I../Drivers/CMSIS/Include -O0 -ffunction-sections -fdata-sections -Wall -fstack-usage -fcyclomatic-complexity -MMD -MP -MF"Core/Src/main.d" -MT"Core/Src/main.o" --specs=nano.specs -mfpu=fpv4-sp-d16 -mfloat-abi=hard -mthumb -o "Core/Src/main.o"
../Core/Src/main.c:151:25: error: unknown type name 'flow_ma_t'; did you mean 'flow_ema_t'?
  151 | static void flow_update(flow_ma_t *f, uint32_t window_pulses);
      |                         ^~~~~~~~~
      |                         flow_ema_t
../Core/Src/main.c: In function 'main':
../Core/Src/main.c:264:19: warning: implicit declaration of function 'flow_update' [-Wimplicit-function-declaration]
  264 |                   flow_update(&flow1, p1);
      |                   ^~~~~~~~~~~
../Core/Src/main.c: At top level:
../Core/Src/main.c:683:13: warning: conflicting types for 'flow_update'; have 'void(flow_ema_t *, uint32_t)' {aka 'void(flow_ema_t *, long unsigned int)'}
  683 | static void flow_update(flow_ema_t *f, uint32_t window_pulses)
      |             ^~~~~~~~~~~
../Core/Src/main.c:683:13: error: static declaration of 'flow_update' follows non-static declaration
../Core/Src/main.c:264:19: note: previous implicit declaration of 'flow_update' with type 'void(flow_ema_t *, uint32_t)' {aka 'void(flow_ema_t *, long unsigned int)'}
  264 |                   flow_update(&flow1, p1);
      |                   ^~~~~~~~~~~
../Core/Src/main.c:683:13: warning: 'flow_update' defined but not used [-Wunused-function]
  683 | static void flow_update(flow_ema_t *f, uint32_t window_pulses)
      |             ^~~~~~~~~~~
make: *** [Core/Src/subdir.mk:34: Core/Src/main.o] Error 1
"make -j20 all" terminated with exit code 2. Build might be incomplete.
23:17:47 **** Incremental Build of configuration Debug for project integrated_sensors ****
make -j20 all 
arm-none-eabi-gcc "../Core/Src/main.c" -mcpu=cortex-m4 -std=gnu11 -g3 -DDEBUG -DUSE_HAL_DRIVER -DSTM32L432xx -c -I../Core/Inc -I../Drivers/STM32L4xx_HAL_Driver/Inc -I../Drivers/STM32L4xx_HAL_Driver/Inc/Legacy -I../Drivers/CMSIS/Device/ST/STM32L4xx/Include -I../Drivers/CMSIS/Include -O0 -ffunction-sections -fdata-sections -Wall -fstack-usage -fcyclomatic-complexity -MMD -MP -MF"Core/Src/main.d" -MT"Core/Src/main.o" --specs=nano.specs -mfpu=fpv4-sp-d16 -mfloat-abi=hard -mthumb -o "Core/Src/main.o"
arm-none-eabi-gcc -o "integrated_sensors.elf" @"objects.list"   -mcpu=cortex-m4 -T"C:\Users\azaki\Documents\GitHub\Project-Nephros\integrated_sensors\integrated_sensors\STM32L432KCUX_FLASH.ld" --specs=nosys.specs -Wl,-Map="integrated_sensors.map" -Wl,--gc-sections -static -u _printf_float --specs=nano.specs -mfpu=fpv4-sp-d16 -mfloat-abi=hard -mthumb -Wl,--start-group -lc -lm -Wl,--end-group
Finished building target: integrated_sensors.elf
 
arm-none-eabi-size  integrated_sensors.elf 
arm-none-eabi-objdump -h -S integrated_sensors.elf  > "integrated_sensors.list"
   text	   data	    bss	    dec	    hex	filename
  42532	    476	   2808	  45816	   b2f8	integrated_sensors.elf
Finished building: default.size.stdout
 
Finished building: integrated_sensors.list
 
23:17:51 **** Incremental Build of configuration Debug for project integrated_sensors ****
make -j20 all 
arm-none-eabi-size  integrated_sensors.elf 
   text	   data	    bss	    dec	    hex	filename
  42532	    476	   2808	  45816	   b2f8	integrated_sensors.elf
Finished building: default.size.stdout
 
23:24:50 **** Incremental Build of configuration Debug for project integrated_sensors ****
make -j20 all 
arm-none-eabi-gcc "../Core/Src/main.c" -mcpu=cortex-m4 -std=gnu11 -g3 -DDEBUG -DUSE_HAL_DRIVER -DSTM32L432xx -c -I../Core/Inc -I../Drivers/STM32L4xx_HAL_Driver/Inc -I../Drivers/STM32L4xx_HAL_Driver/Inc/Legacy -I../Drivers/CMSIS/Device/ST/STM32L4xx/Include -I../Drivers/CMSIS/Include -O0 -ffunction-sections -fdata-sections -Wall -fstack-usage -fcyclomatic-complexity -MMD -MP -MF"Core/Src/main.d" -MT"Core/Src/main.o" --specs=nano.specs -mfpu=fpv4-sp-d16 -mfloat-abi=hard -mthumb -o "Core/Src/main.o"
../Core/Src/main.c: In function 'main':
../Core/Src/main.c:273:32: warning: format '%f' expects argument of type 'double', but argument 3 has type 'int' [-Wformat=]
  273 |           sprintf(msg, "[T1=%.2f, T2=%.2f, Bubble=%d, Fault=%d, P1=%.2f, P2=%.2f, F1=%.2f, F2=%.2f]\r\n",
      |                             ~~~^
      |                                |
      |                                double
      |                             %.2d
  274 |                           ADCvalues[0], ADCvalues[1], bubble_detection, bubble_sensor_failed, psi1, psi2, flow1.avg_mLmin, flow2.avg_mLmin);
      |                           ~~~~~~~~~~~~
      |                                    |
      |                                    int
../Core/Src/main.c:273:41: warning: format '%f' expects argument of type 'double', but argument 4 has type 'int' [-Wformat=]
  273 |           sprintf(msg, "[T1=%.2f, T2=%.2f, Bubble=%d, Fault=%d, P1=%.2f, P2=%.2f, F1=%.2f, F2=%.2f]\r\n",
      |                                      ~~~^
      |                                         |
      |                                         double
      |                                      %.2d
  274 |                           ADCvalues[0], ADCvalues[1], bubble_detection, bubble_sensor_failed, psi1, psi2, flow1.avg_mLmin, flow2.avg_mLmin);
      |                                         ~~~~~~~~~~~~
      |                                                  |
      |                                                  int
arm-none-eabi-gcc -o "integrated_sensors.elf" @"objects.list"   -mcpu=cortex-m4 -T"C:\Users\azaki\Documents\GitHub\Project-Nephros\integrated_sensors\integrated_sensors\STM32L432KCUX_FLASH.ld" --specs=nosys.specs -Wl,-Map="integrated_sensors.map" -Wl,--gc-sections -static -u _printf_float --specs=nano.specs -mfpu=fpv4-sp-d16 -mfloat-abi=hard -mthumb -Wl,--start-group -lc -lm -Wl,--end-group
Finished building target: integrated_sensors.elf
 
arm-none-eabi-size  integrated_sensors.elf 
arm-none-eabi-objdump -h -S integrated_sensors.elf  > "integrated_sensors.list"
   text	   data	    bss	    dec	    hex	filename
  42524	    476	   2808	  45808	   b2f0	integrated_sensors.elf
Finished building: default.size.stdout
 
Finished building: integrated_sensors.list
 
23:25:23 **** Incremental Build of configuration Debug for project integrated_sensors ****
make -j20 all 
arm-none-eabi-gcc "../Core/Src/main.c" -mcpu=cortex-m4 -std=gnu11 -g3 -DDEBUG -DUSE_HAL_DRIVER -DSTM32L432xx -c -I../Core/Inc -I../Drivers/STM32L4xx_HAL_Driver/Inc -I../Drivers/STM32L4xx_HAL_Driver/Inc/Legacy -I../Drivers/CMSIS/Device/ST/STM32L4xx/Include -I../Drivers/CMSIS/Include -O0 -ffunction-sections -fdata-sections -Wall -fstack-usage -fcyclomatic-complexity -MMD -MP -MF"Core/Src/main.d" -MT"Core/Src/main.o" --specs=nano.specs -mfpu=fpv4-sp-d16 -mfloat-abi=hard -mthumb -o "Core/Src/main.o"
arm-none-eabi-gcc -o "integrated_sensors.elf" @"objects.list"   -mcpu=cortex-m4 -T"C:\Users\azaki\Documents\GitHub\Project-Nephros\integrated_sensors\integrated_sensors\STM32L432KCUX_FLASH.ld" --specs=nosys.specs -Wl,-Map="integrated_sensors.map" -Wl,--gc-sections -static -u _printf_float --specs=nano.specs -mfpu=fpv4-sp-d16 -mfloat-abi=hard -mthumb -Wl,--start-group -lc -lm -Wl,--end-group
Finished building target: integrated_sensors.elf
 
arm-none-eabi-size  integrated_sensors.elf 
arm-none-eabi-objdump -h -S integrated_sensors.elf  > "integrated_sensors.list"
   text	   data	    bss	    dec	    hex	filename
  42524	    476	   2808	  45808	   b2f0	integrated_sensors.elf
Finished building: default.size.stdout
 
Finished building: integrated_sensors.list
 
23:27:30 **** Incremental Build of configuration Debug for project integrated_sensors ****
make -j20 all 
arm-none-eabi-gcc "../Core/Src/main.c" -mcpu=cortex-m4 -std=gnu11 -g3 -DDEBUG -DUSE_HAL_DRIVER -DSTM32L432xx -c -I../Core/Inc -I../Drivers/STM32L4xx_HAL_Driver/Inc -I../Drivers/STM32L4xx_HAL_Driver/Inc/Legacy -I../Drivers/CMSIS/Device/ST/STM32L4xx/Include -I../Drivers/CMSIS/Include -O0 -ffunction-sections -fdata-sections -Wall -fstack-usage -fcyclomatic-complexity -MMD -MP -MF"Core/Src/main.d" -MT"Core/Src/main.o" --specs=nano.specs -mfpu=fpv4-sp-d16 -mfloat-abi=hard -mthumb -o "Core/Src/main.o"
arm-none-eabi-gcc -o "integrated_sensors.elf" @"objects.list"   -mcpu=cortex-m4 -T"C:\Users\azaki\Documents\GitHub\Project-Nephros\integrated_sensors\integrated_sensors\STM32L432KCUX_FLASH.ld" --specs=nosys.specs -Wl,-Map="integrated_sensors.map" -Wl,--gc-sections -static -u _printf_float --specs=nano.specs -mfpu=fpv4-sp-d16 -mfloat-abi=hard -mthumb -Wl,--start-group -lc -lm -Wl,--end-group
Finished building target: integrated_sensors.elf
 
arm-none-eabi-size  integrated_sensors.elf 
arm-none-eabi-objdump -h -S integrated_sensors.elf  > "integrated_sensors.list"
   text	   data	    bss	    dec	    hex	filename
  42708	    476	   2808	  45992	   b3a8	integrated_sensors.elf
Finished building: default.size.stdout
 
Finished building: integrated_sensors.list
 
23:29:41 **** Incremental Build of configuration Debug for project integrated_sensors ****
make -j20 all 
arm-none-eabi-gcc "../Core/Src/main.c" -mcpu=cortex-m4 -std=gnu11 -g3 -DDEBUG -DUSE_HAL_DRIVER -DSTM32L432xx -c -I../Core/Inc -I../Drivers/STM32L4xx_HAL_Driver/Inc -I../Drivers/STM32L4xx_HAL_Driver/Inc/Legacy -I../Drivers/CMSIS/Device/ST/STM32L4xx/Include -I../Drivers/CMSIS/Include -O0 -ffunction-sections -fdata-sections -Wall -fstack-usage -fcyclomatic-complexity -MMD -MP -MF"Core/Src/main.d" -MT"Core/Src/main.o" --specs=nano.specs -mfpu=fpv4-sp-d16 -mfloat-abi=hard -mthumb -o "Core/Src/main.o"
arm-none-eabi-gcc -o "integrated_sensors.elf" @"objects.list"   -mcpu=cortex-m4 -T"C:\Users\azaki\Documents\GitHub\Project-Nephros\integrated_sensors\integrated_sensors\STM32L432KCUX_FLASH.ld" --specs=nosys.specs -Wl,-Map="integrated_sensors.map" -Wl,--gc-sections -static -u _printf_float --specs=nano.specs -mfpu=fpv4-sp-d16 -mfloat-abi=hard -mthumb -Wl,--start-group -lc -lm -Wl,--end-group
Finished building target: integrated_sensors.elf
 
arm-none-eabi-size  integrated_sensors.elf 
arm-none-eabi-objdump -h -S integrated_sensors.elf  > "integrated_sensors.list"
   text	   data	    bss	    dec	    hex	filename
  42524	    476	   2808	  45808	   b2f0	integrated_sensors.elf
Finished building: default.size.stdout
 
Finished building: integrated_sensors.list
 
23:30:37 **** Incremental Build of configuration Debug for project integrated_sensors ****
make -j20 all 
arm-none-eabi-size  integrated_sensors.elf 
   text	   data	    bss	    dec	    hex	filename
  42524	    476	   2808	  45808	   b2f0	integrated_sensors.elf
Finished building: default.size.stdout
 
23:34:35 **** Incremental Build of configuration Debug for project integrated_sensors ****
make -j20 all 
arm-none-eabi-gcc "../Core/Src/main.c" -mcpu=cortex-m4 -std=gnu11 -g3 -DDEBUG -DUSE_HAL_DRIVER -DSTM32L432xx -c -I../Core/Inc -I../Drivers/STM32L4xx_HAL_Driver/Inc -I../Drivers/STM32L4xx_HAL_Driver/Inc/Legacy -I../Drivers/CMSIS/Device/ST/STM32L4xx/Include -I../Drivers/CMSIS/Include -O0 -ffunction-sections -fdata-sections -Wall -fstack-usage -fcyclomatic-complexity -MMD -MP -MF"Core/Src/main.d" -MT"Core/Src/main.o" --specs=nano.specs -mfpu=fpv4-sp-d16 -mfloat-abi=hard -mthumb -o "Core/Src/main.o"
arm-none-eabi-gcc -o "integrated_sensors.elf" @"objects.list"   -mcpu=cortex-m4 -T"C:\Users\azaki\Documents\GitHub\Project-Nephros\integrated_sensors\integrated_sensors\STM32L432KCUX_FLASH.ld" --specs=nosys.specs -Wl,-Map="integrated_sensors.map" -Wl,--gc-sections -static -u _printf_float --specs=nano.specs -mfpu=fpv4-sp-d16 -mfloat-abi=hard -mthumb -Wl,--start-group -lc -lm -Wl,--end-group
Finished building target: integrated_sensors.elf
 
arm-none-eabi-size  integrated_sensors.elf 
arm-none-eabi-objdump -h -S integrated_sensors.elf  > "integrated_sensors.list"
   text	   data	    bss	    dec	    hex	filename
  42548	    476	   2808	  45832	   b308	integrated_sensors.elf
Finished building: default.size.stdout
 
Finished building: integrated_sensors.list
 
23:37:01 **** Incremental Build of configuration Debug for project integrated_sensors ****
make -j20 all 
arm-none-eabi-size  integrated_sensors.elf 
   text	   data	    bss	    dec	    hex	filename
  42548	    476	   2808	  45832	   b308	integrated_sensors.elf
Finished building: default.size.stdout
 
23:41:49 **** Incremental Build of configuration Debug for project integrated_sensors ****
make -j20 all 
arm-none-eabi-gcc "../Core/Src/main.c" -mcpu=cortex-m4 -std=gnu11 -g3 -DDEBUG -DUSE_HAL_DRIVER -DSTM32L432xx -c -I../Core/Inc -I../Drivers/STM32L4xx_HAL_Driver/Inc -I../Drivers/STM32L4xx_HAL_Driver/Inc/Legacy -I../Drivers/CMSIS/Device/ST/STM32L4xx/Include -I../Drivers/CMSIS/Include -O0 -ffunction-sections -fdata-sections -Wall -fstack-usage -fcyclomatic-complexity -MMD -MP -MF"Core/Src/main.d" -MT"Core/Src/main.o" --specs=nano.specs -mfpu=fpv4-sp-d16 -mfloat-abi=hard -mthumb -o "Core/Src/main.o"
../Core/Src/main.c: In function 'readSmoothedTemperature':
../Core/Src/main.c:653:12: warning: unused variable 'tempK' [-Wunused-variable]
  653 |     double tempK = 1.0 / ((1.0 / T0) + (1.0 / BETA) * log(R_therm / R0));
      |            ^~~~~
arm-none-eabi-gcc -o "integrated_sensors.elf" @"objects.list"   -mcpu=cortex-m4 -T"C:\Users\azaki\Documents\GitHub\Project-Nephros\integrated_sensors\integrated_sensors\STM32L432KCUX_FLASH.ld" --specs=nosys.specs -Wl,-Map="integrated_sensors.map" -Wl,--gc-sections -static -u _printf_float --specs=nano.specs -mfpu=fpv4-sp-d16 -mfloat-abi=hard -mthumb -Wl,--start-group -lc -lm -Wl,--end-group
Finished building target: integrated_sensors.elf
 
arm-none-eabi-size  integrated_sensors.elf 
arm-none-eabi-objdump -h -S integrated_sensors.elf  > "integrated_sensors.list"
   text	   data	    bss	    dec	    hex	filename
  42548	    476	   2808	  45832	   b308	integrated_sensors.elf
Finished building: default.size.stdout
 
Finished building: integrated_sensors.list
 
00:04:09 **** Incremental Build of configuration Debug for project integrated_sensors ****
make -j20 all 
arm-none-eabi-gcc "../Core/Src/main.c" -mcpu=cortex-m4 -std=gnu11 -g3 -DDEBUG -DUSE_HAL_DRIVER -DSTM32L432xx -c -I../Core/Inc -I../Drivers/STM32L4xx_HAL_Driver/Inc -I../Drivers/STM32L4xx_HAL_Driver/Inc/Legacy -I../Drivers/CMSIS/Device/ST/STM32L4xx/Include -I../Drivers/CMSIS/Include -O0 -ffunction-sections -fdata-sections -Wall -fstack-usage -fcyclomatic-complexity -MMD -MP -MF"Core/Src/main.d" -MT"Core/Src/main.o" --specs=nano.specs -mfpu=fpv4-sp-d16 -mfloat-abi=hard -mthumb -o "Core/Src/main.o"
../Core/Src/main.c: In function 'readSmoothedTemperature':
../Core/Src/main.c:653:12: warning: unused variable 'tempK' [-Wunused-variable]
  653 |     double tempK = 1.0 / ((1.0 / T0) + (1.0 / BETA) * log(R_therm / R0));
      |            ^~~~~
arm-none-eabi-gcc -o "integrated_sensors.elf" @"objects.list"   -mcpu=cortex-m4 -T"C:\Users\azaki\Documents\GitHub\Project-Nephros\integrated_sensors\integrated_sensors\STM32L432KCUX_FLASH.ld" --specs=nosys.specs -Wl,-Map="integrated_sensors.map" -Wl,--gc-sections -static -u _printf_float --specs=nano.specs -mfpu=fpv4-sp-d16 -mfloat-abi=hard -mthumb -Wl,--start-group -lc -lm -Wl,--end-group
Finished building target: integrated_sensors.elf
 
arm-none-eabi-size  integrated_sensors.elf 
arm-none-eabi-objdump -h -S integrated_sensors.elf  > "integrated_sensors.list"
   text	   data	    bss	    dec	    hex	filename
  42548	    476	   2808	  45832	   b308	integrated_sensors.elf
Finished building: default.size.stdout
 
Finished building: integrated_sensors.list
 
00:07:40 **** Incremental Build of configuration Debug for project integrated_sensors ****
make -j20 all 
arm-none-eabi-gcc "../Core/Src/main.c" -mcpu=cortex-m4 -std=gnu11 -g3 -DDEBUG -DUSE_HAL_DRIVER -DSTM32L432xx -c -I../Core/Inc -I../Drivers/STM32L4xx_HAL_Driver/Inc -I../Drivers/STM32L4xx_HAL_Driver/Inc/Legacy -I../Drivers/CMSIS/Device/ST/STM32L4xx/Include -I../Drivers/CMSIS/Include -O0 -ffunction-sections -fdata-sections -Wall -fstack-usage -fcyclomatic-complexity -MMD -MP -MF"Core/Src/main.d" -MT"Core/Src/main.o" --specs=nano.specs -mfpu=fpv4-sp-d16 -mfloat-abi=hard -mthumb -o "Core/Src/main.o"
arm-none-eabi-gcc -o "integrated_sensors.elf" @"objects.list"   -mcpu=cortex-m4 -T"C:\Users\azaki\Documents\GitHub\Project-Nephros\integrated_sensors\integrated_sensors\STM32L432KCUX_FLASH.ld" --specs=nosys.specs -Wl,-Map="integrated_sensors.map" -Wl,--gc-sections -static -u _printf_float --specs=nano.specs -mfpu=fpv4-sp-d16 -mfloat-abi=hard -mthumb -Wl,--start-group -lc -lm -Wl,--end-group
Finished building target: integrated_sensors.elf
 
arm-none-eabi-size  integrated_sensors.elf 
arm-none-eabi-objdump -h -S integrated_sensors.elf  > "integrated_sensors.list"
   text	   data	    bss	    dec	    hex	filename
  42540	    476	   2808	  45824	   b300	integrated_sensors.elf
Finished building: default.size.stdout
 
Finished building: integrated_sensors.list
 
00:08:33 **** Incremental Build of configuration Debug for project integrated_sensors ****
make -j20 all 
arm-none-eabi-gcc "../Core/Src/main.c" -mcpu=cortex-m4 -std=gnu11 -g3 -DDEBUG -DUSE_HAL_DRIVER -DSTM32L432xx -c -I../Core/Inc -I../Drivers/STM32L4xx_HAL_Driver/Inc -I../Drivers/STM32L4xx_HAL_Driver/Inc/Legacy -I../Drivers/CMSIS/Device/ST/STM32L4xx/Include -I../Drivers/CMSIS/Include -O0 -ffunction-sections -fdata-sections -Wall -fstack-usage -fcyclomatic-complexity -MMD -MP -MF"Core/Src/main.d" -MT"Core/Src/main.o" --specs=nano.specs -mfpu=fpv4-sp-d16 -mfloat-abi=hard -mthumb -o "Core/Src/main.o"
arm-none-eabi-gcc -o "integrated_sensors.elf" @"objects.list"   -mcpu=cortex-m4 -T"C:\Users\azaki\Documents\GitHub\Project-Nephros\integrated_sensors\integrated_sensors\STM32L432KCUX_FLASH.ld" --specs=nosys.specs -Wl,-Map="integrated_sensors.map" -Wl,--gc-sections -static -u _printf_float --specs=nano.specs -mfpu=fpv4-sp-d16 -mfloat-abi=hard -mthumb -Wl,--start-group -lc -lm -Wl,--end-group
Finished building target: integrated_sensors.elf
 
arm-none-eabi-size  integrated_sensors.elf 
arm-none-eabi-objdump -h -S integrated_sensors.elf  > "integrated_sensors.list"
   text	   data	    bss	    dec	    hex	filename
  42556	    476	   2808	  45840	   b310	integrated_sensors.elf
Finished building: default.size.stdout
 
Finished building: integrated_sensors.list
 
17:41:48 **** Incremental Build of configuration Debug for project integrated_sensors ****
make -j20 all 
arm-none-eabi-gcc "../Core/Src/main.c" -mcpu=cortex-m4 -std=gnu11 -g3 -DDEBUG -DUSE_HAL_DRIVER -DSTM32L432xx -c -I../Core/Inc -I../Drivers/STM32L4xx_HAL_Driver/Inc -I../Drivers/STM32L4xx_HAL_Driver/Inc/Legacy -I../Drivers/CMSIS/Device/ST/STM32L4xx/Include -I../Drivers/CMSIS/Include -O0 -ffunction-sections -fdata-sections -Wall -fstack-usage -fcyclomatic-complexity -MMD -MP -MF"Core/Src/main.d" -MT"Core/Src/main.o" --specs=nano.specs -mfpu=fpv4-sp-d16 -mfloat-abi=hard -mthumb -o "Core/Src/main.o"
arm-none-eabi-gcc -o "integrated_sensors.elf" @"objects.list"   -mcpu=cortex-m4 -T"C:\Users\azaki\Documents\GitHub\Project-Nephros\integrated_sensors\integrated_sensors\STM32L432KCUX_FLASH.ld" --specs=nosys.specs -Wl,-Map="integrated_sensors.map" -Wl,--gc-sections -static -u _printf_float --specs=nano.specs -mfpu=fpv4-sp-d16 -mfloat-abi=hard -mthumb -Wl,--start-group -lc -lm -Wl,--end-group
Finished building target: integrated_sensors.elf
 
arm-none-eabi-size  integrated_sensors.elf 
arm-none-eabi-objdump -h -S integrated_sensors.elf  > "integrated_sensors.list"
   text	   data	    bss	    dec	    hex	filename
  42540	    476	   2808	  45824	   b300	integrated_sensors.elf
Finished building: default.size.stdout
 
Finished building: integrated_sensors.list
 
18:09:39 **** Incremental Build of configuration Debug for project integrated_sensors ****
make -j20 all 
arm-none-eabi-gcc "../Core/Src/main.c" -mcpu=cortex-m4 -std=gnu11 -g3 -DDEBUG -DUSE_HAL_DRIVER -DSTM32L432xx -c -I../Core/Inc -I../Drivers/STM32L4xx_HAL_Driver/Inc -I../Drivers/STM32L4xx_HAL_Driver/Inc/Legacy -I../Drivers/CMSIS/Device/ST/STM32L4xx/Include -I../Drivers/CMSIS/Include -O0 -ffunction-sections -fdata-sections -Wall -fstack-usage -fcyclomatic-complexity -MMD -MP -MF"Core/Src/main.d" -MT"Core/Src/main.o" --specs=nano.specs -mfpu=fpv4-sp-d16 -mfloat-abi=hard -mthumb -o "Core/Src/main.o"
arm-none-eabi-gcc -o "integrated_sensors.elf" @"objects.list"   -mcpu=cortex-m4 -T"C:\Users\azaki\Documents\GitHub\Project-Nephros\integrated_sensors\integrated_sensors\STM32L432KCUX_FLASH.ld" --specs=nosys.specs -Wl,-Map="integrated_sensors.map" -Wl,--gc-sections -static -u _printf_float --specs=nano.specs -mfpu=fpv4-sp-d16 -mfloat-abi=hard -mthumb -Wl,--start-group -lc -lm -Wl,--end-group
Finished building target: integrated_sensors.elf
 
arm-none-eabi-size  integrated_sensors.elf 
arm-none-eabi-objdump -h -S integrated_sensors.elf  > "integrated_sensors.list"
   text	   data	    bss	    dec	    hex	filename
  42556	    476	   2808	  45840	   b310	integrated_sensors.elf
Finished building: default.size.stdout
 
Finished building: integrated_sensors.list
 
18:40:53 **** Incremental Build of configuration Debug for project integrated_sensors ****
make -j20 all 
arm-none-eabi-gcc "../Core/Src/main.c" -mcpu=cortex-m4 -std=gnu11 -g3 -DDEBUG -DUSE_HAL_DRIVER -DSTM32L432xx -c -I../Core/Inc -I../Drivers/STM32L4xx_HAL_Driver/Inc -I../Drivers/STM32L4xx_HAL_Driver/Inc/Legacy -I../Drivers/CMSIS/Device/ST/STM32L4xx/Include -I../Drivers/CMSIS/Include -O0 -ffunction-sections -fdata-sections -Wall -fstack-usage -fcyclomatic-complexity -MMD -MP -MF"Core/Src/main.d" -MT"Core/Src/main.o" --specs=nano.specs -mfpu=fpv4-sp-d16 -mfloat-abi=hard -mthumb -o "Core/Src/main.o"
arm-none-eabi-gcc -o "integrated_sensors.elf" @"objects.list"   -mcpu=cortex-m4 -T"C:\Users\azaki\Documents\GitHub\Project-Nephros\integrated_sensors\integrated_sensors\STM32L432KCUX_FLASH.ld" --specs=nosys.specs -Wl,-Map="integrated_sensors.map" -Wl,--gc-sections -static -u _printf_float --specs=nano.specs -mfpu=fpv4-sp-d16 -mfloat-abi=hard -mthumb -Wl,--start-group -lc -lm -Wl,--end-group
Finished building target: integrated_sensors.elf
 
arm-none-eabi-size  integrated_sensors.elf 
arm-none-eabi-objdump -h -S integrated_sensors.elf  > "integrated_sensors.list"
   text	   data	    bss	    dec	    hex	filename
  42556	    476	   2808	  45840	   b310	integrated_sensors.elf
Finished building: default.size.stdout
 
Finished building: integrated_sensors.list
 
18:49:02 **** Incremental Build of configuration Debug for project integrated_sensors ****
make -j20 all 
arm-none-eabi-gcc "../Core/Src/main.c" -mcpu=cortex-m4 -std=gnu11 -g3 -DDEBUG -DUSE_HAL_DRIVER -DSTM32L432xx -c -I../Core/Inc -I../Drivers/STM32L4xx_HAL_Driver/Inc -I../Drivers/STM32L4xx_HAL_Driver/Inc/Legacy -I../Drivers/CMSIS/Device/ST/STM32L4xx/Include -I../Drivers/CMSIS/Include -O0 -ffunction-sections -fdata-sections -Wall -fstack-usage -fcyclomatic-complexity -MMD -MP -MF"Core/Src/main.d" -MT"Core/Src/main.o" --specs=nano.specs -mfpu=fpv4-sp-d16 -mfloat-abi=hard -mthumb -o "Core/Src/main.o"
arm-none-eabi-gcc -o "integrated_sensors.elf" @"objects.list"   -mcpu=cortex-m4 -T"C:\Users\azaki\Documents\GitHub\Project-Nephros\integrated_sensors\integrated_sensors\STM32L432KCUX_FLASH.ld" --specs=nosys.specs -Wl,-Map="integrated_sensors.map" -Wl,--gc-sections -static -u _printf_float --specs=nano.specs -mfpu=fpv4-sp-d16 -mfloat-abi=hard -mthumb -Wl,--start-group -lc -lm -Wl,--end-group
Finished building target: integrated_sensors.elf
 
arm-none-eabi-size  integrated_sensors.elf 
arm-none-eabi-objdump -h -S integrated_sensors.elf  > "integrated_sensors.list"
   text	   data	    bss	    dec	    hex	filename
  42556	    476	   2808	  45840	   b310	integrated_sensors.elf
Finished building: default.size.stdout
 
Finished building: integrated_sensors.list
 
19:22:26 **** Incremental Build of configuration Debug for project integrated_sensors ****
make -j20 all 
arm-none-eabi-gcc "../Core/Src/main.c" -mcpu=cortex-m4 -std=gnu11 -g3 -DDEBUG -DUSE_HAL_DRIVER -DSTM32L432xx -c -I../Core/Inc -I../Drivers/STM32L4xx_HAL_Driver/Inc -I../Drivers/STM32L4xx_HAL_Driver/Inc/Legacy -I../Drivers/CMSIS/Device/ST/STM32L4xx/Include -I../Drivers/CMSIS/Include -O0 -ffunction-sections -fdata-sections -Wall -fstack-usage -fcyclomatic-complexity -MMD -MP -MF"Core/Src/main.d" -MT"Core/Src/main.o" --specs=nano.specs -mfpu=fpv4-sp-d16 -mfloat-abi=hard -mthumb -o "Core/Src/main.o"
../Core/Src/main.c: In function 'readPressurePSI':
../Core/Src/main.c:44:30: error: invalid suffix "f" on integer constant
   44 | #define SENSOR_PSI_MAX       1551f
      |                              ^~~~~
../Core/Src/main.c:663:72: note: in expansion of macro 'SENSOR_PSI_MAX'
  663 |     float psi = (v_sensor - SENSOR_V_AT_ZERO) / (SENSOR_VOLTAGE_SPAN / SENSOR_PSI_MAX);
      |                                                                        ^~~~~~~~~~~~~~
../Core/Src/main.c:44:30: error: invalid suffix "f" on integer constant
   44 | #define SENSOR_PSI_MAX       1551f
      |                              ^~~~~
../Core/Src/main.c:665:15: note: in expansion of macro 'SENSOR_PSI_MAX'
  665 |     if (psi > SENSOR_PSI_MAX) psi = SENSOR_PSI_MAX;
      |               ^~~~~~~~~~~~~~
../Core/Src/main.c:44:30: error: invalid suffix "f" on integer constant
   44 | #define SENSOR_PSI_MAX       1551f
      |                              ^~~~~
../Core/Src/main.c:665:37: note: in expansion of macro 'SENSOR_PSI_MAX'
  665 |     if (psi > SENSOR_PSI_MAX) psi = SENSOR_PSI_MAX;
      |                                     ^~~~~~~~~~~~~~
make: *** [Core/Src/subdir.mk:34: Core/Src/main.o] Error 1
"make -j20 all" terminated with exit code 2. Build might be incomplete.
19:22:38 **** Incremental Build of configuration Debug for project integrated_sensors ****
make -j20 all 
arm-none-eabi-gcc "../Core/Src/main.c" -mcpu=cortex-m4 -std=gnu11 -g3 -DDEBUG -DUSE_HAL_DRIVER -DSTM32L432xx -c -I../Core/Inc -I../Drivers/STM32L4xx_HAL_Driver/Inc -I../Drivers/STM32L4xx_HAL_Driver/Inc/Legacy -I../Drivers/CMSIS/Device/ST/STM32L4xx/Include -I../Drivers/CMSIS/Include -O0 -ffunction-sections -fdata-sections -Wall -fstack-usage -fcyclomatic-complexity -MMD -MP -MF"Core/Src/main.d" -MT"Core/Src/main.o" --specs=nano.specs -mfpu=fpv4-sp-d16 -mfloat-abi=hard -mthumb -o "Core/Src/main.o"
arm-none-eabi-gcc -o "integrated_sensors.elf" @"objects.list"   -mcpu=cortex-m4 -T"C:\Users\azaki\Documents\GitHub\Project-Nephros\integrated_sensors\integrated_sensors\STM32L432KCUX_FLASH.ld" --specs=nosys.specs -Wl,-Map="integrated_sensors.map" -Wl,--gc-sections -static -u _printf_float --specs=nano.specs -mfpu=fpv4-sp-d16 -mfloat-abi=hard -mthumb -Wl,--start-group -lc -lm -Wl,--end-group
Finished building target: integrated_sensors.elf
 
arm-none-eabi-size  integrated_sensors.elf 
arm-none-eabi-objdump -h -S integrated_sensors.elf  > "integrated_sensors.list"
   text	   data	    bss	    dec	    hex	filename
  42564	    476	   2808	  45848	   b318	integrated_sensors.elf
Finished building: default.size.stdout
 
Finished building: integrated_sensors.list
 
19:25:42 **** Incremental Build of configuration Debug for project integrated_sensors ****
make -j20 all 
arm-none-eabi-gcc "../Core/Src/main.c" -mcpu=cortex-m4 -std=gnu11 -g3 -DDEBUG -DUSE_HAL_DRIVER -DSTM32L432xx -c -I../Core/Inc -I../Drivers/STM32L4xx_HAL_Driver/Inc -I../Drivers/STM32L4xx_HAL_Driver/Inc/Legacy -I../Drivers/CMSIS/Device/ST/STM32L4xx/Include -I../Drivers/CMSIS/Include -O0 -ffunction-sections -fdata-sections -Wall -fstack-usage -fcyclomatic-complexity -MMD -MP -MF"Core/Src/main.d" -MT"Core/Src/main.o" --specs=nano.specs -mfpu=fpv4-sp-d16 -mfloat-abi=hard -mthumb -o "Core/Src/main.o"
arm-none-eabi-gcc -o "integrated_sensors.elf" @"objects.list"   -mcpu=cortex-m4 -T"C:\Users\azaki\Documents\GitHub\Project-Nephros\integrated_sensors\integrated_sensors\STM32L432KCUX_FLASH.ld" --specs=nosys.specs -Wl,-Map="integrated_sensors.map" -Wl,--gc-sections -static -u _printf_float --specs=nano.specs -mfpu=fpv4-sp-d16 -mfloat-abi=hard -mthumb -Wl,--start-group -lc -lm -Wl,--end-group
C:/ST/STM32CubeIDE_1.19.0/STM32CubeIDE/plugins/com.st.stm32cube.ide.mcu.externaltools.gnu-tools-for-stm32.13.3.rel1.win32_1.0.0.202411081344/tools/bin/../lib/gcc/arm-none-eabi/13.3.1/../../../../arm-none-eabi/bin/ld.exe: ./Core/Src/main.o: in function `main':
C:/Users/azaki/Documents/GitHub/Project-Nephros/integrated_sensors/integrated_sensors/Debug/../Core/Src/main.c:256:(.text.main+0x10c): undefined reference to `readPressurePSI'
C:/ST/STM32CubeIDE_1.19.0/STM32CubeIDE/plugins/com.st.stm32cube.ide.mcu.externaltools.gnu-tools-for-stm32.13.3.rel1.win32_1.0.0.202411081344/tools/bin/../lib/gcc/arm-none-eabi/13.3.1/../../../../arm-none-eabi/bin/ld.exe: C:/Users/azaki/Documents/GitHub/Project-Nephros/integrated_sensors/integrated_sensors/Debug/../Core/Src/main.c:257:(.text.main+0x124): undefined reference to `readPressurePSI'
collect2.exe: error: ld returned 1 exit status
make: *** [makefile:64: integrated_sensors.elf] Error 1
"make -j20 all" terminated with exit code 2. Build might be incomplete.
19:26:05 **** Incremental Build of configuration Debug for project integrated_sensors ****
make -j20 all 
arm-none-eabi-gcc "../Core/Src/main.c" -mcpu=cortex-m4 -std=gnu11 -g3 -DDEBUG -DUSE_HAL_DRIVER -DSTM32L432xx -c -I../Core/Inc -I../Drivers/STM32L4xx_HAL_Driver/Inc -I../Drivers/STM32L4xx_HAL_Driver/Inc/Legacy -I../Drivers/CMSIS/Device/ST/STM32L4xx/Include -I../Drivers/CMSIS/Include -O0 -ffunction-sections -fdata-sections -Wall -fstack-usage -fcyclomatic-complexity -MMD -MP -MF"Core/Src/main.d" -MT"Core/Src/main.o" --specs=nano.specs -mfpu=fpv4-sp-d16 -mfloat-abi=hard -mthumb -o "Core/Src/main.o"
../Core/Src/main.c: In function 'main':
../Core/Src/main.c:256:26: warning: implicit declaration of function 'readPressurePSI'; did you mean 'readPressureMMHg'? [-Wimplicit-function-declaration]
  256 |                   psi1 = readPressurePSI(&pMA1, ADCvalues[3]);
      |                          ^~~~~~~~~~~~~~~
      |                          readPressureMMHg
arm-none-eabi-gcc -o "integrated_sensors.elf" @"objects.list"   -mcpu=cortex-m4 -T"C:\Users\azaki\Documents\GitHub\Project-Nephros\integrated_sensors\integrated_sensors\STM32L432KCUX_FLASH.ld" --specs=nosys.specs -Wl,-Map="integrated_sensors.map" -Wl,--gc-sections -static -u _printf_float --specs=nano.specs -mfpu=fpv4-sp-d16 -mfloat-abi=hard -mthumb -Wl,--start-group -lc -lm -Wl,--end-group
C:/ST/STM32CubeIDE_1.19.0/STM32CubeIDE/plugins/com.st.stm32cube.ide.mcu.externaltools.gnu-tools-for-stm32.13.3.rel1.win32_1.0.0.202411081344/tools/bin/../lib/gcc/arm-none-eabi/13.3.1/../../../../arm-none-eabi/bin/ld.exe: ./Core/Src/main.o: in function `main':
C:/Users/azaki/Documents/GitHub/Project-Nephros/integrated_sensors/integrated_sensors/Debug/../Core/Src/main.c:256:(.text.main+0x10c): undefined reference to `readPressurePSI'
C:/ST/STM32CubeIDE_1.19.0/STM32CubeIDE/plugins/com.st.stm32cube.ide.mcu.externaltools.gnu-tools-for-stm32.13.3.rel1.win32_1.0.0.202411081344/tools/bin/../lib/gcc/arm-none-eabi/13.3.1/../../../../arm-none-eabi/bin/ld.exe: C:/Users/azaki/Documents/GitHub/Project-Nephros/integrated_sensors/integrated_sensors/Debug/../Core/Src/main.c:257:(.text.main+0x128): undefined reference to `readPressurePSI'
collect2.exe: error: ld returned 1 exit status
make: *** [makefile:64: integrated_sensors.elf] Error 1
"make -j20 all" terminated with exit code 2. Build might be incomplete.
19:27:32 **** Incremental Build of configuration Debug for project integrated_sensors ****
make -j20 all 
arm-none-eabi-gcc "../Core/Src/main.c" -mcpu=cortex-m4 -std=gnu11 -g3 -DDEBUG -DUSE_HAL_DRIVER -DSTM32L432xx -c -I../Core/Inc -I../Drivers/STM32L4xx_HAL_Driver/Inc -I../Drivers/STM32L4xx_HAL_Driver/Inc/Legacy -I../Drivers/CMSIS/Device/ST/STM32L4xx/Include -I../Drivers/CMSIS/Include -O0 -ffunction-sections -fdata-sections -Wall -fstack-usage -fcyclomatic-complexity -MMD -MP -MF"Core/Src/main.d" -MT"Core/Src/main.o" --specs=nano.specs -mfpu=fpv4-sp-d16 -mfloat-abi=hard -mthumb -o "Core/Src/main.o"
arm-none-eabi-gcc -o "integrated_sensors.elf" @"objects.list"   -mcpu=cortex-m4 -T"C:\Users\azaki\Documents\GitHub\Project-Nephros\integrated_sensors\integrated_sensors\STM32L432KCUX_FLASH.ld" --specs=nosys.specs -Wl,-Map="integrated_sensors.map" -Wl,--gc-sections -static -u _printf_float --specs=nano.specs -mfpu=fpv4-sp-d16 -mfloat-abi=hard -mthumb -Wl,--start-group -lc -lm -Wl,--end-group
Finished building target: integrated_sensors.elf
 
arm-none-eabi-size  integrated_sensors.elf 
arm-none-eabi-objdump -h -S integrated_sensors.elf  > "integrated_sensors.list"
   text	   data	    bss	    dec	    hex	filename
  42580	    476	   2808	  45864	   b328	integrated_sensors.elf
Finished building: default.size.stdout
 
Finished building: integrated_sensors.list
 
19:32:58 **** Incremental Build of configuration Debug for project integrated_sensors ****
make -j20 all 
arm-none-eabi-gcc "../Core/Src/main.c" -mcpu=cortex-m4 -std=gnu11 -g3 -DDEBUG -DUSE_HAL_DRIVER -DSTM32L432xx -c -I../Core/Inc -I../Drivers/STM32L4xx_HAL_Driver/Inc -I../Drivers/STM32L4xx_HAL_Driver/Inc/Legacy -I../Drivers/CMSIS/Device/ST/STM32L4xx/Include -I../Drivers/CMSIS/Include -O0 -ffunction-sections -fdata-sections -Wall -fstack-usage -fcyclomatic-complexity -MMD -MP -MF"Core/Src/main.d" -MT"Core/Src/main.o" --specs=nano.specs -mfpu=fpv4-sp-d16 -mfloat-abi=hard -mthumb -o "Core/Src/main.o"
arm-none-eabi-gcc -o "integrated_sensors.elf" @"objects.list"   -mcpu=cortex-m4 -T"C:\Users\azaki\Documents\GitHub\Project-Nephros\integrated_sensors\integrated_sensors\STM32L432KCUX_FLASH.ld" --specs=nosys.specs -Wl,-Map="integrated_sensors.map" -Wl,--gc-sections -static -u _printf_float --specs=nano.specs -mfpu=fpv4-sp-d16 -mfloat-abi=hard -mthumb -Wl,--start-group -lc -lm -Wl,--end-group
Finished building target: integrated_sensors.elf
 
arm-none-eabi-size  integrated_sensors.elf 
arm-none-eabi-objdump -h -S integrated_sensors.elf  > "integrated_sensors.list"
   text	   data	    bss	    dec	    hex	filename
  42564	    476	   2808	  45848	   b318	integrated_sensors.elf
Finished building: default.size.stdout
 
Finished building: integrated_sensors.list
 
19:39:24 **** Incremental Build of configuration Debug for project integrated_sensors ****
make -j20 all 
arm-none-eabi-gcc "../Core/Src/main.c" -mcpu=cortex-m4 -std=gnu11 -g3 -DDEBUG -DUSE_HAL_DRIVER -DSTM32L432xx -c -I../Core/Inc -I../Drivers/STM32L4xx_HAL_Driver/Inc -I../Drivers/STM32L4xx_HAL_Driver/Inc/Legacy -I../Drivers/CMSIS/Device/ST/STM32L4xx/Include -I../Drivers/CMSIS/Include -O0 -ffunction-sections -fdata-sections -Wall -fstack-usage -fcyclomatic-complexity -MMD -MP -MF"Core/Src/main.d" -MT"Core/Src/main.o" --specs=nano.specs -mfpu=fpv4-sp-d16 -mfloat-abi=hard -mthumb -o "Core/Src/main.o"
arm-none-eabi-gcc -o "integrated_sensors.elf" @"objects.list"   -mcpu=cortex-m4 -T"C:\Users\azaki\Documents\GitHub\Project-Nephros\integrated_sensors\integrated_sensors\STM32L432KCUX_FLASH.ld" --specs=nosys.specs -Wl,-Map="integrated_sensors.map" -Wl,--gc-sections -static -u _printf_float --specs=nano.specs -mfpu=fpv4-sp-d16 -mfloat-abi=hard -mthumb -Wl,--start-group -lc -lm -Wl,--end-group
Finished building target: integrated_sensors.elf
 
arm-none-eabi-size  integrated_sensors.elf 
arm-none-eabi-objdump -h -S integrated_sensors.elf  > "integrated_sensors.list"
   text	   data	    bss	    dec	    hex	filename
  42588	    476	   2808	  45872	   b330	integrated_sensors.elf
Finished building: default.size.stdout
 
Finished building: integrated_sensors.list
 
19:40:21 **** Incremental Build of configuration Debug for project integrated_sensors ****
make -j20 all 
arm-none-eabi-gcc "../Core/Src/main.c" -mcpu=cortex-m4 -std=gnu11 -g3 -DDEBUG -DUSE_HAL_DRIVER -DSTM32L432xx -c -I../Core/Inc -I../Drivers/STM32L4xx_HAL_Driver/Inc -I../Drivers/STM32L4xx_HAL_Driver/Inc/Legacy -I../Drivers/CMSIS/Device/ST/STM32L4xx/Include -I../Drivers/CMSIS/Include -O0 -ffunction-sections -fdata-sections -Wall -fstack-usage -fcyclomatic-complexity -MMD -MP -MF"Core/Src/main.d" -MT"Core/Src/main.o" --specs=nano.specs -mfpu=fpv4-sp-d16 -mfloat-abi=hard -mthumb -o "Core/Src/main.o"
arm-none-eabi-gcc -o "integrated_sensors.elf" @"objects.list"   -mcpu=cortex-m4 -T"C:\Users\azaki\Documents\GitHub\Project-Nephros\integrated_sensors\integrated_sensors\STM32L432KCUX_FLASH.ld" --specs=nosys.specs -Wl,-Map="integrated_sensors.map" -Wl,--gc-sections -static -u _printf_float --specs=nano.specs -mfpu=fpv4-sp-d16 -mfloat-abi=hard -mthumb -Wl,--start-group -lc -lm -Wl,--end-group
Finished building target: integrated_sensors.elf
 
arm-none-eabi-size  integrated_sensors.elf 
arm-none-eabi-objdump -h -S integrated_sensors.elf  > "integrated_sensors.list"
   text	   data	    bss	    dec	    hex	filename
  42580	    476	   2808	  45864	   b328	integrated_sensors.elf
Finished building: default.size.stdout
 
Finished building: integrated_sensors.list
 
19:41:14 **** Incremental Build of configuration Debug for project integrated_sensors ****
make -j20 all 
arm-none-eabi-gcc "../Core/Src/main.c" -mcpu=cortex-m4 -std=gnu11 -g3 -DDEBUG -DUSE_HAL_DRIVER -DSTM32L432xx -c -I../Core/Inc -I../Drivers/STM32L4xx_HAL_Driver/Inc -I../Drivers/STM32L4xx_HAL_Driver/Inc/Legacy -I../Drivers/CMSIS/Device/ST/STM32L4xx/Include -I../Drivers/CMSIS/Include -O0 -ffunction-sections -fdata-sections -Wall -fstack-usage -fcyclomatic-complexity -MMD -MP -MF"Core/Src/main.d" -MT"Core/Src/main.o" --specs=nano.specs -mfpu=fpv4-sp-d16 -mfloat-abi=hard -mthumb -o "Core/Src/main.o"
arm-none-eabi-gcc -o "integrated_sensors.elf" @"objects.list"   -mcpu=cortex-m4 -T"C:\Users\azaki\Documents\GitHub\Project-Nephros\integrated_sensors\integrated_sensors\STM32L432KCUX_FLASH.ld" --specs=nosys.specs -Wl,-Map="integrated_sensors.map" -Wl,--gc-sections -static -u _printf_float --specs=nano.specs -mfpu=fpv4-sp-d16 -mfloat-abi=hard -mthumb -Wl,--start-group -lc -lm -Wl,--end-group
Finished building target: integrated_sensors.elf
 
arm-none-eabi-size  integrated_sensors.elf 
arm-none-eabi-objdump -h -S integrated_sensors.elf  > "integrated_sensors.list"
   text	   data	    bss	    dec	    hex	filename
  42588	    476	   2808	  45872	   b330	integrated_sensors.elf
Finished building: default.size.stdout
 
Finished building: integrated_sensors.list
 
19:41:42 **** Incremental Build of configuration Debug for project integrated_sensors ****
make -j20 all 
arm-none-eabi-gcc "../Core/Src/main.c" -mcpu=cortex-m4 -std=gnu11 -g3 -DDEBUG -DUSE_HAL_DRIVER -DSTM32L432xx -c -I../Core/Inc -I../Drivers/STM32L4xx_HAL_Driver/Inc -I../Drivers/STM32L4xx_HAL_Driver/Inc/Legacy -I../Drivers/CMSIS/Device/ST/STM32L4xx/Include -I../Drivers/CMSIS/Include -O0 -ffunction-sections -fdata-sections -Wall -fstack-usage -fcyclomatic-complexity -MMD -MP -MF"Core/Src/main.d" -MT"Core/Src/main.o" --specs=nano.specs -mfpu=fpv4-sp-d16 -mfloat-abi=hard -mthumb -o "Core/Src/main.o"
arm-none-eabi-gcc -o "integrated_sensors.elf" @"objects.list"   -mcpu=cortex-m4 -T"C:\Users\azaki\Documents\GitHub\Project-Nephros\integrated_sensors\integrated_sensors\STM32L432KCUX_FLASH.ld" --specs=nosys.specs -Wl,-Map="integrated_sensors.map" -Wl,--gc-sections -static -u _printf_float --specs=nano.specs -mfpu=fpv4-sp-d16 -mfloat-abi=hard -mthumb -Wl,--start-group -lc -lm -Wl,--end-group
Finished building target: integrated_sensors.elf
 
arm-none-eabi-size  integrated_sensors.elf 
arm-none-eabi-objdump -h -S integrated_sensors.elf  > "integrated_sensors.list"
   text	   data	    bss	    dec	    hex	filename
  42588	    476	   2808	  45872	   b330	integrated_sensors.elf
Finished building: default.size.stdout
 
Finished building: integrated_sensors.list
 
19:42:15 **** Incremental Build of configuration Debug for project integrated_sensors ****
make -j20 all 
arm-none-eabi-gcc "../Core/Src/main.c" -mcpu=cortex-m4 -std=gnu11 -g3 -DDEBUG -DUSE_HAL_DRIVER -DSTM32L432xx -c -I../Core/Inc -I../Drivers/STM32L4xx_HAL_Driver/Inc -I../Drivers/STM32L4xx_HAL_Driver/Inc/Legacy -I../Drivers/CMSIS/Device/ST/STM32L4xx/Include -I../Drivers/CMSIS/Include -O0 -ffunction-sections -fdata-sections -Wall -fstack-usage -fcyclomatic-complexity -MMD -MP -MF"Core/Src/main.d" -MT"Core/Src/main.o" --specs=nano.specs -mfpu=fpv4-sp-d16 -mfloat-abi=hard -mthumb -o "Core/Src/main.o"
arm-none-eabi-gcc -o "integrated_sensors.elf" @"objects.list"   -mcpu=cortex-m4 -T"C:\Users\azaki\Documents\GitHub\Project-Nephros\integrated_sensors\integrated_sensors\STM32L432KCUX_FLASH.ld" --specs=nosys.specs -Wl,-Map="integrated_sensors.map" -Wl,--gc-sections -static -u _printf_float --specs=nano.specs -mfpu=fpv4-sp-d16 -mfloat-abi=hard -mthumb -Wl,--start-group -lc -lm -Wl,--end-group
Finished building target: integrated_sensors.elf
 
arm-none-eabi-size  integrated_sensors.elf 
arm-none-eabi-objdump -h -S integrated_sensors.elf  > "integrated_sensors.list"
   text	   data	    bss	    dec	    hex	filename
  42588	    476	   2808	  45872	   b330	integrated_sensors.elf
Finished building: default.size.stdout
 
Finished building: integrated_sensors.list
 
15:34:18 **** Incremental Build of configuration Debug for project integrated_sensors ****
make -j20 all 
arm-none-eabi-size  integrated_sensors.elf 
   text	   data	    bss	    dec	    hex	filename
  42588	    476	   2808	  45872	   b330	integrated_sensors.elf
Finished building: default.size.stdout
 
18:25:42 **** Incremental Build of configuration Debug for project integrated_sensors ****
make -j20 all 
arm-none-eabi-size  integrated_sensors.elf 
   text	   data	    bss	    dec	    hex	filename
  42588	    476	   2808	  45872	   b330	integrated_sensors.elf
Finished building: default.size.stdout
 
18:24:10 **** Incremental Build of configuration Debug for project integrated_sensors ****
make -j20 all 
arm-none-eabi-size  integrated_sensors.elf 
   text	   data	    bss	    dec	    hex	filename
  42588	    476	   2808	  45872	   b330	integrated_sensors.elf
Finished building: default.size.stdout
 
18:25:11 **** Incremental Build of configuration Debug for project integrated_sensors ****
make -j20 all 
arm-none-eabi-size  integrated_sensors.elf 
   text	   data	    bss	    dec	    hex	filename
  42588	    476	   2808	  45872	   b330	integrated_sensors.elf
Finished building: default.size.stdout
 
18:27:51 **** Incremental Build of configuration Debug for project integrated_sensors ****
make -j20 all 
arm-none-eabi-gcc "../Core/Src/main.c" -mcpu=cortex-m4 -std=gnu11 -g3 -DDEBUG -DUSE_HAL_DRIVER -DSTM32L432xx -c -I../Core/Inc -I../Drivers/STM32L4xx_HAL_Driver/Inc -I../Drivers/STM32L4xx_HAL_Driver/Inc/Legacy -I../Drivers/CMSIS/Device/ST/STM32L4xx/Include -I../Drivers/CMSIS/Include -O0 -ffunction-sections -fdata-sections -Wall -fstack-usage -fcyclomatic-complexity -MMD -MP -MF"Core/Src/main.d" -MT"Core/Src/main.o" --specs=nano.specs -mfpu=fpv4-sp-d16 -mfloat-abi=hard -mthumb -o "Core/Src/main.o"
arm-none-eabi-gcc -o "integrated_sensors.elf" @"objects.list"   -mcpu=cortex-m4 -T"C:\Users\azaki\Documents\GitHub\Project-Nephros\integrated_sensors\integrated_sensors\STM32L432KCUX_FLASH.ld" --specs=nosys.specs -Wl,-Map="integrated_sensors.map" -Wl,--gc-sections -static -u _printf_float --specs=nano.specs -mfpu=fpv4-sp-d16 -mfloat-abi=hard -mthumb -Wl,--start-group -lc -lm -Wl,--end-group
Finished building target: integrated_sensors.elf
 
arm-none-eabi-size  integrated_sensors.elf 
arm-none-eabi-objdump -h -S integrated_sensors.elf  > "integrated_sensors.list"
   text	   data	    bss	    dec	    hex	filename
  42572	    476	   2808	  45856	   b320	integrated_sensors.elf
Finished building: default.size.stdout
 
Finished building: integrated_sensors.list
 
18:40:51 **** Incremental Build of configuration Debug for project integrated_sensors ****
make -j20 all 
arm-none-eabi-gcc "../Core/Src/main.c" -mcpu=cortex-m4 -std=gnu11 -g3 -DDEBUG -DUSE_HAL_DRIVER -DSTM32L432xx -c -I../Core/Inc -I../Drivers/STM32L4xx_HAL_Driver/Inc -I../Drivers/STM32L4xx_HAL_Driver/Inc/Legacy -I../Drivers/CMSIS/Device/ST/STM32L4xx/Include -I../Drivers/CMSIS/Include -O0 -ffunction-sections -fdata-sections -Wall -fstack-usage -fcyclomatic-complexity -MMD -MP -MF"Core/Src/main.d" -MT"Core/Src/main.o" --specs=nano.specs -mfpu=fpv4-sp-d16 -mfloat-abi=hard -mthumb -o "Core/Src/main.o"
arm-none-eabi-gcc -o "integrated_sensors.elf" @"objects.list"   -mcpu=cortex-m4 -T"C:\Users\azaki\Documents\GitHub\Project-Nephros\integrated_sensors\integrated_sensors\STM32L432KCUX_FLASH.ld" --specs=nosys.specs -Wl,-Map="integrated_sensors.map" -Wl,--gc-sections -static -u _printf_float --specs=nano.specs -mfpu=fpv4-sp-d16 -mfloat-abi=hard -mthumb -Wl,--start-group -lc -lm -Wl,--end-group
Finished building target: integrated_sensors.elf
 
arm-none-eabi-size  integrated_sensors.elf 
arm-none-eabi-objdump -h -S integrated_sensors.elf  > "integrated_sensors.list"
   text	   data	    bss	    dec	    hex	filename
  42572	    476	   2808	  45856	   b320	integrated_sensors.elf
Finished building: default.size.stdout
 
Finished building: integrated_sensors.list
 
18:42:52 **** Incremental Build of configuration Debug for project integrated_sensors ****
make -j20 all 
arm-none-eabi-gcc "../Core/Src/main.c" -mcpu=cortex-m4 -std=gnu11 -g3 -DDEBUG -DUSE_HAL_DRIVER -DSTM32L432xx -c -I../Core/Inc -I../Drivers/STM32L4xx_HAL_Driver/Inc -I../Drivers/STM32L4xx_HAL_Driver/Inc/Legacy -I../Drivers/CMSIS/Device/ST/STM32L4xx/Include -I../Drivers/CMSIS/Include -O0 -ffunction-sections -fdata-sections -Wall -fstack-usage -fcyclomatic-complexity -MMD -MP -MF"Core/Src/main.d" -MT"Core/Src/main.o" --specs=nano.specs -mfpu=fpv4-sp-d16 -mfloat-abi=hard -mthumb -o "Core/Src/main.o"
arm-none-eabi-gcc -o "integrated_sensors.elf" @"objects.list"   -mcpu=cortex-m4 -T"C:\Users\azaki\Documents\GitHub\Project-Nephros\integrated_sensors\integrated_sensors\STM32L432KCUX_FLASH.ld" --specs=nosys.specs -Wl,-Map="integrated_sensors.map" -Wl,--gc-sections -static -u _printf_float --specs=nano.specs -mfpu=fpv4-sp-d16 -mfloat-abi=hard -mthumb -Wl,--start-group -lc -lm -Wl,--end-group
Finished building target: integrated_sensors.elf
 
arm-none-eabi-size  integrated_sensors.elf 
arm-none-eabi-objdump -h -S integrated_sensors.elf  > "integrated_sensors.list"
   text	   data	    bss	    dec	    hex	filename
  42588	    476	   2808	  45872	   b330	integrated_sensors.elf
Finished building: default.size.stdout
 
Finished building: integrated_sensors.list
 
18:54:42 **** Incremental Build of configuration Debug for project integrated_sensors ****
make -j20 all 
arm-none-eabi-gcc "../Core/Src/main.c" -mcpu=cortex-m4 -std=gnu11 -g3 -DDEBUG -DUSE_HAL_DRIVER -DSTM32L432xx -c -I../Core/Inc -I../Drivers/STM32L4xx_HAL_Driver/Inc -I../Drivers/STM32L4xx_HAL_Driver/Inc/Legacy -I../Drivers/CMSIS/Device/ST/STM32L4xx/Include -I../Drivers/CMSIS/Include -O0 -ffunction-sections -fdata-sections -Wall -fstack-usage -fcyclomatic-complexity -MMD -MP -MF"Core/Src/main.d" -MT"Core/Src/main.o" --specs=nano.specs -mfpu=fpv4-sp-d16 -mfloat-abi=hard -mthumb -o "Core/Src/main.o"
arm-none-eabi-gcc -o "integrated_sensors.elf" @"objects.list"   -mcpu=cortex-m4 -T"C:\Users\azaki\Documents\GitHub\Project-Nephros\integrated_sensors\integrated_sensors\STM32L432KCUX_FLASH.ld" --specs=nosys.specs -Wl,-Map="integrated_sensors.map" -Wl,--gc-sections -static -u _printf_float --specs=nano.specs -mfpu=fpv4-sp-d16 -mfloat-abi=hard -mthumb -Wl,--start-group -lc -lm -Wl,--end-group
Finished building target: integrated_sensors.elf
 
arm-none-eabi-size  integrated_sensors.elf 
arm-none-eabi-objdump -h -S integrated_sensors.elf  > "integrated_sensors.list"
   text	   data	    bss	    dec	    hex	filename
  42580	    476	   2808	  45864	   b328	integrated_sensors.elf
Finished building: default.size.stdout
 
Finished building: integrated_sensors.list
 
18:55:30 **** Incremental Build of configuration Debug for project integrated_sensors ****
make -j20 all 
arm-none-eabi-gcc "../Core/Src/main.c" -mcpu=cortex-m4 -std=gnu11 -g3 -DDEBUG -DUSE_HAL_DRIVER -DSTM32L432xx -c -I../Core/Inc -I../Drivers/STM32L4xx_HAL_Driver/Inc -I../Drivers/STM32L4xx_HAL_Driver/Inc/Legacy -I../Drivers/CMSIS/Device/ST/STM32L4xx/Include -I../Drivers/CMSIS/Include -O0 -ffunction-sections -fdata-sections -Wall -fstack-usage -fcyclomatic-complexity -MMD -MP -MF"Core/Src/main.d" -MT"Core/Src/main.o" --specs=nano.specs -mfpu=fpv4-sp-d16 -mfloat-abi=hard -mthumb -o "Core/Src/main.o"
arm-none-eabi-gcc -o "integrated_sensors.elf" @"objects.list"   -mcpu=cortex-m4 -T"C:\Users\azaki\Documents\GitHub\Project-Nephros\integrated_sensors\integrated_sensors\STM32L432KCUX_FLASH.ld" --specs=nosys.specs -Wl,-Map="integrated_sensors.map" -Wl,--gc-sections -static -u _printf_float --specs=nano.specs -mfpu=fpv4-sp-d16 -mfloat-abi=hard -mthumb -Wl,--start-group -lc -lm -Wl,--end-group
Finished building target: integrated_sensors.elf
 
arm-none-eabi-size  integrated_sensors.elf 
arm-none-eabi-objdump -h -S integrated_sensors.elf  > "integrated_sensors.list"
   text	   data	    bss	    dec	    hex	filename
  42588	    476	   2808	  45872	   b330	integrated_sensors.elf
Finished building: default.size.stdout
 
Finished building: integrated_sensors.list
 
18:55:52 **** Incremental Build of configuration Debug for project integrated_sensors ****
make -j20 all 
arm-none-eabi-gcc "../Core/Src/main.c" -mcpu=cortex-m4 -std=gnu11 -g3 -DDEBUG -DUSE_HAL_DRIVER -DSTM32L432xx -c -I../Core/Inc -I../Drivers/STM32L4xx_HAL_Driver/Inc -I../Drivers/STM32L4xx_HAL_Driver/Inc/Legacy -I../Drivers/CMSIS/Device/ST/STM32L4xx/Include -I../Drivers/CMSIS/Include -O0 -ffunction-sections -fdata-sections -Wall -fstack-usage -fcyclomatic-complexity -MMD -MP -MF"Core/Src/main.d" -MT"Core/Src/main.o" --specs=nano.specs -mfpu=fpv4-sp-d16 -mfloat-abi=hard -mthumb -o "Core/Src/main.o"
arm-none-eabi-gcc -o "integrated_sensors.elf" @"objects.list"   -mcpu=cortex-m4 -T"C:\Users\azaki\Documents\GitHub\Project-Nephros\integrated_sensors\integrated_sensors\STM32L432KCUX_FLASH.ld" --specs=nosys.specs -Wl,-Map="integrated_sensors.map" -Wl,--gc-sections -static -u _printf_float --specs=nano.specs -mfpu=fpv4-sp-d16 -mfloat-abi=hard -mthumb -Wl,--start-group -lc -lm -Wl,--end-group
Finished building target: integrated_sensors.elf
 
arm-none-eabi-size  integrated_sensors.elf 
arm-none-eabi-objdump -h -S integrated_sensors.elf  > "integrated_sensors.list"
   text	   data	    bss	    dec	    hex	filename
  42580	    476	   2808	  45864	   b328	integrated_sensors.elf
Finished building: default.size.stdout
 
Finished building: integrated_sensors.list
 
19:35:56 **** Incremental Build of configuration Debug for project integrated_sensors ****
make -j20 all 
arm-none-eabi-gcc "../Core/Src/main.c" -mcpu=cortex-m4 -std=gnu11 -g3 -DDEBUG -DUSE_HAL_DRIVER -DSTM32L432xx -c -I../Core/Inc -I../Drivers/STM32L4xx_HAL_Driver/Inc -I../Drivers/STM32L4xx_HAL_Driver/Inc/Legacy -I../Drivers/CMSIS/Device/ST/STM32L4xx/Include -I../Drivers/CMSIS/Include -O0 -ffunction-sections -fdata-sections -Wall -fstack-usage -fcyclomatic-complexity -MMD -MP -MF"Core/Src/main.d" -MT"Core/Src/main.o" --specs=nano.specs -mfpu=fpv4-sp-d16 -mfloat-abi=hard -mthumb -o "Core/Src/main.o"
arm-none-eabi-gcc -o "integrated_sensors.elf" @"objects.list"   -mcpu=cortex-m4 -T"C:\Users\azaki\Documents\GitHub\Project-Nephros\integrated_sensors\integrated_sensors\STM32L432KCUX_FLASH.ld" --specs=nosys.specs -Wl,-Map="integrated_sensors.map" -Wl,--gc-sections -static -u _printf_float --specs=nano.specs -mfpu=fpv4-sp-d16 -mfloat-abi=hard -mthumb -Wl,--start-group -lc -lm -Wl,--end-group
Finished building target: integrated_sensors.elf
 
arm-none-eabi-size  integrated_sensors.elf 
arm-none-eabi-objdump -h -S integrated_sensors.elf  > "integrated_sensors.list"
   text	   data	    bss	    dec	    hex	filename
  42636	    476	   2808	  45920	   b360	integrated_sensors.elf
Finished building: default.size.stdout
 
Finished building: integrated_sensors.list
 
19:42:13 **** Incremental Build of configuration Debug for project integrated_sensors ****
make -j20 all 
arm-none-eabi-gcc "../Core/Src/main.c" -mcpu=cortex-m4 -std=gnu11 -g3 -DDEBUG -DUSE_HAL_DRIVER -DSTM32L432xx -c -I../Core/Inc -I../Drivers/STM32L4xx_HAL_Driver/Inc -I../Drivers/STM32L4xx_HAL_Driver/Inc/Legacy -I../Drivers/CMSIS/Device/ST/STM32L4xx/Include -I../Drivers/CMSIS/Include -O0 -ffunction-sections -fdata-sections -Wall -fstack-usage -fcyclomatic-complexity -MMD -MP -MF"Core/Src/main.d" -MT"Core/Src/main.o" --specs=nano.specs -mfpu=fpv4-sp-d16 -mfloat-abi=hard -mthumb -o "Core/Src/main.o"
arm-none-eabi-gcc "../Core/Src/stm32l4xx_hal_msp.c" -mcpu=cortex-m4 -std=gnu11 -g3 -DDEBUG -DUSE_HAL_DRIVER -DSTM32L432xx -c -I../Core/Inc -I../Drivers/STM32L4xx_HAL_Driver/Inc -I../Drivers/STM32L4xx_HAL_Driver/Inc/Legacy -I../Drivers/CMSIS/Device/ST/STM32L4xx/Include -I../Drivers/CMSIS/Include -O0 -ffunction-sections -fdata-sections -Wall -fstack-usage -fcyclomatic-complexity -MMD -MP -MF"Core/Src/stm32l4xx_hal_msp.d" -MT"Core/Src/stm32l4xx_hal_msp.o" --specs=nano.specs -mfpu=fpv4-sp-d16 -mfloat-abi=hard -mthumb -o "Core/Src/stm32l4xx_hal_msp.o"
arm-none-eabi-gcc "../Core/Src/stm32l4xx_it.c" -mcpu=cortex-m4 -std=gnu11 -g3 -DDEBUG -DUSE_HAL_DRIVER -DSTM32L432xx -c -I../Core/Inc -I../Drivers/STM32L4xx_HAL_Driver/Inc -I../Drivers/STM32L4xx_HAL_Driver/Inc/Legacy -I../Drivers/CMSIS/Device/ST/STM32L4xx/Include -I../Drivers/CMSIS/Include -O0 -ffunction-sections -fdata-sections -Wall -fstack-usage -fcyclomatic-complexity -MMD -MP -MF"Core/Src/stm32l4xx_it.d" -MT"Core/Src/stm32l4xx_it.o" --specs=nano.specs -mfpu=fpv4-sp-d16 -mfloat-abi=hard -mthumb -o "Core/Src/stm32l4xx_it.o"
arm-none-eabi-gcc -o "integrated_sensors.elf" @"objects.list"   -mcpu=cortex-m4 -T"C:\Users\azaki\Documents\GitHub\Project-Nephros\integrated_sensors\integrated_sensors\STM32L432KCUX_FLASH.ld" --specs=nosys.specs -Wl,-Map="integrated_sensors.map" -Wl,--gc-sections -static -u _printf_float --specs=nano.specs -mfpu=fpv4-sp-d16 -mfloat-abi=hard -mthumb -Wl,--start-group -lc -lm -Wl,--end-group
Finished building target: integrated_sensors.elf
 
arm-none-eabi-size  integrated_sensors.elf 
arm-none-eabi-objdump -h -S integrated_sensors.elf  > "integrated_sensors.list"
   text	   data	    bss	    dec	    hex	filename
  42460	    476	   2808	  45744	   b2b0	integrated_sensors.elf
Finished building: default.size.stdout
 
Finished building: integrated_sensors.list
 
17:49:07 **** Incremental Build of configuration Debug for project integrated_sensors ****
make -j20 all 
arm-none-eabi-gcc "../Core/Src/main.c" -mcpu=cortex-m4 -std=gnu11 -g3 -DDEBUG -DUSE_HAL_DRIVER -DSTM32L432xx -c -I../Core/Inc -I../Drivers/STM32L4xx_HAL_Driver/Inc -I../Drivers/STM32L4xx_HAL_Driver/Inc/Legacy -I../Drivers/CMSIS/Device/ST/STM32L4xx/Include -I../Drivers/CMSIS/Include -O0 -ffunction-sections -fdata-sections -Wall -fstack-usage -fcyclomatic-complexity -MMD -MP -MF"Core/Src/main.d" -MT"Core/Src/main.o" --specs=nano.specs -mfpu=fpv4-sp-d16 -mfloat-abi=hard -mthumb -o "Core/Src/main.o"
arm-none-eabi-gcc -o "integrated_sensors.elf" @"objects.list"   -mcpu=cortex-m4 -T"C:\Users\azaki\Documents\GitHub\Project-Nephros\integrated_sensors\integrated_sensors\STM32L432KCUX_FLASH.ld" --specs=nosys.specs -Wl,-Map="integrated_sensors.map" -Wl,--gc-sections -static -u _printf_float --specs=nano.specs -mfpu=fpv4-sp-d16 -mfloat-abi=hard -mthumb -Wl,--start-group -lc -lm -Wl,--end-group
Finished building target: integrated_sensors.elf
 
arm-none-eabi-size  integrated_sensors.elf 
arm-none-eabi-objdump -h -S integrated_sensors.elf  > "integrated_sensors.list"
   text	   data	    bss	    dec	    hex	filename
  42540	    472	   2808	  45820	   b2fc	integrated_sensors.elf
Finished building: default.size.stdout
 
Finished building: integrated_sensors.list
 
19:21:00 **** Incremental Build of configuration Debug for project integrated_sensors ****
make -j20 all 
arm-none-eabi-gcc "../Core/Src/main.c" -mcpu=cortex-m4 -std=gnu11 -g3 -DDEBUG -DUSE_HAL_DRIVER -DSTM32L432xx -c -I../Core/Inc -I../Drivers/STM32L4xx_HAL_Driver/Inc -I../Drivers/STM32L4xx_HAL_Driver/Inc/Legacy -I../Drivers/CMSIS/Device/ST/STM32L4xx/Include -I../Drivers/CMSIS/Include -O0 -ffunction-sections -fdata-sections -Wall -fstack-usage -fcyclomatic-complexity -MMD -MP -MF"Core/Src/main.d" -MT"Core/Src/main.o" --specs=nano.specs -mfpu=fpv4-sp-d16 -mfloat-abi=hard -mthumb -o "Core/Src/main.o"
arm-none-eabi-gcc -o "integrated_sensors.elf" @"objects.list"   -mcpu=cortex-m4 -T"C:\Users\azaki\Documents\GitHub\Project-Nephros\integrated_sensors\integrated_sensors\STM32L432KCUX_FLASH.ld" --specs=nosys.specs -Wl,-Map="integrated_sensors.map" -Wl,--gc-sections -static -u _printf_float --specs=nano.specs -mfpu=fpv4-sp-d16 -mfloat-abi=hard -mthumb -Wl,--start-group -lc -lm -Wl,--end-group
Finished building target: integrated_sensors.elf
 
arm-none-eabi-size  integrated_sensors.elf 
arm-none-eabi-objdump -h -S integrated_sensors.elf  > "integrated_sensors.list"
   text	   data	    bss	    dec	    hex	filename
  42540	    472	   2808	  45820	   b2fc	integrated_sensors.elf
Finished building: default.size.stdout
 
Finished building: integrated_sensors.list
 
19:25:11 **** Incremental Build of configuration Debug for project integrated_sensors ****
make -j20 all 
arm-none-eabi-gcc "../Core/Src/main.c" -mcpu=cortex-m4 -std=gnu11 -g3 -DDEBUG -DUSE_HAL_DRIVER -DSTM32L432xx -c -I../Core/Inc -I../Drivers/STM32L4xx_HAL_Driver/Inc -I../Drivers/STM32L4xx_HAL_Driver/Inc/Legacy -I../Drivers/CMSIS/Device/ST/STM32L4xx/Include -I../Drivers/CMSIS/Include -O0 -ffunction-sections -fdata-sections -Wall -fstack-usage -fcyclomatic-complexity -MMD -MP -MF"Core/Src/main.d" -MT"Core/Src/main.o" --specs=nano.specs -mfpu=fpv4-sp-d16 -mfloat-abi=hard -mthumb -o "Core/Src/main.o"
arm-none-eabi-gcc "../Core/Src/stm32l4xx_hal_msp.c" -mcpu=cortex-m4 -std=gnu11 -g3 -DDEBUG -DUSE_HAL_DRIVER -DSTM32L432xx -c -I../Core/Inc -I../Drivers/STM32L4xx_HAL_Driver/Inc -I../Drivers/STM32L4xx_HAL_Driver/Inc/Legacy -I../Drivers/CMSIS/Device/ST/STM32L4xx/Include -I../Drivers/CMSIS/Include -O0 -ffunction-sections -fdata-sections -Wall -fstack-usage -fcyclomatic-complexity -MMD -MP -MF"Core/Src/stm32l4xx_hal_msp.d" -MT"Core/Src/stm32l4xx_hal_msp.o" --specs=nano.specs -mfpu=fpv4-sp-d16 -mfloat-abi=hard -mthumb -o "Core/Src/stm32l4xx_hal_msp.o"
arm-none-eabi-gcc "../Core/Src/stm32l4xx_it.c" -mcpu=cortex-m4 -std=gnu11 -g3 -DDEBUG -DUSE_HAL_DRIVER -DSTM32L432xx -c -I../Core/Inc -I../Drivers/STM32L4xx_HAL_Driver/Inc -I../Drivers/STM32L4xx_HAL_Driver/Inc/Legacy -I../Drivers/CMSIS/Device/ST/STM32L4xx/Include -I../Drivers/CMSIS/Include -O0 -ffunction-sections -fdata-sections -Wall -fstack-usage -fcyclomatic-complexity -MMD -MP -MF"Core/Src/stm32l4xx_it.d" -MT"Core/Src/stm32l4xx_it.o" --specs=nano.specs -mfpu=fpv4-sp-d16 -mfloat-abi=hard -mthumb -o "Core/Src/stm32l4xx_it.o"
arm-none-eabi-gcc -o "integrated_sensors.elf" @"objects.list"   -mcpu=cortex-m4 -T"C:\Users\azaki\Documents\GitHub\Project-Nephros\integrated_sensors\integrated_sensors\STM32L432KCUX_FLASH.ld" --specs=nosys.specs -Wl,-Map="integrated_sensors.map" -Wl,--gc-sections -static -u _printf_float --specs=nano.specs -mfpu=fpv4-sp-d16 -mfloat-abi=hard -mthumb -Wl,--start-group -lc -lm -Wl,--end-group
Finished building target: integrated_sensors.elf
 
arm-none-eabi-size  integrated_sensors.elf 
arm-none-eabi-objdump -h -S integrated_sensors.elf  > "integrated_sensors.list"
   text	   data	    bss	    dec	    hex	filename
  42660	    472	   2808	  45940	   b374	integrated_sensors.elf
Finished building: default.size.stdout
 
Finished building: integrated_sensors.list
 
19:35:54 **** Incremental Build of configuration Debug for project integrated_sensors ****
make -j20 all 
arm-none-eabi-gcc "../Core/Src/main.c" -mcpu=cortex-m4 -std=gnu11 -g3 -DDEBUG -DUSE_HAL_DRIVER -DSTM32L432xx -c -I../Core/Inc -I../Drivers/STM32L4xx_HAL_Driver/Inc -I../Drivers/STM32L4xx_HAL_Driver/Inc/Legacy -I../Drivers/CMSIS/Device/ST/STM32L4xx/Include -I../Drivers/CMSIS/Include -O0 -ffunction-sections -fdata-sections -Wall -fstack-usage -fcyclomatic-complexity -MMD -MP -MF"Core/Src/main.d" -MT"Core/Src/main.o" --specs=nano.specs -mfpu=fpv4-sp-d16 -mfloat-abi=hard -mthumb -o "Core/Src/main.o"
arm-none-eabi-gcc -o "integrated_sensors.elf" @"objects.list"   -mcpu=cortex-m4 -T"C:\Users\azaki\Documents\GitHub\Project-Nephros\integrated_sensors\integrated_sensors\STM32L432KCUX_FLASH.ld" --specs=nosys.specs -Wl,-Map="integrated_sensors.map" -Wl,--gc-sections -static -u _printf_float --specs=nano.specs -mfpu=fpv4-sp-d16 -mfloat-abi=hard -mthumb -Wl,--start-group -lc -lm -Wl,--end-group
Finished building target: integrated_sensors.elf
 
arm-none-eabi-size  integrated_sensors.elf 
arm-none-eabi-objdump -h -S integrated_sensors.elf  > "integrated_sensors.list"
   text	   data	    bss	    dec	    hex	filename
  42668	    472	   2808	  45948	   b37c	integrated_sensors.elf
Finished building: default.size.stdout
 
Finished building: integrated_sensors.list
 
15:35:37 **** Incremental Build of configuration Debug for project integrated_sensors ****
make -j20 all 
arm-none-eabi-size  integrated_sensors.elf 
   text	   data	    bss	    dec	    hex	filename
  42668	    472	   2808	  45948	   b37c	integrated_sensors.elf
Finished building: default.size.stdout
 
17:05:00 **** Incremental Build of configuration Debug for project integrated_sensors ****
make -j20 all 
arm-none-eabi-size  integrated_sensors.elf 
   text	   data	    bss	    dec	    hex	filename
  42668	    472	   2808	  45948	   b37c	integrated_sensors.elf
Finished building: default.size.stdout
 
11:23:34 **** Incremental Build of configuration Debug for project integrated_sensors ****
make -j20 all 
arm-none-eabi-size  integrated_sensors.elf 
   text	   data	    bss	    dec	    hex	filename
  42668	    472	   2808	  45948	   b37c	integrated_sensors.elf
Finished building: default.size.stdout
 
11:38:14 **** Incremental Build of configuration Debug for project integrated_sensors ****
make -j20 all 
arm-none-eabi-size  integrated_sensors.elf 
   text	   data	    bss	    dec	    hex	filename
  42668	    472	   2808	  45948	   b37c	integrated_sensors.elf
Finished building: default.size.stdout
 
17:13:50 **** Incremental Build of configuration Debug for project integrated_sensors ****
make -j20 all 
arm-none-eabi-size  integrated_sensors.elf 
   text	   data	    bss	    dec	    hex	filename
  42668	    472	   2808	  45948	   b37c	integrated_sensors.elf
Finished building: default.size.stdout
 
