2026-05-19 15:19:20,958 [ERROR] LogOutputStream:75 - [STDERR_REDIRECT] 
2026-05-19 16:58:39,019 [INFO] Activator:176 - 


2026-05-19 16:58:39,021 [INFO] Activator:177 - !SESSION log4j initialized
2026-05-19 16:58:47,724 [INFO] LogOutputStream:77 - [STDOUT_REDIRECT] 
2026-05-19 16:58:49,758 [INFO] ApplicationProperties:184 - Using Application install path: C:\ST\STM32CubeIDE_1.19.0\STM32CubeIDE\plugins\com.st.stm32cube.common.mx_6.15.0.202507011659
2026-05-19 16:58:49,790 [INFO] DbMcusXml:78 - Set database path to: C:\ST\STM32CubeIDE_1.19.0\STM32CubeIDE\plugins\com.st.stm32cube.common.mx_6.15.0.202507011659\\db\/mcu/
2026-05-19 16:58:49,791 [INFO] ApiDb:274 - Set plugin database path to: C:\ST\STM32CubeIDE_1.19.0\STM32CubeIDE\plugins\com.st.stm32cube.common.mx_6.15.0.202507011659\\db\/plugins/boardmanager/
2026-05-19 16:58:49,791 [WARN] ApiDb:259 - Overriding images path with different value:  => C:\ST\STM32CubeIDE_1.19.0\STM32CubeIDE\plugins\com.st.stm32cube.common.mx_6.15.0.202507011659\\db\/plugins/mcufinder/images/
2026-05-19 16:58:49,830 [INFO] ApiDb:250 - Set database path to: C:\Users\azaki\.stmcufinder\plugins\mcufinder//mcu/
2026-05-19 16:58:49,833 [INFO] DbMcusAds:125 - Set database path to: C:\Users\azaki\.stmcufinder\plugins\mcufinder//mcu/
2026-05-19 16:58:49,838 [INFO] CrossReferenceDbSqlite:203 - Set database path to: C:\Users\azaki\.stmcufinder\plugins\mcufinder//mcu/cs/
2026-05-19 16:58:50,051 [INFO] RulesReader:64 - Compatibility file has been processed (317 Rules)
2026-05-19 16:58:50,215 [INFO] DbMcusXml:78 - Set database path to: C:\ST\STM32CubeIDE_1.19.0\STM32CubeIDE\plugins\com.st.stm32cube.common.mx_6.15.0.202507011659\\db\/mcu/
2026-05-19 16:58:50,216 [INFO] ApiDb:274 - Set plugin database path to: C:\ST\STM32CubeIDE_1.19.0\STM32CubeIDE\plugins\com.st.stm32cube.common.mx_6.15.0.202507011659\\db\/plugins/boardmanager/
2026-05-19 16:58:50,216 [INFO] ApiDb:261 - Set plugin images path to: C:\ST\STM32CubeIDE_1.19.0\STM32CubeIDE\plugins\com.st.stm32cube.common.mx_6.15.0.202507011659\\db\/plugins/mcufinder/images/
2026-05-19 16:58:50,216 [WARN] DbFile:41 - Overriding database path with different value: C:\Users\azaki\.stmcufinder\plugins\mcufinder/ => C:\Users\azaki\.stmcufinder\plugins\mcufinder
2026-05-19 16:58:50,217 [INFO] ApiDb:250 - Set database path to: C:\Users\azaki\.stmcufinder\plugins\mcufinder//mcu/
2026-05-19 16:58:50,217 [WARN] DbFile:41 - Overriding database path with different value: C:\Users\azaki\.stmcufinder\plugins\mcufinder/ => C:\Users\azaki\.stmcufinder\plugins\mcufinder
2026-05-19 16:58:50,217 [INFO] DbMcusAds:125 - Set database path to: C:\Users\azaki\.stmcufinder\plugins\mcufinder//mcu/
2026-05-19 16:58:50,218 [WARN] DbFile:41 - Overriding database path with different value: C:\Users\azaki\.stmcufinder\plugins\mcufinder/ => C:\Users\azaki\.stmcufinder\plugins\mcufinder
2026-05-19 16:58:50,218 [WARN] DbFile:41 - Overriding database path with different value: C:\Users\azaki\.stmcufinder\plugins\mcufinder/ => C:\Users\azaki\.stmcufinder\plugins\mcufinder
2026-05-19 16:58:50,218 [INFO] CrossReferenceDbSqlite:203 - Set database path to: C:\Users\azaki\.stmcufinder\plugins\mcufinder//mcu/cs/
2026-05-19 16:58:50,380 [INFO] MainPanel:274 - HeapMemory: 268435456
2026-05-19 16:58:50,589 [INFO] DbMcusXml:78 - Set database path to: C:\ST\STM32CubeIDE_1.19.0\STM32CubeIDE\plugins\com.st.stm32cube.common.mx_6.15.0.202507011659\\db\/mcu/
2026-05-19 16:58:50,589 [INFO] ApiDb:274 - Set plugin database path to: C:\ST\STM32CubeIDE_1.19.0\STM32CubeIDE\plugins\com.st.stm32cube.common.mx_6.15.0.202507011659\\db\/plugins/boardmanager/
2026-05-19 16:58:50,589 [INFO] ApiDb:261 - Set plugin images path to: C:\ST\STM32CubeIDE_1.19.0\STM32CubeIDE\plugins\com.st.stm32cube.common.mx_6.15.0.202507011659\\db\/plugins/mcufinder/images/
2026-05-19 16:58:50,590 [WARN] DbFile:41 - Overriding database path with different value: C:\Users\azaki\.stmcufinder\plugins\mcufinder/ => C:\Users\azaki\.stmcufinder\plugins\mcufinder
2026-05-19 16:58:50,590 [INFO] ApiDb:250 - Set database path to: C:\Users\azaki\.stmcufinder\plugins\mcufinder//mcu/
2026-05-19 16:58:50,590 [WARN] DbFile:41 - Overriding database path with different value: C:\Users\azaki\.stmcufinder\plugins\mcufinder/ => C:\Users\azaki\.stmcufinder\plugins\mcufinder
2026-05-19 16:58:50,590 [INFO] DbMcusAds:125 - Set database path to: C:\Users\azaki\.stmcufinder\plugins\mcufinder//mcu/
2026-05-19 16:58:50,590 [WARN] DbFile:41 - Overriding database path with different value: C:\Users\azaki\.stmcufinder\plugins\mcufinder/ => C:\Users\azaki\.stmcufinder\plugins\mcufinder
2026-05-19 16:58:50,590 [WARN] DbFile:41 - Overriding database path with different value: C:\Users\azaki\.stmcufinder\plugins\mcufinder/ => C:\Users\azaki\.stmcufinder\plugins\mcufinder
2026-05-19 16:58:50,591 [INFO] CrossReferenceDbSqlite:203 - Set database path to: C:\Users\azaki\.stmcufinder\plugins\mcufinder//mcu/cs/
2026-05-19 16:58:50,626 [INFO] ApplicationProperties:184 - Using Application install path: C:\ST\STM32CubeIDE_1.19.0\STM32CubeIDE\plugins\com.st.stm32cube.common.mx_6.15.0.202507011659
2026-05-19 16:58:50,629 [INFO] PluginManage:196 - Search for loadable plugins [exclusion list=, ]
2026-05-19 16:58:50,631 [INFO] PluginManage:310 - Check plugin analytics
2026-05-19 16:58:51,038 [INFO] AnalyticsPlugin:253 - Accepted Software Licenses: 
2026-05-19 16:58:51,038 [INFO] AnalyticsPlugin:255 - Accepted CMSIS Pack Licenses: 
2026-05-19 16:58:51,040 [INFO] AnalyticsPlugin:257 - Accepted Firmware Licenses: FW.L4.1.18.0
2026-05-19 16:58:51,047 [INFO] PluginManage:359 - Loaded plugin analytics (category:tool,tabindex:-1)
2026-05-19 16:58:51,048 [INFO] PluginManage:310 - Check plugin cadmodel
2026-05-19 16:58:51,059 [INFO] CADModel:105 - Init CAD model plugin
2026-05-19 16:58:51,059 [INFO] PluginManage:359 - Loaded plugin cadmodel (category:power,tabindex:5)
2026-05-19 16:58:51,059 [INFO] PluginManage:310 - Check plugin clock
2026-05-19 16:58:51,074 [INFO] PluginManage:359 - Loaded plugin clock (category:base,tabindex:2)
2026-05-19 16:58:51,075 [INFO] PluginManage:310 - Check plugin ddr
2026-05-19 16:58:51,078 [INFO] PluginManage:359 - Loaded plugin ddr (category:tool,tabindex:6)
2026-05-19 16:58:51,079 [INFO] PluginManage:310 - Check plugin filemanager
2026-05-19 16:58:51,353 [INFO] PluginManage:359 - Loaded plugin filemanager (category:base,tabindex:10)
2026-05-19 16:58:51,353 [INFO] PluginManage:310 - Check plugin ipmanager
2026-05-19 16:58:51,368 [INFO] PluginManage:359 - Loaded plugin ipmanager (category:base,tabindex:5)
2026-05-19 16:58:51,368 [INFO] PluginManage:310 - Check plugin lpbam
2026-05-19 16:58:51,388 [INFO] PluginManage:359 - Loaded plugin lpbam (category:base,tabindex:0)
2026-05-19 16:58:51,389 [INFO] PluginManage:310 - Check plugin memorymap
2026-05-19 16:58:51,412 [INFO] PluginManage:359 - Loaded plugin memorymap (category:base,tabindex:4)
2026-05-19 16:58:51,412 [INFO] PluginManage:310 - Check plugin pinoutandconfiguration
2026-05-19 16:58:51,425 [INFO] PluginManage:359 - Loaded plugin pinoutandconfiguration (category:base,tabindex:1)
2026-05-19 16:58:51,425 [INFO] PluginManage:310 - Check plugin pinoutconfig
2026-05-19 16:58:51,603 [WARN] SupportedApi:132 - Cannot load RTOS API schema: s4s-elt-must-match.1: The content of 'definitions' must match (annotation?, (simpleType | complexType)?, (unique | key | keyref)*)). A problem was found starting at: attribute.
2026-05-19 16:58:51,802 [INFO] PluginManage:359 - Loaded plugin pinoutconfig (category:base,tabindex:0)
2026-05-19 16:58:51,802 [INFO] PluginManage:310 - Check plugin power
2026-05-19 16:58:51,813 [INFO] PluginManage:359 - Loaded plugin power (category:power,tabindex:4)
2026-05-19 16:58:51,813 [INFO] PluginManage:310 - Check plugin projectmanager
2026-05-19 16:58:51,836 [INFO] PluginManage:359 - Loaded plugin projectmanager (category:projectmanager,tabindex:4)
2026-05-19 16:58:51,837 [INFO] PluginManage:310 - Check plugin rif
2026-05-19 16:58:51,854 [INFO] PluginManage:359 - Loaded plugin rif (category:base,tabindex:3)
2026-05-19 16:58:51,855 [INFO] PluginManage:310 - Check plugin thirdparty
2026-05-19 16:58:52,072 [WARN] IntegrityCheckThread:84 - waiting for thirdparty lock release [integrity check]
2026-05-19 16:58:52,072 [INFO] PluginManage:359 - Loaded plugin thirdparty (category:base,tabindex:-1)
2026-05-19 16:58:52,072 [INFO] IntegrityCheckThread:86 - entering critical section [integrity check]
2026-05-19 16:58:52,072 [INFO] PluginManage:310 - Check plugin tools
2026-05-19 16:58:52,073 [INFO] ThirdPartyUpdaterWithRetryManager:70 - Updater plugin not ready yet. [1/15]
2026-05-19 16:58:52,077 [INFO] PluginManage:359 - Loaded plugin tools (category:base,tabindex:7)
2026-05-19 16:58:52,078 [INFO] PluginManage:310 - Check plugin tutovideos
2026-05-19 16:58:52,384 [INFO] PluginManage:359 - Loaded plugin tutovideos (category:base,tabindex:-1)
2026-05-19 16:58:52,384 [INFO] PluginManage:310 - Check plugin updater
2026-05-19 16:58:52,412 [INFO] PluginManage:359 - Loaded plugin updater (category:base,tabindex:12)
2026-05-19 16:58:52,412 [INFO] PluginManage:310 - Check plugin userauth
2026-05-19 16:58:52,418 [INFO] UserAuth:118 - Init User Auth plugin
2026-05-19 16:58:52,420 [INFO] PluginManage:359 - Loaded plugin userauth (category:base,tabindex:14)
2026-05-19 16:58:52,420 [INFO] PluginManage:283 - PluginManage : Loaded plugins [18]
2026-05-19 16:58:52,730 [INFO] PinOutPanel:1589 - setPackage(No Configuration,No Configuration)
2026-05-19 16:58:52,845 [INFO] CADModel:165 - CPN selected for project level
2026-05-19 16:58:52,845 [INFO] CADModel:114 - Register for checkConnection events
2026-05-19 16:58:52,872 [INFO] IPUIPlugin:80 - create IPUIPlugin
2026-05-19 16:58:52,872 [INFO] PluginManager:220 - loadIPPluginJar : add adc
2026-05-19 16:58:52,877 [INFO] IPUIPlugin:80 - create IPUIPlugin
2026-05-19 16:58:52,877 [INFO] PluginManager:220 - loadIPPluginJar : add aes
2026-05-19 16:58:52,881 [INFO] IPUIPlugin:80 - create IPUIPlugin
2026-05-19 16:58:52,881 [INFO] PluginManager:220 - loadIPPluginJar : add can
2026-05-19 16:58:52,883 [INFO] IPUIPlugin:80 - create IPUIPlugin
2026-05-19 16:58:52,884 [INFO] PluginManager:220 - loadIPPluginJar : add comp
2026-05-19 16:58:52,887 [INFO] IPUIPlugin:80 - create IPUIPlugin
2026-05-19 16:58:52,887 [INFO] PluginManager:220 - loadIPPluginJar : add cryp
2026-05-19 16:58:52,893 [INFO] IPUIPlugin:80 - create IPUIPlugin
2026-05-19 16:58:52,893 [INFO] PluginManager:220 - loadIPPluginJar : add ddr_ctrl_phy
2026-05-19 16:58:52,897 [INFO] IPUIPlugin:80 - create IPUIPlugin
2026-05-19 16:58:52,897 [INFO] PluginManager:220 - loadIPPluginJar : add dfsdm
2026-05-19 16:58:52,905 [INFO] IPUIPlugin:80 - create IPUIPlugin
2026-05-19 16:58:52,905 [INFO] PluginManager:220 - loadIPPluginJar : add dma
2026-05-19 16:58:52,909 [INFO] IPUIPlugin:80 - create IPUIPlugin
2026-05-19 16:58:52,909 [INFO] PluginManager:220 - loadIPPluginJar : add dma3
2026-05-19 16:58:52,913 [INFO] IPUIPlugin:80 - create IPUIPlugin
2026-05-19 16:58:52,913 [INFO] PluginManager:220 - loadIPPluginJar : add extmemmanager
2026-05-19 16:58:52,915 [INFO] IPUIPlugin:80 - create IPUIPlugin
2026-05-19 16:58:52,915 [INFO] PluginManager:220 - loadIPPluginJar : add fatfs
2026-05-19 16:58:52,921 [INFO] IPUIPlugin:80 - create IPUIPlugin
2026-05-19 16:58:52,921 [INFO] PluginManager:220 - loadIPPluginJar : add fmc
2026-05-19 16:58:52,938 [INFO] IPUIPlugin:80 - create IPUIPlugin
2026-05-19 16:58:52,938 [INFO] PluginManager:220 - loadIPPluginJar : add freertos
2026-05-19 16:58:52,940 [INFO] IPUIPlugin:80 - create IPUIPlugin
2026-05-19 16:58:52,941 [INFO] PluginManager:220 - loadIPPluginJar : add genericplugin
2026-05-19 16:58:52,944 [INFO] IPUIPlugin:80 - create IPUIPlugin
2026-05-19 16:58:52,944 [INFO] PluginManager:220 - loadIPPluginJar : add gfxmmu
2026-05-19 16:58:52,949 [INFO] IPUIPlugin:80 - create IPUIPlugin
2026-05-19 16:58:52,950 [INFO] PluginManager:220 - loadIPPluginJar : add gic
2026-05-19 16:58:52,955 [INFO] IPUIPlugin:80 - create IPUIPlugin
2026-05-19 16:58:52,955 [INFO] PluginManager:220 - loadIPPluginJar : add gpio
2026-05-19 16:58:52,959 [INFO] IPUIPlugin:80 - create IPUIPlugin
2026-05-19 16:58:52,959 [INFO] PluginManager:220 - loadIPPluginJar : add gtzc
2026-05-19 16:58:52,962 [INFO] IPUIPlugin:80 - create IPUIPlugin
2026-05-19 16:58:52,962 [INFO] PluginManager:220 - loadIPPluginJar : add hash
2026-05-19 16:58:52,967 [INFO] IPUIPlugin:80 - create IPUIPlugin
2026-05-19 16:58:52,967 [INFO] PluginManager:220 - loadIPPluginJar : add i2c
2026-05-19 16:58:52,970 [INFO] IPUIPlugin:80 - create IPUIPlugin
2026-05-19 16:58:52,971 [INFO] PluginManager:220 - loadIPPluginJar : add i2s
2026-05-19 16:58:52,975 [INFO] IPUIPlugin:80 - create IPUIPlugin
2026-05-19 16:58:52,975 [INFO] PluginManager:220 - loadIPPluginJar : add i3c
2026-05-19 16:58:52,981 [INFO] IPUIPlugin:80 - create IPUIPlugin
2026-05-19 16:58:52,982 [INFO] PluginManager:220 - loadIPPluginJar : add ipddr
2026-05-19 16:58:52,992 [INFO] IPUIPlugin:80 - create IPUIPlugin
2026-05-19 16:58:52,992 [INFO] PluginManager:220 - loadIPPluginJar : add linkedlist
2026-05-19 16:58:52,998 [INFO] IPUIPlugin:80 - create IPUIPlugin
2026-05-19 16:58:52,998 [INFO] PluginManager:220 - loadIPPluginJar : add lorawan
2026-05-19 16:58:53,001 [INFO] IPUIPlugin:80 - create IPUIPlugin
2026-05-19 16:58:53,001 [INFO] PluginManager:220 - loadIPPluginJar : add ltdc
2026-05-19 16:58:53,009 [INFO] IPUIPlugin:80 - create IPUIPlugin
2026-05-19 16:58:53,009 [INFO] PluginManager:220 - loadIPPluginJar : add mdma
2026-05-19 16:58:53,014 [INFO] IPUIPlugin:80 - create IPUIPlugin
2026-05-19 16:58:53,014 [INFO] PluginManager:220 - loadIPPluginJar : add nvic
2026-05-19 16:58:53,018 [INFO] IPUIPlugin:80 - create IPUIPlugin
2026-05-19 16:58:53,018 [INFO] PluginManager:220 - loadIPPluginJar : add opamp
2026-05-19 16:58:53,023 [INFO] IPUIPlugin:80 - create IPUIPlugin
2026-05-19 16:58:53,023 [INFO] PluginManager:220 - loadIPPluginJar : add openamp
2026-05-19 16:58:53,029 [INFO] IPUIPlugin:80 - create IPUIPlugin
2026-05-19 16:58:53,029 [INFO] PluginManager:220 - loadIPPluginJar : add pdm2pcm
2026-05-19 16:58:53,038 [INFO] IPUIPlugin:80 - create IPUIPlugin
2026-05-19 16:58:53,043 [INFO] PluginManager:220 - loadIPPluginJar : add plateformsettings
2026-05-19 16:58:53,046 [INFO] IPUIPlugin:80 - create IPUIPlugin
2026-05-19 16:58:53,046 [INFO] PluginManager:220 - loadIPPluginJar : add quadspi
2026-05-19 16:58:53,050 [INFO] IPUIPlugin:80 - create IPUIPlugin
2026-05-19 16:58:53,051 [INFO] PluginManager:220 - loadIPPluginJar : add radio
2026-05-19 16:58:53,056 [INFO] IPUIPlugin:80 - create IPUIPlugin
2026-05-19 16:58:53,057 [INFO] PluginManager:220 - loadIPPluginJar : add resmgrutility
2026-05-19 16:58:53,062 [INFO] IPUIPlugin:80 - create IPUIPlugin
2026-05-19 16:58:53,062 [INFO] PluginManager:220 - loadIPPluginJar : add sai
2026-05-19 16:58:53,066 [INFO] IPUIPlugin:80 - create IPUIPlugin
2026-05-19 16:58:53,066 [INFO] PluginManager:220 - loadIPPluginJar : add spi
2026-05-19 16:58:53,075 [INFO] IPUIPlugin:80 - create IPUIPlugin
2026-05-19 16:58:53,076 [INFO] PluginManager:220 - loadIPPluginJar : add stm32_wpan
2026-05-19 16:58:53,079 [INFO] IPUIPlugin:80 - create IPUIPlugin
2026-05-19 16:58:53,079 [INFO] PluginManager:220 - loadIPPluginJar : add tim
2026-05-19 16:58:53,084 [INFO] IPUIPlugin:80 - create IPUIPlugin
2026-05-19 16:58:53,084 [INFO] PluginManager:220 - loadIPPluginJar : add touchsensing
2026-05-19 16:58:53,087 [INFO] IPUIPlugin:80 - create IPUIPlugin
2026-05-19 16:58:53,087 [INFO] PluginManager:220 - loadIPPluginJar : add tracer_emb
2026-05-19 16:58:53,091 [INFO] IPUIPlugin:80 - create IPUIPlugin
2026-05-19 16:58:53,091 [INFO] PluginManager:220 - loadIPPluginJar : add ts
2026-05-19 16:58:53,094 [INFO] IPUIPlugin:80 - create IPUIPlugin
2026-05-19 16:58:53,094 [INFO] PluginManager:220 - loadIPPluginJar : add tsc
2026-05-19 16:58:53,097 [INFO] IPUIPlugin:80 - create IPUIPlugin
2026-05-19 16:58:53,098 [INFO] PluginManager:220 - loadIPPluginJar : add ucpd
2026-05-19 16:58:53,101 [INFO] IPUIPlugin:80 - create IPUIPlugin
2026-05-19 16:58:53,101 [INFO] PluginManager:220 - loadIPPluginJar : add usart
2026-05-19 16:58:53,107 [INFO] IPUIPlugin:80 - create IPUIPlugin
2026-05-19 16:58:53,108 [INFO] PluginManager:220 - loadIPPluginJar : add usbx
2026-05-19 16:58:53,271 [FATAL] Updater:351 - Updater called before beeing initialized
2026-05-19 16:58:53,322 [INFO] RulesReader:64 - Compatibility file has been processed (317 Rules)
2026-05-19 16:58:53,337 [INFO] RulesReader:64 - Compatibility file has been processed (317 Rules)
2026-05-19 16:58:53,353 [INFO] CADModel:165 - CPN selected for project level
2026-05-19 16:58:53,353 [INFO] CADModel:114 - Register for checkConnection events
2026-05-19 16:58:53,353 [FATAL] Updater:351 - Updater called before beeing initialized
2026-05-19 16:58:53,354 [ERROR] CADModel:125 - Updater not yet initialized, retry later 
2026-05-19 16:58:53,574 [FATAL] Updater:351 - Updater called before beeing initialized
2026-05-19 16:58:53,577 [INFO] CADModel:165 - CPN selected for project level
2026-05-19 16:58:53,578 [INFO] CADModel:114 - Register for checkConnection events
2026-05-19 16:58:53,578 [FATAL] Updater:351 - Updater called before beeing initialized
2026-05-19 16:58:53,578 [ERROR] CADModel:125 - Updater not yet initialized, retry later 
2026-05-19 16:58:53,584 [FATAL] Updater:351 - Updater called before beeing initialized
2026-05-19 16:58:53,768 [FATAL] Updater:351 - Updater called before beeing initialized
2026-05-19 16:58:53,775 [INFO] DbMcusAds:53 - JSON generation date=Mon Apr 27 18:14:29 AEST 2026 (1777277669683)
2026-05-19 16:58:53,775 [FATAL] Updater:351 - Updater called before beeing initialized
2026-05-19 16:58:53,833 [WARN] DetailPanel:346 - Failed to get advertising image, set to default
2026-05-19 16:58:53,938 [FATAL] Updater:351 - Updater called before beeing initialized
2026-05-19 16:58:53,941 [FATAL] Updater:351 - Updater called before beeing initialized
2026-05-19 16:58:53,941 [FATAL] Updater:351 - Updater called before beeing initialized
2026-05-19 16:58:53,942 [WARN] DetailPanel:346 - Failed to get advertising image, set to default
2026-05-19 16:58:53,943 [FATAL] Updater:351 - Updater called before beeing initialized
2026-05-19 16:58:54,013 [ERROR] Updater:1198 - MainUpdater not yet initialized. External WinMGr cannot be set.
2026-05-19 16:58:54,015 [INFO] Updater:1134 - Updater Version found : 6.15.0
2026-05-19 16:58:54,041 [INFO] ApplicationProperties:184 - Using Application install path: C:\ST\STM32CubeIDE_1.19.0\STM32CubeIDE\plugins\com.st.stm32cube.common.mx_6.15.0.202507011659
2026-05-19 16:58:55,074 [INFO] ThirdPartyUpdaterWithRetryManager:70 - Updater plugin not ready yet. [2/15]
2026-05-19 16:58:55,627 [ERROR] LogOutputStream:75 - [STDERR_REDIRECT] May 19, 2026 4:58:55 PM java.util.prefs.WindowsPreferences <init>
2026-05-19 16:58:55,629 [ERROR] LogOutputStream:75 - [STDERR_REDIRECT] WARNING: Could not open/create prefs root node Software\JavaSoft\Prefs at root 0xffffffff80000002. Windows RegCreateKeyEx(...) returned error code 5.
2026-05-19 16:58:55,630 [ERROR] LogOutputStream:75 - [STDERR_REDIRECT] 
2026-05-19 16:58:56,170 [INFO] MainUpdater:2872 - connection check result : 10
2026-05-19 16:58:56,172 [INFO] MainUpdater:289 - Updater Check For Update Now.
2026-05-19 16:58:56,172 [INFO] MicroXplorer:498 - Change Database Version : DB.6.0.150
2026-05-19 16:58:56,185 [INFO] McuFinderGlobals:63 - Set McuFinder mode to 2 (CubeIDE integrated)
2026-05-19 16:58:56,188 [INFO] UserAuth:487 - Internet connection configuration mode: 1
2026-05-19 16:58:56,264 [INFO] JxBrowserEngine:152 - Initiate JxBrowser Engine with user profile folder
2026-05-19 16:58:56,430 [INFO] CheckServerUpdateThread:120 - End of CheckServer Thread
2026-05-19 16:58:57,582 [INFO] WebApp:169 - Instantiating new browser for Auth
2026-05-19 16:58:58,519 [WARN] PackLoader:240 - Cannot read IP mode file for STMicroelectronics.X-CUBE-AZRTOS-H7.3.5.0
2026-05-19 16:58:58,535 [WARN] PackLoader:240 - Cannot read IP mode file for STMicroelectronics.FP-SNS-MOTENVWB1.1.4.0
2026-05-19 16:58:58,546 [WARN] PackLoader:240 - Cannot read IP mode file for STMicroelectronics.FP-ATR-ASTRA1.2.0.2
2026-05-19 16:58:58,567 [WARN] PackLoader:240 - Cannot read IP mode file for STMicroelectronics.X-CUBE-SMBUS.2.1.0
2026-05-19 16:58:58,581 [WARN] PackLoader:240 - Cannot read IP mode file for STMicroelectronics.X-CUBE-WB05N.1.1.0
2026-05-19 16:58:58,594 [INFO] WebApp:463 - Apply proxy settings
2026-05-19 16:58:58,594 [INFO] WebApp:548 - Chromium requires no authentication
2026-05-19 16:58:58,611 [WARN] PackLoader:240 - Cannot read IP mode file for STMicroelectronics.X-CUBE-AZRTOS-F7.1.1.0
2026-05-19 16:58:58,621 [WARN] PackLoader:240 - Cannot read IP mode file for STMicroelectronics.FP-SNS-MOTENV1.5.1.0
2026-05-19 16:58:58,641 [INFO] WebApp:491 - Direct internet connection detected
2026-05-19 16:58:58,651 [WARN] PackLoader:240 - Cannot read IP mode file for Infineon.AIROC-Wi-Fi-Bluetooth-STM32.1.7.0
2026-05-19 16:58:58,671 [WARN] PackLoader:240 - Cannot read IP mode file for STMicroelectronics.X-CUBE-DISPLAY.3.0.0
2026-05-19 16:58:58,685 [WARN] PackLoader:240 - Cannot read IP mode file for STMicroelectronics.X-CUBE-GNSS1.7.1.1
2026-05-19 16:58:58,691 [WARN] PackLoader:240 - Cannot read IP mode file for STMicroelectronics.FP-SNS-MOTENVWB1.1.5.0
2026-05-19 16:58:58,698 [WARN] PackLoader:240 - Cannot read IP mode file for STMicroelectronics.X-CUBE-NFC10.1.0.0
2026-05-19 16:58:58,710 [WARN] PackLoader:240 - Cannot read IP mode file for STMicroelectronics.X-CUBE-BLEMGR.4.0.0
2026-05-19 16:58:58,721 [WARN] PackLoader:240 - Cannot read IP mode file for STMicroelectronics.X-CUBE-ST60.1.1.0
2026-05-19 16:58:58,730 [WARN] PackLoader:240 - Cannot read IP mode file for emotas.I-CUBE-CANOPEN.1.3.0
2026-05-19 16:58:58,735 [WARN] PackLoader:240 - Cannot read IP mode file for STMicroelectronics.X-CUBE-GNSS1.7.1.0
2026-05-19 16:58:58,742 [WARN] ConditionMgr:438 - getConditionDescription Invalid condition id : Cortex-A Device cause : null
2026-05-19 16:58:58,758 [WARN] ConditionMgr:1044 - genDependencies : Invalid condition id : Cortex-A Device cause : null
2026-05-19 16:58:58,758 [WARN] ConditionMgr:1044 - genDependencies : Invalid condition id : Cortex-A Device cause : null
2026-05-19 16:58:58,758 [WARN] ConditionMgr:1044 - genDependencies : Invalid condition id : Cortex-A Device cause : null
2026-05-19 16:58:58,763 [WARN] PackLoader:240 - Cannot read IP mode file for STMicroelectronics.X-CUBE-AI.10.0.0
2026-05-19 16:58:58,770 [WARN] PackLoader:240 - Cannot read IP mode file for STMicroelectronics.FP-SNS-STBOX1.2.1.0
2026-05-19 16:58:58,777 [WARN] PackLoader:240 - Cannot read IP mode file for STMicroelectronics.FP-SNS-SMARTAG2.1.2.0
2026-05-19 16:58:58,780 [INFO] WebApp:900 - Register for checkConnection events
2026-05-19 16:58:58,780 [INFO] WebApp:463 - Apply proxy settings
2026-05-19 16:58:58,780 [INFO] WebApp:548 - Chromium requires no authentication
2026-05-19 16:58:58,781 [INFO] WebApp:491 - Direct internet connection detected
2026-05-19 16:58:58,783 [WARN] PackLoader:240 - Cannot read IP mode file for STMicroelectronics.FP-SNS-FLIGHT1.5.1.0
2026-05-19 16:58:58,838 [WARN] PackLoader:240 - Cannot read IP mode file for STMicroelectronics.X-CUBE-MEMS1.11.1.0
2026-05-19 16:58:58,982 [INFO] LogOutputStream:77 - [STDOUT_REDIRECT] 1 : Invalid condition id : UX_CORESTACK_Condition cause : null
2026-05-19 16:58:58,985 [INFO] LogOutputStream:77 - [STDOUT_REDIRECT] 1 : Invalid condition id : UX_CORESTACK_Condition cause : null
2026-05-19 16:58:58,987 [INFO] LogOutputStream:77 - [STDOUT_REDIRECT] 1 : Invalid condition id : UX_CORESTACK_Condition cause : null
2026-05-19 16:58:58,990 [INFO] LogOutputStream:77 - [STDOUT_REDIRECT] 1 : Invalid condition id : UX_CORESTACK_Condition cause : null
2026-05-19 16:58:58,992 [INFO] LogOutputStream:77 - [STDOUT_REDIRECT] 1 : Invalid condition id : UX_CORESTACK_Condition cause : null
2026-05-19 16:58:58,997 [WARN] PackLoader:240 - Cannot read IP mode file for STMicroelectronics.X-CUBE-AZRTOS-WL.2.0.0
2026-05-19 16:58:59,005 [WARN] PackLoader:240 - Cannot read IP mode file for STMicroelectronics.FP-SNS-MOTENV1.5.0.0
2026-05-19 16:58:59,074 [WARN] PackLoader:240 - Cannot read IP mode file for STMicroelectronics.X-CUBE-AZRTOS-H7RS.1.2.0
2026-05-19 16:58:59,099 [WARN] PackLoader:240 - Cannot read IP mode file for WES.I-CUBE-Cesium.1.3.0
2026-05-19 16:58:59,116 [WARN] PackLoader:240 - Cannot read IP mode file for STMicroelectronics.X-CUBE-BLE2.3.3.0
2026-05-19 16:58:59,119 [INFO] WebApp:191 - Connection restablished
2026-05-19 16:58:59,137 [WARN] PackLoader:240 - Cannot read IP mode file for STMicroelectronics.X-CUBE-NFC9.1.0.0
2026-05-19 16:58:59,146 [WARN] PackLoader:240 - Cannot read IP mode file for STMicroelectronics.X-CUBE-BLE1.7.1.0
2026-05-19 16:58:59,152 [WARN] PackLoader:240 - Cannot read IP mode file for wolfSSL.I-CUBE-wolfMQTT.1.19.2
2026-05-19 16:58:59,159 [WARN] PackLoader:240 - Cannot read IP mode file for STMicroelectronics.X-CUBE-EEPRMA1.5.2.0
2026-05-19 16:58:59,169 [WARN] PackLoader:240 - Cannot read IP mode file for STMicroelectronics.FP-SNS-STAIOTCFT.1.1.0
2026-05-19 16:58:59,234 [WARN] PackLoader:240 - Cannot read IP mode file for STMicroelectronics.X-CUBE-MEMS1.12.0.0
2026-05-19 16:58:59,326 [WARN] PackLoader:240 - Cannot read IP mode file for STMicroelectronics.X-CUBE-MEMS1.11.2.0
2026-05-19 16:58:59,472 [WARN] PackLoader:240 - Cannot read IP mode file for STMicroelectronics.X-CUBE-AZRTOS-G0.1.1.0
2026-05-19 16:58:59,480 [WARN] PackLoader:240 - Cannot read IP mode file for STMicroelectronics.X-CUBE-SAFEA1.1.2.2
2026-05-19 16:58:59,489 [WARN] PackLoader:240 - Cannot read IP mode file for STMicroelectronics.X-CUBE-NFC4.3.0.0
2026-05-19 16:58:59,503 [WARN] PackLoader:240 - Cannot read IP mode file for EmbeddedOffice.I-CUBE-FS-RTOS.1.0.1
2026-05-19 16:58:59,511 [WARN] PackLoader:240 - Cannot read IP mode file for STMicroelectronics.X-CUBE-WB05N.2.0.0
2026-05-19 16:58:59,517 [WARN] PackLoader:240 - Cannot read IP mode file for wolfSSL.I-CUBE-wolfTPM.3.8.0
2026-05-19 16:58:59,524 [WARN] PackLoader:240 - Cannot read IP mode file for STMicroelectronics.X-CUBE-TCPP.4.2.0
2026-05-19 16:58:59,531 [WARN] PackLoader:240 - Cannot read IP mode file for RealThread.X-CUBE-RT-Thread_Nano.4.1.1
2026-05-19 16:58:59,538 [WARN] PackLoader:240 - Cannot read IP mode file for STMicroelectronics.FP-ATR-SIGFOX1.3.2.0
2026-05-19 16:58:59,543 [WARN] PackLoader:240 - Cannot read IP mode file for STMicroelectronics.X-CUBE-EEPRMA1.5.1.0
2026-05-19 16:58:59,552 [WARN] PackLoader:240 - Cannot read IP mode file for STMicroelectronics.X-CUBE-FREERTOS.1.5.0
2026-05-19 16:58:59,559 [WARN] PackLoader:240 - Cannot read IP mode file for wolfSSL.I-CUBE-wolfSSL.5.7.6
2026-05-19 16:58:59,569 [WARN] PackLoader:240 - Cannot read IP mode file for ITTIA_DB.I-CUBE-ITTIADB.8.9.0
2026-05-19 16:58:59,577 [WARN] PackLoader:240 - Cannot read IP mode file for STMicroelectronics.X-CUBE-NFC6.3.2.0
2026-05-19 16:58:59,583 [WARN] PackLoader:240 - Cannot read IP mode file for STMicroelectronics.X-CUBE-AI.10.2.0
2026-05-19 16:58:59,615 [WARN] PackLoader:240 - Cannot read IP mode file for STMicroelectronics.X-CUBE-MEMS1.12.1.0
2026-05-19 16:58:59,760 [WARN] PackLoader:240 - Cannot read IP mode file for SEGGER.I-CUBE-embOS.1.3.1
2026-05-19 16:58:59,791 [WARN] PackLoader:240 - Cannot read IP mode file for STMicroelectronics.X-CUBE-ALGOBUILD.1.4.0
2026-05-19 16:58:59,797 [WARN] PackLoader:240 - Cannot read IP mode file for STMicroelectronics.X-CUBE-PM33A1.1.0.0
2026-05-19 16:58:59,810 [WARN] PackLoader:240 - Cannot read IP mode file for STMicroelectronics.X-CUBE-AZRTOS-F4.1.1.0
2026-05-19 16:58:59,817 [WARN] PackLoader:240 - Cannot read IP mode file for Avnet-IotConnect.X-CUBE-IoTC-DA16k-PMOD.1.0.0
2026-05-19 16:58:59,822 [WARN] PackLoader:240 - Cannot read IP mode file for STMicroelectronics.X-CUBE-ISPU.2.1.0
2026-05-19 16:58:59,832 [WARN] PackLoader:240 - Cannot read IP mode file for STMicroelectronics.X-CUBE-IPS.3.2.0
2026-05-19 16:58:59,847 [WARN] PackLoader:240 - Cannot read IP mode file for STMicroelectronics.eDS-WB_DPC_TT-BIDIR.2.1.1
2026-05-19 16:58:59,854 [WARN] PackLoader:240 - Cannot read IP mode file for STMicroelectronics.X-CUBE-NFC12.1.0.0
2026-05-19 16:58:59,867 [WARN] PackLoader:240 - Cannot read IP mode file for STMicroelectronics.X-CUBE-AZRTOS-L5.2.0.0
2026-05-19 16:58:59,874 [WARN] PackLoader:240 - Cannot read IP mode file for STMicroelectronics.X-CUBE-NFC6.3.1.0
2026-05-19 16:58:59,882 [WARN] PackLoader:240 - Cannot read IP mode file for STMicroelectronics.X-CUBE-DPower.1.2.0
2026-05-19 16:58:59,888 [WARN] PackLoader:240 - Cannot read IP mode file for STMicroelectronics.eDS-WB_DPC_VIENNA.1.2.0
2026-05-19 16:58:59,894 [WARN] PackLoader:240 - Cannot read IP mode file for STMicroelectronics.eDS-WB_DPC_3PH2L-BIDIR.1.1.1
2026-05-19 16:58:59,900 [ERROR] Engine:466 - C:\Users\azaki\.stm32cubemx\thirdparties\pdsc\STMicroelectronics.X-CUBE-ST67W61.1.3.0.pdsc: PDSC version is not supported
2026-05-19 16:58:59,906 [WARN] PackLoader:240 - Cannot read IP mode file for STMicroelectronics.X-CUBE-FREERTOS.1.3.0
2026-05-19 16:58:59,913 [WARN] PackLoader:240 - Cannot read IP mode file for STMicroelectronics.X-CUBE-NFC7.1.0.1
2026-05-19 16:58:59,923 [WARN] PackLoader:240 - Cannot read IP mode file for STMicroelectronics.X-CUBE-TOUCHGFX.4.26.1
2026-05-19 16:58:59,927 [WARN] PackLoader:240 - Cannot read IP mode file for STMicroelectronics.FP-SNS-STAIOTCFT.1.0.0
2026-05-19 16:58:59,932 [WARN] PackLoader:240 - Cannot read IP mode file for STMicroelectronics.X-CUBE-DPower.1.3.0
2026-05-19 16:58:59,949 [WARN] ConditionMgr:438 - getConditionDescription Invalid condition id : LAN8742 Phy interface Condition cause : null
2026-05-19 16:58:59,950 [WARN] PackLoader:240 - Cannot read IP mode file for STMicroelectronics.X-CUBE-AZRTOS-L4.2.0.0
2026-05-19 16:58:59,951 [WARN] ConditionMgr:1044 - genDependencies : Invalid condition id : LAN8742 Phy interface Condition cause : null
2026-05-19 16:58:59,951 [WARN] ConditionMgr:1044 - genDependencies : Invalid condition id : LAN8742 Phy interface Condition cause : null
2026-05-19 16:58:59,952 [WARN] ConditionMgr:1044 - genDependencies : Invalid condition id : LAN8742 Phy interface Condition cause : null
2026-05-19 16:58:59,960 [WARN] PackLoader:240 - Cannot read IP mode file for STMicroelectronics.X-CUBE-SFXS2LP1.4.0.0
2026-05-19 16:58:59,968 [WARN] PackLoader:240 - Cannot read IP mode file for STMicroelectronics.X-CUBE-WB05N.2.1.0
2026-05-19 16:58:59,977 [WARN] PackLoader:240 - Cannot read IP mode file for STMicroelectronics.X-CUBE-ST67W61.1.2.0
2026-05-19 16:59:00,001 [WARN] PackLoader:240 - Cannot read IP mode file for STMicroelectronics.X-CUBE-AZRTOS-H7.3.3.0
2026-05-19 16:59:00,014 [WARN] PackLoader:240 - Cannot read IP mode file for STMicroelectronics.X-CUBE-BLEMGR.4.1.0
2026-05-19 16:59:00,030 [WARN] ConditionMgr:438 - getConditionDescription Invalid condition id : UX DEVICE CLASS RTOS Condition cause : null
2026-05-19 16:59:00,030 [WARN] ConditionMgr:438 - getConditionDescription Invalid condition id : UX DEVICE CLASS RTOS Condition cause : null
2026-05-19 16:59:00,032 [WARN] PackLoader:240 - Cannot read IP mode file for STMicroelectronics.X-CUBE-AZRTOS-WB.2.0.0
2026-05-19 16:59:00,032 [WARN] ConditionMgr:1044 - genDependencies : Invalid condition id : UX DEVICE CLASS RTOS Condition cause : null
2026-05-19 16:59:00,032 [WARN] ConditionMgr:1044 - genDependencies : Invalid condition id : UX DEVICE CLASS RTOS Condition cause : null
2026-05-19 16:59:00,033 [WARN] ConditionMgr:1044 - genDependencies : Invalid condition id : UX DEVICE CLASS RTOS Condition cause : null
2026-05-19 16:59:00,033 [WARN] ConditionMgr:1044 - genDependencies : Invalid condition id : UX DEVICE CLASS RTOS Condition cause : null
2026-05-19 16:59:00,033 [WARN] ConditionMgr:1044 - genDependencies : Invalid condition id : UX DEVICE CLASS RTOS Condition cause : null
2026-05-19 16:59:00,042 [WARN] PackLoader:240 - Cannot read IP mode file for STMicroelectronics.X-CUBE-GNSS1.7.0.1
2026-05-19 16:59:00,050 [WARN] PackLoader:240 - Cannot read IP mode file for STMicroelectronics.X-CUBE-TOUCHGFX.4.25.0
2026-05-19 16:59:00,059 [WARN] PackLoader:240 - Cannot read IP mode file for STMicroelectronics.FP-SNS-STBOX1.2.0.0
2026-05-19 16:59:00,070 [WARN] PackLoader:240 - Cannot read IP mode file for STMicroelectronics.X-CUBE-STSE01.2.0.0
2026-05-19 16:59:00,082 [WARN] PackLoader:240 - Cannot read IP mode file for STMicroelectronics.X-CUBE-SUBG2.5.0.0
2026-05-19 16:59:00,102 [WARN] PackLoader:240 - Cannot read IP mode file for STMicroelectronics.X-CUBE-AZRTOS-H7RS.1.1.0
2026-05-19 16:59:00,111 [WARN] PackLoader:240 - Cannot read IP mode file for Cesanta.I-CUBE-Mongoose.7.13.0
2026-05-19 16:59:00,124 [WARN] PackLoader:240 - Cannot read IP mode file for STMicroelectronics.X-CUBE-AZRTOS-G4.2.0.0
2026-05-19 16:59:00,133 [WARN] PackLoader:240 - Cannot read IP mode file for wolfSSL.I-CUBE-wolfSSH.1.4.20
2026-05-19 16:59:00,138 [WARN] PackLoader:240 - Cannot read IP mode file for STMicroelectronics.X-CUBE-NFC7.2.0.0
2026-05-19 16:59:00,148 [WARN] PackLoader:240 - Cannot read IP mode file for STMicroelectronics.X-CUBE-IPS.3.1.0
2026-05-19 16:59:00,160 [WARN] PackLoader:240 - Cannot read IP mode file for STMicroelectronics.X-CUBE-ALS.1.0.2
2026-05-19 16:59:00,176 [WARN] PackLoader:240 - Cannot read IP mode file for portGmbH.I-Cube-SoM-uGOAL.1.1.0
2026-05-19 16:59:00,186 [WARN] PackLoader:240 - Cannot read IP mode file for STMicroelectronics.X-CUBE-TOF1.3.4.2
2026-05-19 16:59:00,203 [WARN] PackLoader:240 - Cannot read IP mode file for STMicroelectronics.X-CUBE-TOF1.3.4.3
2026-05-19 16:59:00,211 [INFO] ThirdParty:978 - Integrity check success = true
2026-05-19 16:59:00,212 [INFO] IntegrityCheckThread:100 - exiting critical section [integrity check]
2026-05-19 16:59:00,212 [INFO] IntegrityCheckThread:103 - End integrity checks thread
2026-05-19 16:59:00,753 [INFO] WebApp:225 - Starting web application
2026-05-19 16:59:00,753 [INFO] WebApp:593 - Web application path used C:\ST\STM32CubeIDE_1.19.0\STM32CubeIDE\plugins\com.st.stm32cube.common.mx_6.15.0.202507011659\db\plugins\mcufinder\reactClient1\index.html
2026-05-19 16:59:00,888 [INFO] UserAuth:487 - Internet connection configuration mode: 1
2026-05-19 17:01:56,209 [INFO] McuFinderGlobals:63 - Set McuFinder mode to 2 (CubeIDE integrated)
2026-05-19 17:01:56,222 [INFO] MainUpdater:2872 - connection check result : 10
2026-05-19 17:01:56,224 [INFO] MainUpdater:2872 - connection check result : 10
2026-05-19 17:01:56,309 [INFO] MicroXplorer:468 - Change Database Path : 
2026-05-19 17:01:56,310 [INFO] MicroXplorer:498 - Change Database Version : DB.6.0.150
2026-05-19 17:01:56,331 [WARN] ThirdParty:871 - waiting for thirdparty lock release [close project]
2026-05-19 17:01:56,331 [INFO] ThirdParty:873 - entering critical section [close project]
2026-05-19 17:01:56,333 [INFO] ThirdParty:883 - exiting critical section [close project]
2026-05-19 17:01:56,337 [INFO] PinOutPanel:1589 - setPackage(No Configuration,No Configuration)
2026-05-19 17:01:56,342 [INFO] UtilMem:75 - Begin LoadConfig() Used Memory: 845588856 Bytes (1073741824)
2026-05-19 17:01:56,345 [INFO] MicroXplorer:468 - Change Database Path : 
2026-05-19 17:01:56,345 [INFO] MicroXplorer:498 - Change Database Version : DB.6.0.150
2026-05-19 17:01:56,346 [INFO] OpenFileManager:355 - Change cursor
2026-05-19 17:01:56,422 [INFO] Mcu:2029 - Initializing MCU STM32L432K(B-C)Ux STM32L432KCUx STM32L432KCU3
2026-05-19 17:01:58,880 [INFO] Context:786 - Trying to add GPIOservice into a context  which must be forbidden
2026-05-19 17:01:59,495 [INFO] ImportTextPane:234 - (OptionalMessage_ERROR) Pin12 (VP_RIF_VS_RIF1) cannot be retrieved for this MCU
2026-05-19 17:01:59,697 [INFO] RtosManager:558 - Registered RTOS mode: class=CMSIS, group=RTOS, mode=CMSIS_V1, owner=FREERTOS
2026-05-19 17:01:59,697 [INFO] RtosManager:558 - Registered RTOS mode: class=CMSIS, group=RTOS2, mode=CMSIS_V2, owner=FREERTOS
2026-05-19 17:01:59,697 [INFO] RtosManager:558 - Registered RTOS mode: class=RTOS, group=Core, mode=CMSIS_V1, owner=FREERTOS
2026-05-19 17:01:59,697 [INFO] RtosManager:558 - Registered RTOS mode: class=RTOS, group=Core, mode=CMSIS_V2, owner=FREERTOS
2026-05-19 17:01:59,698 [WARN] ModelIntegratedComponent:184 - Missing modes for component STMicroelectronics:FreeRTOS:0.0.1:STMicroelectronics:RTOS:FreeRTOS:Core:::10.2.0:
2026-05-19 17:01:59,712 [WARN] ModelIntegratedComponent:63 - No mode defined for component null
2026-05-19 17:01:59,713 [WARN] ModelIntegratedComponent:63 - No mode defined for component null
2026-05-19 17:01:59,713 [WARN] ModelIntegratedComponent:63 - No mode defined for component null
2026-05-19 17:01:59,713 [WARN] ModelIntegratedComponent:63 - No mode defined for component null
2026-05-19 17:01:59,713 [WARN] ModelIntegratedComponent:63 - No mode defined for component null
2026-05-19 17:01:59,713 [WARN] ModelIntegratedComponent:63 - No mode defined for component null
2026-05-19 17:01:59,713 [WARN] ModelIntegratedComponent:63 - No mode defined for component null
2026-05-19 17:01:59,713 [WARN] ModelIntegratedComponent:63 - No mode defined for component null
2026-05-19 17:01:59,713 [WARN] ModelIntegratedComponent:63 - No mode defined for component null
2026-05-19 17:01:59,713 [WARN] ModelIntegratedComponent:63 - No mode defined for component null
2026-05-19 17:01:59,713 [WARN] ModelIntegratedComponent:63 - No mode defined for component null
2026-05-19 17:01:59,713 [WARN] ModelIntegratedComponent:63 - No mode defined for component null
2026-05-19 17:01:59,713 [WARN] ModelIntegratedComponent:63 - No mode defined for component null
2026-05-19 17:01:59,713 [WARN] ModelIntegratedComponent:63 - No mode defined for component null
2026-05-19 17:01:59,713 [WARN] ModelIntegratedComponent:63 - No mode defined for component null
2026-05-19 17:01:59,713 [WARN] ModelIntegratedComponent:63 - No mode defined for component null
2026-05-19 17:01:59,713 [WARN] ModelIntegratedComponent:63 - No mode defined for component null
2026-05-19 17:01:59,713 [WARN] ModelIntegratedComponent:63 - No mode defined for component null
2026-05-19 17:01:59,713 [WARN] ModelIntegratedComponent:63 - No mode defined for component null
2026-05-19 17:01:59,713 [WARN] ModelIntegratedComponent:63 - No mode defined for component null
2026-05-19 17:01:59,713 [WARN] ModelIntegratedComponent:63 - No mode defined for component null
2026-05-19 17:01:59,714 [WARN] ModelIntegratedComponent:63 - No mode defined for component null
2026-05-19 17:01:59,714 [WARN] ModelIntegratedComponent:63 - No mode defined for component null
2026-05-19 17:01:59,714 [WARN] ModelIntegratedComponent:63 - No mode defined for component null
2026-05-19 17:01:59,714 [WARN] ModelIntegratedComponent:63 - No mode defined for component null
2026-05-19 17:01:59,714 [WARN] ModelIntegratedComponent:63 - No mode defined for component null
2026-05-19 17:01:59,714 [WARN] ModelIntegratedComponent:63 - No mode defined for component null
2026-05-19 17:01:59,714 [WARN] ModelIntegratedComponent:63 - No mode defined for component null
2026-05-19 17:01:59,714 [WARN] ModelIntegratedComponent:63 - No mode defined for component null
2026-05-19 17:01:59,714 [WARN] ModelIntegratedComponent:63 - No mode defined for component null
2026-05-19 17:01:59,714 [WARN] ModelIntegratedComponent:63 - No mode defined for component null
2026-05-19 17:01:59,714 [WARN] ModelIntegratedComponent:63 - No mode defined for component null
2026-05-19 17:01:59,714 [WARN] ModelIntegratedComponent:63 - No mode defined for component null
2026-05-19 17:01:59,714 [WARN] ModelIntegratedComponent:63 - No mode defined for component null
2026-05-19 17:01:59,714 [WARN] ModelIntegratedComponent:63 - No mode defined for component null
2026-05-19 17:01:59,714 [WARN] ModelPack:524 - Component already loaded: STMicroelectronics:HAL Drivers:0.0.0:STMicroelectronics:Device:STMicro_Driver:XSPI:HAL::0.0.1:HAL_XSPI
2026-05-19 17:02:00,240 [INFO] ThirdPartyModel:298 - Start build external matchings
2026-05-19 17:02:01,586 [INFO] ThirdPartyModel:316 - End build external matchings
2026-05-19 17:02:01,646 [INFO] ImportTextPane:234 - (OptionalMessage_ERROR) IP (ADC1) : Parameter (CommonPathInternal) has invalid value (null|null|null|null)
2026-05-19 17:02:01,646 [INFO] ImportTextPane:234 - (OptionalMessage_ERROR) IP (DMA) : Parameter (Instance) has Id (ADC1) currently not set
2026-05-19 17:02:01,646 [INFO] ImportTextPane:234 - (OptionalMessage_ERROR) IP (DMA) : Parameter (Request) has Id (ADC1) currently not set
2026-05-19 17:02:01,646 [INFO] ImportTextPane:234 - (OptionalMessage_ERROR) IP (DMA) : Parameter (Direction) has Id (ADC1) currently not set
2026-05-19 17:02:01,646 [INFO] ImportTextPane:234 - (OptionalMessage_ERROR) IP (DMA) : Parameter (PeriphInc) has Id (ADC1) currently not set
2026-05-19 17:02:01,646 [INFO] ImportTextPane:234 - (OptionalMessage_ERROR) IP (DMA) : Parameter (MemInc) has Id (ADC1) currently not set
2026-05-19 17:02:01,647 [INFO] ImportTextPane:234 - (OptionalMessage_ERROR) IP (DMA) : Parameter (PeriphDataAlignment) has Id (ADC1) currently not set
2026-05-19 17:02:01,647 [INFO] ImportTextPane:234 - (OptionalMessage_ERROR) IP (DMA) : Parameter (MemDataAlignment) has Id (ADC1) currently not set
2026-05-19 17:02:01,647 [INFO] ImportTextPane:234 - (OptionalMessage_ERROR) IP (DMA) : Parameter (Mode) has Id (ADC1) currently not set
2026-05-19 17:02:01,649 [INFO] ImportTextPane:234 - (OptionalMessage_ERROR) IP (DMA) : Parameter (Priority) has Id (ADC1) currently not set
2026-05-19 17:02:01,649 [INFO] ImportTextPane:234 - (OptionalMessage_ERROR) IP (DMA) : Parameter (Instance) has Id (USART2_TX) currently not set
2026-05-19 17:02:01,649 [INFO] ImportTextPane:234 - (OptionalMessage_ERROR) IP (DMA) : Parameter (Request) has Id (USART2_TX) currently not set
2026-05-19 17:02:01,649 [INFO] ImportTextPane:234 - (OptionalMessage_ERROR) IP (DMA) : Parameter (Direction) has Id (USART2_TX) currently not set
2026-05-19 17:02:01,649 [INFO] ImportTextPane:234 - (OptionalMessage_ERROR) IP (DMA) : Parameter (PeriphInc) has Id (USART2_TX) currently not set
2026-05-19 17:02:01,649 [INFO] ImportTextPane:234 - (OptionalMessage_ERROR) IP (DMA) : Parameter (MemInc) has Id (USART2_TX) currently not set
2026-05-19 17:02:01,649 [INFO] ImportTextPane:234 - (OptionalMessage_ERROR) IP (DMA) : Parameter (PeriphDataAlignment) has Id (USART2_TX) currently not set
2026-05-19 17:02:01,649 [INFO] ImportTextPane:234 - (OptionalMessage_ERROR) IP (DMA) : Parameter (MemDataAlignment) has Id (USART2_TX) currently not set
2026-05-19 17:02:01,649 [INFO] ImportTextPane:234 - (OptionalMessage_ERROR) IP (DMA) : Parameter (Mode) has Id (USART2_TX) currently not set
2026-05-19 17:02:01,650 [INFO] ImportTextPane:234 - (OptionalMessage_ERROR) IP (DMA) : Parameter (Priority) has Id (USART2_TX) currently not set
2026-05-19 17:02:01,652 [INFO] ImportTextPane:234 - (OptionalMessage_ERROR) IP (RCC) : Invalid parameter (48CLKFreq_Value)
2026-05-19 17:02:01,653 [INFO] ImportTextPane:234 - (OptionalMessage_ERROR) IP (RCC) : Invalid parameter (FamilyName)
2026-05-19 17:02:01,653 [INFO] ImportTextPane:234 - (OptionalMessage_ERROR) IP (RCC) : Invalid parameter (HSI16_VALUE)
2026-05-19 17:02:01,654 [INFO] ImportTextPane:234 - (OptionalMessage_ERROR) IP (RCC) : Invalid parameter (LPTIMFreq_Value)
2026-05-19 17:02:01,654 [INFO] ImportTextPane:234 - (OptionalMessage_ERROR) IP (RCC) : Invalid parameter (LPUARTFreq_Value)
2026-05-19 17:02:01,654 [INFO] ImportTextPane:234 - (OptionalMessage_ERROR) IP (RCC) : Invalid parameter (MCOPinFreq_Value)
2026-05-19 17:02:01,654 [INFO] ImportTextPane:234 - (OptionalMessage_ERROR) IP (RCC) : Invalid parameter (PLLCLKFreq_Value)
2026-05-19 17:02:01,654 [INFO] ImportTextPane:234 - (OptionalMessage_ERROR) IP (RCC) : Invalid parameter (PLLMUL)
2026-05-19 17:02:01,655 [INFO] ImportTextPane:234 - (OptionalMessage_ERROR) IP (RCC) : Invalid parameter (RTCHSEDivFreq_Value)
2026-05-19 17:02:01,655 [INFO] ImportTextPane:234 - (OptionalMessage_ERROR) IP (RCC) : Invalid parameter (TIMFreq_Value)
2026-05-19 17:02:01,655 [INFO] ImportTextPane:234 - (OptionalMessage_ERROR) IP (RCC) : Invalid parameter (TimerFreq_Value)
2026-05-19 17:02:01,656 [INFO] ImportTextPane:234 - (OptionalMessage_ERROR) IP (RCC) : Parameter (USBFreq_Value) has invalid value (32000000)
2026-05-19 17:02:02,138 [INFO] ApiDb:581 - Connected to CubeFinder SQLite database (C:\Users\azaki\.stmcufinder\plugins\mcufinder\mcu\cube-finder-db.db)
2026-05-19 17:02:02,272 [INFO] ApiDb:668 - CubeFinder database Data Model version=2.1
2026-05-19 17:02:02,272 [INFO] ApiDb:669 - CubeFinder database Configuration version=3.0.42
2026-05-19 17:02:02,272 [INFO] ApiDb:670 - CubeFinder database generation date=2026-05-06 (1778060171)
2026-05-19 17:02:02,272 [INFO] ApiDb:671 - CubeFinder database FW Pack versions=[FP-ATR-ASTRA1_V2.0.0, FP-SNS-FLIGHT1_V5.1.0, FP-SNS-MOTENV1_V5.1.0, FP-SNS-MOTENVWB1_V1.5.0, FP-SNS-SMARTAG2_V1.2.0, FP-SNS-STBOX1_V2.1.0, STM32Cube_FW_C0_V1.4.0, STM32Cube_FW_F4_V1.28.3, STM32Cube_FW_F7_V1.17.4, STM32Cube_FW_G0_V1.6.3, STM32Cube_FW_G4_V1.6.2, STM32Cube_FW_H5_V1.6.0, STM32Cube_FW_H7RS_V1.3.0, STM32Cube_FW_H7_V1.13.0, STM32Cube_FW_L0_V1.12.2, STM32Cube_FW_L4_V1.18.2, STM32Cube_FW_L5_V1.6.0, STM32Cube_FW_N6_V1.3.0, STM32Cube_FW_U0_V1.3.0, STM32Cube_FW_U3_V1.3.0, STM32Cube_FW_U5_V1.8.0, STM32Cube_FW_WB0_V1.4.0, STM32Cube_FW_WBA_V1.9.0, STM32Cube_FW_WB_V1.24.0, STM32Cube_FW_WL3_V1.4.0, STM32Cube_FW_WL_V1.5.0, X-CUBE-ALGOBUILD_V1.4.0, X-CUBE-ALS_V1.0.2, X-CUBE-AZRTOS-F4_V1.1.0, X-CUBE-AZRTOS-F7_V1.1.0, X-CUBE-AZRTOS-G0_V1.1.0, X-CUBE-AZRTOS-G4_V2.0.0, X-CUBE-AZRTOS-H7RS_V1.1.0, X-CUBE-AZRTOS-H7_V3.5.0, X-CUBE-AZRTOS-L4_V2.0.0, X-CUBE-AZRTOS-L5_V2.0.0, X-CUBE-AZRTOS-WB_V2.0.0, X-CUBE-AZRTOS-WL_V2.0.0, X-CUBE-BLE1_V7.1.0, X-CUBE-BLE2_V3.3.0, X-CUBE-BLEMGR_V4.1.0, X-CUBE-EEPRMA1_V5.2.0, X-CUBE-FREERTOS_V1.5.0, X-CUBE-GNSS1_V6.0.0, X-CUBE-MEMS1_V12.0.0, X-CUBE-NFC4_V3.0.0, X-CUBE-NFC7_V2.0.0, X-CUBE-SFXS2LP1_V4.0.0, X-CUBE-ST67W61_V1.2.0, X-CUBE-SUBG2_V5.0.0, X-CUBE-TOF1_V3.4.3]
2026-05-19 17:02:02,446 [INFO] DbBoardsSqlite:226 - include board P-NUCLEO-WB55-NUCLEO as a kit item of type 'Nucleo-64'
2026-05-19 17:02:02,447 [INFO] DbBoardsSqlite:226 - include board P-NUCLEO-WB55-USBDONGLE as a kit item of type 'Nucleo USB Dongle'
2026-05-19 17:02:02,448 [INFO] DbBoardsSqlite:226 - include board STEVAL-IDP005V1 as a kit item of type 'Evaluation Board'
2026-05-19 17:02:02,449 [INFO] DbBoardsSqlite:226 - include board STEVAL-IDP005V2 as a kit item of type 'Evaluation Board'
2026-05-19 17:02:02,944 [INFO] ApiDb:240 - Found 880 in-development CPN: [B-G473E-ZEST1S, B-WB1M-WPAN1, B-WBA5M-WPAN, B-WL5M-SUBG1, NUCLEO-C031C6, NUCLEO-C051C8, NUCLEO-C071RB, NUCLEO-C092RC, NUCLEO-H503RB, NUCLEO-H533RE, NUCLEO-H563ZI, NUCLEO-H7S3L8, NUCLEO-N657X0-Q, NUCLEO-U031R8, NUCLEO-U083RC, NUCLEO-U385RG-Q, NUCLEO-U545RE-Q, NUCLEO-U5A5ZJ-Q, NUCLEO-WB05KZ, NUCLEO-WB07CC, NUCLEO-WB09KE, NUCLEO-WBA52CG, NUCLEO-WBA55CG, NUCLEO-WL33CC1, NUCLEO-WL33CC2, STEVAL-PROTEUS1, STEVAL-SMARTAG2, STEVAL-STWINBX1, STM320518-EVAL, STM32C0116-DK, STM32C011D6Y3TR, STM32C011D6Y6TR, STM32C011F4P3, STM32C011F4P6, STM32C011F4U3, STM32C011F4U6TR, STM32C011F6P3, STM32C011F6P6, STM32C011F6U3, STM32C011F6U6TR, STM32C011J4M3, STM32C011J4M6, STM32C011J6M3, STM32C011J6M6, STM32C0316-DK, STM32C031C4T3, STM32C031C4T6, STM32C031C4U3, STM32C031C4U6, STM32C031C6T3, STM32C031C6T6, STM32C031C6U3, STM32C031C6U6, STM32C031F4P3, STM32C031F4P6, STM32C031F6P3, STM32C031F6P6, STM32C031G4U3, STM32C031G4U6, STM32C031G6U3, STM32C031G6U6, STM32C031K4T3, STM32C031K4T6, STM32C031K4U3, STM32C031K4U6, STM32C031K6T3, STM32C031K6T6, STM32C031K6U3, STM32C031K6U6, STM32C051C6T6, STM32C051C6U6, STM32C051C8T6, STM32C051C8U6, STM32C051D8Y6TR, STM32C051F6P6, STM32C051F8P6, STM32C051G6U6, STM32C051G8U6, STM32C051K6T6, STM32C051K6U6, STM32C051K8T6, STM32C071C8T6, STM32C071C8T6N, STM32C071C8U6, STM32C071C8U6N, STM32C071CBT6, STM32C071CBT6N, STM32C071CBU6, STM32C071CBU6N, STM32C071F8P6, STM32C071F8P6N, STM32C071FBP6, STM32C071FBP6N, STM32C071FBY6TR, STM32C071G8U6, STM32C071G8U6N, STM32C071GBU6, STM32C071GBU6N, STM32C071K8T6, STM32C071K8T6N, STM32C071K8U6, STM32C071K8U6N, STM32C071KBT6, STM32C071KBT6N, STM32C071KBU6, STM32C071KBU6N, STM32C071R8T6, STM32C071R8T6N, STM32C071RBI6N, STM32C071RBT6, STM32C071RBT6N, STM32C091CBT6, STM32C091CBU6, STM32C091CCT6, STM32C091CCU6, STM32C091ECY6TR, STM32C091FBP6, STM32C091FCP6, STM32C091GBU6, STM32C091GCU6, STM32C091KBT6, STM32C091KBU6, STM32C091KCT6, STM32C091KCU6, STM32C091RBT6, STM32C091RCI6, STM32C091RCT6, STM32C092CBT6, STM32C092CBU6, STM32C092CCT6, STM32C092CCU6, STM32C092ECY6TR, STM32C092FBP6, STM32C092FCP6, STM32C092GBU6, STM32C092GCU6, STM32C092KBT6, STM32C092KBU6, STM32C092KCT6, STM32C092KCU6, STM32C092RBT6, STM32C092RCI6, STM32C092RCT6, STM32G071K8TXN, STM32G071K8UXN, STM32G081GBU6N, STM32G081KBT6N, STM32G081KBUXN, STM32G0B1CCT6N, STM32G0B1KCT6, STM32G0B1NEY6TR, STM32G0B1RCT6N, STM32G0C1CCT6, STM32G0C1CCT6N, STM32G0C1CCU6N, STM32G0C1CET6N, STM32G0C1CEU6N, STM32G0C1KCT6, STM32G0C1NEY6TR, STM32G0C1RCI6N, STM32G0C1RCT6N, STM32G0C1REI6N, STM32G0C1RET6N, STM32G0C1VCI6, STM32G0C1VEI6, STM32G411C6T3, STM32G411C6T6, STM32G411C6U3, STM32G411C6U6, STM32G411C8T3, STM32G411C8T6, STM32G411C8U3, STM32G411C8U6, STM32G411CBT3, STM32G411CBT6, STM32G411CBU3, STM32G411CBU6, STM32G411K6T3, STM32G411K6T6, STM32G411K6U3, STM32G411K6U6, STM32G411K8T3, STM32G411K8T6, STM32G411K8U3, STM32G411K8U6, STM32G411KBT3, STM32G411KBT6, STM32G411KBU3, STM32G411KBU6, STM32G411M6T3, STM32G411M6T6, STM32G411M8T3, STM32G411M8T6, STM32G411MBT3, STM32G411MBT6, STM32G411R6T3, STM32G411R6T6, STM32G411R8T3, STM32G411R8T6, STM32G411RBT3, STM32G411RBT6, STM32G414CBT3, STM32G414CBT6, STM32G414CBU3, STM32G414CBU6, STM32G414CCT3, STM32G414CCT6, STM32G414CCU3, STM32G414CCU6, STM32G414MBT3, STM32G414MBT6, STM32G414MCT3, STM32G414MCT6, STM32G414RBT3, STM32G414RBT6, STM32G414RCT3, STM32G414RCT6, STM32G414VBT3, STM32G414VBT6, STM32G414VCT3, STM32G414VCT6, STM32G431CBT3Z, STM32G431RBT3Z, STM32G471CCT6, STM32G471CCU6, STM32G471CET3, STM32G471CET6, STM32G471CEU3, STM32G471CEU6, STM32G471MCT6, STM32G471MET3, STM32G471MET6, STM32G471MEY6TR, STM32G471QCT6, STM32G471QET3, STM32G471RCT6, STM32G471RET3, STM32G471RET6, STM32G471VCH6, STM32G471VCI6, STM32G471VCT6, STM32G471VEH3, STM32G471VEH6, STM32G471VEI3, STM32G471VEI6, STM32G471VET3, STM32G471VET6, STM32G473QET3Z, STM32G473RET3Z, STM32G474CCT6, STM32G491RET3Z, STM32H503CBT6, STM32H503CBU6, STM32H503EBY6TR, STM32H503KBU6, STM32H503RBT6, STM32H523CCT6, STM32H523CCU6, STM32H523CET6, STM32H523CEU6, STM32H523HEY6TR, STM32H523RCT6, STM32H523RET6, STM32H523VCI6, STM32H523VCT6, STM32H523VEI6, STM32H523VET6, STM32H523ZCJ6, STM32H523ZCT6, STM32H523ZEJ6, STM32H523ZET6, STM32H533CET6, STM32H533CEU6, STM32H533HEY6TR, STM32H533RET6, STM32H533VEI6, STM32H533VET6, STM32H533ZEJ6, STM32H533ZET6, STM32H562AGI6, STM32H562AII6, STM32H562IGK6, STM32H562IGT6, STM32H562IIK6, STM32H562IIT6, STM32H562RGT6, STM32H562RGV6, STM32H562RIT6, STM32H562RIV6, STM32H562VGT6, STM32H562VIT6, STM32H562ZGT6, STM32H562ZIT6, STM32H563AGI6, STM32H563AII3Q, STM32H563AII6, STM32H563IGK6, STM32H563IGT6, STM32H563IIK3Q, STM32H563IIK6, STM32H563IIT3Q, STM32H563IIT6, STM32H563MIY3QTR, STM32H563RGT6, STM32H563RGV6, STM32H563RIT6, STM32H563RIV6, STM32H563VGT6, STM32H563VIT3Q, STM32H563VIT6, STM32H563ZGT6, STM32H563ZIT3Q, STM32H563ZIT6, STM32H573AII3Q, STM32H573AII6, STM32H573I-DK, STM32H573IIK3Q, STM32H573IIK6, STM32H573IIT3Q, STM32H573IIT6, STM32H573MIY3QTR, STM32H573RIT6, STM32H573RIV6, STM32H573VIT3Q, STM32H573VIT6, STM32H573ZIT3Q, STM32H573ZIT6, STM32H7R3A8I6, STM32H7R3I8K6, STM32H7R3I8T6, STM32H7R3L8H6, STM32H7R3L8H6H, STM32H7R3R8V6, STM32H7R3V8H6, STM32H7R3V8T6, STM32H7R3V8Y6TR, STM32H7R3Z8J6, STM32H7R3Z8T6, STM32H7R7A8I6, STM32H7R7I8K6, STM32H7R7I8T6, STM32H7R7L8H6, STM32H7R7L8H6H, STM32H7R7Z8J6, STM32H7S3A8I6, STM32H7S3I8K6, STM32H7S3I8T6, STM32H7S3L8H6, STM32H7S3L8H6H, STM32H7S3R8V6, STM32H7S3V8H6, STM32H7S3V8T6, STM32H7S3V8Y6TR, STM32H7S3Z8J6, STM32H7S3Z8T6, STM32H7S78-DK, STM32H7S7A8I6, STM32H7S7I8K6, STM32H7S7I8T6, STM32H7S7L8H6, STM32H7S7L8H6H, STM32H7S7Z8J6, STM32L4R5QGI6STR, STM32MP131AAE3, STM32MP131AAF3, STM32MP131AAG3, STM32MP131CAE3, STM32MP131CAF3, STM32MP131CAG3, STM32MP131DAE7, STM32MP131DAF7, STM32MP131DAG7, STM32MP131FAE7, STM32MP131FAF7, STM32MP131FAG7, STM32MP133AAE3, STM32MP133AAF3, STM32MP133AAG3, STM32MP133CAE3, STM32MP133CAF3, STM32MP133CAG3, STM32MP133DAE7, STM32MP133DAF7, STM32MP133DAG7, STM32MP133FAE7, STM32MP133FAF7, STM32MP133FAG7, STM32MP135AAE3, STM32MP135AAF3, STM32MP135AAG3, STM32MP135CAE3, STM32MP135CAF3, STM32MP135CAG3, STM32MP135DAE7, STM32MP135DAF7, STM32MP135DAG7, STM32MP135F-DK, STM32MP135FAE7, STM32MP135FAF7, STM32MP135FAF7T, STM32MP135FAF7U, STM32MP135FAG7, STM32MP211AAL3, STM32MP211AAM3, STM32MP211AAN3, STM32MP211AAO3, STM32MP211CAL3, STM32MP211CAM3, STM32MP211CAN3, STM32MP211CAO3, STM32MP211DAL3, STM32MP211DAM3, STM32MP211DAN3, STM32MP211DAO3, STM32MP211FAL3, STM32MP211FAM3, STM32MP211FAN3, STM32MP211FAO3, STM32MP213AAL3, STM32MP213AAM3, STM32MP213AAN3, STM32MP213AAO3, STM32MP213CAL3, STM32MP213CAM3, STM32MP213CAN3, STM32MP213CAO3, STM32MP213DAL3, STM32MP213DAM3, STM32MP213DAN3, STM32MP213DAO3, STM32MP213FAL3, STM32MP213FAM3, STM32MP213FAN3, STM32MP213FAO3, STM32MP215AAL3, STM32MP215AAM3, STM32MP215AAN3, STM32MP215AAO3, STM32MP215CAL3, STM32MP215CAM3, STM32MP215CAN3, STM32MP215CAO3, STM32MP215DAL3, STM32MP215DAM3, STM32MP215DAN3, STM32MP215DAO3, STM32MP215F-DK, STM32MP215FAL3, STM32MP215FAM3, STM32MP215FAN3, STM32MP215FAO3, STM32MP231AAJ3, STM32MP231AAK3, STM32MP231AAL3, STM32MP231CAJ3, STM32MP231CAK3, STM32MP231CAL3, STM32MP231DAJ3, STM32MP231DAK3, STM32MP231DAL3, STM32MP231FAJ3, STM32MP231FAK3, STM32MP231FAL3, STM32MP233AAJ3, STM32MP233AAK3, STM32MP233AAL3, STM32MP233CAJ3, STM32MP233CAK3, STM32MP233CAL3, STM32MP233DAJ3, STM32MP233DAK3, STM32MP233DAL3, STM32MP233FAJ3, STM32MP233FAK3, STM32MP233FAL3, STM32MP235AAJ3, STM32MP235AAK3, STM32MP235AAL3, STM32MP235CAJ3, STM32MP235CAK3, STM32MP235CAL3, STM32MP235DAJ3, STM32MP235DAK3, STM32MP235DAL3, STM32MP235FAJ3, STM32MP235FAK3, STM32MP235FAL3, STM32MP251AAI3, STM32MP251AAK3, STM32MP251AAL3, STM32MP251CAI3, STM32MP251CAK3, STM32MP251CAL3, STM32MP251DAI3, STM32MP251DAK3, STM32MP251DAL3, STM32MP251FAI3, STM32MP251FAK3, STM32MP251FAL3, STM32MP253AAI3, STM32MP253AAK3, STM32MP253AAL3, STM32MP253CAI3, STM32MP253CAK3, STM32MP253CAL3, STM32MP253DAI3, STM32MP253DAK3, STM32MP253DAL3, STM32MP253FAI3, STM32MP253FAK3, STM32MP253FAL3, STM32MP255AAI3, STM32MP255AAK3, STM32MP255AAL3, STM32MP255CAI3, STM32MP255CAK3, STM32MP255CAL3, STM32MP255DAI3, STM32MP255DAK3, STM32MP255DAL3, STM32MP255FAI3, STM32MP255FAK3, STM32MP255FAL3, STM32MP257AAI3, STM32MP257AAK3, STM32MP257AAL3, STM32MP257CAI3, STM32MP257CAK3, STM32MP257CAL3, STM32MP257DAI3, STM32MP257DAK3, STM32MP257DAL3, STM32MP257F-DK, STM32MP257F-EV1, STM32MP257FAI3, STM32MP257FAK3, STM32MP257FAL3, STM32N645A0H3Q, STM32N645B0H3Q, STM32N645I0H3Q, STM32N645L0H3Q, STM32N645X0H3Q, STM32N645Z0H3Q, STM32N647A0H3Q, STM32N647B0H3Q, STM32N647I0H3Q, STM32N647L0H3Q, STM32N647X0H3Q, STM32N647Z0H3Q, STM32N655A0H3Q, STM32N655B0H3Q, STM32N655I0H3Q, STM32N655L0H3Q, STM32N655X0H3Q, STM32N655Z0H3Q, STM32N6570-DK, STM32N657A0H3Q, STM32N657B0H3Q, STM32N657I0H3Q, STM32N657L0H3Q, STM32N657X0H3Q, STM32N657Z0H3Q, STM32U031C6T6, STM32U031C6U6, STM32U031C8T6, STM32U031C8U6, STM32U031F4P6, STM32U031F6P6, STM32U031F8P6, STM32U031G6Y6TR, STM32U031G8Y6TR, STM32U031K4U6, STM32U031K6U6, STM32U031K8U6, STM32U031R6I6, STM32U031R6T6, STM32U031R8I6, STM32U031R8T6, STM32U073C8T6, STM32U073C8U6, STM32U073CBT6, STM32U073CBU6, STM32U073CCT6, STM32U073CCU6, STM32U073H8Y6TR, STM32U073HBY6TR, STM32U073HCY6TR, STM32U073K8U6, STM32U073KBU6, STM32U073KCU6, STM32U073M8I6, STM32U073M8T6, STM32U073MBI6, STM32U073MBT6, STM32U073MCI6, STM32U073MCT6, STM32U073R8I6, STM32U073R8T6, STM32U073RBI6, STM32U073RBT6, STM32U073RCI6, STM32U073RCT6, STM32U083C-DK, STM32U083CCT6, STM32U083CCU6, STM32U083HCY6TR, STM32U083KCU6, STM32U083MCI6, STM32U083MCT6, STM32U083RCI6, STM32U083RCT6, STM32U375CET6, STM32U375CET6Q, STM32U375CEU6, STM32U375CEU6Q, STM32U375CEY6QTR, STM32U375CGT6, STM32U375CGT6Q, STM32U375CGU6, STM32U375CGU6Q, STM32U375CGY6QTR, STM32U375KEU6, STM32U375KGU6, STM32U375REI6, STM32U375REI6Q, STM32U375RET6, STM32U375RET6Q, STM32U375REY6GTR, STM32U375REY6QTR, STM32U375RGI6, STM32U375RGI6Q, STM32U375RGT6, STM32U375RGT6Q, STM32U375RGY6GTR, STM32U375RGY6QTR, STM32U375VEI6, STM32U375VEI6Q, STM32U375VET6, STM32U375VET6Q, STM32U375VGI6, STM32U375VGI6Q, STM32U375VGT6, STM32U375VGT6Q, STM32U385CGT6, STM32U385CGT6Q, STM32U385CGU6, STM32U385CGU6Q, STM32U385CGY6QTR, STM32U385KGU6, STM32U385RGI6, STM32U385RGI6Q, STM32U385RGT6, STM32U385RGT6Q, STM32U385RGY6GTR, STM32U385RGY6QTR, STM32U385VGI6, STM32U385VGI6Q, STM32U385VGT6, STM32U385VGT6Q, STM32U535CBT6, STM32U535CBT6Q, STM32U535CBU6, STM32U535CBU6Q, STM32U535CCT6, STM32U535CCT6Q, STM32U535CCU6, STM32U535CCU6Q, STM32U535CET6, STM32U535CET6Q, STM32U535CEU6, STM32U535CEU6Q, STM32U535JEY6QTR, STM32U535NCY6QTR, STM32U535NEY6QTR, STM32U535RBI6, STM32U535RBI6Q, STM32U535RBT6, STM32U535RBT6Q, STM32U535RCI6, STM32U535RCI6Q, STM32U535RCT6, STM32U535RCT6Q, STM32U535REI6, STM32U535REI6Q, STM32U535RET6, STM32U535RET6Q, STM32U535VCI6, STM32U535VCI6Q, STM32U535VCT6, STM32U535VCT6Q, STM32U535VEI6, STM32U535VEI6Q, STM32U535VET6, STM32U535VET6Q, STM32U545CET6, STM32U545CET6Q, STM32U545CEU6, STM32U545CEU6Q, STM32U545JEY6QTR, STM32U545NEY6QTR, STM32U545REI6, STM32U545REI6Q, STM32U545RET6, STM32U545RET6Q, STM32U545VEI6, STM32U545VEI6Q, STM32U545VET6, STM32U545VET6Q, STM32U595AIH6, STM32U595AIH6Q, STM32U595AJH6, STM32U595AJH6Q, STM32U595QII6, STM32U595QII6Q, STM32U595QJI6, STM32U595QJI6Q, STM32U595RIT6, STM32U595RIT6Q, STM32U595RJT6, STM32U595RJT6Q, STM32U595VIT6, STM32U595VIT6Q, STM32U595VJT6, STM32U595VJT6Q, STM32U595ZIT6, STM32U595ZIT6Q, STM32U595ZIY6QTR, STM32U595ZJT6, STM32U595ZJT6Q, STM32U595ZJY6QTR, STM32U599BJY6QTR, STM32U599NIH6Q, STM32U599NJH6Q, STM32U599VIT6Q, STM32U599VJT6, STM32U599VJT6Q, STM32U599ZIT6Q, STM32U599ZIY6QTR, STM32U599ZJT6Q, STM32U599ZJY6QTR, STM32U5A5AJH6, STM32U5A5AJH6Q, STM32U5A5QII3Q , STM32U5A5QJI6, STM32U5A5QJI6Q, STM32U5A5RJT6, STM32U5A5RJT6Q, STM32U5A5VJT6, STM32U5A5VJT6Q, STM32U5A5ZJT6, STM32U5A5ZJT6Q, STM32U5A5ZJY6QTR, STM32U5A9BJY6QTR, STM32U5A9J-DK, STM32U5A9NJH6Q, STM32U5A9VJT6Q, STM32U5A9ZJT6Q, STM32U5A9ZJY6QTR, STM32U5F7VIT6, STM32U5F7VIT6Q, STM32U5F7VJT6, STM32U5F7VJT6Q, STM32U5F9BJY6QTR, STM32U5F9NJH6Q, STM32U5F9VIT6Q, STM32U5F9VJT6Q, STM32U5F9ZIJ6QTR, STM32U5F9ZIT6Q, STM32U5F9ZJJ6QTR, STM32U5F9ZJT6Q, STM32U5G7VJT6, STM32U5G7VJT6Q, STM32U5G9BJY6QTR, STM32U5G9J-DK1, STM32U5G9J-DK2, STM32U5G9NJH6Q, STM32U5G9VJT6Q, STM32U5G9ZJJ6QTR, STM32U5G9ZJT6Q, STM32WB05KZV6TR, STM32WB05KZV7TR, STM32WB05TZF6TR, STM32WB05TZF7TR, STM32WB06CCF6TR, STM32WB06CCF7TR, STM32WB06CCV6TR, STM32WB06CCV7TR, STM32WB06KCV6TR, STM32WB06KCV7TR, STM32WB07CCF6TR, STM32WB07CCF7TR, STM32WB07CCV6TR, STM32WB07CCV7TR, STM32WB07KCV6TR, STM32WB07KCV7TR, STM32WB09KEV6TR, STM32WB09KEV7TR, STM32WB09TEF6TR, STM32WB09TEF7TR, STM32WB1MMCH6, STM32WBA50KGU6, STM32WBA50KGU6TR, STM32WBA52CEU6, STM32WBA52CEU6TR, STM32WBA52CEU7, STM32WBA52CEU7TR, STM32WBA52CGU6, STM32WBA52CGU6TR, STM32WBA52CGU6U, STM32WBA52CGU7, STM32WBA52CGU7TR, STM32WBA52KEU6, STM32WBA52KEU6TR, STM32WBA52KGU6, STM32WBA52KGU6TR, STM32WBA54CEU6, STM32WBA54CEU6TR, STM32WBA54CEU7, STM32WBA54CEU7TR, STM32WBA54CGU6, STM32WBA54CGU6TR, STM32WBA54CGU7, STM32WBA54CGU7TR, STM32WBA54KEU6, STM32WBA54KEU6TR, STM32WBA54KEU7, STM32WBA54KEU7TR, STM32WBA54KGU6, STM32WBA54KGU6TR, STM32WBA54KGU7, STM32WBA54KGU7TR, STM32WBA55CEU6, STM32WBA55CEU6TR, STM32WBA55CEU7, STM32WBA55CEU7TR, STM32WBA55CGU6, STM32WBA55CGU6TR, STM32WBA55CGU6U, STM32WBA55CGU7, STM32WBA55CGU7TR, STM32WBA55G-DK1, STM32WBA55HEF6, STM32WBA55HEF7, STM32WBA55HGF6, STM32WBA55HGF7, STM32WBA55UEI6, STM32WBA55UEI6TR, STM32WBA55UEI7, STM32WBA55UEI7TR, STM32WBA55UGI6, STM32WBA55UGI6TR, STM32WBA55UGI7, STM32WBA55UGI7TR, STM32WBA5MMGH6TR, STM32WBA62MGF6, STM32WBA62MIF6, STM32WBA65MGF7, STM32WBA65MIF6, STM32WBA65MIF7, STM32WL30K8V6, STM32WL30KBV6, STM32WL31C8V6, STM32WL31CBV6, STM32WL31K8V6, STM32WL31KBV6, STM32WL33C8V6, STM32WL33C8V6X, STM32WL33CBV6, STM32WL33CBV6X, STM32WL33CCV6, STM32WL33CCV6A, STM32WL33CCV6X, STM32WL33K8V7, STM32WL33K8V7X, STM32WL33KBV7 , STM32WL33KBV7X, STM32WL33KCV7, STM32WL33KCV7X, STM32WL5MOCH6, STM32WL5MOCH6TR]
2026-05-19 17:02:02,951 [INFO] ApiDb:668 - CubeFinder database Data Model version=2.1
2026-05-19 17:02:02,951 [INFO] ApiDb:669 - CubeFinder database Configuration version=3.0.42
2026-05-19 17:02:02,951 [INFO] ApiDb:670 - CubeFinder database generation date=2026-05-06 (1778060171)
2026-05-19 17:02:02,951 [INFO] ApiDb:671 - CubeFinder database FW Pack versions=[FP-ATR-ASTRA1_V2.0.0, FP-SNS-FLIGHT1_V5.1.0, FP-SNS-MOTENV1_V5.1.0, FP-SNS-MOTENVWB1_V1.5.0, FP-SNS-SMARTAG2_V1.2.0, FP-SNS-STBOX1_V2.1.0, STM32Cube_FW_C0_V1.4.0, STM32Cube_FW_F4_V1.28.3, STM32Cube_FW_F7_V1.17.4, STM32Cube_FW_G0_V1.6.3, STM32Cube_FW_G4_V1.6.2, STM32Cube_FW_H5_V1.6.0, STM32Cube_FW_H7RS_V1.3.0, STM32Cube_FW_H7_V1.13.0, STM32Cube_FW_L0_V1.12.2, STM32Cube_FW_L4_V1.18.2, STM32Cube_FW_L5_V1.6.0, STM32Cube_FW_N6_V1.3.0, STM32Cube_FW_U0_V1.3.0, STM32Cube_FW_U3_V1.3.0, STM32Cube_FW_U5_V1.8.0, STM32Cube_FW_WB0_V1.4.0, STM32Cube_FW_WBA_V1.9.0, STM32Cube_FW_WB_V1.24.0, STM32Cube_FW_WL3_V1.4.0, STM32Cube_FW_WL_V1.5.0, X-CUBE-ALGOBUILD_V1.4.0, X-CUBE-ALS_V1.0.2, X-CUBE-AZRTOS-F4_V1.1.0, X-CUBE-AZRTOS-F7_V1.1.0, X-CUBE-AZRTOS-G0_V1.1.0, X-CUBE-AZRTOS-G4_V2.0.0, X-CUBE-AZRTOS-H7RS_V1.1.0, X-CUBE-AZRTOS-H7_V3.5.0, X-CUBE-AZRTOS-L4_V2.0.0, X-CUBE-AZRTOS-L5_V2.0.0, X-CUBE-AZRTOS-WB_V2.0.0, X-CUBE-AZRTOS-WL_V2.0.0, X-CUBE-BLE1_V7.1.0, X-CUBE-BLE2_V3.3.0, X-CUBE-BLEMGR_V4.1.0, X-CUBE-EEPRMA1_V5.2.0, X-CUBE-FREERTOS_V1.5.0, X-CUBE-GNSS1_V6.0.0, X-CUBE-MEMS1_V12.0.0, X-CUBE-NFC4_V3.0.0, X-CUBE-NFC7_V2.0.0, X-CUBE-SFXS2LP1_V4.0.0, X-CUBE-ST67W61_V1.2.0, X-CUBE-SUBG2_V5.0.0, X-CUBE-TOF1_V3.4.3]
2026-05-19 17:02:06,257 [INFO] ApiDb:240 - Found 880 in-development CPN: [B-G473E-ZEST1S, B-WB1M-WPAN1, B-WBA5M-WPAN, B-WL5M-SUBG1, NUCLEO-C031C6, NUCLEO-C051C8, NUCLEO-C071RB, NUCLEO-C092RC, NUCLEO-H503RB, NUCLEO-H533RE, NUCLEO-H563ZI, NUCLEO-H7S3L8, NUCLEO-N657X0-Q, NUCLEO-U031R8, NUCLEO-U083RC, NUCLEO-U385RG-Q, NUCLEO-U545RE-Q, NUCLEO-U5A5ZJ-Q, NUCLEO-WB05KZ, NUCLEO-WB07CC, NUCLEO-WB09KE, NUCLEO-WBA52CG, NUCLEO-WBA55CG, NUCLEO-WL33CC1, NUCLEO-WL33CC2, STEVAL-PROTEUS1, STEVAL-SMARTAG2, STEVAL-STWINBX1, STM320518-EVAL, STM32C0116-DK, STM32C011D6Y3TR, STM32C011D6Y6TR, STM32C011F4P3, STM32C011F4P6, STM32C011F4U3, STM32C011F4U6TR, STM32C011F6P3, STM32C011F6P6, STM32C011F6U3, STM32C011F6U6TR, STM32C011J4M3, STM32C011J4M6, STM32C011J6M3, STM32C011J6M6, STM32C0316-DK, STM32C031C4T3, STM32C031C4T6, STM32C031C4U3, STM32C031C4U6, STM32C031C6T3, STM32C031C6T6, STM32C031C6U3, STM32C031C6U6, STM32C031F4P3, STM32C031F4P6, STM32C031F6P3, STM32C031F6P6, STM32C031G4U3, STM32C031G4U6, STM32C031G6U3, STM32C031G6U6, STM32C031K4T3, STM32C031K4T6, STM32C031K4U3, STM32C031K4U6, STM32C031K6T3, STM32C031K6T6, STM32C031K6U3, STM32C031K6U6, STM32C051C6T6, STM32C051C6U6, STM32C051C8T6, STM32C051C8U6, STM32C051D8Y6TR, STM32C051F6P6, STM32C051F8P6, STM32C051G6U6, STM32C051G8U6, STM32C051K6T6, STM32C051K6U6, STM32C051K8T6, STM32C071C8T6, STM32C071C8T6N, STM32C071C8U6, STM32C071C8U6N, STM32C071CBT6, STM32C071CBT6N, STM32C071CBU6, STM32C071CBU6N, STM32C071F8P6, STM32C071F8P6N, STM32C071FBP6, STM32C071FBP6N, STM32C071FBY6TR, STM32C071G8U6, STM32C071G8U6N, STM32C071GBU6, STM32C071GBU6N, STM32C071K8T6, STM32C071K8T6N, STM32C071K8U6, STM32C071K8U6N, STM32C071KBT6, STM32C071KBT6N, STM32C071KBU6, STM32C071KBU6N, STM32C071R8T6, STM32C071R8T6N, STM32C071RBI6N, STM32C071RBT6, STM32C071RBT6N, STM32C091CBT6, STM32C091CBU6, STM32C091CCT6, STM32C091CCU6, STM32C091ECY6TR, STM32C091FBP6, STM32C091FCP6, STM32C091GBU6, STM32C091GCU6, STM32C091KBT6, STM32C091KBU6, STM32C091KCT6, STM32C091KCU6, STM32C091RBT6, STM32C091RCI6, STM32C091RCT6, STM32C092CBT6, STM32C092CBU6, STM32C092CCT6, STM32C092CCU6, STM32C092ECY6TR, STM32C092FBP6, STM32C092FCP6, STM32C092GBU6, STM32C092GCU6, STM32C092KBT6, STM32C092KBU6, STM32C092KCT6, STM32C092KCU6, STM32C092RBT6, STM32C092RCI6, STM32C092RCT6, STM32G071K8TXN, STM32G071K8UXN, STM32G081GBU6N, STM32G081KBT6N, STM32G081KBUXN, STM32G0B1CCT6N, STM32G0B1KCT6, STM32G0B1NEY6TR, STM32G0B1RCT6N, STM32G0C1CCT6, STM32G0C1CCT6N, STM32G0C1CCU6N, STM32G0C1CET6N, STM32G0C1CEU6N, STM32G0C1KCT6, STM32G0C1NEY6TR, STM32G0C1RCI6N, STM32G0C1RCT6N, STM32G0C1REI6N, STM32G0C1RET6N, STM32G0C1VCI6, STM32G0C1VEI6, STM32G411C6T3, STM32G411C6T6, STM32G411C6U3, STM32G411C6U6, STM32G411C8T3, STM32G411C8T6, STM32G411C8U3, STM32G411C8U6, STM32G411CBT3, STM32G411CBT6, STM32G411CBU3, STM32G411CBU6, STM32G411K6T3, STM32G411K6T6, STM32G411K6U3, STM32G411K6U6, STM32G411K8T3, STM32G411K8T6, STM32G411K8U3, STM32G411K8U6, STM32G411KBT3, STM32G411KBT6, STM32G411KBU3, STM32G411KBU6, STM32G411M6T3, STM32G411M6T6, STM32G411M8T3, STM32G411M8T6, STM32G411MBT3, STM32G411MBT6, STM32G411R6T3, STM32G411R6T6, STM32G411R8T3, STM32G411R8T6, STM32G411RBT3, STM32G411RBT6, STM32G414CBT3, STM32G414CBT6, STM32G414CBU3, STM32G414CBU6, STM32G414CCT3, STM32G414CCT6, STM32G414CCU3, STM32G414CCU6, STM32G414MBT3, STM32G414MBT6, STM32G414MCT3, STM32G414MCT6, STM32G414RBT3, STM32G414RBT6, STM32G414RCT3, STM32G414RCT6, STM32G414VBT3, STM32G414VBT6, STM32G414VCT3, STM32G414VCT6, STM32G431CBT3Z, STM32G431RBT3Z, STM32G471CCT6, STM32G471CCU6, STM32G471CET3, STM32G471CET6, STM32G471CEU3, STM32G471CEU6, STM32G471MCT6, STM32G471MET3, STM32G471MET6, STM32G471MEY6TR, STM32G471QCT6, STM32G471QET3, STM32G471RCT6, STM32G471RET3, STM32G471RET6, STM32G471VCH6, STM32G471VCI6, STM32G471VCT6, STM32G471VEH3, STM32G471VEH6, STM32G471VEI3, STM32G471VEI6, STM32G471VET3, STM32G471VET6, STM32G473QET3Z, STM32G473RET3Z, STM32G474CCT6, STM32G491RET3Z, STM32H503CBT6, STM32H503CBU6, STM32H503EBY6TR, STM32H503KBU6, STM32H503RBT6, STM32H523CCT6, STM32H523CCU6, STM32H523CET6, STM32H523CEU6, STM32H523HEY6TR, STM32H523RCT6, STM32H523RET6, STM32H523VCI6, STM32H523VCT6, STM32H523VEI6, STM32H523VET6, STM32H523ZCJ6, STM32H523ZCT6, STM32H523ZEJ6, STM32H523ZET6, STM32H533CET6, STM32H533CEU6, STM32H533HEY6TR, STM32H533RET6, STM32H533VEI6, STM32H533VET6, STM32H533ZEJ6, STM32H533ZET6, STM32H562AGI6, STM32H562AII6, STM32H562IGK6, STM32H562IGT6, STM32H562IIK6, STM32H562IIT6, STM32H562RGT6, STM32H562RGV6, STM32H562RIT6, STM32H562RIV6, STM32H562VGT6, STM32H562VIT6, STM32H562ZGT6, STM32H562ZIT6, STM32H563AGI6, STM32H563AII3Q, STM32H563AII6, STM32H563IGK6, STM32H563IGT6, STM32H563IIK3Q, STM32H563IIK6, STM32H563IIT3Q, STM32H563IIT6, STM32H563MIY3QTR, STM32H563RGT6, STM32H563RGV6, STM32H563RIT6, STM32H563RIV6, STM32H563VGT6, STM32H563VIT3Q, STM32H563VIT6, STM32H563ZGT6, STM32H563ZIT3Q, STM32H563ZIT6, STM32H573AII3Q, STM32H573AII6, STM32H573I-DK, STM32H573IIK3Q, STM32H573IIK6, STM32H573IIT3Q, STM32H573IIT6, STM32H573MIY3QTR, STM32H573RIT6, STM32H573RIV6, STM32H573VIT3Q, STM32H573VIT6, STM32H573ZIT3Q, STM32H573ZIT6, STM32H7R3A8I6, STM32H7R3I8K6, STM32H7R3I8T6, STM32H7R3L8H6, STM32H7R3L8H6H, STM32H7R3R8V6, STM32H7R3V8H6, STM32H7R3V8T6, STM32H7R3V8Y6TR, STM32H7R3Z8J6, STM32H7R3Z8T6, STM32H7R7A8I6, STM32H7R7I8K6, STM32H7R7I8T6, STM32H7R7L8H6, STM32H7R7L8H6H, STM32H7R7Z8J6, STM32H7S3A8I6, STM32H7S3I8K6, STM32H7S3I8T6, STM32H7S3L8H6, STM32H7S3L8H6H, STM32H7S3R8V6, STM32H7S3V8H6, STM32H7S3V8T6, STM32H7S3V8Y6TR, STM32H7S3Z8J6, STM32H7S3Z8T6, STM32H7S78-DK, STM32H7S7A8I6, STM32H7S7I8K6, STM32H7S7I8T6, STM32H7S7L8H6, STM32H7S7L8H6H, STM32H7S7Z8J6, STM32L4R5QGI6STR, STM32MP131AAE3, STM32MP131AAF3, STM32MP131AAG3, STM32MP131CAE3, STM32MP131CAF3, STM32MP131CAG3, STM32MP131DAE7, STM32MP131DAF7, STM32MP131DAG7, STM32MP131FAE7, STM32MP131FAF7, STM32MP131FAG7, STM32MP133AAE3, STM32MP133AAF3, STM32MP133AAG3, STM32MP133CAE3, STM32MP133CAF3, STM32MP133CAG3, STM32MP133DAE7, STM32MP133DAF7, STM32MP133DAG7, STM32MP133FAE7, STM32MP133FAF7, STM32MP133FAG7, STM32MP135AAE3, STM32MP135AAF3, STM32MP135AAG3, STM32MP135CAE3, STM32MP135CAF3, STM32MP135CAG3, STM32MP135DAE7, STM32MP135DAF7, STM32MP135DAG7, STM32MP135F-DK, STM32MP135FAE7, STM32MP135FAF7, STM32MP135FAF7T, STM32MP135FAF7U, STM32MP135FAG7, STM32MP211AAL3, STM32MP211AAM3, STM32MP211AAN3, STM32MP211AAO3, STM32MP211CAL3, STM32MP211CAM3, STM32MP211CAN3, STM32MP211CAO3, STM32MP211DAL3, STM32MP211DAM3, STM32MP211DAN3, STM32MP211DAO3, STM32MP211FAL3, STM32MP211FAM3, STM32MP211FAN3, STM32MP211FAO3, STM32MP213AAL3, STM32MP213AAM3, STM32MP213AAN3, STM32MP213AAO3, STM32MP213CAL3, STM32MP213CAM3, STM32MP213CAN3, STM32MP213CAO3, STM32MP213DAL3, STM32MP213DAM3, STM32MP213DAN3, STM32MP213DAO3, STM32MP213FAL3, STM32MP213FAM3, STM32MP213FAN3, STM32MP213FAO3, STM32MP215AAL3, STM32MP215AAM3, STM32MP215AAN3, STM32MP215AAO3, STM32MP215CAL3, STM32MP215CAM3, STM32MP215CAN3, STM32MP215CAO3, STM32MP215DAL3, STM32MP215DAM3, STM32MP215DAN3, STM32MP215DAO3, STM32MP215F-DK, STM32MP215FAL3, STM32MP215FAM3, STM32MP215FAN3, STM32MP215FAO3, STM32MP231AAJ3, STM32MP231AAK3, STM32MP231AAL3, STM32MP231CAJ3, STM32MP231CAK3, STM32MP231CAL3, STM32MP231DAJ3, STM32MP231DAK3, STM32MP231DAL3, STM32MP231FAJ3, STM32MP231FAK3, STM32MP231FAL3, STM32MP233AAJ3, STM32MP233AAK3, STM32MP233AAL3, STM32MP233CAJ3, STM32MP233CAK3, STM32MP233CAL3, STM32MP233DAJ3, STM32MP233DAK3, STM32MP233DAL3, STM32MP233FAJ3, STM32MP233FAK3, STM32MP233FAL3, STM32MP235AAJ3, STM32MP235AAK3, STM32MP235AAL3, STM32MP235CAJ3, STM32MP235CAK3, STM32MP235CAL3, STM32MP235DAJ3, STM32MP235DAK3, STM32MP235DAL3, STM32MP235FAJ3, STM32MP235FAK3, STM32MP235FAL3, STM32MP251AAI3, STM32MP251AAK3, STM32MP251AAL3, STM32MP251CAI3, STM32MP251CAK3, STM32MP251CAL3, STM32MP251DAI3, STM32MP251DAK3, STM32MP251DAL3, STM32MP251FAI3, STM32MP251FAK3, STM32MP251FAL3, STM32MP253AAI3, STM32MP253AAK3, STM32MP253AAL3, STM32MP253CAI3, STM32MP253CAK3, STM32MP253CAL3, STM32MP253DAI3, STM32MP253DAK3, STM32MP253DAL3, STM32MP253FAI3, STM32MP253FAK3, STM32MP253FAL3, STM32MP255AAI3, STM32MP255AAK3, STM32MP255AAL3, STM32MP255CAI3, STM32MP255CAK3, STM32MP255CAL3, STM32MP255DAI3, STM32MP255DAK3, STM32MP255DAL3, STM32MP255FAI3, STM32MP255FAK3, STM32MP255FAL3, STM32MP257AAI3, STM32MP257AAK3, STM32MP257AAL3, STM32MP257CAI3, STM32MP257CAK3, STM32MP257CAL3, STM32MP257DAI3, STM32MP257DAK3, STM32MP257DAL3, STM32MP257F-DK, STM32MP257F-EV1, STM32MP257FAI3, STM32MP257FAK3, STM32MP257FAL3, STM32N645A0H3Q, STM32N645B0H3Q, STM32N645I0H3Q, STM32N645L0H3Q, STM32N645X0H3Q, STM32N645Z0H3Q, STM32N647A0H3Q, STM32N647B0H3Q, STM32N647I0H3Q, STM32N647L0H3Q, STM32N647X0H3Q, STM32N647Z0H3Q, STM32N655A0H3Q, STM32N655B0H3Q, STM32N655I0H3Q, STM32N655L0H3Q, STM32N655X0H3Q, STM32N655Z0H3Q, STM32N6570-DK, STM32N657A0H3Q, STM32N657B0H3Q, STM32N657I0H3Q, STM32N657L0H3Q, STM32N657X0H3Q, STM32N657Z0H3Q, STM32U031C6T6, STM32U031C6U6, STM32U031C8T6, STM32U031C8U6, STM32U031F4P6, STM32U031F6P6, STM32U031F8P6, STM32U031G6Y6TR, STM32U031G8Y6TR, STM32U031K4U6, STM32U031K6U6, STM32U031K8U6, STM32U031R6I6, STM32U031R6T6, STM32U031R8I6, STM32U031R8T6, STM32U073C8T6, STM32U073C8U6, STM32U073CBT6, STM32U073CBU6, STM32U073CCT6, STM32U073CCU6, STM32U073H8Y6TR, STM32U073HBY6TR, STM32U073HCY6TR, STM32U073K8U6, STM32U073KBU6, STM32U073KCU6, STM32U073M8I6, STM32U073M8T6, STM32U073MBI6, STM32U073MBT6, STM32U073MCI6, STM32U073MCT6, STM32U073R8I6, STM32U073R8T6, STM32U073RBI6, STM32U073RBT6, STM32U073RCI6, STM32U073RCT6, STM32U083C-DK, STM32U083CCT6, STM32U083CCU6, STM32U083HCY6TR, STM32U083KCU6, STM32U083MCI6, STM32U083MCT6, STM32U083RCI6, STM32U083RCT6, STM32U375CET6, STM32U375CET6Q, STM32U375CEU6, STM32U375CEU6Q, STM32U375CEY6QTR, STM32U375CGT6, STM32U375CGT6Q, STM32U375CGU6, STM32U375CGU6Q, STM32U375CGY6QTR, STM32U375KEU6, STM32U375KGU6, STM32U375REI6, STM32U375REI6Q, STM32U375RET6, STM32U375RET6Q, STM32U375REY6GTR, STM32U375REY6QTR, STM32U375RGI6, STM32U375RGI6Q, STM32U375RGT6, STM32U375RGT6Q, STM32U375RGY6GTR, STM32U375RGY6QTR, STM32U375VEI6, STM32U375VEI6Q, STM32U375VET6, STM32U375VET6Q, STM32U375VGI6, STM32U375VGI6Q, STM32U375VGT6, STM32U375VGT6Q, STM32U385CGT6, STM32U385CGT6Q, STM32U385CGU6, STM32U385CGU6Q, STM32U385CGY6QTR, STM32U385KGU6, STM32U385RGI6, STM32U385RGI6Q, STM32U385RGT6, STM32U385RGT6Q, STM32U385RGY6GTR, STM32U385RGY6QTR, STM32U385VGI6, STM32U385VGI6Q, STM32U385VGT6, STM32U385VGT6Q, STM32U535CBT6, STM32U535CBT6Q, STM32U535CBU6, STM32U535CBU6Q, STM32U535CCT6, STM32U535CCT6Q, STM32U535CCU6, STM32U535CCU6Q, STM32U535CET6, STM32U535CET6Q, STM32U535CEU6, STM32U535CEU6Q, STM32U535JEY6QTR, STM32U535NCY6QTR, STM32U535NEY6QTR, STM32U535RBI6, STM32U535RBI6Q, STM32U535RBT6, STM32U535RBT6Q, STM32U535RCI6, STM32U535RCI6Q, STM32U535RCT6, STM32U535RCT6Q, STM32U535REI6, STM32U535REI6Q, STM32U535RET6, STM32U535RET6Q, STM32U535VCI6, STM32U535VCI6Q, STM32U535VCT6, STM32U535VCT6Q, STM32U535VEI6, STM32U535VEI6Q, STM32U535VET6, STM32U535VET6Q, STM32U545CET6, STM32U545CET6Q, STM32U545CEU6, STM32U545CEU6Q, STM32U545JEY6QTR, STM32U545NEY6QTR, STM32U545REI6, STM32U545REI6Q, STM32U545RET6, STM32U545RET6Q, STM32U545VEI6, STM32U545VEI6Q, STM32U545VET6, STM32U545VET6Q, STM32U595AIH6, STM32U595AIH6Q, STM32U595AJH6, STM32U595AJH6Q, STM32U595QII6, STM32U595QII6Q, STM32U595QJI6, STM32U595QJI6Q, STM32U595RIT6, STM32U595RIT6Q, STM32U595RJT6, STM32U595RJT6Q, STM32U595VIT6, STM32U595VIT6Q, STM32U595VJT6, STM32U595VJT6Q, STM32U595ZIT6, STM32U595ZIT6Q, STM32U595ZIY6QTR, STM32U595ZJT6, STM32U595ZJT6Q, STM32U595ZJY6QTR, STM32U599BJY6QTR, STM32U599NIH6Q, STM32U599NJH6Q, STM32U599VIT6Q, STM32U599VJT6, STM32U599VJT6Q, STM32U599ZIT6Q, STM32U599ZIY6QTR, STM32U599ZJT6Q, STM32U599ZJY6QTR, STM32U5A5AJH6, STM32U5A5AJH6Q, STM32U5A5QII3Q , STM32U5A5QJI6, STM32U5A5QJI6Q, STM32U5A5RJT6, STM32U5A5RJT6Q, STM32U5A5VJT6, STM32U5A5VJT6Q, STM32U5A5ZJT6, STM32U5A5ZJT6Q, STM32U5A5ZJY6QTR, STM32U5A9BJY6QTR, STM32U5A9J-DK, STM32U5A9NJH6Q, STM32U5A9VJT6Q, STM32U5A9ZJT6Q, STM32U5A9ZJY6QTR, STM32U5F7VIT6, STM32U5F7VIT6Q, STM32U5F7VJT6, STM32U5F7VJT6Q, STM32U5F9BJY6QTR, STM32U5F9NJH6Q, STM32U5F9VIT6Q, STM32U5F9VJT6Q, STM32U5F9ZIJ6QTR, STM32U5F9ZIT6Q, STM32U5F9ZJJ6QTR, STM32U5F9ZJT6Q, STM32U5G7VJT6, STM32U5G7VJT6Q, STM32U5G9BJY6QTR, STM32U5G9J-DK1, STM32U5G9J-DK2, STM32U5G9NJH6Q, STM32U5G9VJT6Q, STM32U5G9ZJJ6QTR, STM32U5G9ZJT6Q, STM32WB05KZV6TR, STM32WB05KZV7TR, STM32WB05TZF6TR, STM32WB05TZF7TR, STM32WB06CCF6TR, STM32WB06CCF7TR, STM32WB06CCV6TR, STM32WB06CCV7TR, STM32WB06KCV6TR, STM32WB06KCV7TR, STM32WB07CCF6TR, STM32WB07CCF7TR, STM32WB07CCV6TR, STM32WB07CCV7TR, STM32WB07KCV6TR, STM32WB07KCV7TR, STM32WB09KEV6TR, STM32WB09KEV7TR, STM32WB09TEF6TR, STM32WB09TEF7TR, STM32WB1MMCH6, STM32WBA50KGU6, STM32WBA50KGU6TR, STM32WBA52CEU6, STM32WBA52CEU6TR, STM32WBA52CEU7, STM32WBA52CEU7TR, STM32WBA52CGU6, STM32WBA52CGU6TR, STM32WBA52CGU6U, STM32WBA52CGU7, STM32WBA52CGU7TR, STM32WBA52KEU6, STM32WBA52KEU6TR, STM32WBA52KGU6, STM32WBA52KGU6TR, STM32WBA54CEU6, STM32WBA54CEU6TR, STM32WBA54CEU7, STM32WBA54CEU7TR, STM32WBA54CGU6, STM32WBA54CGU6TR, STM32WBA54CGU7, STM32WBA54CGU7TR, STM32WBA54KEU6, STM32WBA54KEU6TR, STM32WBA54KEU7, STM32WBA54KEU7TR, STM32WBA54KGU6, STM32WBA54KGU6TR, STM32WBA54KGU7, STM32WBA54KGU7TR, STM32WBA55CEU6, STM32WBA55CEU6TR, STM32WBA55CEU7, STM32WBA55CEU7TR, STM32WBA55CGU6, STM32WBA55CGU6TR, STM32WBA55CGU6U, STM32WBA55CGU7, STM32WBA55CGU7TR, STM32WBA55G-DK1, STM32WBA55HEF6, STM32WBA55HEF7, STM32WBA55HGF6, STM32WBA55HGF7, STM32WBA55UEI6, STM32WBA55UEI6TR, STM32WBA55UEI7, STM32WBA55UEI7TR, STM32WBA55UGI6, STM32WBA55UGI6TR, STM32WBA55UGI7, STM32WBA55UGI7TR, STM32WBA5MMGH6TR, STM32WBA62MGF6, STM32WBA62MIF6, STM32WBA65MGF7, STM32WBA65MIF6, STM32WBA65MIF7, STM32WL30K8V6, STM32WL30KBV6, STM32WL31C8V6, STM32WL31CBV6, STM32WL31K8V6, STM32WL31KBV6, STM32WL33C8V6, STM32WL33C8V6X, STM32WL33CBV6, STM32WL33CBV6X, STM32WL33CCV6, STM32WL33CCV6A, STM32WL33CCV6X, STM32WL33K8V7, STM32WL33K8V7X, STM32WL33KBV7 , STM32WL33KBV7X, STM32WL33KCV7, STM32WL33KCV7X, STM32WL5MOCH6, STM32WL5MOCH6TR]
2026-05-19 17:02:06,267 [INFO] DbMcus:218 - Found 5086 MCUs, 4968 are supported
2026-05-19 17:02:06,269 [INFO] ApiDb:423 - Load user favorites file C:\Users\azaki/.stm32cubeide/favorites.mcus.txt: 0 item(s)
2026-05-19 17:02:06,269 [INFO] ApiDb:427 - User favorites MCUs=[]
2026-05-19 17:02:06,269 [INFO] DbMcus:224 - Set 0 / 0 favorites MCUs
2026-05-19 17:02:07,013 [INFO] BoardInfo:889 - No configuration file found for board NUCLEO-H5E5ZJ
2026-05-19 17:02:07,015 [INFO] DbBoards:161 - Board is not supported: NUCLEO-H5E5ZJ
2026-05-19 17:02:07,106 [INFO] BoardInfo:889 - No configuration file found for board NUCLEO-U3C5ZI-Q
2026-05-19 17:02:07,107 [INFO] DbBoards:161 - Board is not supported: NUCLEO-U3C5ZI-Q
2026-05-19 17:02:07,130 [INFO] BoardInfo:889 - No configuration file found for board NUCLEO-WBA25CE1
2026-05-19 17:02:07,132 [INFO] DbBoards:161 - Board is not supported: NUCLEO-WBA25CE1
2026-05-19 17:02:07,147 [INFO] BoardInfo:889 - No configuration file found for board NUCLEO-WL3RKB1
2026-05-19 17:02:07,149 [INFO] DbBoards:161 - Board is not supported: NUCLEO-WL3RKB1
2026-05-19 17:02:07,150 [INFO] BoardInfo:889 - No configuration file found for board NUCLEO-WL3RKB2
2026-05-19 17:02:07,152 [INFO] DbBoards:161 - Board is not supported: NUCLEO-WL3RKB2
2026-05-19 17:02:07,165 [INFO] BoardInfo:889 - No configuration file found for board P-NUCLEO-WB55
2026-05-19 17:02:07,167 [INFO] DbBoards:161 - Kit is not supported: P-NUCLEO-WB55
2026-05-19 17:02:07,176 [INFO] BoardInfo:889 - No configuration file found for board STEVAL-BFA001V1B
2026-05-19 17:02:07,178 [INFO] DbBoards:161 - Kit is not supported: STEVAL-BFA001V1B
2026-05-19 17:02:07,179 [INFO] BoardInfo:889 - No configuration file found for board STEVAL-BFA001V2B
2026-05-19 17:02:07,181 [INFO] DbBoards:161 - Kit is not supported: STEVAL-BFA001V2B
2026-05-19 17:02:07,367 [INFO] BoardInfo:889 - No configuration file found for board STM32H5F5J-DK
2026-05-19 17:02:07,370 [INFO] DbBoards:161 - Board is not supported: STM32H5F5J-DK
2026-05-19 17:02:07,524 [INFO] DbBoards:168 - Found 218 boards, 209 are supported
2026-05-19 17:02:07,524 [INFO] DbBoards:169 - Found 218 boards, 43 of them is supported for  Bsp
2026-05-19 17:02:07,531 [INFO] ApiDb:423 - Load user favorites file C:\Users\azaki/.stm32cubeide/favorites.boards.txt: 1 item(s)
2026-05-19 17:02:07,532 [INFO] ApiDb:427 - User favorites Boards=[NUCLEO-L432KC]
2026-05-19 17:02:07,532 [INFO] DbBoards:198 - Set 1 / 1 favorites Boards
2026-05-19 17:02:07,576 [INFO] UtilMem:75 - End LoadConfig() Used Memory: 686777368 Bytes (1073741824)
2026-05-19 17:02:07,790 [WARN] ThirdParty:833 - waiting for thirdparty lock release [change project]
2026-05-19 17:02:07,790 [INFO] ThirdParty:835 - entering critical section [change project]
2026-05-19 17:02:07,791 [INFO] ThirdParty:1030 - CMSIS Pack Vendor :STMicroelectronics X-CUBE-AZRTOS-H7 3.5.0
2026-05-19 17:02:07,791 [INFO] ThirdParty:1030 - CMSIS Pack Vendor :STMicroelectronics X-CUBE-PM33A1 1.0.0
2026-05-19 17:02:07,791 [INFO] ThirdParty:1030 - CMSIS Pack Vendor :STMicroelectronics USBPD 4.1
2026-05-19 17:02:07,791 [INFO] ThirdParty:1030 - CMSIS Pack Vendor :STMicroelectronics USB_HOST 2.0.0
2026-05-19 17:02:07,791 [INFO] ThirdParty:1030 - CMSIS Pack Vendor :STMicroelectronics FP-SNS-MOTENVWB1 1.4.0
2026-05-19 17:02:07,791 [INFO] ThirdParty:1030 - CMSIS Pack Vendor :STMicroelectronics X-CUBE-AZRTOS-F4 1.1.0
2026-05-19 17:02:07,791 [INFO] ThirdParty:1030 - CMSIS Pack Vendor :STMicroelectronics LIBJPEG 8.0.0
2026-05-19 17:02:07,791 [INFO] ThirdParty:1030 - CMSIS Pack Vendor :STMicroelectronics FP-ATR-ASTRA1 2.0.2
2026-05-19 17:02:07,791 [INFO] ThirdParty:1030 - CMSIS Pack Vendor :Avnet-IotConnect X-CUBE-IoTC-DA16k-PMOD 1.0.0
2026-05-19 17:02:07,791 [INFO] ThirdParty:1030 - CMSIS Pack Vendor :STMicroelectronics X-CUBE-SMBUS 2.1.0
2026-05-19 17:02:07,791 [INFO] ThirdParty:1030 - CMSIS Pack Vendor :STMicroelectronics X-CUBE-WB05N 1.1.0
2026-05-19 17:02:07,791 [INFO] ThirdParty:1030 - CMSIS Pack Vendor :STMicroelectronics X-CUBE-ISPU 2.1.0
2026-05-19 17:02:07,791 [INFO] ThirdParty:1030 - CMSIS Pack Vendor :STMicroelectronics X-CUBE-IPS 3.2.0
2026-05-19 17:02:07,791 [INFO] ThirdParty:1030 - CMSIS Pack Vendor :STMicroelectronics eDS-WB_DPC_TT-BIDIR 2.1.1
2026-05-19 17:02:07,791 [INFO] ThirdParty:1030 - CMSIS Pack Vendor :STMicroelectronics X-CUBE-NFC12 1.0.0
2026-05-19 17:02:07,791 [INFO] ThirdParty:1030 - CMSIS Pack Vendor :STMicroelectronics X-CUBE-AZRTOS-F7 1.1.0
2026-05-19 17:02:07,791 [INFO] ThirdParty:1030 - CMSIS Pack Vendor :STMicroelectronics X-CUBE-AZRTOS-L5 2.0.0
2026-05-19 17:02:07,791 [INFO] ThirdParty:1030 - CMSIS Pack Vendor :STMicroelectronics USB_DEVICE 2.0.0
2026-05-19 17:02:07,791 [INFO] ThirdParty:1030 - CMSIS Pack Vendor :STMicroelectronics X-CUBE-NFC6 3.1.0
2026-05-19 17:02:07,792 [INFO] ThirdParty:1030 - CMSIS Pack Vendor :STMicroelectronics FP-SNS-MOTENV1 5.1.0
2026-05-19 17:02:07,792 [INFO] ThirdParty:1030 - CMSIS Pack Vendor :STMicroelectronics FreeRTOS 0.0.1
2026-05-19 17:02:07,792 [INFO] ThirdParty:1030 - CMSIS Pack Vendor :STMicroelectronics X-CUBE-DPower 1.2.0
2026-05-19 17:02:07,792 [INFO] ThirdParty:1030 - CMSIS Pack Vendor :STMicroelectronics eDS-WB_DPC_VIENNA 1.2.0
2026-05-19 17:02:07,792 [INFO] ThirdParty:1030 - CMSIS Pack Vendor :STMicroelectronics eDS-WB_DPC_3PH2L-BIDIR 1.1.1
2026-05-19 17:02:07,792 [INFO] ThirdParty:1030 - CMSIS Pack Vendor :Infineon AIROC-Wi-Fi-Bluetooth-STM32 1.7.0
2026-05-19 17:02:07,792 [INFO] ThirdParty:1030 - CMSIS Pack Vendor :STMicroelectronics PDM2PCM 3.3.0
2026-05-19 17:02:07,792 [INFO] ThirdParty:1030 - CMSIS Pack Vendor :STMicroelectronics X-CUBE-DISPLAY 3.0.0
2026-05-19 17:02:07,792 [INFO] ThirdParty:1030 - CMSIS Pack Vendor :STMicroelectronics X-CUBE-GNSS1 7.1.1
2026-05-19 17:02:07,792 [INFO] ThirdParty:1030 - CMSIS Pack Vendor :STMicroelectronics FP-SNS-MOTENVWB1 1.5.0
2026-05-19 17:02:07,792 [INFO] ThirdParty:1030 - CMSIS Pack Vendor :STMicroelectronics X-CUBE-NFC10 1.0.0
2026-05-19 17:02:07,792 [INFO] ThirdParty:1030 - CMSIS Pack Vendor :STMicroelectronics X-CUBE-BLEMGR 4.0.0
2026-05-19 17:02:07,792 [INFO] ThirdParty:1030 - CMSIS Pack Vendor :STMicroelectronics HAL Drivers 0.0.0
2026-05-19 17:02:07,792 [INFO] ThirdParty:1030 - CMSIS Pack Vendor :STMicroelectronics X-CUBE-ST60 1.1.0
2026-05-19 17:02:07,792 [INFO] ThirdParty:1030 - CMSIS Pack Vendor :emotas I-CUBE-CANOPEN 1.3.0
2026-05-19 17:02:07,792 [INFO] ThirdParty:1030 - CMSIS Pack Vendor :STMicroelectronics X-CUBE-FREERTOS 1.3.0
2026-05-19 17:02:07,792 [INFO] ThirdParty:1030 - CMSIS Pack Vendor :STMicroelectronics X-CUBE-NFC7 1.0.1
2026-05-19 17:02:07,792 [INFO] ThirdParty:1030 - CMSIS Pack Vendor :STMicroelectronics MBEDTLS 2.14.1
2026-05-19 17:02:07,792 [INFO] ThirdParty:1030 - CMSIS Pack Vendor :STMicroelectronics X-CUBE-GNSS1 7.1.0
2026-05-19 17:02:07,792 [INFO] ThirdParty:1030 - CMSIS Pack Vendor :STMicroelectronics X-CUBE-TOUCHGFX 4.26.1
2026-05-19 17:02:07,792 [INFO] ThirdParty:1030 - CMSIS Pack Vendor :quantropi X-CUBE-qispace-sdk-base 2.0.0
2026-05-19 17:02:07,792 [INFO] ThirdParty:1030 - CMSIS Pack Vendor :STMicroelectronics X-CUBE-AI 10.0.0
2026-05-19 17:02:07,792 [INFO] ThirdParty:1030 - CMSIS Pack Vendor :STMicroelectronics FP-SNS-STBOX1 2.1.0
2026-05-19 17:02:07,792 [INFO] ThirdParty:1030 - CMSIS Pack Vendor :STMicroelectronics FP-SNS-STAIOTCFT 1.0.0
2026-05-19 17:02:07,792 [INFO] ThirdParty:1030 - CMSIS Pack Vendor :STMicroelectronics FP-SNS-SMARTAG2 1.2.0
2026-05-19 17:02:07,792 [INFO] ThirdParty:1030 - CMSIS Pack Vendor :STMicroelectronics FP-SNS-FLIGHT1 5.1.0
2026-05-19 17:02:07,792 [INFO] ThirdParty:1030 - CMSIS Pack Vendor :STMicroelectronics X-CUBE-MEMS1 11.1.0
2026-05-19 17:02:07,792 [INFO] ThirdParty:1030 - CMSIS Pack Vendor :STMicroelectronics X-CUBE-AZRTOS-WL 2.0.0
2026-05-19 17:02:07,793 [INFO] ThirdParty:1030 - CMSIS Pack Vendor :STMicroelectronics X-CUBE-DPower 1.3.0
2026-05-19 17:02:07,793 [INFO] ThirdParty:1030 - CMSIS Pack Vendor :STMicroelectronics FP-SNS-MOTENV1 5.0.0
2026-05-19 17:02:07,793 [INFO] ThirdParty:1030 - CMSIS Pack Vendor :STMicroelectronics USB_DEVICE 1.0.0
2026-05-19 17:02:07,793 [INFO] ThirdParty:1030 - CMSIS Pack Vendor :STMicroelectronics X-CUBE-AZRTOS-H7RS 1.2.0
2026-05-19 17:02:07,793 [INFO] ThirdParty:1030 - CMSIS Pack Vendor :STMicroelectronics X-CUBE-AZRTOS-L4 2.0.0
2026-05-19 17:02:07,793 [INFO] ThirdParty:1030 - CMSIS Pack Vendor :STMicroelectronics ThreadX 0.0.2
2026-05-19 17:02:07,794 [INFO] ThirdParty:1030 - CMSIS Pack Vendor :WES I-CUBE-Cesium 1.3.0
2026-05-19 17:02:07,794 [INFO] ThirdParty:1030 - CMSIS Pack Vendor :STMicroelectronics lwIP 2.1.2
2026-05-19 17:02:07,794 [INFO] ThirdParty:1030 - CMSIS Pack Vendor :STMicroelectronics X-CUBE-SFXS2LP1 4.0.0
2026-05-19 17:02:07,794 [INFO] ThirdParty:1030 - CMSIS Pack Vendor :STMicroelectronics X-CUBE-BLE2 3.3.0
2026-05-19 17:02:07,794 [INFO] ThirdParty:1030 - CMSIS Pack Vendor :Avnet-IOTCONNECT X-CUBE-iotc-st67-sdk 1.0.0
2026-05-19 17:02:07,795 [INFO] ThirdParty:1030 - CMSIS Pack Vendor :STMicroelectronics PDM2PCM 3.2.0
2026-05-19 17:02:07,795 [INFO] ThirdParty:1030 - CMSIS Pack Vendor :STMicroelectronics X-CUBE-WB05N 2.1.0
2026-05-19 17:02:07,795 [INFO] ThirdParty:1030 - CMSIS Pack Vendor :STMicroelectronics X-CUBE-ST67W61 1.2.0
2026-05-19 17:02:07,795 [INFO] ThirdParty:1030 - CMSIS Pack Vendor :STMicroelectronics X-CUBE-AZRTOS-H7 3.3.0
2026-05-19 17:02:07,795 [INFO] ThirdParty:1030 - CMSIS Pack Vendor :STMicroelectronics X-CUBE-NFC9 1.0.0
2026-05-19 17:02:07,796 [INFO] ThirdParty:1030 - CMSIS Pack Vendor :STMicroelectronics X-CUBE-BLE1 7.1.0
2026-05-19 17:02:07,796 [INFO] ThirdParty:1030 - CMSIS Pack Vendor :wolfSSL I-CUBE-wolfMQTT 1.19.2
2026-05-19 17:02:07,796 [INFO] ThirdParty:1030 - CMSIS Pack Vendor :STMicroelectronics USB_DEVICE 3.0.0
2026-05-19 17:02:07,796 [INFO] ThirdParty:1030 - CMSIS Pack Vendor :STMicroelectronics X-CUBE-EEPRMA1 5.2.0
2026-05-19 17:02:07,796 [INFO] ThirdParty:1030 - CMSIS Pack Vendor :STMicroelectronics X-CUBE-BLEMGR 4.1.0
2026-05-19 17:02:07,796 [INFO] ThirdParty:1030 - CMSIS Pack Vendor :STMicroelectronics X-CUBE-AZRTOS-WB 2.0.0
2026-05-19 17:02:07,796 [INFO] ThirdParty:1030 - CMSIS Pack Vendor :STMicroelectronics X-CUBE-GNSS1 7.0.1
2026-05-19 17:02:07,796 [INFO] ThirdParty:1030 - CMSIS Pack Vendor :STMicroelectronics X-CUBE-TOUCHGFX 4.25.0
2026-05-19 17:02:07,797 [INFO] ThirdParty:1030 - CMSIS Pack Vendor :STMicroelectronics FP-SNS-STBOX1 2.0.0
2026-05-19 17:02:07,797 [INFO] ThirdParty:1030 - CMSIS Pack Vendor :STMicroelectronics FP-SNS-STAIOTCFT 1.1.0
2026-05-19 17:02:07,797 [INFO] ThirdParty:1030 - CMSIS Pack Vendor :STMicroelectronics X-CUBE-MEMS1 12.0.0
2026-05-19 17:02:07,797 [INFO] ThirdParty:1030 - CMSIS Pack Vendor :STMicroelectronics X-CUBE-STSE01 2.0.0
2026-05-19 17:02:07,797 [INFO] ThirdParty:1030 - CMSIS Pack Vendor :STMicroelectronics X-CUBE-MEMS1 11.2.0
2026-05-19 17:02:07,797 [INFO] ThirdParty:1030 - CMSIS Pack Vendor :STMicroelectronics X-CUBE-AZRTOS-G0 1.1.0
2026-05-19 17:02:07,797 [INFO] ThirdParty:1030 - CMSIS Pack Vendor :STMicroelectronics X-CUBE-SAFEA1 1.2.2
2026-05-19 17:02:07,797 [INFO] ThirdParty:1030 - CMSIS Pack Vendor :STMicroelectronics X-CUBE-NFC4 3.0.0
2026-05-19 17:02:07,797 [INFO] ThirdParty:1030 - CMSIS Pack Vendor :STMicroelectronics X-CUBE-SUBG2 5.0.0
2026-05-19 17:02:07,797 [INFO] ThirdParty:1030 - CMSIS Pack Vendor :STMicroelectronics X-CUBE-AZRTOS-H7RS 1.1.0
2026-05-19 17:02:07,797 [INFO] ThirdParty:1030 - CMSIS Pack Vendor :STMicroelectronics STM32_WPAN 1.0.0
2026-05-19 17:02:07,797 [INFO] ThirdParty:1030 - CMSIS Pack Vendor :EmbeddedOffice I-CUBE-FS-RTOS 1.0.1
2026-05-19 17:02:07,797 [INFO] ThirdParty:1030 - CMSIS Pack Vendor :STMicroelectronics lwIP 2.0.3
2026-05-19 17:02:07,797 [INFO] ThirdParty:1030 - CMSIS Pack Vendor :Cesanta I-CUBE-Mongoose 7.13.0
2026-05-19 17:02:07,797 [INFO] ThirdParty:1030 - CMSIS Pack Vendor :STMicroelectronics USB_HOST 1.0.0
2026-05-19 17:02:07,797 [INFO] ThirdParty:1030 - CMSIS Pack Vendor :STMicroelectronics X-CUBE-AZRTOS-G4 2.0.0
2026-05-19 17:02:07,797 [INFO] ThirdParty:1030 - CMSIS Pack Vendor :STMicroelectronics X-CUBE-WB05N 2.0.0
2026-05-19 17:02:07,798 [INFO] ThirdParty:1030 - CMSIS Pack Vendor :STMicroelectronics PDM2PCM 3.1.0
2026-05-19 17:02:07,798 [INFO] ThirdParty:1030 - CMSIS Pack Vendor :wolfSSL I-CUBE-wolfTPM 3.8.0
2026-05-19 17:02:07,798 [INFO] ThirdParty:1030 - CMSIS Pack Vendor :wolfSSL I-CUBE-wolfSSH 1.4.20
2026-05-19 17:02:07,798 [INFO] ThirdParty:1030 - CMSIS Pack Vendor :STMicroelectronics X-CUBE-NFC7 2.0.0
2026-05-19 17:02:07,798 [INFO] ThirdParty:1030 - CMSIS Pack Vendor :STMicroelectronics X-CUBE-TCPP 4.2.0
2026-05-19 17:02:07,798 [INFO] ThirdParty:1030 - CMSIS Pack Vendor :RealThread X-CUBE-RT-Thread_Nano 4.1.1
2026-05-19 17:02:07,798 [INFO] ThirdParty:1030 - CMSIS Pack Vendor :STMicroelectronics FP-ATR-SIGFOX1 3.2.0
2026-05-19 17:02:07,798 [INFO] ThirdParty:1030 - CMSIS Pack Vendor :STMicroelectronics X-CUBE-EEPRMA1 5.1.0
2026-05-19 17:02:07,798 [INFO] ThirdParty:1030 - CMSIS Pack Vendor :STMicroelectronics X-CUBE-FREERTOS 1.5.0
2026-05-19 17:02:07,798 [INFO] ThirdParty:1030 - CMSIS Pack Vendor :STMicroelectronics MBEDTLS 2.16.2
2026-05-19 17:02:07,798 [INFO] ThirdParty:1030 - CMSIS Pack Vendor :STMicroelectronics X-CUBE-IPS 3.1.0
2026-05-19 17:02:07,798 [INFO] ThirdParty:1030 - CMSIS Pack Vendor :STMicroelectronics X-CUBE-ALS 1.0.2
2026-05-19 17:02:07,798 [INFO] ThirdParty:1030 - CMSIS Pack Vendor :wolfSSL I-CUBE-wolfSSL 5.7.6
2026-05-19 17:02:07,798 [INFO] ThirdParty:1030 - CMSIS Pack Vendor :ITTIA_DB I-CUBE-ITTIADB 8.9.0
2026-05-19 17:02:07,798 [INFO] ThirdParty:1030 - CMSIS Pack Vendor :portGmbH I-Cube-SoM-uGOAL 1.1.0
2026-05-19 17:02:07,798 [INFO] ThirdParty:1030 - CMSIS Pack Vendor :STMicroelectronics X-CUBE-NFC6 3.2.0
2026-05-19 17:02:07,798 [INFO] ThirdParty:1030 - CMSIS Pack Vendor :STMicroelectronics X-CUBE-AI 10.2.0
2026-05-19 17:02:07,798 [INFO] ThirdParty:1030 - CMSIS Pack Vendor :STMicroelectronics ThreadX 1.0.0
2026-05-19 17:02:07,798 [INFO] ThirdParty:1030 - CMSIS Pack Vendor :STMicroelectronics X-CUBE-MEMS1 12.1.0
2026-05-19 17:02:07,799 [INFO] ThirdParty:1030 - CMSIS Pack Vendor :SEGGER I-CUBE-embOS 1.3.1
2026-05-19 17:02:07,799 [INFO] ThirdParty:1030 - CMSIS Pack Vendor :STMicroelectronics X-CUBE-ALGOBUILD 1.4.0
2026-05-19 17:02:07,799 [INFO] ThirdParty:1030 - CMSIS Pack Vendor :STMicroelectronics X-CUBE-TOF1 3.4.2
2026-05-19 17:02:07,799 [INFO] ThirdParty:1030 - CMSIS Pack Vendor :STMicroelectronics X-CUBE-TOF1 3.4.3
2026-05-19 17:02:07,799 [INFO] ThirdParty:841 - exiting critical section [change project]
2026-05-19 17:02:08,343 [INFO] PinOutPanel:1589 - setPackage(No Configuration,No Configuration)
2026-05-19 17:02:08,346 [INFO] PinOutPanel:1589 - setPackage(STM32L432KCUx,UFQFPN32)
2026-05-19 17:02:09,151 [INFO] UtilMem:75 - Before build in PCC Used Memory: 845165712 Bytes (1073741824)
2026-05-19 17:02:10,897 [INFO] UtilMem:75 - After build in PCC Used Memory: 955790448 Bytes (1073741824)
2026-05-19 17:02:10,937 [INFO] IPUIPlugin:80 - create IPUIPlugin
2026-05-19 17:02:10,937 [INFO] IPUIPlugin:80 - create IPUIPlugin
2026-05-19 17:02:10,937 [INFO] IPUIPlugin:80 - create IPUIPlugin
2026-05-19 17:02:10,937 [INFO] IPUIPlugin:80 - create IPUIPlugin
2026-05-19 17:02:10,938 [INFO] IPUIPlugin:80 - create IPUIPlugin
2026-05-19 17:02:10,938 [INFO] IPUIPlugin:80 - create IPUIPlugin
2026-05-19 17:02:10,938 [INFO] IPUIPlugin:80 - create IPUIPlugin
2026-05-19 17:02:10,938 [INFO] IPUIPlugin:80 - create IPUIPlugin
2026-05-19 17:02:10,938 [INFO] IPUIPlugin:80 - create IPUIPlugin
2026-05-19 17:02:10,938 [INFO] IPUIPlugin:80 - create IPUIPlugin
2026-05-19 17:02:10,938 [INFO] IPUIPlugin:80 - create IPUIPlugin
2026-05-19 17:02:10,938 [INFO] IPUIPlugin:80 - create IPUIPlugin
2026-05-19 17:02:10,938 [INFO] IPUIPlugin:80 - create IPUIPlugin
2026-05-19 17:02:10,939 [INFO] IPUIPlugin:80 - create IPUIPlugin
2026-05-19 17:02:10,939 [INFO] IPUIPlugin:80 - create IPUIPlugin
2026-05-19 17:02:10,939 [INFO] IPUIPlugin:80 - create IPUIPlugin
2026-05-19 17:02:10,939 [INFO] IPUIPlugin:80 - create IPUIPlugin
2026-05-19 17:02:10,939 [INFO] IPUIPlugin:80 - create IPUIPlugin
2026-05-19 17:02:10,939 [INFO] IPUIPlugin:80 - create IPUIPlugin
2026-05-19 17:02:10,940 [INFO] IPUIPlugin:80 - create IPUIPlugin
2026-05-19 17:02:10,940 [INFO] IPUIPlugin:80 - create IPUIPlugin
2026-05-19 17:02:10,940 [INFO] IPUIPlugin:80 - create IPUIPlugin
2026-05-19 17:02:10,940 [INFO] IPUIPlugin:80 - create IPUIPlugin
2026-05-19 17:02:10,940 [INFO] IPUIPlugin:80 - create IPUIPlugin
2026-05-19 17:02:10,941 [INFO] IPUIPlugin:80 - create IPUIPlugin
2026-05-19 17:02:10,941 [INFO] IPUIPlugin:80 - create IPUIPlugin
2026-05-19 17:02:10,941 [INFO] IPUIPlugin:80 - create IPUIPlugin
2026-05-19 17:02:10,941 [INFO] IPUIPlugin:80 - create IPUIPlugin
2026-05-19 17:02:10,941 [INFO] IPUIPlugin:80 - create IPUIPlugin
2026-05-19 17:02:10,942 [INFO] IPUIPlugin:80 - create IPUIPlugin
2026-05-19 17:02:10,942 [INFO] IPUIPlugin:80 - create IPUIPlugin
2026-05-19 17:02:10,942 [INFO] IPUIPlugin:80 - create IPUIPlugin
2026-05-19 17:02:10,942 [INFO] IPUIPlugin:80 - create IPUIPlugin
2026-05-19 17:02:10,942 [INFO] IPUIPlugin:80 - create IPUIPlugin
2026-05-19 17:02:10,943 [INFO] IPUIPlugin:80 - create IPUIPlugin
2026-05-19 17:02:10,943 [INFO] IPUIPlugin:80 - create IPUIPlugin
2026-05-19 17:02:10,943 [INFO] IPUIPlugin:80 - create IPUIPlugin
2026-05-19 17:02:10,943 [INFO] IPUIPlugin:80 - create IPUIPlugin
2026-05-19 17:02:10,943 [INFO] IPUIPlugin:80 - create IPUIPlugin
2026-05-19 17:02:10,944 [INFO] IPUIPlugin:80 - create IPUIPlugin
2026-05-19 17:02:10,944 [INFO] IPUIPlugin:80 - create IPUIPlugin
2026-05-19 17:02:11,256 [INFO] CADModel:165 - CPN selected for project levelSTM32L432KCU3
2026-05-19 17:02:11,256 [INFO] CADModel:114 - Register for checkConnection events
2026-05-19 17:02:11,317 [INFO] OpenFileManager:386 - Restore cursor
2026-05-19 17:02:38,282 [INFO] ADCParametersView:116 -                Rank 1 : false
2026-05-19 17:02:38,283 [INFO] ADCParametersView:116 -                Rank 1 : false
2026-05-19 17:02:38,283 [INFO] ADCParametersView:116 -                Rank 2 : false
2026-05-19 17:02:38,284 [INFO] ADCParametersView:116 -                Rank 1 : false
2026-05-19 17:02:38,284 [INFO] ADCParametersView:116 -                Rank 2 : false
2026-05-19 17:02:38,284 [INFO] ADCParametersView:116 -                Rank 3 : false
2026-05-19 17:02:38,505 [INFO] ADCParametersView:116 -                Rank 1 : false
2026-05-19 17:02:38,505 [INFO] ADCParametersView:116 -                Rank 2 : false
2026-05-19 17:02:38,505 [INFO] ADCParametersView:116 -                Rank 3 : false
2026-05-19 17:02:38,506 [INFO] ADCParametersView:116 -                Rank 1 : false
2026-05-19 17:02:38,506 [INFO] ADCParametersView:116 -                Rank 2 : false
2026-05-19 17:02:38,506 [INFO] ADCParametersView:116 -                Rank 3 : false
2026-05-19 17:02:38,506 [INFO] ADCParametersView:116 -                Rank 1 : false
2026-05-19 17:02:38,506 [INFO] ADCParametersView:116 -                Rank 2 : false
2026-05-19 17:02:38,506 [INFO] ADCParametersView:116 -                Rank 3 : false
2026-05-19 17:02:38,506 [INFO] ADCParametersView:116 -                Rank 1 : false
2026-05-19 17:02:38,506 [INFO] ADCParametersView:116 -                Rank 2 : false
2026-05-19 17:02:38,506 [INFO] ADCParametersView:116 -                Rank 3 : false
2026-05-19 17:02:38,506 [INFO] ADCParametersView:116 -                Rank 1 : false
2026-05-19 17:02:38,508 [INFO] ADCParametersView:116 -                Rank 2 : false
2026-05-19 17:02:38,508 [INFO] ADCParametersView:116 -                Rank 3 : false
2026-05-19 17:02:38,508 [INFO] ADCParametersView:116 -                Rank 1 : false
2026-05-19 17:02:38,508 [INFO] ADCParametersView:116 -                Rank 2 : false
2026-05-19 17:02:38,508 [INFO] ADCParametersView:116 -                Rank 3 : false
2026-05-19 17:02:38,509 [INFO] ADCParametersView:116 -                Rank 1 : false
2026-05-19 17:02:38,509 [INFO] ADCParametersView:116 -                Rank 2 : false
2026-05-19 17:02:38,509 [INFO] ADCParametersView:116 -                Rank 3 : false
2026-05-19 17:02:38,509 [INFO] ADCParametersView:116 -                Rank 1 : false
2026-05-19 17:02:38,509 [INFO] ADCParametersView:116 -                Rank 2 : false
2026-05-19 17:02:38,509 [INFO] ADCParametersView:116 -                Rank 3 : false
2026-05-19 17:02:38,509 [INFO] ADCParametersView:116 -                Rank 1 : false
2026-05-19 17:02:38,509 [INFO] ADCParametersView:116 -                Rank 2 : false
2026-05-19 17:02:38,509 [INFO] ADCParametersView:116 -                Rank 3 : false
2026-05-19 17:02:38,510 [INFO] ADCParametersView:116 -                Rank 1 : false
2026-05-19 17:02:38,510 [INFO] ADCParametersView:116 -                Rank 2 : false
2026-05-19 17:02:38,510 [INFO] ADCParametersView:116 -                Rank 3 : false
2026-05-19 17:02:38,510 [INFO] ADCParametersView:116 -                Rank 1 : false
2026-05-19 17:02:38,510 [INFO] ADCParametersView:116 -                Rank 2 : false
2026-05-19 17:02:38,510 [INFO] ADCParametersView:116 -                Rank 3 : false
2026-05-19 17:02:38,510 [INFO] ADCParametersView:116 -                Rank 1 : false
2026-05-19 17:02:38,510 [INFO] ADCParametersView:116 -                Rank 2 : false
2026-05-19 17:02:38,510 [INFO] ADCParametersView:116 -                Rank 3 : false
2026-05-19 17:02:38,511 [INFO] ADCParametersView:116 -                Rank 1 : false
2026-05-19 17:02:38,511 [INFO] ADCParametersView:116 -                Rank 2 : false
2026-05-19 17:02:38,511 [INFO] ADCParametersView:116 -                Rank 3 : false
2026-05-19 17:02:38,511 [INFO] ADCParametersView:116 -                Rank 1 : false
2026-05-19 17:02:38,511 [INFO] ADCParametersView:116 -                Rank 2 : false
2026-05-19 17:02:38,511 [INFO] ADCParametersView:116 -                Rank 3 : false
2026-05-19 17:02:38,512 [INFO] ADCParametersView:116 -                Rank 1 : false
2026-05-19 17:02:38,512 [INFO] ADCParametersView:116 -                Rank 2 : false
2026-05-19 17:02:38,512 [INFO] ADCParametersView:116 -                Rank 3 : false
2026-05-19 17:02:38,512 [INFO] ADCParametersView:116 -                Rank 1 : false
2026-05-19 17:02:38,512 [INFO] ADCParametersView:116 -                Rank 2 : false
2026-05-19 17:02:38,512 [INFO] ADCParametersView:116 -                Rank 3 : false
2026-05-19 17:02:38,512 [INFO] ADCParametersView:116 -                Rank 1 : false
2026-05-19 17:02:38,512 [INFO] ADCParametersView:116 -                Rank 2 : false
2026-05-19 17:02:38,512 [INFO] ADCParametersView:116 -                Rank 3 : false
2026-05-19 17:02:38,512 [INFO] ADCParametersView:116 -                Rank 1 : false
2026-05-19 17:02:38,513 [INFO] ADCParametersView:116 -                Rank 2 : false
2026-05-19 17:02:38,513 [INFO] ADCParametersView:116 -                Rank 3 : false
2026-05-19 17:02:38,513 [INFO] ADCParametersView:116 -                Rank 1 : false
2026-05-19 17:02:38,513 [INFO] ADCParametersView:116 -                Rank 2 : false
2026-05-19 17:02:38,513 [INFO] ADCParametersView:116 -                Rank 3 : false
2026-05-19 17:02:38,513 [INFO] ADCParametersView:116 -                Rank 2 : false
2026-05-19 17:02:38,513 [INFO] ADCParametersView:116 -                Rank 3 : false
2026-05-19 17:02:38,513 [INFO] ADCParametersView:116 -                Rank 3 : false
2026-05-19 17:02:38,574 [INFO] ADCParametersView:116 -                Rank 1 : false
2026-05-19 17:02:38,574 [INFO] ADCParametersView:116 -                Rank 1 : false
2026-05-19 17:02:38,574 [INFO] ADCParametersView:116 -                Rank 2 : false
2026-05-19 17:02:38,575 [INFO] ADCParametersView:116 -                Rank 1 : false
2026-05-19 17:02:38,575 [INFO] ADCParametersView:116 -                Rank 2 : false
2026-05-19 17:02:38,575 [INFO] ADCParametersView:116 -                Rank 3 : false
2026-05-19 17:09:05,602 [INFO] ADCParametersView:116 -                Rank 1 : false
2026-05-19 17:09:05,603 [INFO] ADCParametersView:116 -                Rank 2 : false
2026-05-19 17:09:05,603 [INFO] ADCParametersView:116 -                Rank 3 : false
2026-05-19 17:09:05,604 [INFO] ADCParametersView:116 -                Rank 1 : false
2026-05-19 17:09:05,604 [INFO] ADCParametersView:116 -                Rank 2 : false
2026-05-19 17:09:05,604 [INFO] ADCParametersView:116 -                Rank 3 : false
2026-05-19 17:09:05,604 [INFO] ADCParametersView:116 -                Rank 1 : false
2026-05-19 17:09:05,604 [INFO] ADCParametersView:116 -                Rank 2 : false
2026-05-19 17:09:05,604 [INFO] ADCParametersView:116 -                Rank 3 : false
2026-05-19 17:09:05,604 [INFO] ADCParametersView:116 -                Rank 1 : false
2026-05-19 17:09:05,604 [INFO] ADCParametersView:116 -                Rank 2 : false
2026-05-19 17:09:05,605 [INFO] ADCParametersView:116 -                Rank 3 : false
2026-05-19 17:09:05,605 [INFO] ADCParametersView:116 -                Rank 1 : false
2026-05-19 17:09:05,605 [INFO] ADCParametersView:116 -                Rank 2 : false
2026-05-19 17:09:05,605 [INFO] ADCParametersView:116 -                Rank 3 : false
2026-05-19 17:09:05,605 [INFO] ADCParametersView:116 -                Rank 1 : false
2026-05-19 17:09:05,605 [INFO] ADCParametersView:116 -                Rank 2 : false
2026-05-19 17:09:05,606 [INFO] ADCParametersView:116 -                Rank 3 : false
2026-05-19 17:09:05,606 [INFO] ADCParametersView:116 -                Rank 1 : false
2026-05-19 17:09:05,606 [INFO] ADCParametersView:116 -                Rank 2 : false
2026-05-19 17:09:05,606 [INFO] ADCParametersView:116 -                Rank 3 : false
2026-05-19 17:09:05,606 [INFO] ADCParametersView:116 -                Rank 1 : false
2026-05-19 17:09:05,606 [INFO] ADCParametersView:116 -                Rank 2 : false
2026-05-19 17:09:05,606 [INFO] ADCParametersView:116 -                Rank 3 : false
2026-05-19 17:09:05,606 [INFO] ADCParametersView:116 -                Rank 1 : false
2026-05-19 17:09:05,606 [INFO] ADCParametersView:116 -                Rank 2 : false
2026-05-19 17:09:05,606 [INFO] ADCParametersView:116 -                Rank 3 : false
2026-05-19 17:09:05,607 [INFO] ADCParametersView:116 -                Rank 1 : false
2026-05-19 17:09:05,607 [INFO] ADCParametersView:116 -                Rank 2 : false
2026-05-19 17:09:05,607 [INFO] ADCParametersView:116 -                Rank 3 : false
2026-05-19 17:09:05,607 [INFO] ADCParametersView:116 -                Rank 1 : false
2026-05-19 17:09:05,607 [INFO] ADCParametersView:116 -                Rank 2 : false
2026-05-19 17:09:05,607 [INFO] ADCParametersView:116 -                Rank 3 : false
2026-05-19 17:09:05,607 [INFO] ADCParametersView:116 -                Rank 1 : false
2026-05-19 17:09:05,607 [INFO] ADCParametersView:116 -                Rank 2 : false
2026-05-19 17:09:05,607 [INFO] ADCParametersView:116 -                Rank 3 : false
2026-05-19 17:09:05,607 [INFO] ADCParametersView:116 -                Rank 1 : false
2026-05-19 17:09:05,607 [INFO] ADCParametersView:116 -                Rank 2 : false
2026-05-19 17:09:05,607 [INFO] ADCParametersView:116 -                Rank 3 : false
2026-05-19 17:09:05,608 [INFO] ADCParametersView:116 -                Rank 1 : false
2026-05-19 17:09:05,608 [INFO] ADCParametersView:116 -                Rank 2 : false
2026-05-19 17:09:05,608 [INFO] ADCParametersView:116 -                Rank 3 : false
2026-05-19 17:09:05,608 [INFO] ADCParametersView:116 -                Rank 1 : false
2026-05-19 17:09:05,608 [INFO] ADCParametersView:116 -                Rank 2 : false
2026-05-19 17:09:05,608 [INFO] ADCParametersView:116 -                Rank 3 : false
2026-05-19 17:09:05,608 [INFO] ADCParametersView:116 -                Rank 1 : false
2026-05-19 17:09:05,608 [INFO] ADCParametersView:116 -                Rank 2 : false
2026-05-19 17:09:05,608 [INFO] ADCParametersView:116 -                Rank 3 : false
2026-05-19 17:09:05,608 [INFO] ADCParametersView:116 -                Rank 1 : false
2026-05-19 17:09:05,609 [INFO] ADCParametersView:116 -                Rank 2 : false
2026-05-19 17:09:05,609 [INFO] ADCParametersView:116 -                Rank 3 : false
2026-05-19 17:09:05,609 [INFO] ADCParametersView:116 -                Rank 1 : false
2026-05-19 17:09:05,609 [INFO] ADCParametersView:116 -                Rank 2 : false
2026-05-19 17:09:05,609 [INFO] ADCParametersView:116 -                Rank 3 : false
2026-05-19 17:09:05,609 [INFO] ADCParametersView:116 -                Rank 1 : false
2026-05-19 17:09:05,609 [INFO] ADCParametersView:116 -                Rank 2 : false
2026-05-19 17:09:05,609 [INFO] ADCParametersView:116 -                Rank 3 : false
2026-05-19 17:09:05,609 [INFO] ADCParametersView:116 -                Rank 2 : false
2026-05-19 17:09:05,609 [INFO] ADCParametersView:116 -                Rank 3 : false
2026-05-19 17:09:05,609 [INFO] ADCParametersView:116 -                Rank 3 : false
2026-05-19 17:09:05,677 [INFO] ADCParametersView:116 -                Rank 1 : false
2026-05-19 17:09:05,677 [INFO] ADCParametersView:116 -                Rank 1 : false
2026-05-19 17:09:05,677 [INFO] ADCParametersView:116 -                Rank 2 : false
2026-05-19 17:09:05,678 [INFO] ADCParametersView:116 -                Rank 1 : false
2026-05-19 17:09:05,678 [INFO] ADCParametersView:116 -                Rank 2 : false
2026-05-19 17:09:05,678 [INFO] ADCParametersView:116 -                Rank 3 : false
2026-05-19 17:09:14,267 [INFO] ADCParametersView:116 -                Rank 1 : true
2026-05-19 17:09:14,267 [INFO] ADCParametersView:116 -                Rank 2 : false
2026-05-19 17:09:14,267 [INFO] ADCParametersView:116 -                Rank 3 : false
2026-05-19 17:09:17,283 [INFO] ADCParametersView:116 -                Rank 1 : true
2026-05-19 17:09:17,283 [INFO] ADCParametersView:116 -                Rank 2 : true
2026-05-19 17:09:17,283 [INFO] ADCParametersView:116 -                Rank 3 : false
2026-05-19 17:09:19,975 [INFO] ADCParametersView:116 -                Rank 1 : true
2026-05-19 17:09:19,975 [INFO] ADCParametersView:116 -                Rank 2 : true
2026-05-19 17:09:19,975 [INFO] ADCParametersView:116 -                Rank 3 : true
2026-05-19 17:12:34,820 [INFO] ADCParametersView:116 -                Rank 1 : true
2026-05-19 17:12:34,821 [INFO] ADCParametersView:116 -                Rank 2 : true
2026-05-19 17:12:34,821 [INFO] ADCParametersView:116 -                Rank 3 : true
2026-05-19 17:12:34,824 [INFO] ADCParametersView:116 -                Rank 1 : true
2026-05-19 17:12:34,824 [INFO] ADCParametersView:116 -                Rank 2 : true
2026-05-19 17:12:34,824 [INFO] ADCParametersView:116 -                Rank 3 : true
2026-05-19 17:12:34,825 [INFO] ADCParametersView:116 -                Rank 1 : true
2026-05-19 17:12:34,825 [INFO] ADCParametersView:116 -                Rank 2 : true
2026-05-19 17:12:34,825 [INFO] ADCParametersView:116 -                Rank 3 : true
2026-05-19 17:12:34,825 [INFO] ADCParametersView:116 -                Rank 1 : true
2026-05-19 17:12:34,825 [INFO] ADCParametersView:116 -                Rank 2 : true
2026-05-19 17:12:34,825 [INFO] ADCParametersView:116 -                Rank 3 : true
2026-05-19 17:12:34,825 [INFO] ADCParametersView:116 -                Rank 1 : true
2026-05-19 17:12:34,825 [INFO] ADCParametersView:116 -                Rank 2 : true
2026-05-19 17:12:34,826 [INFO] ADCParametersView:116 -                Rank 3 : true
2026-05-19 17:12:34,826 [INFO] ADCParametersView:116 -                Rank 1 : true
2026-05-19 17:12:34,826 [INFO] ADCParametersView:116 -                Rank 2 : true
2026-05-19 17:12:34,826 [INFO] ADCParametersView:116 -                Rank 3 : true
2026-05-19 17:12:34,826 [INFO] ADCParametersView:116 -                Rank 1 : true
2026-05-19 17:12:34,826 [INFO] ADCParametersView:116 -                Rank 2 : true
2026-05-19 17:12:34,826 [INFO] ADCParametersView:116 -                Rank 3 : true
2026-05-19 17:12:34,827 [INFO] ADCParametersView:116 -                Rank 1 : true
2026-05-19 17:12:34,827 [INFO] ADCParametersView:116 -                Rank 2 : true
2026-05-19 17:12:34,827 [INFO] ADCParametersView:116 -                Rank 3 : true
2026-05-19 17:12:34,827 [INFO] ADCParametersView:116 -                Rank 1 : true
2026-05-19 17:12:34,827 [INFO] ADCParametersView:116 -                Rank 2 : true
2026-05-19 17:12:34,827 [INFO] ADCParametersView:116 -                Rank 3 : true
2026-05-19 17:12:34,827 [INFO] ADCParametersView:116 -                Rank 1 : true
2026-05-19 17:12:34,827 [INFO] ADCParametersView:116 -                Rank 2 : true
2026-05-19 17:12:34,827 [INFO] ADCParametersView:116 -                Rank 3 : true
2026-05-19 17:12:34,827 [INFO] ADCParametersView:116 -                Rank 1 : true
2026-05-19 17:12:34,827 [INFO] ADCParametersView:116 -                Rank 2 : true
2026-05-19 17:12:34,827 [INFO] ADCParametersView:116 -                Rank 3 : true
2026-05-19 17:12:34,827 [INFO] ADCParametersView:116 -                Rank 1 : true
2026-05-19 17:12:34,827 [INFO] ADCParametersView:116 -                Rank 2 : true
2026-05-19 17:12:34,827 [INFO] ADCParametersView:116 -                Rank 3 : true
2026-05-19 17:12:34,828 [INFO] ADCParametersView:116 -                Rank 1 : true
2026-05-19 17:12:34,828 [INFO] ADCParametersView:116 -                Rank 2 : true
2026-05-19 17:12:34,828 [INFO] ADCParametersView:116 -                Rank 3 : true
2026-05-19 17:12:34,828 [INFO] ADCParametersView:116 -                Rank 1 : true
2026-05-19 17:12:34,828 [INFO] ADCParametersView:116 -                Rank 2 : true
2026-05-19 17:12:34,828 [INFO] ADCParametersView:116 -                Rank 3 : true
2026-05-19 17:12:34,828 [INFO] ADCParametersView:116 -                Rank 1 : true
2026-05-19 17:12:34,828 [INFO] ADCParametersView:116 -                Rank 2 : true
2026-05-19 17:12:34,828 [INFO] ADCParametersView:116 -                Rank 3 : true
2026-05-19 17:12:34,829 [INFO] ADCParametersView:116 -                Rank 1 : true
2026-05-19 17:12:34,829 [INFO] ADCParametersView:116 -                Rank 2 : true
2026-05-19 17:12:34,829 [INFO] ADCParametersView:116 -                Rank 3 : true
2026-05-19 17:12:34,829 [INFO] ADCParametersView:116 -                Rank 1 : true
2026-05-19 17:12:34,829 [INFO] ADCParametersView:116 -                Rank 2 : true
2026-05-19 17:12:34,829 [INFO] ADCParametersView:116 -                Rank 3 : true
2026-05-19 17:12:34,829 [INFO] ADCParametersView:116 -                Rank 1 : true
2026-05-19 17:12:34,829 [INFO] ADCParametersView:116 -                Rank 2 : true
2026-05-19 17:12:34,829 [INFO] ADCParametersView:116 -                Rank 3 : true
2026-05-19 17:12:34,829 [INFO] ADCParametersView:116 -                Rank 1 : true
2026-05-19 17:12:34,830 [INFO] ADCParametersView:116 -                Rank 2 : true
2026-05-19 17:12:34,830 [INFO] ADCParametersView:116 -                Rank 3 : true
2026-05-19 17:12:34,830 [INFO] ADCParametersView:116 -                Rank 2 : true
2026-05-19 17:12:34,830 [INFO] ADCParametersView:116 -                Rank 3 : true
2026-05-19 17:12:34,830 [INFO] ADCParametersView:116 -                Rank 3 : true
2026-05-19 17:12:34,880 [INFO] ADCParametersView:116 -                Rank 1 : true
2026-05-19 17:12:34,880 [INFO] ADCParametersView:116 -                Rank 1 : true
2026-05-19 17:12:34,880 [INFO] ADCParametersView:116 -                Rank 2 : true
2026-05-19 17:12:34,881 [INFO] ADCParametersView:116 -                Rank 1 : true
2026-05-19 17:12:34,881 [INFO] ADCParametersView:116 -                Rank 2 : true
2026-05-19 17:12:34,881 [INFO] ADCParametersView:116 -                Rank 3 : true
2026-05-19 17:12:34,956 [INFO] ADCParametersView:116 -                Rank 1 : true
2026-05-19 17:12:34,956 [INFO] ADCParametersView:116 -                Rank 2 : true
2026-05-19 17:12:34,956 [INFO] ADCParametersView:116 -                Rank 3 : true
2026-05-19 17:12:34,959 [INFO] ADCParametersView:116 -                Rank 1 : true
2026-05-19 17:12:34,959 [INFO] ADCParametersView:116 -                Rank 2 : true
2026-05-19 17:12:34,959 [INFO] ADCParametersView:116 -                Rank 3 : true
2026-05-19 17:12:34,959 [INFO] ADCParametersView:116 -                Rank 1 : true
2026-05-19 17:12:34,959 [INFO] ADCParametersView:116 -                Rank 2 : true
2026-05-19 17:12:34,959 [INFO] ADCParametersView:116 -                Rank 3 : true
2026-05-19 17:12:34,959 [INFO] ADCParametersView:116 -                Rank 1 : true
2026-05-19 17:12:34,959 [INFO] ADCParametersView:116 -                Rank 2 : true
2026-05-19 17:12:34,960 [INFO] ADCParametersView:116 -                Rank 3 : true
2026-05-19 17:12:34,960 [INFO] ADCParametersView:116 -                Rank 1 : true
2026-05-19 17:12:34,960 [INFO] ADCParametersView:116 -                Rank 2 : true
2026-05-19 17:12:34,960 [INFO] ADCParametersView:116 -                Rank 3 : true
2026-05-19 17:12:34,960 [INFO] ADCParametersView:116 -                Rank 1 : true
2026-05-19 17:12:34,960 [INFO] ADCParametersView:116 -                Rank 2 : true
2026-05-19 17:12:34,960 [INFO] ADCParametersView:116 -                Rank 3 : true
2026-05-19 17:12:34,960 [INFO] ADCParametersView:116 -                Rank 1 : true
2026-05-19 17:12:34,960 [INFO] ADCParametersView:116 -                Rank 2 : true
2026-05-19 17:12:34,960 [INFO] ADCParametersView:116 -                Rank 3 : true
2026-05-19 17:12:34,960 [INFO] ADCParametersView:116 -                Rank 1 : true
2026-05-19 17:12:34,961 [INFO] ADCParametersView:116 -                Rank 2 : true
2026-05-19 17:12:34,961 [INFO] ADCParametersView:116 -                Rank 3 : true
2026-05-19 17:12:34,961 [INFO] ADCParametersView:116 -                Rank 1 : true
2026-05-19 17:12:34,961 [INFO] ADCParametersView:116 -                Rank 2 : true
2026-05-19 17:12:34,961 [INFO] ADCParametersView:116 -                Rank 3 : true
2026-05-19 17:12:34,961 [INFO] ADCParametersView:116 -                Rank 1 : true
2026-05-19 17:12:34,961 [INFO] ADCParametersView:116 -                Rank 2 : true
2026-05-19 17:12:34,961 [INFO] ADCParametersView:116 -                Rank 3 : true
2026-05-19 17:12:34,961 [INFO] ADCParametersView:116 -                Rank 1 : true
2026-05-19 17:12:34,961 [INFO] ADCParametersView:116 -                Rank 2 : true
2026-05-19 17:12:34,961 [INFO] ADCParametersView:116 -                Rank 3 : true
2026-05-19 17:12:34,961 [INFO] ADCParametersView:116 -                Rank 1 : true
2026-05-19 17:12:34,961 [INFO] ADCParametersView:116 -                Rank 2 : true
2026-05-19 17:12:34,961 [INFO] ADCParametersView:116 -                Rank 3 : true
2026-05-19 17:12:34,962 [INFO] ADCParametersView:116 -                Rank 1 : true
2026-05-19 17:12:34,962 [INFO] ADCParametersView:116 -                Rank 2 : true
2026-05-19 17:12:34,962 [INFO] ADCParametersView:116 -                Rank 3 : true
2026-05-19 17:12:34,962 [INFO] ADCParametersView:116 -                Rank 1 : true
2026-05-19 17:12:34,962 [INFO] ADCParametersView:116 -                Rank 2 : true
2026-05-19 17:12:34,962 [INFO] ADCParametersView:116 -                Rank 3 : true
2026-05-19 17:12:34,962 [INFO] ADCParametersView:116 -                Rank 1 : true
2026-05-19 17:12:34,962 [INFO] ADCParametersView:116 -                Rank 2 : true
2026-05-19 17:12:34,962 [INFO] ADCParametersView:116 -                Rank 3 : true
2026-05-19 17:12:34,962 [INFO] ADCParametersView:116 -                Rank 1 : true
2026-05-19 17:12:34,962 [INFO] ADCParametersView:116 -                Rank 2 : true
2026-05-19 17:12:34,962 [INFO] ADCParametersView:116 -                Rank 3 : true
2026-05-19 17:12:34,963 [INFO] ADCParametersView:116 -                Rank 1 : true
2026-05-19 17:12:34,963 [INFO] ADCParametersView:116 -                Rank 2 : true
2026-05-19 17:12:34,963 [INFO] ADCParametersView:116 -                Rank 3 : true
2026-05-19 17:12:34,963 [INFO] ADCParametersView:116 -                Rank 1 : true
2026-05-19 17:12:34,963 [INFO] ADCParametersView:116 -                Rank 2 : true
2026-05-19 17:12:34,963 [INFO] ADCParametersView:116 -                Rank 3 : true
2026-05-19 17:12:34,963 [INFO] ADCParametersView:116 -                Rank 1 : true
2026-05-19 17:12:34,963 [INFO] ADCParametersView:116 -                Rank 2 : true
2026-05-19 17:12:34,963 [INFO] ADCParametersView:116 -                Rank 3 : true
2026-05-19 17:12:34,963 [INFO] ADCParametersView:116 -                Rank 2 : true
2026-05-19 17:12:34,963 [INFO] ADCParametersView:116 -                Rank 3 : true
2026-05-19 17:12:34,963 [INFO] ADCParametersView:116 -                Rank 3 : true
2026-05-19 17:12:35,017 [INFO] ADCParametersView:116 -                Rank 1 : true
2026-05-19 17:12:35,018 [INFO] ADCParametersView:116 -                Rank 1 : true
2026-05-19 17:12:35,018 [INFO] ADCParametersView:116 -                Rank 2 : true
2026-05-19 17:12:35,018 [INFO] ADCParametersView:116 -                Rank 1 : true
2026-05-19 17:12:35,019 [INFO] ADCParametersView:116 -                Rank 2 : true
2026-05-19 17:12:35,019 [INFO] ADCParametersView:116 -                Rank 3 : true
2026-05-19 17:13:02,891 [INFO] NvicIntPanel:101 - NVIC parent = com.st.microxplorer.plugins.ip.nvic.MultiNvicIntPanel[,0,0,0x0,invalid,layout=javax.swing.BoxLayout,alignmentX=0.0,alignmentY=0.0,border=,flags=9,maximumSize=,minimumSize=,preferredSize=]
2026-05-19 17:13:02,977 [INFO] ADCParametersView:116 -                Rank 1 : true
2026-05-19 17:13:02,978 [INFO] ADCParametersView:116 -                Rank 2 : true
2026-05-19 17:13:02,978 [INFO] ADCParametersView:116 -                Rank 3 : true
2026-05-19 17:13:02,983 [INFO] ADCParametersView:116 -                Rank 1 : true
2026-05-19 17:13:02,983 [INFO] ADCParametersView:116 -                Rank 2 : true
2026-05-19 17:13:02,984 [INFO] ADCParametersView:116 -                Rank 3 : true
2026-05-19 17:13:02,984 [INFO] ADCParametersView:116 -                Rank 1 : true
2026-05-19 17:13:02,984 [INFO] ADCParametersView:116 -                Rank 2 : true
2026-05-19 17:13:02,984 [INFO] ADCParametersView:116 -                Rank 3 : true
2026-05-19 17:13:02,984 [INFO] ADCParametersView:116 -                Rank 1 : true
2026-05-19 17:13:02,984 [INFO] ADCParametersView:116 -                Rank 2 : true
2026-05-19 17:13:02,984 [INFO] ADCParametersView:116 -                Rank 3 : true
2026-05-19 17:13:02,984 [INFO] ADCParametersView:116 -                Rank 1 : true
2026-05-19 17:13:02,984 [INFO] ADCParametersView:116 -                Rank 2 : true
2026-05-19 17:13:02,984 [INFO] ADCParametersView:116 -                Rank 3 : true
2026-05-19 17:13:02,984 [INFO] ADCParametersView:116 -                Rank 1 : true
2026-05-19 17:13:02,984 [INFO] ADCParametersView:116 -                Rank 2 : true
2026-05-19 17:13:02,984 [INFO] ADCParametersView:116 -                Rank 3 : true
2026-05-19 17:13:02,984 [INFO] ADCParametersView:116 -                Rank 1 : true
2026-05-19 17:13:02,984 [INFO] ADCParametersView:116 -                Rank 2 : true
2026-05-19 17:13:02,984 [INFO] ADCParametersView:116 -                Rank 3 : true
2026-05-19 17:13:02,984 [INFO] ADCParametersView:116 -                Rank 1 : true
2026-05-19 17:13:02,984 [INFO] ADCParametersView:116 -                Rank 2 : true
2026-05-19 17:13:02,984 [INFO] ADCParametersView:116 -                Rank 3 : true
2026-05-19 17:13:02,984 [INFO] ADCParametersView:116 -                Rank 1 : true
2026-05-19 17:13:02,984 [INFO] ADCParametersView:116 -                Rank 2 : true
2026-05-19 17:13:02,984 [INFO] ADCParametersView:116 -                Rank 3 : true
2026-05-19 17:13:02,985 [INFO] ADCParametersView:116 -                Rank 1 : true
2026-05-19 17:13:02,985 [INFO] ADCParametersView:116 -                Rank 2 : true
2026-05-19 17:13:02,985 [INFO] ADCParametersView:116 -                Rank 3 : true
2026-05-19 17:13:02,985 [INFO] ADCParametersView:116 -                Rank 1 : true
2026-05-19 17:13:02,985 [INFO] ADCParametersView:116 -                Rank 2 : true
2026-05-19 17:13:02,985 [INFO] ADCParametersView:116 -                Rank 3 : true
2026-05-19 17:13:02,985 [INFO] ADCParametersView:116 -                Rank 1 : true
2026-05-19 17:13:02,985 [INFO] ADCParametersView:116 -                Rank 2 : true
2026-05-19 17:13:02,985 [INFO] ADCParametersView:116 -                Rank 3 : true
2026-05-19 17:13:02,985 [INFO] ADCParametersView:116 -                Rank 1 : true
2026-05-19 17:13:02,985 [INFO] ADCParametersView:116 -                Rank 2 : true
2026-05-19 17:13:02,985 [INFO] ADCParametersView:116 -                Rank 3 : true
2026-05-19 17:13:02,985 [INFO] ADCParametersView:116 -                Rank 1 : true
2026-05-19 17:13:02,985 [INFO] ADCParametersView:116 -                Rank 2 : true
2026-05-19 17:13:02,985 [INFO] ADCParametersView:116 -                Rank 3 : true
2026-05-19 17:13:02,985 [INFO] ADCParametersView:116 -                Rank 1 : true
2026-05-19 17:13:02,985 [INFO] ADCParametersView:116 -                Rank 2 : true
2026-05-19 17:13:02,985 [INFO] ADCParametersView:116 -                Rank 3 : true
2026-05-19 17:13:02,985 [INFO] ADCParametersView:116 -                Rank 1 : true
2026-05-19 17:13:02,985 [INFO] ADCParametersView:116 -                Rank 2 : true
2026-05-19 17:13:02,985 [INFO] ADCParametersView:116 -                Rank 3 : true
2026-05-19 17:13:02,985 [INFO] ADCParametersView:116 -                Rank 1 : true
2026-05-19 17:13:02,985 [INFO] ADCParametersView:116 -                Rank 2 : true
2026-05-19 17:13:02,986 [INFO] ADCParametersView:116 -                Rank 3 : true
2026-05-19 17:13:02,986 [INFO] ADCParametersView:116 -                Rank 1 : true
2026-05-19 17:13:02,986 [INFO] ADCParametersView:116 -                Rank 2 : true
2026-05-19 17:13:02,986 [INFO] ADCParametersView:116 -                Rank 3 : true
2026-05-19 17:13:02,986 [INFO] ADCParametersView:116 -                Rank 1 : true
2026-05-19 17:13:02,986 [INFO] ADCParametersView:116 -                Rank 2 : true
2026-05-19 17:13:02,986 [INFO] ADCParametersView:116 -                Rank 3 : true
2026-05-19 17:13:02,986 [INFO] ADCParametersView:116 -                Rank 2 : true
2026-05-19 17:13:02,987 [INFO] ADCParametersView:116 -                Rank 3 : true
2026-05-19 17:13:02,987 [INFO] ADCParametersView:116 -                Rank 3 : true
2026-05-19 17:13:03,039 [INFO] ADCParametersView:116 -                Rank 1 : true
2026-05-19 17:13:03,040 [INFO] ADCParametersView:116 -                Rank 1 : true
2026-05-19 17:13:03,040 [INFO] ADCParametersView:116 -                Rank 2 : true
2026-05-19 17:13:03,040 [INFO] ADCParametersView:116 -                Rank 1 : true
2026-05-19 17:13:03,040 [INFO] ADCParametersView:116 -                Rank 2 : true
2026-05-19 17:13:03,040 [INFO] ADCParametersView:116 -                Rank 3 : true
2026-05-19 17:13:05,492 [INFO] NvicIntPanel:101 - NVIC parent = com.st.microxplorer.plugins.ip.nvic.MultiNvicIntPanel[,0,0,0x0,invalid,layout=javax.swing.BoxLayout,alignmentX=0.0,alignmentY=0.0,border=,flags=9,maximumSize=,minimumSize=,preferredSize=]
2026-05-19 17:13:05,578 [INFO] ADCParametersView:116 -                Rank 1 : true
2026-05-19 17:13:05,578 [INFO] ADCParametersView:116 -                Rank 2 : true
2026-05-19 17:13:05,578 [INFO] ADCParametersView:116 -                Rank 3 : true
2026-05-19 17:13:05,582 [INFO] ADCParametersView:116 -                Rank 1 : true
2026-05-19 17:13:05,582 [INFO] ADCParametersView:116 -                Rank 2 : true
2026-05-19 17:13:05,583 [INFO] ADCParametersView:116 -                Rank 3 : true
2026-05-19 17:13:05,583 [INFO] ADCParametersView:116 -                Rank 1 : true
2026-05-19 17:13:05,583 [INFO] ADCParametersView:116 -                Rank 2 : true
2026-05-19 17:13:05,583 [INFO] ADCParametersView:116 -                Rank 3 : true
2026-05-19 17:13:05,583 [INFO] ADCParametersView:116 -                Rank 1 : true
2026-05-19 17:13:05,583 [INFO] ADCParametersView:116 -                Rank 2 : true
2026-05-19 17:13:05,583 [INFO] ADCParametersView:116 -                Rank 3 : true
2026-05-19 17:13:05,583 [INFO] ADCParametersView:116 -                Rank 1 : true
2026-05-19 17:13:05,583 [INFO] ADCParametersView:116 -                Rank 2 : true
2026-05-19 17:13:05,583 [INFO] ADCParametersView:116 -                Rank 3 : true
2026-05-19 17:13:05,584 [INFO] ADCParametersView:116 -                Rank 1 : true
2026-05-19 17:13:05,584 [INFO] ADCParametersView:116 -                Rank 2 : true
2026-05-19 17:13:05,584 [INFO] ADCParametersView:116 -                Rank 3 : true
2026-05-19 17:13:05,584 [INFO] ADCParametersView:116 -                Rank 1 : true
2026-05-19 17:13:05,584 [INFO] ADCParametersView:116 -                Rank 2 : true
2026-05-19 17:13:05,584 [INFO] ADCParametersView:116 -                Rank 3 : true
2026-05-19 17:13:05,584 [INFO] ADCParametersView:116 -                Rank 1 : true
2026-05-19 17:13:05,584 [INFO] ADCParametersView:116 -                Rank 2 : true
2026-05-19 17:13:05,584 [INFO] ADCParametersView:116 -                Rank 3 : true
2026-05-19 17:13:05,584 [INFO] ADCParametersView:116 -                Rank 1 : true
2026-05-19 17:13:05,584 [INFO] ADCParametersView:116 -                Rank 2 : true
2026-05-19 17:13:05,584 [INFO] ADCParametersView:116 -                Rank 3 : true
2026-05-19 17:13:05,584 [INFO] ADCParametersView:116 -                Rank 1 : true
2026-05-19 17:13:05,584 [INFO] ADCParametersView:116 -                Rank 2 : true
2026-05-19 17:13:05,584 [INFO] ADCParametersView:116 -                Rank 3 : true
2026-05-19 17:13:05,585 [INFO] ADCParametersView:116 -                Rank 1 : true
2026-05-19 17:13:05,585 [INFO] ADCParametersView:116 -                Rank 2 : true
2026-05-19 17:13:05,585 [INFO] ADCParametersView:116 -                Rank 3 : true
2026-05-19 17:13:05,585 [INFO] ADCParametersView:116 -                Rank 1 : true
2026-05-19 17:13:05,585 [INFO] ADCParametersView:116 -                Rank 2 : true
2026-05-19 17:13:05,585 [INFO] ADCParametersView:116 -                Rank 3 : true
2026-05-19 17:13:05,585 [INFO] ADCParametersView:116 -                Rank 1 : true
2026-05-19 17:13:05,585 [INFO] ADCParametersView:116 -                Rank 2 : true
2026-05-19 17:13:05,585 [INFO] ADCParametersView:116 -                Rank 3 : true
2026-05-19 17:13:05,585 [INFO] ADCParametersView:116 -                Rank 1 : true
2026-05-19 17:13:05,585 [INFO] ADCParametersView:116 -                Rank 2 : true
2026-05-19 17:13:05,585 [INFO] ADCParametersView:116 -                Rank 3 : true
2026-05-19 17:13:05,585 [INFO] ADCParametersView:116 -                Rank 1 : true
2026-05-19 17:13:05,585 [INFO] ADCParametersView:116 -                Rank 2 : true
2026-05-19 17:13:05,585 [INFO] ADCParametersView:116 -                Rank 3 : true
2026-05-19 17:13:05,585 [INFO] ADCParametersView:116 -                Rank 1 : true
2026-05-19 17:13:05,585 [INFO] ADCParametersView:116 -                Rank 2 : true
2026-05-19 17:13:05,585 [INFO] ADCParametersView:116 -                Rank 3 : true
2026-05-19 17:13:05,585 [INFO] ADCParametersView:116 -                Rank 1 : true
2026-05-19 17:13:05,585 [INFO] ADCParametersView:116 -                Rank 2 : true
2026-05-19 17:13:05,585 [INFO] ADCParametersView:116 -                Rank 3 : true
2026-05-19 17:13:05,585 [INFO] ADCParametersView:116 -                Rank 1 : true
2026-05-19 17:13:05,585 [INFO] ADCParametersView:116 -                Rank 2 : true
2026-05-19 17:13:05,585 [INFO] ADCParametersView:116 -                Rank 3 : true
2026-05-19 17:13:05,585 [INFO] ADCParametersView:116 -                Rank 1 : true
2026-05-19 17:13:05,585 [INFO] ADCParametersView:116 -                Rank 2 : true
2026-05-19 17:13:05,586 [INFO] ADCParametersView:116 -                Rank 3 : true
2026-05-19 17:13:05,586 [INFO] ADCParametersView:116 -                Rank 2 : true
2026-05-19 17:13:05,586 [INFO] ADCParametersView:116 -                Rank 3 : true
2026-05-19 17:13:05,586 [INFO] ADCParametersView:116 -                Rank 3 : true
2026-05-19 17:13:05,638 [INFO] ADCParametersView:116 -                Rank 1 : true
2026-05-19 17:13:05,639 [INFO] ADCParametersView:116 -                Rank 1 : true
2026-05-19 17:13:05,639 [INFO] ADCParametersView:116 -                Rank 2 : true
2026-05-19 17:13:05,639 [INFO] ADCParametersView:116 -                Rank 1 : true
2026-05-19 17:13:05,639 [INFO] ADCParametersView:116 -                Rank 2 : true
2026-05-19 17:13:05,639 [INFO] ADCParametersView:116 -                Rank 3 : true
2026-05-19 17:18:36,803 [INFO] ADCParametersView:116 -                Rank 1 : true
2026-05-19 17:18:36,804 [INFO] ADCParametersView:116 -                Rank 2 : true
2026-05-19 17:18:36,805 [INFO] ADCParametersView:116 -                Rank 3 : true
2026-05-19 17:18:36,816 [INFO] ADCParametersView:116 -                Rank 1 : true
2026-05-19 17:18:36,816 [INFO] ADCParametersView:116 -                Rank 2 : true
2026-05-19 17:18:36,816 [INFO] ADCParametersView:116 -                Rank 3 : true
2026-05-19 17:18:36,817 [INFO] ADCParametersView:116 -                Rank 1 : true
2026-05-19 17:18:36,817 [INFO] ADCParametersView:116 -                Rank 2 : true
2026-05-19 17:18:36,817 [INFO] ADCParametersView:116 -                Rank 3 : true
2026-05-19 17:18:36,817 [INFO] ADCParametersView:116 -                Rank 1 : true
2026-05-19 17:18:36,818 [INFO] ADCParametersView:116 -                Rank 2 : true
2026-05-19 17:18:36,818 [INFO] ADCParametersView:116 -                Rank 3 : true
2026-05-19 17:18:36,818 [INFO] ADCParametersView:116 -                Rank 1 : true
2026-05-19 17:18:36,818 [INFO] ADCParametersView:116 -                Rank 2 : true
2026-05-19 17:18:36,818 [INFO] ADCParametersView:116 -                Rank 3 : true
2026-05-19 17:18:36,819 [INFO] ADCParametersView:116 -                Rank 1 : true
2026-05-19 17:18:36,819 [INFO] ADCParametersView:116 -                Rank 2 : true
2026-05-19 17:18:36,820 [INFO] ADCParametersView:116 -                Rank 3 : true
2026-05-19 17:18:36,820 [INFO] ADCParametersView:116 -                Rank 1 : true
2026-05-19 17:18:36,821 [INFO] ADCParametersView:116 -                Rank 2 : true
2026-05-19 17:18:36,821 [INFO] ADCParametersView:116 -                Rank 3 : true
2026-05-19 17:18:36,821 [INFO] ADCParametersView:116 -                Rank 1 : true
2026-05-19 17:18:36,822 [INFO] ADCParametersView:116 -                Rank 2 : true
2026-05-19 17:18:36,822 [INFO] ADCParametersView:116 -                Rank 3 : true
2026-05-19 17:18:36,822 [INFO] ADCParametersView:116 -                Rank 1 : true
2026-05-19 17:18:36,823 [INFO] ADCParametersView:116 -                Rank 2 : true
2026-05-19 17:18:36,823 [INFO] ADCParametersView:116 -                Rank 3 : true
2026-05-19 17:18:36,823 [INFO] ADCParametersView:116 -                Rank 1 : true
2026-05-19 17:18:36,824 [INFO] ADCParametersView:116 -                Rank 2 : true
2026-05-19 17:18:36,824 [INFO] ADCParametersView:116 -                Rank 3 : true
2026-05-19 17:18:36,824 [INFO] ADCParametersView:116 -                Rank 1 : true
2026-05-19 17:18:36,824 [INFO] ADCParametersView:116 -                Rank 2 : true
2026-05-19 17:18:36,824 [INFO] ADCParametersView:116 -                Rank 3 : true
2026-05-19 17:18:36,825 [INFO] ADCParametersView:116 -                Rank 1 : true
2026-05-19 17:18:36,825 [INFO] ADCParametersView:116 -                Rank 2 : true
2026-05-19 17:18:36,826 [INFO] ADCParametersView:116 -                Rank 3 : true
2026-05-19 17:18:36,826 [INFO] ADCParametersView:116 -                Rank 1 : true
2026-05-19 17:18:36,826 [INFO] ADCParametersView:116 -                Rank 2 : true
2026-05-19 17:18:36,826 [INFO] ADCParametersView:116 -                Rank 3 : true
2026-05-19 17:18:36,827 [INFO] ADCParametersView:116 -                Rank 1 : true
2026-05-19 17:18:36,827 [INFO] ADCParametersView:116 -                Rank 2 : true
2026-05-19 17:18:36,827 [INFO] ADCParametersView:116 -                Rank 3 : true
2026-05-19 17:18:36,828 [INFO] ADCParametersView:116 -                Rank 1 : true
2026-05-19 17:18:36,828 [INFO] ADCParametersView:116 -                Rank 2 : true
2026-05-19 17:18:36,828 [INFO] ADCParametersView:116 -                Rank 3 : true
2026-05-19 17:18:36,829 [INFO] ADCParametersView:116 -                Rank 1 : true
2026-05-19 17:18:36,829 [INFO] ADCParametersView:116 -                Rank 2 : true
2026-05-19 17:18:36,829 [INFO] ADCParametersView:116 -                Rank 3 : true
2026-05-19 17:18:36,829 [INFO] ADCParametersView:116 -                Rank 1 : true
2026-05-19 17:18:36,829 [INFO] ADCParametersView:116 -                Rank 2 : true
2026-05-19 17:18:36,829 [INFO] ADCParametersView:116 -                Rank 3 : true
2026-05-19 17:18:36,830 [INFO] ADCParametersView:116 -                Rank 1 : true
2026-05-19 17:18:36,830 [INFO] ADCParametersView:116 -                Rank 2 : true
2026-05-19 17:18:36,830 [INFO] ADCParametersView:116 -                Rank 3 : true
2026-05-19 17:18:36,831 [INFO] ADCParametersView:116 -                Rank 1 : true
2026-05-19 17:18:36,831 [INFO] ADCParametersView:116 -                Rank 2 : true
2026-05-19 17:18:36,831 [INFO] ADCParametersView:116 -                Rank 3 : true
2026-05-19 17:18:36,831 [INFO] ADCParametersView:116 -                Rank 2 : true
2026-05-19 17:18:36,831 [INFO] ADCParametersView:116 -                Rank 3 : true
2026-05-19 17:18:36,832 [INFO] ADCParametersView:116 -                Rank 3 : true
2026-05-19 17:18:36,931 [INFO] ADCParametersView:116 -                Rank 1 : true
2026-05-19 17:18:36,932 [INFO] ADCParametersView:116 -                Rank 1 : true
2026-05-19 17:18:36,933 [INFO] ADCParametersView:116 -                Rank 2 : true
2026-05-19 17:18:36,933 [INFO] ADCParametersView:116 -                Rank 1 : true
2026-05-19 17:18:36,934 [INFO] ADCParametersView:116 -                Rank 2 : true
2026-05-19 17:18:36,934 [INFO] ADCParametersView:116 -                Rank 3 : true
2026-05-19 17:18:37,124 [INFO] ADCParametersView:116 -                Rank 1 : true
2026-05-19 17:18:37,125 [INFO] ADCParametersView:116 -                Rank 2 : true
2026-05-19 17:18:37,125 [INFO] ADCParametersView:116 -                Rank 3 : true
2026-05-19 17:18:37,132 [INFO] ADCParametersView:116 -                Rank 1 : true
2026-05-19 17:18:37,133 [INFO] ADCParametersView:116 -                Rank 2 : true
2026-05-19 17:18:37,133 [INFO] ADCParametersView:116 -                Rank 3 : true
2026-05-19 17:18:37,133 [INFO] ADCParametersView:116 -                Rank 1 : true
2026-05-19 17:18:37,133 [INFO] ADCParametersView:116 -                Rank 2 : true
2026-05-19 17:18:37,134 [INFO] ADCParametersView:116 -                Rank 3 : true
2026-05-19 17:18:37,134 [INFO] ADCParametersView:116 -                Rank 1 : true
2026-05-19 17:18:37,134 [INFO] ADCParametersView:116 -                Rank 2 : true
2026-05-19 17:18:37,134 [INFO] ADCParametersView:116 -                Rank 3 : true
2026-05-19 17:18:37,135 [INFO] ADCParametersView:116 -                Rank 1 : true
2026-05-19 17:18:37,135 [INFO] ADCParametersView:116 -                Rank 2 : true
2026-05-19 17:18:37,135 [INFO] ADCParametersView:116 -                Rank 3 : true
2026-05-19 17:18:37,136 [INFO] ADCParametersView:116 -                Rank 1 : true
2026-05-19 17:18:37,136 [INFO] ADCParametersView:116 -                Rank 2 : true
2026-05-19 17:18:37,136 [INFO] ADCParametersView:116 -                Rank 3 : true
2026-05-19 17:18:37,137 [INFO] ADCParametersView:116 -                Rank 1 : true
2026-05-19 17:18:37,137 [INFO] ADCParametersView:116 -                Rank 2 : true
2026-05-19 17:18:37,137 [INFO] ADCParametersView:116 -                Rank 3 : true
2026-05-19 17:18:37,138 [INFO] ADCParametersView:116 -                Rank 1 : true
2026-05-19 17:18:37,138 [INFO] ADCParametersView:116 -                Rank 2 : true
2026-05-19 17:18:37,138 [INFO] ADCParametersView:116 -                Rank 3 : true
2026-05-19 17:18:37,139 [INFO] ADCParametersView:116 -                Rank 1 : true
2026-05-19 17:18:37,139 [INFO] ADCParametersView:116 -                Rank 2 : true
2026-05-19 17:18:37,139 [INFO] ADCParametersView:116 -                Rank 3 : true
2026-05-19 17:18:37,140 [INFO] ADCParametersView:116 -                Rank 1 : true
2026-05-19 17:18:37,140 [INFO] ADCParametersView:116 -                Rank 2 : true
2026-05-19 17:18:37,140 [INFO] ADCParametersView:116 -                Rank 3 : true
2026-05-19 17:18:37,140 [INFO] ADCParametersView:116 -                Rank 1 : true
2026-05-19 17:18:37,140 [INFO] ADCParametersView:116 -                Rank 2 : true
2026-05-19 17:18:37,141 [INFO] ADCParametersView:116 -                Rank 3 : true
2026-05-19 17:18:37,141 [INFO] ADCParametersView:116 -                Rank 1 : true
2026-05-19 17:18:37,141 [INFO] ADCParametersView:116 -                Rank 2 : true
2026-05-19 17:18:37,141 [INFO] ADCParametersView:116 -                Rank 3 : true
2026-05-19 17:18:37,142 [INFO] ADCParametersView:116 -                Rank 1 : true
2026-05-19 17:18:37,142 [INFO] ADCParametersView:116 -                Rank 2 : true
2026-05-19 17:18:37,142 [INFO] ADCParametersView:116 -                Rank 3 : true
2026-05-19 17:18:37,142 [INFO] ADCParametersView:116 -                Rank 1 : true
2026-05-19 17:18:37,142 [INFO] ADCParametersView:116 -                Rank 2 : true
2026-05-19 17:18:37,142 [INFO] ADCParametersView:116 -                Rank 3 : true
2026-05-19 17:18:37,143 [INFO] ADCParametersView:116 -                Rank 1 : true
2026-05-19 17:18:37,143 [INFO] ADCParametersView:116 -                Rank 2 : true
2026-05-19 17:18:37,143 [INFO] ADCParametersView:116 -                Rank 3 : true
2026-05-19 17:18:37,143 [INFO] ADCParametersView:116 -                Rank 1 : true
2026-05-19 17:18:37,144 [INFO] ADCParametersView:116 -                Rank 2 : true
2026-05-19 17:18:37,144 [INFO] ADCParametersView:116 -                Rank 3 : true
2026-05-19 17:18:37,144 [INFO] ADCParametersView:116 -                Rank 1 : true
2026-05-19 17:18:37,145 [INFO] ADCParametersView:116 -                Rank 2 : true
2026-05-19 17:18:37,145 [INFO] ADCParametersView:116 -                Rank 3 : true
2026-05-19 17:18:37,145 [INFO] ADCParametersView:116 -                Rank 1 : true
2026-05-19 17:18:37,145 [INFO] ADCParametersView:116 -                Rank 2 : true
2026-05-19 17:18:37,146 [INFO] ADCParametersView:116 -                Rank 3 : true
2026-05-19 17:18:37,146 [INFO] ADCParametersView:116 -                Rank 1 : true
2026-05-19 17:18:37,146 [INFO] ADCParametersView:116 -                Rank 2 : true
2026-05-19 17:18:37,146 [INFO] ADCParametersView:116 -                Rank 3 : true
2026-05-19 17:18:37,146 [INFO] ADCParametersView:116 -                Rank 2 : true
2026-05-19 17:18:37,147 [INFO] ADCParametersView:116 -                Rank 3 : true
2026-05-19 17:18:37,147 [INFO] ADCParametersView:116 -                Rank 3 : true
2026-05-19 17:18:37,238 [INFO] ADCParametersView:116 -                Rank 1 : true
2026-05-19 17:18:37,239 [INFO] ADCParametersView:116 -                Rank 1 : true
2026-05-19 17:18:37,240 [INFO] ADCParametersView:116 -                Rank 2 : true
2026-05-19 17:18:37,240 [INFO] ADCParametersView:116 -                Rank 1 : true
2026-05-19 17:18:37,240 [INFO] ADCParametersView:116 -                Rank 2 : true
2026-05-19 17:18:37,241 [INFO] ADCParametersView:116 -                Rank 3 : true
2026-05-19 17:19:23,623 [INFO] NvicIntPanel:101 - NVIC parent = com.st.microxplorer.plugins.ip.nvic.MultiNvicIntPanel[,0,0,0x0,invalid,layout=javax.swing.BoxLayout,alignmentX=0.0,alignmentY=0.0,border=,flags=9,maximumSize=,minimumSize=,preferredSize=]
2026-05-19 17:19:23,806 [INFO] ADCParametersView:116 -                Rank 1 : true
2026-05-19 17:19:23,806 [INFO] ADCParametersView:116 -                Rank 2 : true
2026-05-19 17:19:23,807 [INFO] ADCParametersView:116 -                Rank 3 : true
2026-05-19 17:19:23,814 [INFO] ADCParametersView:116 -                Rank 1 : true
2026-05-19 17:19:23,814 [INFO] ADCParametersView:116 -                Rank 2 : true
2026-05-19 17:19:23,814 [INFO] ADCParametersView:116 -                Rank 3 : true
2026-05-19 17:19:23,814 [INFO] ADCParametersView:116 -                Rank 1 : true
2026-05-19 17:19:23,814 [INFO] ADCParametersView:116 -                Rank 2 : true
2026-05-19 17:19:23,814 [INFO] ADCParametersView:116 -                Rank 3 : true
2026-05-19 17:19:23,815 [INFO] ADCParametersView:116 -                Rank 1 : true
2026-05-19 17:19:23,815 [INFO] ADCParametersView:116 -                Rank 2 : true
2026-05-19 17:19:23,815 [INFO] ADCParametersView:116 -                Rank 3 : true
2026-05-19 17:19:23,815 [INFO] ADCParametersView:116 -                Rank 1 : true
2026-05-19 17:19:23,815 [INFO] ADCParametersView:116 -                Rank 2 : true
2026-05-19 17:19:23,815 [INFO] ADCParametersView:116 -                Rank 3 : true
2026-05-19 17:19:23,815 [INFO] ADCParametersView:116 -                Rank 1 : true
2026-05-19 17:19:23,816 [INFO] ADCParametersView:116 -                Rank 2 : true
2026-05-19 17:19:23,816 [INFO] ADCParametersView:116 -                Rank 3 : true
2026-05-19 17:19:23,816 [INFO] ADCParametersView:116 -                Rank 1 : true
2026-05-19 17:19:23,816 [INFO] ADCParametersView:116 -                Rank 2 : true
2026-05-19 17:19:23,816 [INFO] ADCParametersView:116 -                Rank 3 : true
2026-05-19 17:19:23,817 [INFO] ADCParametersView:116 -                Rank 1 : true
2026-05-19 17:19:23,817 [INFO] ADCParametersView:116 -                Rank 2 : true
2026-05-19 17:19:23,817 [INFO] ADCParametersView:116 -                Rank 3 : true
2026-05-19 17:19:23,817 [INFO] ADCParametersView:116 -                Rank 1 : true
2026-05-19 17:19:23,817 [INFO] ADCParametersView:116 -                Rank 2 : true
2026-05-19 17:19:23,817 [INFO] ADCParametersView:116 -                Rank 3 : true
2026-05-19 17:19:23,818 [INFO] ADCParametersView:116 -                Rank 1 : true
2026-05-19 17:19:23,818 [INFO] ADCParametersView:116 -                Rank 2 : true
2026-05-19 17:19:23,818 [INFO] ADCParametersView:116 -                Rank 3 : true
2026-05-19 17:19:23,818 [INFO] ADCParametersView:116 -                Rank 1 : true
2026-05-19 17:19:23,818 [INFO] ADCParametersView:116 -                Rank 2 : true
2026-05-19 17:19:23,818 [INFO] ADCParametersView:116 -                Rank 3 : true
2026-05-19 17:19:23,819 [INFO] ADCParametersView:116 -                Rank 1 : true
2026-05-19 17:19:23,819 [INFO] ADCParametersView:116 -                Rank 2 : true
2026-05-19 17:19:23,819 [INFO] ADCParametersView:116 -                Rank 3 : true
2026-05-19 17:19:23,819 [INFO] ADCParametersView:116 -                Rank 1 : true
2026-05-19 17:19:23,819 [INFO] ADCParametersView:116 -                Rank 2 : true
2026-05-19 17:19:23,819 [INFO] ADCParametersView:116 -                Rank 3 : true
2026-05-19 17:19:23,820 [INFO] ADCParametersView:116 -                Rank 1 : true
2026-05-19 17:19:23,820 [INFO] ADCParametersView:116 -                Rank 2 : true
2026-05-19 17:19:23,820 [INFO] ADCParametersView:116 -                Rank 3 : true
2026-05-19 17:19:23,820 [INFO] ADCParametersView:116 -                Rank 1 : true
2026-05-19 17:19:23,821 [INFO] ADCParametersView:116 -                Rank 2 : true
2026-05-19 17:19:23,821 [INFO] ADCParametersView:116 -                Rank 3 : true
2026-05-19 17:19:23,821 [INFO] ADCParametersView:116 -                Rank 1 : true
2026-05-19 17:19:23,821 [INFO] ADCParametersView:116 -                Rank 2 : true
2026-05-19 17:19:23,821 [INFO] ADCParametersView:116 -                Rank 3 : true
2026-05-19 17:19:23,822 [INFO] ADCParametersView:116 -                Rank 1 : true
2026-05-19 17:19:23,822 [INFO] ADCParametersView:116 -                Rank 2 : true
2026-05-19 17:19:23,822 [INFO] ADCParametersView:116 -                Rank 3 : true
2026-05-19 17:19:23,822 [INFO] ADCParametersView:116 -                Rank 1 : true
2026-05-19 17:19:23,822 [INFO] ADCParametersView:116 -                Rank 2 : true
2026-05-19 17:19:23,822 [INFO] ADCParametersView:116 -                Rank 3 : true
2026-05-19 17:19:23,822 [INFO] ADCParametersView:116 -                Rank 1 : true
2026-05-19 17:19:23,822 [INFO] ADCParametersView:116 -                Rank 2 : true
2026-05-19 17:19:23,823 [INFO] ADCParametersView:116 -                Rank 3 : true
2026-05-19 17:19:23,823 [INFO] ADCParametersView:116 -                Rank 2 : true
2026-05-19 17:19:23,823 [INFO] ADCParametersView:116 -                Rank 3 : true
2026-05-19 17:19:23,823 [INFO] ADCParametersView:116 -                Rank 3 : true
2026-05-19 17:19:23,900 [INFO] ADCParametersView:116 -                Rank 1 : true
2026-05-19 17:19:23,900 [INFO] ADCParametersView:116 -                Rank 1 : true
2026-05-19 17:19:23,901 [INFO] ADCParametersView:116 -                Rank 2 : true
2026-05-19 17:19:23,901 [INFO] ADCParametersView:116 -                Rank 1 : true
2026-05-19 17:19:23,901 [INFO] ADCParametersView:116 -                Rank 2 : true
2026-05-19 17:19:23,901 [INFO] ADCParametersView:116 -                Rank 3 : true
2026-05-19 17:19:24,040 [INFO] ADCParametersView:116 -                Rank 1 : true
2026-05-19 17:19:24,040 [INFO] ADCParametersView:116 -                Rank 2 : true
2026-05-19 17:19:24,040 [INFO] ADCParametersView:116 -                Rank 3 : true
2026-05-19 17:19:24,045 [INFO] ADCParametersView:116 -                Rank 1 : true
2026-05-19 17:19:24,045 [INFO] ADCParametersView:116 -                Rank 2 : true
2026-05-19 17:19:24,045 [INFO] ADCParametersView:116 -                Rank 3 : true
2026-05-19 17:19:24,046 [INFO] ADCParametersView:116 -                Rank 1 : true
2026-05-19 17:19:24,046 [INFO] ADCParametersView:116 -                Rank 2 : true
2026-05-19 17:19:24,046 [INFO] ADCParametersView:116 -                Rank 3 : true
2026-05-19 17:19:24,046 [INFO] ADCParametersView:116 -                Rank 1 : true
2026-05-19 17:19:24,046 [INFO] ADCParametersView:116 -                Rank 2 : true
2026-05-19 17:19:24,047 [INFO] ADCParametersView:116 -                Rank 3 : true
2026-05-19 17:19:24,047 [INFO] ADCParametersView:116 -                Rank 1 : true
2026-05-19 17:19:24,047 [INFO] ADCParametersView:116 -                Rank 2 : true
2026-05-19 17:19:24,047 [INFO] ADCParametersView:116 -                Rank 3 : true
2026-05-19 17:19:24,047 [INFO] ADCParametersView:116 -                Rank 1 : true
2026-05-19 17:19:24,048 [INFO] ADCParametersView:116 -                Rank 2 : true
2026-05-19 17:19:24,048 [INFO] ADCParametersView:116 -                Rank 3 : true
2026-05-19 17:19:24,048 [INFO] ADCParametersView:116 -                Rank 1 : true
2026-05-19 17:19:24,048 [INFO] ADCParametersView:116 -                Rank 2 : true
2026-05-19 17:19:24,048 [INFO] ADCParametersView:116 -                Rank 3 : true
2026-05-19 17:19:24,048 [INFO] ADCParametersView:116 -                Rank 1 : true
2026-05-19 17:19:24,048 [INFO] ADCParametersView:116 -                Rank 2 : true
2026-05-19 17:19:24,048 [INFO] ADCParametersView:116 -                Rank 3 : true
2026-05-19 17:19:24,049 [INFO] ADCParametersView:116 -                Rank 1 : true
2026-05-19 17:19:24,049 [INFO] ADCParametersView:116 -                Rank 2 : true
2026-05-19 17:19:24,049 [INFO] ADCParametersView:116 -                Rank 3 : true
2026-05-19 17:19:24,049 [INFO] ADCParametersView:116 -                Rank 1 : true
2026-05-19 17:19:24,049 [INFO] ADCParametersView:116 -                Rank 2 : true
2026-05-19 17:19:24,049 [INFO] ADCParametersView:116 -                Rank 3 : true
2026-05-19 17:19:24,049 [INFO] ADCParametersView:116 -                Rank 1 : true
2026-05-19 17:19:24,049 [INFO] ADCParametersView:116 -                Rank 2 : true
2026-05-19 17:19:24,050 [INFO] ADCParametersView:116 -                Rank 3 : true
2026-05-19 17:19:24,050 [INFO] ADCParametersView:116 -                Rank 1 : true
2026-05-19 17:19:24,050 [INFO] ADCParametersView:116 -                Rank 2 : true
2026-05-19 17:19:24,050 [INFO] ADCParametersView:116 -                Rank 3 : true
2026-05-19 17:19:24,050 [INFO] ADCParametersView:116 -                Rank 1 : true
2026-05-19 17:19:24,050 [INFO] ADCParametersView:116 -                Rank 2 : true
2026-05-19 17:19:24,050 [INFO] ADCParametersView:116 -                Rank 3 : true
2026-05-19 17:19:24,051 [INFO] ADCParametersView:116 -                Rank 1 : true
2026-05-19 17:19:24,051 [INFO] ADCParametersView:116 -                Rank 2 : true
2026-05-19 17:19:24,051 [INFO] ADCParametersView:116 -                Rank 3 : true
2026-05-19 17:19:24,051 [INFO] ADCParametersView:116 -                Rank 1 : true
2026-05-19 17:19:24,051 [INFO] ADCParametersView:116 -                Rank 2 : true
2026-05-19 17:19:24,051 [INFO] ADCParametersView:116 -                Rank 3 : true
2026-05-19 17:19:24,051 [INFO] ADCParametersView:116 -                Rank 1 : true
2026-05-19 17:19:24,051 [INFO] ADCParametersView:116 -                Rank 2 : true
2026-05-19 17:19:24,052 [INFO] ADCParametersView:116 -                Rank 3 : true
2026-05-19 17:19:24,052 [INFO] ADCParametersView:116 -                Rank 1 : true
2026-05-19 17:19:24,052 [INFO] ADCParametersView:116 -                Rank 2 : true
2026-05-19 17:19:24,052 [INFO] ADCParametersView:116 -                Rank 3 : true
2026-05-19 17:19:24,053 [INFO] ADCParametersView:116 -                Rank 1 : true
2026-05-19 17:19:24,053 [INFO] ADCParametersView:116 -                Rank 2 : true
2026-05-19 17:19:24,053 [INFO] ADCParametersView:116 -                Rank 3 : true
2026-05-19 17:19:24,053 [INFO] ADCParametersView:116 -                Rank 1 : true
2026-05-19 17:19:24,053 [INFO] ADCParametersView:116 -                Rank 2 : true
2026-05-19 17:19:24,054 [INFO] ADCParametersView:116 -                Rank 3 : true
2026-05-19 17:19:24,054 [INFO] ADCParametersView:116 -                Rank 2 : true
2026-05-19 17:19:24,054 [INFO] ADCParametersView:116 -                Rank 3 : true
2026-05-19 17:19:24,054 [INFO] ADCParametersView:116 -                Rank 3 : true
2026-05-19 17:19:24,119 [INFO] ADCParametersView:116 -                Rank 1 : true
2026-05-19 17:19:24,120 [INFO] ADCParametersView:116 -                Rank 1 : true
2026-05-19 17:19:24,120 [INFO] ADCParametersView:116 -                Rank 2 : true
2026-05-19 17:19:24,120 [INFO] ADCParametersView:116 -                Rank 1 : true
2026-05-19 17:19:24,121 [INFO] ADCParametersView:116 -                Rank 2 : true
2026-05-19 17:19:24,121 [INFO] ADCParametersView:116 -                Rank 3 : true
2026-05-19 17:19:24,551 [INFO] ADCParametersView:116 -                Rank 1 : true
2026-05-19 17:19:24,551 [INFO] ADCParametersView:116 -                Rank 2 : true
2026-05-19 17:19:24,552 [INFO] ADCParametersView:116 -                Rank 3 : true
2026-05-19 17:19:24,561 [INFO] ADCParametersView:116 -                Rank 1 : true
2026-05-19 17:19:24,561 [INFO] ADCParametersView:116 -                Rank 2 : true
2026-05-19 17:19:24,561 [INFO] ADCParametersView:116 -                Rank 3 : true
2026-05-19 17:19:24,562 [INFO] ADCParametersView:116 -                Rank 1 : true
2026-05-19 17:19:24,562 [INFO] ADCParametersView:116 -                Rank 2 : true
2026-05-19 17:19:24,562 [INFO] ADCParametersView:116 -                Rank 3 : true
2026-05-19 17:19:24,562 [INFO] ADCParametersView:116 -                Rank 1 : true
2026-05-19 17:19:24,562 [INFO] ADCParametersView:116 -                Rank 2 : true
2026-05-19 17:19:24,563 [INFO] ADCParametersView:116 -                Rank 3 : true
2026-05-19 17:19:24,563 [INFO] ADCParametersView:116 -                Rank 1 : true
2026-05-19 17:19:24,563 [INFO] ADCParametersView:116 -                Rank 2 : true
2026-05-19 17:19:24,563 [INFO] ADCParametersView:116 -                Rank 3 : true
2026-05-19 17:19:24,563 [INFO] ADCParametersView:116 -                Rank 1 : true
2026-05-19 17:19:24,564 [INFO] ADCParametersView:116 -                Rank 2 : true
2026-05-19 17:19:24,564 [INFO] ADCParametersView:116 -                Rank 3 : true
2026-05-19 17:19:24,564 [INFO] ADCParametersView:116 -                Rank 1 : true
2026-05-19 17:19:24,564 [INFO] ADCParametersView:116 -                Rank 2 : true
2026-05-19 17:19:24,564 [INFO] ADCParametersView:116 -                Rank 3 : true
2026-05-19 17:19:24,564 [INFO] ADCParametersView:116 -                Rank 1 : true
2026-05-19 17:19:24,564 [INFO] ADCParametersView:116 -                Rank 2 : true
2026-05-19 17:19:24,564 [INFO] ADCParametersView:116 -                Rank 3 : true
2026-05-19 17:19:24,564 [INFO] ADCParametersView:116 -                Rank 1 : true
2026-05-19 17:19:24,564 [INFO] ADCParametersView:116 -                Rank 2 : true
2026-05-19 17:19:24,564 [INFO] ADCParametersView:116 -                Rank 3 : true
2026-05-19 17:19:24,564 [INFO] ADCParametersView:116 -                Rank 1 : true
2026-05-19 17:19:24,564 [INFO] ADCParametersView:116 -                Rank 2 : true
2026-05-19 17:19:24,564 [INFO] ADCParametersView:116 -                Rank 3 : true
2026-05-19 17:19:24,565 [INFO] ADCParametersView:116 -                Rank 1 : true
2026-05-19 17:19:24,565 [INFO] ADCParametersView:116 -                Rank 2 : true
2026-05-19 17:19:24,565 [INFO] ADCParametersView:116 -                Rank 3 : true
2026-05-19 17:19:24,565 [INFO] ADCParametersView:116 -                Rank 1 : true
2026-05-19 17:19:24,565 [INFO] ADCParametersView:116 -                Rank 2 : true
2026-05-19 17:19:24,565 [INFO] ADCParametersView:116 -                Rank 3 : true
2026-05-19 17:19:24,565 [INFO] ADCParametersView:116 -                Rank 1 : true
2026-05-19 17:19:24,565 [INFO] ADCParametersView:116 -                Rank 2 : true
2026-05-19 17:19:24,565 [INFO] ADCParametersView:116 -                Rank 3 : true
2026-05-19 17:19:24,565 [INFO] ADCParametersView:116 -                Rank 1 : true
2026-05-19 17:19:24,565 [INFO] ADCParametersView:116 -                Rank 2 : true
2026-05-19 17:19:24,566 [INFO] ADCParametersView:116 -                Rank 3 : true
2026-05-19 17:19:24,566 [INFO] ADCParametersView:116 -                Rank 1 : true
2026-05-19 17:19:24,566 [INFO] ADCParametersView:116 -                Rank 2 : true
2026-05-19 17:19:24,566 [INFO] ADCParametersView:116 -                Rank 3 : true
2026-05-19 17:19:24,566 [INFO] ADCParametersView:116 -                Rank 1 : true
2026-05-19 17:19:24,566 [INFO] ADCParametersView:116 -                Rank 2 : true
2026-05-19 17:19:24,566 [INFO] ADCParametersView:116 -                Rank 3 : true
2026-05-19 17:19:24,566 [INFO] ADCParametersView:116 -                Rank 1 : true
2026-05-19 17:19:24,566 [INFO] ADCParametersView:116 -                Rank 2 : true
2026-05-19 17:19:24,566 [INFO] ADCParametersView:116 -                Rank 3 : true
2026-05-19 17:19:24,567 [INFO] ADCParametersView:116 -                Rank 1 : true
2026-05-19 17:19:24,567 [INFO] ADCParametersView:116 -                Rank 2 : true
2026-05-19 17:19:24,567 [INFO] ADCParametersView:116 -                Rank 3 : true
2026-05-19 17:19:24,567 [INFO] ADCParametersView:116 -                Rank 1 : true
2026-05-19 17:19:24,567 [INFO] ADCParametersView:116 -                Rank 2 : true
2026-05-19 17:19:24,567 [INFO] ADCParametersView:116 -                Rank 3 : true
2026-05-19 17:19:24,567 [INFO] ADCParametersView:116 -                Rank 2 : true
2026-05-19 17:19:24,567 [INFO] ADCParametersView:116 -                Rank 3 : true
2026-05-19 17:19:24,567 [INFO] ADCParametersView:116 -                Rank 3 : true
2026-05-19 17:19:24,649 [INFO] ADCParametersView:116 -                Rank 1 : true
2026-05-19 17:19:24,650 [INFO] ADCParametersView:116 -                Rank 1 : true
2026-05-19 17:19:24,650 [INFO] ADCParametersView:116 -                Rank 2 : true
2026-05-19 17:19:24,650 [INFO] ADCParametersView:116 -                Rank 1 : true
2026-05-19 17:19:24,650 [INFO] ADCParametersView:116 -                Rank 2 : true
2026-05-19 17:19:24,650 [INFO] ADCParametersView:116 -                Rank 3 : true
2026-05-19 17:19:24,783 [INFO] ADCParametersView:116 -                Rank 1 : true
2026-05-19 17:19:24,783 [INFO] ADCParametersView:116 -                Rank 2 : true
2026-05-19 17:19:24,784 [INFO] ADCParametersView:116 -                Rank 3 : true
2026-05-19 17:19:24,789 [INFO] ADCParametersView:116 -                Rank 1 : true
2026-05-19 17:19:24,789 [INFO] ADCParametersView:116 -                Rank 2 : true
2026-05-19 17:19:24,789 [INFO] ADCParametersView:116 -                Rank 3 : true
2026-05-19 17:19:24,789 [INFO] ADCParametersView:116 -                Rank 1 : true
2026-05-19 17:19:24,789 [INFO] ADCParametersView:116 -                Rank 2 : true
2026-05-19 17:19:24,789 [INFO] ADCParametersView:116 -                Rank 3 : true
2026-05-19 17:19:24,789 [INFO] ADCParametersView:116 -                Rank 1 : true
2026-05-19 17:19:24,789 [INFO] ADCParametersView:116 -                Rank 2 : true
2026-05-19 17:19:24,789 [INFO] ADCParametersView:116 -                Rank 3 : true
2026-05-19 17:19:24,789 [INFO] ADCParametersView:116 -                Rank 1 : true
2026-05-19 17:19:24,789 [INFO] ADCParametersView:116 -                Rank 2 : true
2026-05-19 17:19:24,790 [INFO] ADCParametersView:116 -                Rank 3 : true
2026-05-19 17:19:24,790 [INFO] ADCParametersView:116 -                Rank 1 : true
2026-05-19 17:19:24,790 [INFO] ADCParametersView:116 -                Rank 2 : true
2026-05-19 17:19:24,790 [INFO] ADCParametersView:116 -                Rank 3 : true
2026-05-19 17:19:24,790 [INFO] ADCParametersView:116 -                Rank 1 : true
2026-05-19 17:19:24,790 [INFO] ADCParametersView:116 -                Rank 2 : true
2026-05-19 17:19:24,790 [INFO] ADCParametersView:116 -                Rank 3 : true
2026-05-19 17:19:24,790 [INFO] ADCParametersView:116 -                Rank 1 : true
2026-05-19 17:19:24,790 [INFO] ADCParametersView:116 -                Rank 2 : true
2026-05-19 17:19:24,790 [INFO] ADCParametersView:116 -                Rank 3 : true
2026-05-19 17:19:24,790 [INFO] ADCParametersView:116 -                Rank 1 : true
2026-05-19 17:19:24,790 [INFO] ADCParametersView:116 -                Rank 2 : true
2026-05-19 17:19:24,790 [INFO] ADCParametersView:116 -                Rank 3 : true
2026-05-19 17:19:24,790 [INFO] ADCParametersView:116 -                Rank 1 : true
2026-05-19 17:19:24,790 [INFO] ADCParametersView:116 -                Rank 2 : true
2026-05-19 17:19:24,790 [INFO] ADCParametersView:116 -                Rank 3 : true
2026-05-19 17:19:24,790 [INFO] ADCParametersView:116 -                Rank 1 : true
2026-05-19 17:19:24,790 [INFO] ADCParametersView:116 -                Rank 2 : true
2026-05-19 17:19:24,790 [INFO] ADCParametersView:116 -                Rank 3 : true
2026-05-19 17:19:24,790 [INFO] ADCParametersView:116 -                Rank 1 : true
2026-05-19 17:19:24,790 [INFO] ADCParametersView:116 -                Rank 2 : true
2026-05-19 17:19:24,790 [INFO] ADCParametersView:116 -                Rank 3 : true
2026-05-19 17:19:24,790 [INFO] ADCParametersView:116 -                Rank 1 : true
2026-05-19 17:19:24,791 [INFO] ADCParametersView:116 -                Rank 2 : true
2026-05-19 17:19:24,791 [INFO] ADCParametersView:116 -                Rank 3 : true
2026-05-19 17:19:24,791 [INFO] ADCParametersView:116 -                Rank 1 : true
2026-05-19 17:19:24,791 [INFO] ADCParametersView:116 -                Rank 2 : true
2026-05-19 17:19:24,791 [INFO] ADCParametersView:116 -                Rank 3 : true
2026-05-19 17:19:24,791 [INFO] ADCParametersView:116 -                Rank 1 : true
2026-05-19 17:19:24,791 [INFO] ADCParametersView:116 -                Rank 2 : true
2026-05-19 17:19:24,791 [INFO] ADCParametersView:116 -                Rank 3 : true
2026-05-19 17:19:24,791 [INFO] ADCParametersView:116 -                Rank 1 : true
2026-05-19 17:19:24,791 [INFO] ADCParametersView:116 -                Rank 2 : true
2026-05-19 17:19:24,791 [INFO] ADCParametersView:116 -                Rank 3 : true
2026-05-19 17:19:24,791 [INFO] ADCParametersView:116 -                Rank 1 : true
2026-05-19 17:19:24,791 [INFO] ADCParametersView:116 -                Rank 2 : true
2026-05-19 17:19:24,791 [INFO] ADCParametersView:116 -                Rank 3 : true
2026-05-19 17:19:24,791 [INFO] ADCParametersView:116 -                Rank 1 : true
2026-05-19 17:19:24,791 [INFO] ADCParametersView:116 -                Rank 2 : true
2026-05-19 17:19:24,792 [INFO] ADCParametersView:116 -                Rank 3 : true
2026-05-19 17:19:24,792 [INFO] ADCParametersView:116 -                Rank 1 : true
2026-05-19 17:19:24,792 [INFO] ADCParametersView:116 -                Rank 2 : true
2026-05-19 17:19:24,792 [INFO] ADCParametersView:116 -                Rank 3 : true
2026-05-19 17:19:24,792 [INFO] ADCParametersView:116 -                Rank 2 : true
2026-05-19 17:19:24,792 [INFO] ADCParametersView:116 -                Rank 3 : true
2026-05-19 17:19:24,792 [INFO] ADCParametersView:116 -                Rank 3 : true
2026-05-19 17:19:24,853 [INFO] ADCParametersView:116 -                Rank 1 : true
2026-05-19 17:19:24,854 [INFO] ADCParametersView:116 -                Rank 1 : true
2026-05-19 17:19:24,854 [INFO] ADCParametersView:116 -                Rank 2 : true
2026-05-19 17:19:24,854 [INFO] ADCParametersView:116 -                Rank 1 : true
2026-05-19 17:19:24,854 [INFO] ADCParametersView:116 -                Rank 2 : true
2026-05-19 17:19:24,854 [INFO] ADCParametersView:116 -                Rank 3 : true
2026-05-19 17:19:36,452 [INFO] NvicIntPanel:101 - NVIC parent = com.st.microxplorer.plugins.ip.nvic.MultiNvicIntPanel[,0,0,0x0,invalid,layout=javax.swing.BoxLayout,alignmentX=0.0,alignmentY=0.0,border=,flags=9,maximumSize=,minimumSize=,preferredSize=]
2026-05-19 17:19:36,598 [INFO] ADCParametersView:116 -                Rank 1 : true
2026-05-19 17:19:36,599 [INFO] ADCParametersView:116 -                Rank 2 : true
2026-05-19 17:19:36,599 [INFO] ADCParametersView:116 -                Rank 3 : true
2026-05-19 17:19:36,603 [INFO] ADCParametersView:116 -                Rank 1 : true
2026-05-19 17:19:36,603 [INFO] ADCParametersView:116 -                Rank 2 : true
2026-05-19 17:19:36,603 [INFO] ADCParametersView:116 -                Rank 3 : true
2026-05-19 17:19:36,603 [INFO] ADCParametersView:116 -                Rank 1 : true
2026-05-19 17:19:36,603 [INFO] ADCParametersView:116 -                Rank 2 : true
2026-05-19 17:19:36,603 [INFO] ADCParametersView:116 -                Rank 3 : true
2026-05-19 17:19:36,603 [INFO] ADCParametersView:116 -                Rank 1 : true
2026-05-19 17:19:36,603 [INFO] ADCParametersView:116 -                Rank 2 : true
2026-05-19 17:19:36,603 [INFO] ADCParametersView:116 -                Rank 3 : true
2026-05-19 17:19:36,603 [INFO] ADCParametersView:116 -                Rank 1 : true
2026-05-19 17:19:36,603 [INFO] ADCParametersView:116 -                Rank 2 : true
2026-05-19 17:19:36,603 [INFO] ADCParametersView:116 -                Rank 3 : true
2026-05-19 17:19:36,603 [INFO] ADCParametersView:116 -                Rank 1 : true
2026-05-19 17:19:36,603 [INFO] ADCParametersView:116 -                Rank 2 : true
2026-05-19 17:19:36,603 [INFO] ADCParametersView:116 -                Rank 3 : true
2026-05-19 17:19:36,603 [INFO] ADCParametersView:116 -                Rank 1 : true
2026-05-19 17:19:36,603 [INFO] ADCParametersView:116 -                Rank 2 : true
2026-05-19 17:19:36,604 [INFO] ADCParametersView:116 -                Rank 3 : true
2026-05-19 17:19:36,604 [INFO] ADCParametersView:116 -                Rank 1 : true
2026-05-19 17:19:36,604 [INFO] ADCParametersView:116 -                Rank 2 : true
2026-05-19 17:19:36,604 [INFO] ADCParametersView:116 -                Rank 3 : true
2026-05-19 17:19:36,604 [INFO] ADCParametersView:116 -                Rank 1 : true
2026-05-19 17:19:36,604 [INFO] ADCParametersView:116 -                Rank 2 : true
2026-05-19 17:19:36,604 [INFO] ADCParametersView:116 -                Rank 3 : true
2026-05-19 17:19:36,604 [INFO] ADCParametersView:116 -                Rank 1 : true
2026-05-19 17:19:36,604 [INFO] ADCParametersView:116 -                Rank 2 : true
2026-05-19 17:19:36,604 [INFO] ADCParametersView:116 -                Rank 3 : true
2026-05-19 17:19:36,604 [INFO] ADCParametersView:116 -                Rank 1 : true
2026-05-19 17:19:36,604 [INFO] ADCParametersView:116 -                Rank 2 : true
2026-05-19 17:19:36,605 [INFO] ADCParametersView:116 -                Rank 3 : true
2026-05-19 17:19:36,605 [INFO] ADCParametersView:116 -                Rank 1 : true
2026-05-19 17:19:36,605 [INFO] ADCParametersView:116 -                Rank 2 : true
2026-05-19 17:19:36,605 [INFO] ADCParametersView:116 -                Rank 3 : true
2026-05-19 17:19:36,605 [INFO] ADCParametersView:116 -                Rank 1 : true
2026-05-19 17:19:36,605 [INFO] ADCParametersView:116 -                Rank 2 : true
2026-05-19 17:19:36,605 [INFO] ADCParametersView:116 -                Rank 3 : true
2026-05-19 17:19:36,605 [INFO] ADCParametersView:116 -                Rank 1 : true
2026-05-19 17:19:36,605 [INFO] ADCParametersView:116 -                Rank 2 : true
2026-05-19 17:19:36,605 [INFO] ADCParametersView:116 -                Rank 3 : true
2026-05-19 17:19:36,605 [INFO] ADCParametersView:116 -                Rank 1 : true
2026-05-19 17:19:36,605 [INFO] ADCParametersView:116 -                Rank 2 : true
2026-05-19 17:19:36,605 [INFO] ADCParametersView:116 -                Rank 3 : true
2026-05-19 17:19:36,605 [INFO] ADCParametersView:116 -                Rank 1 : true
2026-05-19 17:19:36,605 [INFO] ADCParametersView:116 -                Rank 2 : true
2026-05-19 17:19:36,605 [INFO] ADCParametersView:116 -                Rank 3 : true
2026-05-19 17:19:36,605 [INFO] ADCParametersView:116 -                Rank 1 : true
2026-05-19 17:19:36,606 [INFO] ADCParametersView:116 -                Rank 2 : true
2026-05-19 17:19:36,606 [INFO] ADCParametersView:116 -                Rank 3 : true
2026-05-19 17:19:36,606 [INFO] ADCParametersView:116 -                Rank 1 : true
2026-05-19 17:19:36,606 [INFO] ADCParametersView:116 -                Rank 2 : true
2026-05-19 17:19:36,606 [INFO] ADCParametersView:116 -                Rank 3 : true
2026-05-19 17:19:36,606 [INFO] ADCParametersView:116 -                Rank 1 : true
2026-05-19 17:19:36,606 [INFO] ADCParametersView:116 -                Rank 2 : true
2026-05-19 17:19:36,606 [INFO] ADCParametersView:116 -                Rank 3 : true
2026-05-19 17:19:36,606 [INFO] ADCParametersView:116 -                Rank 2 : true
2026-05-19 17:19:36,606 [INFO] ADCParametersView:116 -                Rank 3 : true
2026-05-19 17:19:36,606 [INFO] ADCParametersView:116 -                Rank 3 : true
2026-05-19 17:19:36,655 [INFO] ADCParametersView:116 -                Rank 1 : true
2026-05-19 17:19:36,655 [INFO] ADCParametersView:116 -                Rank 1 : true
2026-05-19 17:19:36,655 [INFO] ADCParametersView:116 -                Rank 2 : true
2026-05-19 17:19:36,656 [INFO] ADCParametersView:116 -                Rank 1 : true
2026-05-19 17:19:36,656 [INFO] ADCParametersView:116 -                Rank 2 : true
2026-05-19 17:19:36,656 [INFO] ADCParametersView:116 -                Rank 3 : true
2026-05-19 17:19:36,747 [INFO] ADCParametersView:116 -                Rank 1 : true
2026-05-19 17:19:36,747 [INFO] ADCParametersView:116 -                Rank 2 : true
2026-05-19 17:19:36,748 [INFO] ADCParametersView:116 -                Rank 3 : true
2026-05-19 17:19:36,752 [INFO] ADCParametersView:116 -                Rank 1 : true
2026-05-19 17:19:36,752 [INFO] ADCParametersView:116 -                Rank 2 : true
2026-05-19 17:19:36,752 [INFO] ADCParametersView:116 -                Rank 3 : true
2026-05-19 17:19:36,752 [INFO] ADCParametersView:116 -                Rank 1 : true
2026-05-19 17:19:36,752 [INFO] ADCParametersView:116 -                Rank 2 : true
2026-05-19 17:19:36,753 [INFO] ADCParametersView:116 -                Rank 3 : true
2026-05-19 17:19:36,753 [INFO] ADCParametersView:116 -                Rank 1 : true
2026-05-19 17:19:36,753 [INFO] ADCParametersView:116 -                Rank 2 : true
2026-05-19 17:19:36,753 [INFO] ADCParametersView:116 -                Rank 3 : true
2026-05-19 17:19:36,753 [INFO] ADCParametersView:116 -                Rank 1 : true
2026-05-19 17:19:36,753 [INFO] ADCParametersView:116 -                Rank 2 : true
2026-05-19 17:19:36,753 [INFO] ADCParametersView:116 -                Rank 3 : true
2026-05-19 17:19:36,753 [INFO] ADCParametersView:116 -                Rank 1 : true
2026-05-19 17:19:36,753 [INFO] ADCParametersView:116 -                Rank 2 : true
2026-05-19 17:19:36,753 [INFO] ADCParametersView:116 -                Rank 3 : true
2026-05-19 17:19:36,754 [INFO] ADCParametersView:116 -                Rank 1 : true
2026-05-19 17:19:36,754 [INFO] ADCParametersView:116 -                Rank 2 : true
2026-05-19 17:19:36,754 [INFO] ADCParametersView:116 -                Rank 3 : true
2026-05-19 17:19:36,754 [INFO] ADCParametersView:116 -                Rank 1 : true
2026-05-19 17:19:36,754 [INFO] ADCParametersView:116 -                Rank 2 : true
2026-05-19 17:19:36,754 [INFO] ADCParametersView:116 -                Rank 3 : true
2026-05-19 17:19:36,755 [INFO] ADCParametersView:116 -                Rank 1 : true
2026-05-19 17:19:36,755 [INFO] ADCParametersView:116 -                Rank 2 : true
2026-05-19 17:19:36,755 [INFO] ADCParametersView:116 -                Rank 3 : true
2026-05-19 17:19:36,755 [INFO] ADCParametersView:116 -                Rank 1 : true
2026-05-19 17:19:36,755 [INFO] ADCParametersView:116 -                Rank 2 : true
2026-05-19 17:19:36,755 [INFO] ADCParametersView:116 -                Rank 3 : true
2026-05-19 17:19:36,755 [INFO] ADCParametersView:116 -                Rank 1 : true
2026-05-19 17:19:36,755 [INFO] ADCParametersView:116 -                Rank 2 : true
2026-05-19 17:19:36,755 [INFO] ADCParametersView:116 -                Rank 3 : true
2026-05-19 17:19:36,756 [INFO] ADCParametersView:116 -                Rank 1 : true
2026-05-19 17:19:36,756 [INFO] ADCParametersView:116 -                Rank 2 : true
2026-05-19 17:19:36,756 [INFO] ADCParametersView:116 -                Rank 3 : true
2026-05-19 17:19:36,756 [INFO] ADCParametersView:116 -                Rank 1 : true
2026-05-19 17:19:36,756 [INFO] ADCParametersView:116 -                Rank 2 : true
2026-05-19 17:19:36,756 [INFO] ADCParametersView:116 -                Rank 3 : true
2026-05-19 17:19:36,756 [INFO] ADCParametersView:116 -                Rank 1 : true
2026-05-19 17:19:36,756 [INFO] ADCParametersView:116 -                Rank 2 : true
2026-05-19 17:19:36,756 [INFO] ADCParametersView:116 -                Rank 3 : true
2026-05-19 17:19:36,756 [INFO] ADCParametersView:116 -                Rank 1 : true
2026-05-19 17:19:36,756 [INFO] ADCParametersView:116 -                Rank 2 : true
2026-05-19 17:19:36,756 [INFO] ADCParametersView:116 -                Rank 3 : true
2026-05-19 17:19:36,756 [INFO] ADCParametersView:116 -                Rank 1 : true
2026-05-19 17:19:36,756 [INFO] ADCParametersView:116 -                Rank 2 : true
2026-05-19 17:19:36,756 [INFO] ADCParametersView:116 -                Rank 3 : true
2026-05-19 17:19:36,756 [INFO] ADCParametersView:116 -                Rank 1 : true
2026-05-19 17:19:36,756 [INFO] ADCParametersView:116 -                Rank 2 : true
2026-05-19 17:19:36,756 [INFO] ADCParametersView:116 -                Rank 3 : true
2026-05-19 17:19:36,756 [INFO] ADCParametersView:116 -                Rank 1 : true
2026-05-19 17:19:36,757 [INFO] ADCParametersView:116 -                Rank 2 : true
2026-05-19 17:19:36,757 [INFO] ADCParametersView:116 -                Rank 3 : true
2026-05-19 17:19:36,757 [INFO] ADCParametersView:116 -                Rank 1 : true
2026-05-19 17:19:36,757 [INFO] ADCParametersView:116 -                Rank 2 : true
2026-05-19 17:19:36,757 [INFO] ADCParametersView:116 -                Rank 3 : true
2026-05-19 17:19:36,757 [INFO] ADCParametersView:116 -                Rank 2 : true
2026-05-19 17:19:36,757 [INFO] ADCParametersView:116 -                Rank 3 : true
2026-05-19 17:19:36,757 [INFO] ADCParametersView:116 -                Rank 3 : true
2026-05-19 17:19:36,810 [INFO] ADCParametersView:116 -                Rank 1 : true
2026-05-19 17:19:36,811 [INFO] ADCParametersView:116 -                Rank 1 : true
2026-05-19 17:19:36,811 [INFO] ADCParametersView:116 -                Rank 2 : true
2026-05-19 17:19:36,811 [INFO] ADCParametersView:116 -                Rank 1 : true
2026-05-19 17:19:36,811 [INFO] ADCParametersView:116 -                Rank 2 : true
2026-05-19 17:19:36,811 [INFO] ADCParametersView:116 -                Rank 3 : true
2026-05-19 17:19:37,222 [INFO] ADCParametersView:116 -                Rank 1 : true
2026-05-19 17:19:37,222 [INFO] ADCParametersView:116 -                Rank 2 : true
2026-05-19 17:19:37,222 [INFO] ADCParametersView:116 -                Rank 3 : true
2026-05-19 17:19:37,227 [INFO] ADCParametersView:116 -                Rank 1 : true
2026-05-19 17:19:37,227 [INFO] ADCParametersView:116 -                Rank 2 : true
2026-05-19 17:19:37,227 [INFO] ADCParametersView:116 -                Rank 3 : true
2026-05-19 17:19:37,227 [INFO] ADCParametersView:116 -                Rank 1 : true
2026-05-19 17:19:37,227 [INFO] ADCParametersView:116 -                Rank 2 : true
2026-05-19 17:19:37,227 [INFO] ADCParametersView:116 -                Rank 3 : true
2026-05-19 17:19:37,227 [INFO] ADCParametersView:116 -                Rank 1 : true
2026-05-19 17:19:37,227 [INFO] ADCParametersView:116 -                Rank 2 : true
2026-05-19 17:19:37,227 [INFO] ADCParametersView:116 -                Rank 3 : true
2026-05-19 17:19:37,227 [INFO] ADCParametersView:116 -                Rank 1 : true
2026-05-19 17:19:37,227 [INFO] ADCParametersView:116 -                Rank 2 : true
2026-05-19 17:19:37,227 [INFO] ADCParametersView:116 -                Rank 3 : true
2026-05-19 17:19:37,227 [INFO] ADCParametersView:116 -                Rank 1 : true
2026-05-19 17:19:37,227 [INFO] ADCParametersView:116 -                Rank 2 : true
2026-05-19 17:19:37,227 [INFO] ADCParametersView:116 -                Rank 3 : true
2026-05-19 17:19:37,227 [INFO] ADCParametersView:116 -                Rank 1 : true
2026-05-19 17:19:37,227 [INFO] ADCParametersView:116 -                Rank 2 : true
2026-05-19 17:19:37,227 [INFO] ADCParametersView:116 -                Rank 3 : true
2026-05-19 17:19:37,227 [INFO] ADCParametersView:116 -                Rank 1 : true
2026-05-19 17:19:37,227 [INFO] ADCParametersView:116 -                Rank 2 : true
2026-05-19 17:19:37,227 [INFO] ADCParametersView:116 -                Rank 3 : true
2026-05-19 17:19:37,227 [INFO] ADCParametersView:116 -                Rank 1 : true
2026-05-19 17:19:37,228 [INFO] ADCParametersView:116 -                Rank 2 : true
2026-05-19 17:19:37,228 [INFO] ADCParametersView:116 -                Rank 3 : true
2026-05-19 17:19:37,228 [INFO] ADCParametersView:116 -                Rank 1 : true
2026-05-19 17:19:37,229 [INFO] ADCParametersView:116 -                Rank 2 : true
2026-05-19 17:19:37,229 [INFO] ADCParametersView:116 -                Rank 3 : true
2026-05-19 17:19:37,229 [INFO] ADCParametersView:116 -                Rank 1 : true
2026-05-19 17:19:37,229 [INFO] ADCParametersView:116 -                Rank 2 : true
2026-05-19 17:19:37,229 [INFO] ADCParametersView:116 -                Rank 3 : true
2026-05-19 17:19:37,229 [INFO] ADCParametersView:116 -                Rank 1 : true
2026-05-19 17:19:37,229 [INFO] ADCParametersView:116 -                Rank 2 : true
2026-05-19 17:19:37,229 [INFO] ADCParametersView:116 -                Rank 3 : true
2026-05-19 17:19:37,229 [INFO] ADCParametersView:116 -                Rank 1 : true
2026-05-19 17:19:37,229 [INFO] ADCParametersView:116 -                Rank 2 : true
2026-05-19 17:19:37,229 [INFO] ADCParametersView:116 -                Rank 3 : true
2026-05-19 17:19:37,229 [INFO] ADCParametersView:116 -                Rank 1 : true
2026-05-19 17:19:37,229 [INFO] ADCParametersView:116 -                Rank 2 : true
2026-05-19 17:19:37,229 [INFO] ADCParametersView:116 -                Rank 3 : true
2026-05-19 17:19:37,230 [INFO] ADCParametersView:116 -                Rank 1 : true
2026-05-19 17:19:37,230 [INFO] ADCParametersView:116 -                Rank 2 : true
2026-05-19 17:19:37,230 [INFO] ADCParametersView:116 -                Rank 3 : true
2026-05-19 17:19:37,230 [INFO] ADCParametersView:116 -                Rank 1 : true
2026-05-19 17:19:37,230 [INFO] ADCParametersView:116 -                Rank 2 : true
2026-05-19 17:19:37,230 [INFO] ADCParametersView:116 -                Rank 3 : true
2026-05-19 17:19:37,230 [INFO] ADCParametersView:116 -                Rank 1 : true
2026-05-19 17:19:37,230 [INFO] ADCParametersView:116 -                Rank 2 : true
2026-05-19 17:19:37,231 [INFO] ADCParametersView:116 -                Rank 3 : true
2026-05-19 17:19:37,231 [INFO] ADCParametersView:116 -                Rank 1 : true
2026-05-19 17:19:37,231 [INFO] ADCParametersView:116 -                Rank 2 : true
2026-05-19 17:19:37,231 [INFO] ADCParametersView:116 -                Rank 3 : true
2026-05-19 17:19:37,231 [INFO] ADCParametersView:116 -                Rank 1 : true
2026-05-19 17:19:37,231 [INFO] ADCParametersView:116 -                Rank 2 : true
2026-05-19 17:19:37,231 [INFO] ADCParametersView:116 -                Rank 3 : true
2026-05-19 17:19:37,231 [INFO] ADCParametersView:116 -                Rank 2 : true
2026-05-19 17:19:37,231 [INFO] ADCParametersView:116 -                Rank 3 : true
2026-05-19 17:19:37,231 [INFO] ADCParametersView:116 -                Rank 3 : true
2026-05-19 17:19:37,297 [INFO] ADCParametersView:116 -                Rank 1 : true
2026-05-19 17:19:37,298 [INFO] ADCParametersView:116 -                Rank 1 : true
2026-05-19 17:19:37,298 [INFO] ADCParametersView:116 -                Rank 2 : true
2026-05-19 17:19:37,300 [INFO] ADCParametersView:116 -                Rank 1 : true
2026-05-19 17:19:37,300 [INFO] ADCParametersView:116 -                Rank 2 : true
2026-05-19 17:19:37,300 [INFO] ADCParametersView:116 -                Rank 3 : true
2026-05-19 17:19:37,427 [INFO] ADCParametersView:116 -                Rank 1 : true
2026-05-19 17:19:37,428 [INFO] ADCParametersView:116 -                Rank 2 : true
2026-05-19 17:19:37,428 [INFO] ADCParametersView:116 -                Rank 3 : true
2026-05-19 17:19:37,433 [INFO] ADCParametersView:116 -                Rank 1 : true
2026-05-19 17:19:37,433 [INFO] ADCParametersView:116 -                Rank 2 : true
2026-05-19 17:19:37,433 [INFO] ADCParametersView:116 -                Rank 3 : true
2026-05-19 17:19:37,433 [INFO] ADCParametersView:116 -                Rank 1 : true
2026-05-19 17:19:37,433 [INFO] ADCParametersView:116 -                Rank 2 : true
2026-05-19 17:19:37,433 [INFO] ADCParametersView:116 -                Rank 3 : true
2026-05-19 17:19:37,433 [INFO] ADCParametersView:116 -                Rank 1 : true
2026-05-19 17:19:37,433 [INFO] ADCParametersView:116 -                Rank 2 : true
2026-05-19 17:19:37,433 [INFO] ADCParametersView:116 -                Rank 3 : true
2026-05-19 17:19:37,433 [INFO] ADCParametersView:116 -                Rank 1 : true
2026-05-19 17:19:37,433 [INFO] ADCParametersView:116 -                Rank 2 : true
2026-05-19 17:19:37,433 [INFO] ADCParametersView:116 -                Rank 3 : true
2026-05-19 17:19:37,433 [INFO] ADCParametersView:116 -                Rank 1 : true
2026-05-19 17:19:37,433 [INFO] ADCParametersView:116 -                Rank 2 : true
2026-05-19 17:19:37,433 [INFO] ADCParametersView:116 -                Rank 3 : true
2026-05-19 17:19:37,433 [INFO] ADCParametersView:116 -                Rank 1 : true
2026-05-19 17:19:37,433 [INFO] ADCParametersView:116 -                Rank 2 : true
2026-05-19 17:19:37,433 [INFO] ADCParametersView:116 -                Rank 3 : true
2026-05-19 17:19:37,433 [INFO] ADCParametersView:116 -                Rank 1 : true
2026-05-19 17:19:37,433 [INFO] ADCParametersView:116 -                Rank 2 : true
2026-05-19 17:19:37,433 [INFO] ADCParametersView:116 -                Rank 3 : true
2026-05-19 17:19:37,434 [INFO] ADCParametersView:116 -                Rank 1 : true
2026-05-19 17:19:37,434 [INFO] ADCParametersView:116 -                Rank 2 : true
2026-05-19 17:19:37,434 [INFO] ADCParametersView:116 -                Rank 3 : true
2026-05-19 17:19:37,434 [INFO] ADCParametersView:116 -                Rank 1 : true
2026-05-19 17:19:37,434 [INFO] ADCParametersView:116 -                Rank 2 : true
2026-05-19 17:19:37,434 [INFO] ADCParametersView:116 -                Rank 3 : true
2026-05-19 17:19:37,434 [INFO] ADCParametersView:116 -                Rank 1 : true
2026-05-19 17:19:37,434 [INFO] ADCParametersView:116 -                Rank 2 : true
2026-05-19 17:19:37,434 [INFO] ADCParametersView:116 -                Rank 3 : true
2026-05-19 17:19:37,434 [INFO] ADCParametersView:116 -                Rank 1 : true
2026-05-19 17:19:37,434 [INFO] ADCParametersView:116 -                Rank 2 : true
2026-05-19 17:19:37,434 [INFO] ADCParametersView:116 -                Rank 3 : true
2026-05-19 17:19:37,434 [INFO] ADCParametersView:116 -                Rank 1 : true
2026-05-19 17:19:37,434 [INFO] ADCParametersView:116 -                Rank 2 : true
2026-05-19 17:19:37,434 [INFO] ADCParametersView:116 -                Rank 3 : true
2026-05-19 17:19:37,434 [INFO] ADCParametersView:116 -                Rank 1 : true
2026-05-19 17:19:37,434 [INFO] ADCParametersView:116 -                Rank 2 : true
2026-05-19 17:19:37,434 [INFO] ADCParametersView:116 -                Rank 3 : true
2026-05-19 17:19:37,434 [INFO] ADCParametersView:116 -                Rank 1 : true
2026-05-19 17:19:37,434 [INFO] ADCParametersView:116 -                Rank 2 : true
2026-05-19 17:19:37,434 [INFO] ADCParametersView:116 -                Rank 3 : true
2026-05-19 17:19:37,434 [INFO] ADCParametersView:116 -                Rank 1 : true
2026-05-19 17:19:37,434 [INFO] ADCParametersView:116 -                Rank 2 : true
2026-05-19 17:19:37,434 [INFO] ADCParametersView:116 -                Rank 3 : true
2026-05-19 17:19:37,434 [INFO] ADCParametersView:116 -                Rank 1 : true
2026-05-19 17:19:37,434 [INFO] ADCParametersView:116 -                Rank 2 : true
2026-05-19 17:19:37,435 [INFO] ADCParametersView:116 -                Rank 3 : true
2026-05-19 17:19:37,435 [INFO] ADCParametersView:116 -                Rank 1 : true
2026-05-19 17:19:37,435 [INFO] ADCParametersView:116 -                Rank 2 : true
2026-05-19 17:19:37,435 [INFO] ADCParametersView:116 -                Rank 3 : true
2026-05-19 17:19:37,435 [INFO] ADCParametersView:116 -                Rank 1 : true
2026-05-19 17:19:37,435 [INFO] ADCParametersView:116 -                Rank 2 : true
2026-05-19 17:19:37,435 [INFO] ADCParametersView:116 -                Rank 3 : true
2026-05-19 17:19:37,435 [INFO] ADCParametersView:116 -                Rank 2 : true
2026-05-19 17:19:37,435 [INFO] ADCParametersView:116 -                Rank 3 : true
2026-05-19 17:19:37,435 [INFO] ADCParametersView:116 -                Rank 3 : true
2026-05-19 17:19:37,499 [INFO] ADCParametersView:116 -                Rank 1 : true
2026-05-19 17:19:37,500 [INFO] ADCParametersView:116 -                Rank 1 : true
2026-05-19 17:19:37,500 [INFO] ADCParametersView:116 -                Rank 2 : true
2026-05-19 17:19:37,501 [INFO] ADCParametersView:116 -                Rank 1 : true
2026-05-19 17:19:37,501 [INFO] ADCParametersView:116 -                Rank 2 : true
2026-05-19 17:19:37,501 [INFO] ADCParametersView:116 -                Rank 3 : true
2026-05-19 17:20:38,992 [INFO] UtilMem:75 - End SaveConfig() Used Memory: 958685400 Bytes (1073741824)
2026-05-19 17:20:39,257 [INFO] UtilMem:75 - End SaveConfig() Used Memory: 979738176 Bytes (1073741824)
2026-05-19 17:20:43,960 [INFO] UtilMem:75 - End SaveConfig() Used Memory: 735996440 Bytes (1073741824)
2026-05-19 17:20:44,732 [INFO] BlockDiagram:2775 - set Specific Code input for plugin: NVIC
2026-05-19 17:20:44,732 [INFO] BlockDiagram:2775 - set Specific Code input for plugin: USART
2026-05-19 17:20:44,734 [INFO] BlockDiagram:2775 - set Specific Code input for plugin: DMA
2026-05-19 17:20:44,734 [INFO] BlockDiagram:2775 - set Specific Code input for plugin: TIM1_8L4
2026-05-19 17:20:44,734 [INFO] BlockDiagram:2775 - set Specific Code input for plugin: SYS
2026-05-19 17:20:44,734 [INFO] BlockDiagram:2775 - set Specific Code input for plugin: GPIO
2026-05-19 17:20:44,734 [INFO] BlockDiagram:2775 - set Specific Code input for plugin: ADC
2026-05-19 17:20:44,734 [INFO] BlockDiagram:2775 - set Specific Code input for plugin: RCC
2026-05-19 17:20:44,737 [INFO] CodeGenerator:892 - code generatio: config db path: C:\ST\STM32CubeIDE_1.19.0\STM32CubeIDE\plugins\com.st.stm32cube.common.mx_6.15.0.202507011659\\db\
2026-05-19 17:20:45,053 [INFO] CodeEngine:265 - oldGeneratedFile, C:\Users\azaki\Documents\GitHub\Project-Nephros\new_double_thermistor\double_thermistor\MXTmpFiles\license.tmp_save
2026-05-19 17:20:46,132 [INFO] CodeEngine:289 - Generated code: C:\Users\azaki\Documents\GitHub\Project-Nephros\new_double_thermistor\double_thermistor\MXTmpFiles\license.tmp
2026-05-19 17:20:46,559 [INFO] CodeEngine:265 - oldGeneratedFile, C:\Users\azaki\Documents\GitHub\Project-Nephros\new_double_thermistor\double_thermistor\MXTmpFiles\gpio.tmp_save
2026-05-19 17:20:46,811 [INFO] CodeEngine:289 - Generated code: C:\Users\azaki\Documents\GitHub\Project-Nephros\new_double_thermistor\double_thermistor\MXTmpFiles\gpio.tmp
2026-05-19 17:20:47,453 [INFO] CodeEngine:265 - oldGeneratedFile, C:\Users\azaki\Documents\GitHub\Project-Nephros\new_double_thermistor\double_thermistor\MXTmpFiles\dma.tmp_save
2026-05-19 17:20:47,585 [INFO] CodeEngine:289 - Generated code: C:\Users\azaki\Documents\GitHub\Project-Nephros\new_double_thermistor\double_thermistor\MXTmpFiles\dma.tmp
2026-05-19 17:20:47,592 [INFO] CodeEngine:265 - oldGeneratedFile, C:\Users\azaki\Documents\GitHub\Project-Nephros\new_double_thermistor\double_thermistor\MXTmpFiles\dma_GV.tmp_save
2026-05-19 17:20:47,716 [INFO] CodeEngine:289 - Generated code: C:\Users\azaki\Documents\GitHub\Project-Nephros\new_double_thermistor\double_thermistor\MXTmpFiles\dma_GV.tmp
2026-05-19 17:20:47,743 [INFO] CodeEngine:265 - oldGeneratedFile, C:\Users\azaki\Documents\GitHub\Project-Nephros\new_double_thermistor\double_thermistor\Core\Src\stm32l4xx_it.c_save
2026-05-19 17:20:47,917 [INFO] CodeEngine:289 - Generated code: C:\Users\azaki\Documents\GitHub\Project-Nephros\new_double_thermistor\double_thermistor\Core\Src\stm32l4xx_it.c
2026-05-19 17:20:47,941 [INFO] CodeEngine:265 - oldGeneratedFile, C:\Users\azaki\Documents\GitHub\Project-Nephros\new_double_thermistor\double_thermistor\Core\Inc\stm32l4xx_it.h_save
2026-05-19 17:20:48,056 [INFO] CodeEngine:289 - Generated code: C:\Users\azaki\Documents\GitHub\Project-Nephros\new_double_thermistor\double_thermistor\Core\Inc\stm32l4xx_it.h
2026-05-19 17:20:48,088 [INFO] CodeEngine:265 - oldGeneratedFile, C:\Users\azaki\Documents\GitHub\Project-Nephros\new_double_thermistor\double_thermistor\Core\Src\stm32l4xx_hal_msp.c_save
2026-05-19 17:20:48,316 [INFO] CodeEngine:289 - Generated code: C:\Users\azaki\Documents\GitHub\Project-Nephros\new_double_thermistor\double_thermistor\Core\Src\stm32l4xx_hal_msp.c
2026-05-19 17:20:48,334 [INFO] CodeEngine:265 - oldGeneratedFile, C:\Users\azaki\Documents\GitHub\Project-Nephros\new_double_thermistor\double_thermistor\MXTmpFiles\system.tmp_save
2026-05-19 17:20:48,417 [INFO] CodeEngine:289 - Generated code: C:\Users\azaki\Documents\GitHub\Project-Nephros\new_double_thermistor\double_thermistor\MXTmpFiles\system.tmp
2026-05-19 17:20:48,437 [INFO] CodeEngine:321 - oldGeneratedFile, C:\Users\azaki\Documents\GitHub\Project-Nephros\new_double_thermistor\double_thermistor\Core\Inc\stm32l4xx_hal_conf.h_save
2026-05-19 17:20:48,548 [INFO] CodeEngine:345 - Generated code: C:\Users\azaki\Documents\GitHub\Project-Nephros\new_double_thermistor\double_thermistor\Core\Inc\stm32l4xx_hal_conf.h
2026-05-19 17:20:48,603 [INFO] ApiDbMcu:532 - Load IP Config File for ADC1
2026-05-19 17:20:48,626 [INFO] ApiDbMcu:532 - Load IP Config File for TIM2
2026-05-19 17:20:48,643 [INFO] ApiDbMcu:532 - Load IP Config File for USART2
2026-05-19 17:20:48,649 [INFO] ApiDbMcu:532 - Load IP Config File for RCC
2026-05-19 17:20:48,653 [WARN] IPConfigManager:3811 - IP not found : TIM
2026-05-19 17:20:48,654 [WARN] CodeGenerator:4259 - IP not found : null
2026-05-19 17:20:48,668 [INFO] CodeEngine:265 - oldGeneratedFile, C:\Users\azaki\Documents\GitHub\Project-Nephros\new_double_thermistor\double_thermistor\Core\Inc\main.h_save
2026-05-19 17:20:48,816 [INFO] CodeEngine:289 - Generated code: C:\Users\azaki\Documents\GitHub\Project-Nephros\new_double_thermistor\double_thermistor\Core\Inc\main.h
2026-05-19 17:20:48,826 [INFO] CodeEngine:265 - oldGeneratedFile, C:\Users\azaki\Documents\GitHub\Project-Nephros\new_double_thermistor\double_thermistor\Core\Src\main.c_save
2026-05-19 17:20:49,109 [INFO] CodeEngine:289 - Generated code: C:\Users\azaki\Documents\GitHub\Project-Nephros\new_double_thermistor\double_thermistor\Core\Src\main.c
2026-05-19 17:20:50,572 [INFO] ProjectBuilder:3606 - Time for Copy HAL[1] : 957mS.
2026-05-19 17:20:50,587 [INFO] ProjectBuilder:5216 - Project Generator version: 4.7.0-B52
2026-05-19 17:20:50,795 [INFO] ConfigFileManager:1595 - The Die is : DIE435
2026-05-19 17:20:50,830 [INFO] ApiDbMcu:532 - Load IP Config File for FATFS
2026-05-19 17:20:50,842 [INFO] ApiDbMcu:532 - Load IP Config File for FREERTOS
2026-05-19 17:20:50,866 [INFO] ApiDbMcu:532 - Load IP Config File for TOUCHSENSING
2026-05-19 17:20:50,878 [INFO] ApiDbMcu:532 - Load IP Config File for USB_DEVICE
2026-05-19 17:20:52,367 [INFO] LogOutputStream:77 - [STDOUT_REDIRECT] 
2026-05-19 17:20:56,047 [INFO] ProjectBuilder:5496 - Time for Generating toolchain IDE Files: 5459mS.
2026-05-19 17:20:56,049 [INFO] ProjectBuilder:3463 - Time for Copy CMSIS : 2mS.
2026-05-19 17:20:56,054 [INFO] ProjectBuilder:3463 - Time for Copy CMSIS : 0mS.
2026-05-19 17:22:25,436 [INFO] Gpio:278 - dependency for GPIO [ADC1, RCC, SYS, USART2]
2026-05-19 17:22:35,367 [INFO] Gpio:278 - dependency for GPIO [ADC1, RCC, SYS, USART2]
2026-05-19 17:22:44,236 [INFO] Gpio:278 - dependency for GPIO [ADC1, RCC, SYS, USART2]
2026-05-19 17:23:39,889 [INFO] Gpio:278 - dependency for GPIO [ADC1, RCC, SYS, USART2]
2026-05-19 17:24:53,316 [INFO] Gpio:278 - dependency for GPIO [ADC1, RCC, SYS, USART2]
2026-05-19 17:25:13,127 [INFO] UtilMem:75 - End SaveConfig() Used Memory: 727787656 Bytes (1073741824)
2026-05-19 17:25:13,342 [INFO] UtilMem:75 - End SaveConfig() Used Memory: 742467720 Bytes (1073741824)
2026-05-19 17:25:14,466 [INFO] UtilMem:75 - End SaveConfig() Used Memory: 823208072 Bytes (1073741824)
2026-05-19 17:25:15,135 [INFO] BlockDiagram:2775 - set Specific Code input for plugin: NVIC
2026-05-19 17:25:15,135 [INFO] BlockDiagram:2775 - set Specific Code input for plugin: USART
2026-05-19 17:25:15,135 [INFO] BlockDiagram:2775 - set Specific Code input for plugin: DMA
2026-05-19 17:25:15,135 [INFO] BlockDiagram:2775 - set Specific Code input for plugin: TIM1_8L4
2026-05-19 17:25:15,136 [INFO] BlockDiagram:2775 - set Specific Code input for plugin: SYS
2026-05-19 17:25:15,136 [INFO] BlockDiagram:2775 - set Specific Code input for plugin: GPIO
2026-05-19 17:25:15,136 [INFO] BlockDiagram:2775 - set Specific Code input for plugin: ADC
2026-05-19 17:25:15,137 [INFO] BlockDiagram:2775 - set Specific Code input for plugin: RCC
2026-05-19 17:25:15,138 [INFO] CodeGenerator:892 - code generatio: config db path: C:\ST\STM32CubeIDE_1.19.0\STM32CubeIDE\plugins\com.st.stm32cube.common.mx_6.15.0.202507011659\\db\
2026-05-19 17:25:15,149 [INFO] Argument:325 - Argument : hdmavalue: null
2026-05-19 17:25:15,149 [INFO] Argument:327 - 	 sub Args: 
2026-05-19 17:25:15,149 [INFO] Argument:325 - Argument : Instancevalue: DMA1_Channel1
2026-05-19 17:25:15,149 [INFO] Argument:335 - Argument : Instancevalue: DMA1_Channel1
2026-05-19 17:25:15,150 [INFO] Argument:325 - Argument : Initvalue: null
2026-05-19 17:25:15,150 [INFO] Argument:327 - 	 sub Args: 
2026-05-19 17:25:15,150 [INFO] Argument:325 - Argument : Requestvalue: DMA_REQUEST_0
2026-05-19 17:25:15,150 [INFO] Argument:335 - Argument : Requestvalue: DMA_REQUEST_0
2026-05-19 17:25:15,150 [INFO] Argument:325 - Argument : Directionvalue: DMA_PERIPH_TO_MEMORY
2026-05-19 17:25:15,150 [INFO] Argument:335 - Argument : Directionvalue: DMA_PERIPH_TO_MEMORY
2026-05-19 17:25:15,150 [INFO] Argument:325 - Argument : PeriphIncvalue: DMA_PINC_DISABLE
2026-05-19 17:25:15,150 [INFO] Argument:335 - Argument : PeriphIncvalue: DMA_PINC_DISABLE
2026-05-19 17:25:15,150 [INFO] Argument:325 - Argument : MemIncvalue: DMA_MINC_ENABLE
2026-05-19 17:25:15,150 [INFO] Argument:335 - Argument : MemIncvalue: DMA_MINC_ENABLE
2026-05-19 17:25:15,150 [INFO] Argument:325 - Argument : PeriphDataAlignmentvalue: DMA_PDATAALIGN_HALFWORD
2026-05-19 17:25:15,150 [INFO] Argument:335 - Argument : PeriphDataAlignmentvalue: DMA_PDATAALIGN_HALFWORD
2026-05-19 17:25:15,150 [INFO] Argument:325 - Argument : MemDataAlignmentvalue: DMA_MDATAALIGN_HALFWORD
2026-05-19 17:25:15,150 [INFO] Argument:335 - Argument : MemDataAlignmentvalue: DMA_MDATAALIGN_HALFWORD
2026-05-19 17:25:15,150 [INFO] Argument:325 - Argument : Modevalue: DMA_CIRCULAR
2026-05-19 17:25:15,151 [INFO] Argument:335 - Argument : Modevalue: DMA_CIRCULAR
2026-05-19 17:25:15,151 [INFO] Argument:325 - Argument : Priorityvalue: DMA_PRIORITY_LOW
2026-05-19 17:25:15,151 [INFO] Argument:335 - Argument : Priorityvalue: DMA_PRIORITY_LOW
2026-05-19 17:25:15,151 [INFO] Argument:325 - Argument : Lockvalue: null
2026-05-19 17:25:15,151 [INFO] Argument:335 - Argument : Lockvalue: null
2026-05-19 17:25:15,151 [INFO] Argument:325 - Argument : Statevalue: null
2026-05-19 17:25:15,151 [INFO] Argument:335 - Argument : Statevalue: null
2026-05-19 17:25:15,151 [INFO] Argument:325 - Argument : Parentvalue: null
2026-05-19 17:25:15,151 [INFO] Argument:335 - Argument : Parentvalue: null
2026-05-19 17:25:15,151 [INFO] Argument:325 - Argument : XferCpltCallbackvalue: null
2026-05-19 17:25:15,152 [INFO] Argument:335 - Argument : XferCpltCallbackvalue: null
2026-05-19 17:25:15,152 [INFO] Argument:325 - Argument : XferHalfCpltCallbackvalue: null
2026-05-19 17:25:15,152 [INFO] Argument:335 - Argument : XferHalfCpltCallbackvalue: null
2026-05-19 17:25:15,152 [INFO] Argument:325 - Argument : XferErrorCallbackvalue: null
2026-05-19 17:25:15,152 [INFO] Argument:335 - Argument : XferErrorCallbackvalue: null
2026-05-19 17:25:15,152 [INFO] Argument:325 - Argument : XferAbortCallbackvalue: null
2026-05-19 17:25:15,154 [INFO] Argument:335 - Argument : XferAbortCallbackvalue: null
2026-05-19 17:25:15,154 [INFO] Argument:325 - Argument : ErrorCodevalue: null
2026-05-19 17:25:15,154 [INFO] Argument:335 - Argument : ErrorCodevalue: null
2026-05-19 17:25:15,154 [INFO] Argument:325 - Argument : DmaBaseAddressvalue: null
2026-05-19 17:25:15,154 [INFO] Argument:335 - Argument : DmaBaseAddressvalue: null
2026-05-19 17:25:15,154 [INFO] Argument:325 - Argument : ChannelIndexvalue: null
2026-05-19 17:25:15,154 [INFO] Argument:335 - Argument : ChannelIndexvalue: null
2026-05-19 17:25:15,155 [INFO] Argument:325 - Argument : hdmavalue: null
2026-05-19 17:25:15,155 [INFO] Argument:327 - 	 sub Args: 
2026-05-19 17:25:15,155 [INFO] Argument:325 - Argument : Instancevalue: DMA1_Channel1
2026-05-19 17:25:15,155 [INFO] Argument:335 - Argument : Instancevalue: DMA1_Channel1
2026-05-19 17:25:15,155 [INFO] Argument:325 - Argument : Initvalue: null
2026-05-19 17:25:15,155 [INFO] Argument:327 - 	 sub Args: 
2026-05-19 17:25:15,155 [INFO] Argument:325 - Argument : Requestvalue: DMA_REQUEST_0
2026-05-19 17:25:15,155 [INFO] Argument:335 - Argument : Requestvalue: DMA_REQUEST_0
2026-05-19 17:25:15,155 [INFO] Argument:325 - Argument : Directionvalue: DMA_PERIPH_TO_MEMORY
2026-05-19 17:25:15,155 [INFO] Argument:335 - Argument : Directionvalue: DMA_PERIPH_TO_MEMORY
2026-05-19 17:25:15,155 [INFO] Argument:325 - Argument : PeriphIncvalue: DMA_PINC_DISABLE
2026-05-19 17:25:15,155 [INFO] Argument:335 - Argument : PeriphIncvalue: DMA_PINC_DISABLE
2026-05-19 17:25:15,156 [INFO] Argument:325 - Argument : MemIncvalue: DMA_MINC_ENABLE
2026-05-19 17:25:15,156 [INFO] Argument:335 - Argument : MemIncvalue: DMA_MINC_ENABLE
2026-05-19 17:25:15,156 [INFO] Argument:325 - Argument : PeriphDataAlignmentvalue: DMA_PDATAALIGN_HALFWORD
2026-05-19 17:25:15,156 [INFO] Argument:335 - Argument : PeriphDataAlignmentvalue: DMA_PDATAALIGN_HALFWORD
2026-05-19 17:25:15,156 [INFO] Argument:325 - Argument : MemDataAlignmentvalue: DMA_MDATAALIGN_HALFWORD
2026-05-19 17:25:15,156 [INFO] Argument:335 - Argument : MemDataAlignmentvalue: DMA_MDATAALIGN_HALFWORD
2026-05-19 17:25:15,156 [INFO] Argument:325 - Argument : Modevalue: DMA_CIRCULAR
2026-05-19 17:25:15,156 [INFO] Argument:335 - Argument : Modevalue: DMA_CIRCULAR
2026-05-19 17:25:15,156 [INFO] Argument:325 - Argument : Priorityvalue: DMA_PRIORITY_LOW
2026-05-19 17:25:15,156 [INFO] Argument:335 - Argument : Priorityvalue: DMA_PRIORITY_LOW
2026-05-19 17:25:15,156 [INFO] Argument:325 - Argument : Lockvalue: null
2026-05-19 17:25:15,156 [INFO] Argument:335 - Argument : Lockvalue: null
2026-05-19 17:25:15,156 [INFO] Argument:325 - Argument : Statevalue: null
2026-05-19 17:25:15,156 [INFO] Argument:335 - Argument : Statevalue: null
2026-05-19 17:25:15,156 [INFO] Argument:325 - Argument : Parentvalue: null
2026-05-19 17:25:15,156 [INFO] Argument:335 - Argument : Parentvalue: null
2026-05-19 17:25:15,157 [INFO] Argument:325 - Argument : XferCpltCallbackvalue: null
2026-05-19 17:25:15,157 [INFO] Argument:335 - Argument : XferCpltCallbackvalue: null
2026-05-19 17:25:15,157 [INFO] Argument:325 - Argument : XferHalfCpltCallbackvalue: null
2026-05-19 17:25:15,157 [INFO] Argument:335 - Argument : XferHalfCpltCallbackvalue: null
2026-05-19 17:25:15,157 [INFO] Argument:325 - Argument : XferErrorCallbackvalue: null
2026-05-19 17:25:15,157 [INFO] Argument:335 - Argument : XferErrorCallbackvalue: null
2026-05-19 17:25:15,157 [INFO] Argument:325 - Argument : XferAbortCallbackvalue: null
2026-05-19 17:25:15,157 [INFO] Argument:335 - Argument : XferAbortCallbackvalue: null
2026-05-19 17:25:15,157 [INFO] Argument:325 - Argument : ErrorCodevalue: null
2026-05-19 17:25:15,157 [INFO] Argument:335 - Argument : ErrorCodevalue: null
2026-05-19 17:25:15,157 [INFO] Argument:325 - Argument : DmaBaseAddressvalue: null
2026-05-19 17:25:15,157 [INFO] Argument:335 - Argument : DmaBaseAddressvalue: null
2026-05-19 17:25:15,157 [INFO] Argument:325 - Argument : ChannelIndexvalue: null
2026-05-19 17:25:15,158 [INFO] Argument:335 - Argument : ChannelIndexvalue: null
2026-05-19 17:25:15,158 [INFO] Argument:325 - Argument : pSyncConfigvalue: null
2026-05-19 17:25:15,158 [INFO] Argument:327 - 	 sub Args: 
2026-05-19 17:25:15,158 [INFO] Argument:325 - Argument : SyncSignalIDvalue: null
2026-05-19 17:25:15,158 [INFO] Argument:335 - Argument : SyncSignalIDvalue: null
2026-05-19 17:25:15,158 [INFO] Argument:325 - Argument : SyncPolarityvalue: null
2026-05-19 17:25:15,158 [INFO] Argument:335 - Argument : SyncPolarityvalue: null
2026-05-19 17:25:15,159 [INFO] Argument:325 - Argument : SyncEnablevalue: null
2026-05-19 17:25:15,159 [INFO] Argument:335 - Argument : SyncEnablevalue: null
2026-05-19 17:25:15,159 [INFO] Argument:325 - Argument : EventEnablevalue: null
2026-05-19 17:25:15,159 [INFO] Argument:335 - Argument : EventEnablevalue: null
2026-05-19 17:25:15,159 [INFO] Argument:325 - Argument : RequestNumbervalue: null
2026-05-19 17:25:15,159 [INFO] Argument:335 - Argument : RequestNumbervalue: null
2026-05-19 17:25:15,177 [INFO] Argument:325 - Argument : hdmavalue: null
2026-05-19 17:25:15,177 [INFO] Argument:327 - 	 sub Args: 
2026-05-19 17:25:15,177 [INFO] Argument:325 - Argument : Instancevalue: DMA1_Channel7
2026-05-19 17:25:15,177 [INFO] Argument:335 - Argument : Instancevalue: DMA1_Channel7
2026-05-19 17:25:15,177 [INFO] Argument:325 - Argument : Initvalue: null
2026-05-19 17:25:15,178 [INFO] Argument:327 - 	 sub Args: 
2026-05-19 17:25:15,178 [INFO] Argument:325 - Argument : Requestvalue: DMA_REQUEST_2
2026-05-19 17:25:15,178 [INFO] Argument:335 - Argument : Requestvalue: DMA_REQUEST_2
2026-05-19 17:25:15,178 [INFO] Argument:325 - Argument : Directionvalue: DMA_MEMORY_TO_PERIPH
2026-05-19 17:25:15,178 [INFO] Argument:335 - Argument : Directionvalue: DMA_MEMORY_TO_PERIPH
2026-05-19 17:25:15,178 [INFO] Argument:325 - Argument : PeriphIncvalue: DMA_PINC_DISABLE
2026-05-19 17:25:15,178 [INFO] Argument:335 - Argument : PeriphIncvalue: DMA_PINC_DISABLE
2026-05-19 17:25:15,179 [INFO] Argument:325 - Argument : MemIncvalue: DMA_MINC_ENABLE
2026-05-19 17:25:15,179 [INFO] Argument:335 - Argument : MemIncvalue: DMA_MINC_ENABLE
2026-05-19 17:25:15,179 [INFO] Argument:325 - Argument : PeriphDataAlignmentvalue: DMA_PDATAALIGN_BYTE
2026-05-19 17:25:15,179 [INFO] Argument:335 - Argument : PeriphDataAlignmentvalue: DMA_PDATAALIGN_BYTE
2026-05-19 17:25:15,179 [INFO] Argument:325 - Argument : MemDataAlignmentvalue: DMA_MDATAALIGN_BYTE
2026-05-19 17:25:15,179 [INFO] Argument:335 - Argument : MemDataAlignmentvalue: DMA_MDATAALIGN_BYTE
2026-05-19 17:25:15,180 [INFO] Argument:325 - Argument : Modevalue: DMA_NORMAL
2026-05-19 17:25:15,180 [INFO] Argument:335 - Argument : Modevalue: DMA_NORMAL
2026-05-19 17:25:15,180 [INFO] Argument:325 - Argument : Priorityvalue: DMA_PRIORITY_LOW
2026-05-19 17:25:15,180 [INFO] Argument:335 - Argument : Priorityvalue: DMA_PRIORITY_LOW
2026-05-19 17:25:15,180 [INFO] Argument:325 - Argument : Lockvalue: null
2026-05-19 17:25:15,180 [INFO] Argument:335 - Argument : Lockvalue: null
2026-05-19 17:25:15,180 [INFO] Argument:325 - Argument : Statevalue: null
2026-05-19 17:25:15,180 [INFO] Argument:335 - Argument : Statevalue: null
2026-05-19 17:25:15,180 [INFO] Argument:325 - Argument : Parentvalue: null
2026-05-19 17:25:15,180 [INFO] Argument:335 - Argument : Parentvalue: null
2026-05-19 17:25:15,180 [INFO] Argument:325 - Argument : XferCpltCallbackvalue: null
2026-05-19 17:25:15,181 [INFO] Argument:335 - Argument : XferCpltCallbackvalue: null
2026-05-19 17:25:15,181 [INFO] Argument:325 - Argument : XferHalfCpltCallbackvalue: null
2026-05-19 17:25:15,181 [INFO] Argument:335 - Argument : XferHalfCpltCallbackvalue: null
2026-05-19 17:25:15,181 [INFO] Argument:325 - Argument : XferErrorCallbackvalue: null
2026-05-19 17:25:15,181 [INFO] Argument:335 - Argument : XferErrorCallbackvalue: null
2026-05-19 17:25:15,181 [INFO] Argument:325 - Argument : XferAbortCallbackvalue: null
2026-05-19 17:25:15,181 [INFO] Argument:335 - Argument : XferAbortCallbackvalue: null
2026-05-19 17:25:15,181 [INFO] Argument:325 - Argument : ErrorCodevalue: null
2026-05-19 17:25:15,181 [INFO] Argument:335 - Argument : ErrorCodevalue: null
2026-05-19 17:25:15,181 [INFO] Argument:325 - Argument : DmaBaseAddressvalue: null
2026-05-19 17:25:15,181 [INFO] Argument:335 - Argument : DmaBaseAddressvalue: null
2026-05-19 17:25:15,181 [INFO] Argument:325 - Argument : ChannelIndexvalue: null
2026-05-19 17:25:15,181 [INFO] Argument:335 - Argument : ChannelIndexvalue: null
2026-05-19 17:25:15,181 [INFO] Argument:325 - Argument : hdmavalue: null
2026-05-19 17:25:15,181 [INFO] Argument:327 - 	 sub Args: 
2026-05-19 17:25:15,181 [INFO] Argument:325 - Argument : Instancevalue: DMA1_Channel7
2026-05-19 17:25:15,181 [INFO] Argument:335 - Argument : Instancevalue: DMA1_Channel7
2026-05-19 17:25:15,182 [INFO] Argument:325 - Argument : Initvalue: null
2026-05-19 17:25:15,182 [INFO] Argument:327 - 	 sub Args: 
2026-05-19 17:25:15,182 [INFO] Argument:325 - Argument : Requestvalue: DMA_REQUEST_2
2026-05-19 17:25:15,182 [INFO] Argument:335 - Argument : Requestvalue: DMA_REQUEST_2
2026-05-19 17:25:15,182 [INFO] Argument:325 - Argument : Directionvalue: DMA_MEMORY_TO_PERIPH
2026-05-19 17:25:15,182 [INFO] Argument:335 - Argument : Directionvalue: DMA_MEMORY_TO_PERIPH
2026-05-19 17:25:15,182 [INFO] Argument:325 - Argument : PeriphIncvalue: DMA_PINC_DISABLE
2026-05-19 17:25:15,182 [INFO] Argument:335 - Argument : PeriphIncvalue: DMA_PINC_DISABLE
2026-05-19 17:25:15,182 [INFO] Argument:325 - Argument : MemIncvalue: DMA_MINC_ENABLE
2026-05-19 17:25:15,182 [INFO] Argument:335 - Argument : MemIncvalue: DMA_MINC_ENABLE
2026-05-19 17:25:15,182 [INFO] Argument:325 - Argument : PeriphDataAlignmentvalue: DMA_PDATAALIGN_BYTE
2026-05-19 17:25:15,182 [INFO] Argument:335 - Argument : PeriphDataAlignmentvalue: DMA_PDATAALIGN_BYTE
2026-05-19 17:25:15,182 [INFO] Argument:325 - Argument : MemDataAlignmentvalue: DMA_MDATAALIGN_BYTE
2026-05-19 17:25:15,182 [INFO] Argument:335 - Argument : MemDataAlignmentvalue: DMA_MDATAALIGN_BYTE
2026-05-19 17:25:15,182 [INFO] Argument:325 - Argument : Modevalue: DMA_NORMAL
2026-05-19 17:25:15,182 [INFO] Argument:335 - Argument : Modevalue: DMA_NORMAL
2026-05-19 17:25:15,182 [INFO] Argument:325 - Argument : Priorityvalue: DMA_PRIORITY_LOW
2026-05-19 17:25:15,182 [INFO] Argument:335 - Argument : Priorityvalue: DMA_PRIORITY_LOW
2026-05-19 17:25:15,182 [INFO] Argument:325 - Argument : Lockvalue: null
2026-05-19 17:25:15,182 [INFO] Argument:335 - Argument : Lockvalue: null
2026-05-19 17:25:15,183 [INFO] Argument:325 - Argument : Statevalue: null
2026-05-19 17:25:15,183 [INFO] Argument:335 - Argument : Statevalue: null
2026-05-19 17:25:15,183 [INFO] Argument:325 - Argument : Parentvalue: null
2026-05-19 17:25:15,183 [INFO] Argument:335 - Argument : Parentvalue: null
2026-05-19 17:25:15,183 [INFO] Argument:325 - Argument : XferCpltCallbackvalue: null
2026-05-19 17:25:15,183 [INFO] Argument:335 - Argument : XferCpltCallbackvalue: null
2026-05-19 17:25:15,183 [INFO] Argument:325 - Argument : XferHalfCpltCallbackvalue: null
2026-05-19 17:25:15,183 [INFO] Argument:335 - Argument : XferHalfCpltCallbackvalue: null
2026-05-19 17:25:15,183 [INFO] Argument:325 - Argument : XferErrorCallbackvalue: null
2026-05-19 17:25:15,183 [INFO] Argument:335 - Argument : XferErrorCallbackvalue: null
2026-05-19 17:25:15,183 [INFO] Argument:325 - Argument : XferAbortCallbackvalue: null
2026-05-19 17:25:15,183 [INFO] Argument:335 - Argument : XferAbortCallbackvalue: null
2026-05-19 17:25:15,183 [INFO] Argument:325 - Argument : ErrorCodevalue: null
2026-05-19 17:25:15,183 [INFO] Argument:335 - Argument : ErrorCodevalue: null
2026-05-19 17:25:15,184 [INFO] Argument:325 - Argument : DmaBaseAddressvalue: null
2026-05-19 17:25:15,184 [INFO] Argument:335 - Argument : DmaBaseAddressvalue: null
2026-05-19 17:25:15,184 [INFO] Argument:325 - Argument : ChannelIndexvalue: null
2026-05-19 17:25:15,184 [INFO] Argument:335 - Argument : ChannelIndexvalue: null
2026-05-19 17:25:15,184 [INFO] Argument:325 - Argument : pSyncConfigvalue: null
2026-05-19 17:25:15,184 [INFO] Argument:327 - 	 sub Args: 
2026-05-19 17:25:15,184 [INFO] Argument:325 - Argument : SyncSignalIDvalue: null
2026-05-19 17:25:15,184 [INFO] Argument:335 - Argument : SyncSignalIDvalue: null
2026-05-19 17:25:15,185 [INFO] Argument:325 - Argument : SyncPolarityvalue: null
2026-05-19 17:25:15,185 [INFO] Argument:335 - Argument : SyncPolarityvalue: null
2026-05-19 17:25:15,185 [INFO] Argument:325 - Argument : SyncEnablevalue: null
2026-05-19 17:25:15,185 [INFO] Argument:335 - Argument : SyncEnablevalue: null
2026-05-19 17:25:15,185 [INFO] Argument:325 - Argument : EventEnablevalue: null
2026-05-19 17:25:15,185 [INFO] Argument:335 - Argument : EventEnablevalue: null
2026-05-19 17:25:15,185 [INFO] Argument:325 - Argument : RequestNumbervalue: null
2026-05-19 17:25:15,185 [INFO] Argument:335 - Argument : RequestNumbervalue: null
2026-05-19 17:25:15,274 [INFO] CodeEngine:265 - oldGeneratedFile, C:\Users\azaki\Documents\GitHub\Project-Nephros\new_double_thermistor\double_thermistor\MXTmpFiles\license.tmp_save
2026-05-19 17:25:15,499 [INFO] CodeEngine:289 - Generated code: C:\Users\azaki\Documents\GitHub\Project-Nephros\new_double_thermistor\double_thermistor\MXTmpFiles\license.tmp
2026-05-19 17:25:15,574 [INFO] CodeEngine:265 - oldGeneratedFile, C:\Users\azaki\Documents\GitHub\Project-Nephros\new_double_thermistor\double_thermistor\MXTmpFiles\gpio.tmp_save
2026-05-19 17:25:15,756 [INFO] CodeEngine:289 - Generated code: C:\Users\azaki\Documents\GitHub\Project-Nephros\new_double_thermistor\double_thermistor\MXTmpFiles\gpio.tmp
2026-05-19 17:25:16,415 [INFO] CodeEngine:265 - oldGeneratedFile, C:\Users\azaki\Documents\GitHub\Project-Nephros\new_double_thermistor\double_thermistor\MXTmpFiles\dma.tmp_save
2026-05-19 17:25:16,534 [INFO] CodeEngine:289 - Generated code: C:\Users\azaki\Documents\GitHub\Project-Nephros\new_double_thermistor\double_thermistor\MXTmpFiles\dma.tmp
2026-05-19 17:25:16,544 [INFO] CodeEngine:265 - oldGeneratedFile, C:\Users\azaki\Documents\GitHub\Project-Nephros\new_double_thermistor\double_thermistor\MXTmpFiles\dma_GV.tmp_save
2026-05-19 17:25:16,655 [INFO] CodeEngine:289 - Generated code: C:\Users\azaki\Documents\GitHub\Project-Nephros\new_double_thermistor\double_thermistor\MXTmpFiles\dma_GV.tmp
2026-05-19 17:25:16,684 [INFO] CodeEngine:265 - oldGeneratedFile, C:\Users\azaki\Documents\GitHub\Project-Nephros\new_double_thermistor\double_thermistor\Core\Src\stm32l4xx_it.c_save
2026-05-19 17:25:16,854 [INFO] CodeEngine:289 - Generated code: C:\Users\azaki\Documents\GitHub\Project-Nephros\new_double_thermistor\double_thermistor\Core\Src\stm32l4xx_it.c
2026-05-19 17:25:16,879 [INFO] CodeEngine:265 - oldGeneratedFile, C:\Users\azaki\Documents\GitHub\Project-Nephros\new_double_thermistor\double_thermistor\Core\Inc\stm32l4xx_it.h_save
2026-05-19 17:25:17,219 [INFO] CodeEngine:289 - Generated code: C:\Users\azaki\Documents\GitHub\Project-Nephros\new_double_thermistor\double_thermistor\Core\Inc\stm32l4xx_it.h
2026-05-19 17:25:17,338 [INFO] CodeEngine:265 - oldGeneratedFile, C:\Users\azaki\Documents\GitHub\Project-Nephros\new_double_thermistor\double_thermistor\Core\Src\stm32l4xx_hal_msp.c_save
2026-05-19 17:25:18,006 [INFO] CodeEngine:289 - Generated code: C:\Users\azaki\Documents\GitHub\Project-Nephros\new_double_thermistor\double_thermistor\Core\Src\stm32l4xx_hal_msp.c
2026-05-19 17:25:18,048 [INFO] CodeEngine:265 - oldGeneratedFile, C:\Users\azaki\Documents\GitHub\Project-Nephros\new_double_thermistor\double_thermistor\MXTmpFiles\system.tmp_save
2026-05-19 17:25:18,387 [INFO] CodeEngine:289 - Generated code: C:\Users\azaki\Documents\GitHub\Project-Nephros\new_double_thermistor\double_thermistor\MXTmpFiles\system.tmp
2026-05-19 17:25:18,439 [INFO] CodeEngine:321 - oldGeneratedFile, C:\Users\azaki\Documents\GitHub\Project-Nephros\new_double_thermistor\double_thermistor\Core\Inc\stm32l4xx_hal_conf.h_save
2026-05-19 17:25:18,795 [INFO] CodeEngine:345 - Generated code: C:\Users\azaki\Documents\GitHub\Project-Nephros\new_double_thermistor\double_thermistor\Core\Inc\stm32l4xx_hal_conf.h
2026-05-19 17:25:19,049 [WARN] IPConfigManager:3811 - IP not found : TIM
2026-05-19 17:25:19,052 [WARN] CodeGenerator:4259 - IP not found : null
2026-05-19 17:25:19,169 [INFO] CodeEngine:265 - oldGeneratedFile, C:\Users\azaki\Documents\GitHub\Project-Nephros\new_double_thermistor\double_thermistor\Core\Inc\main.h_save
2026-05-19 17:25:19,507 [INFO] CodeEngine:289 - Generated code: C:\Users\azaki\Documents\GitHub\Project-Nephros\new_double_thermistor\double_thermistor\Core\Inc\main.h
2026-05-19 17:25:19,545 [INFO] CodeEngine:265 - oldGeneratedFile, C:\Users\azaki\Documents\GitHub\Project-Nephros\new_double_thermistor\double_thermistor\Core\Src\main.c_save
2026-05-19 17:25:20,263 [INFO] CodeEngine:289 - Generated code: C:\Users\azaki\Documents\GitHub\Project-Nephros\new_double_thermistor\double_thermistor\Core\Src\main.c
2026-05-19 17:25:22,102 [INFO] ProjectBuilder:3606 - Time for Copy HAL[1] : 1007mS.
2026-05-19 17:25:22,122 [INFO] ProjectBuilder:5216 - Project Generator version: 4.7.0-B52
2026-05-19 17:25:22,671 [INFO] ConfigFileManager:1595 - The Die is : DIE435
2026-05-19 17:25:27,774 [INFO] ProjectBuilder:5496 - Time for Generating toolchain IDE Files: 5652mS.
2026-05-19 17:25:27,774 [INFO] ProjectBuilder:3463 - Time for Copy CMSIS : 0mS.
2026-05-19 17:25:27,790 [INFO] ProjectBuilder:3463 - Time for Copy CMSIS : 0mS.
2026-05-19 17:33:03,842 [INFO] WebApp:194 - Connection lost
2026-05-19 17:33:04,180 [INFO] WebApp:191 - Connection restablished
2026-05-19 17:37:06,622 [INFO] WebApp:194 - Connection lost
2026-05-19 17:37:06,979 [INFO] WebApp:191 - Connection restablished
2026-05-19 17:37:40,095 [INFO] WebApp:194 - Connection lost
2026-05-19 17:37:40,471 [INFO] WebApp:191 - Connection restablished
2026-05-19 17:51:50,336 [INFO] Gpio:278 - dependency for GPIO [ADC1, RCC, SYS, USART2]
2026-05-19 17:52:04,282 [INFO] UtilMem:75 - End SaveConfig() Used Memory: 928345680 Bytes (1073741824)
2026-05-19 17:52:04,438 [INFO] UtilMem:75 - End SaveConfig() Used Memory: 943066968 Bytes (1073741824)
2026-05-19 17:52:05,332 [INFO] UtilMem:75 - End SaveConfig() Used Memory: 764058208 Bytes (1073741824)
2026-05-19 17:52:05,740 [INFO] BlockDiagram:2775 - set Specific Code input for plugin: NVIC
2026-05-19 17:52:05,741 [INFO] BlockDiagram:2775 - set Specific Code input for plugin: USART
2026-05-19 17:52:05,742 [INFO] BlockDiagram:2775 - set Specific Code input for plugin: DMA
2026-05-19 17:52:05,742 [INFO] BlockDiagram:2775 - set Specific Code input for plugin: TIM1_8L4
2026-05-19 17:52:05,742 [INFO] BlockDiagram:2775 - set Specific Code input for plugin: SYS
2026-05-19 17:52:05,743 [INFO] BlockDiagram:2775 - set Specific Code input for plugin: GPIO
2026-05-19 17:52:05,743 [INFO] BlockDiagram:2775 - set Specific Code input for plugin: ADC
2026-05-19 17:52:05,744 [INFO] BlockDiagram:2775 - set Specific Code input for plugin: RCC
2026-05-19 17:52:05,746 [INFO] CodeGenerator:892 - code generatio: config db path: C:\ST\STM32CubeIDE_1.19.0\STM32CubeIDE\plugins\com.st.stm32cube.common.mx_6.15.0.202507011659\\db\
2026-05-19 17:52:05,759 [INFO] Argument:325 - Argument : hdmavalue: null
2026-05-19 17:52:05,759 [INFO] Argument:327 - 	 sub Args: 
2026-05-19 17:52:05,759 [INFO] Argument:325 - Argument : Instancevalue: DMA1_Channel1
2026-05-19 17:52:05,759 [INFO] Argument:335 - Argument : Instancevalue: DMA1_Channel1
2026-05-19 17:52:05,760 [INFO] Argument:325 - Argument : Initvalue: null
2026-05-19 17:52:05,760 [INFO] Argument:327 - 	 sub Args: 
2026-05-19 17:52:05,760 [INFO] Argument:325 - Argument : Requestvalue: DMA_REQUEST_0
2026-05-19 17:52:05,760 [INFO] Argument:335 - Argument : Requestvalue: DMA_REQUEST_0
2026-05-19 17:52:05,760 [INFO] Argument:325 - Argument : Directionvalue: DMA_PERIPH_TO_MEMORY
2026-05-19 17:52:05,760 [INFO] Argument:335 - Argument : Directionvalue: DMA_PERIPH_TO_MEMORY
2026-05-19 17:52:05,760 [INFO] Argument:325 - Argument : PeriphIncvalue: DMA_PINC_DISABLE
2026-05-19 17:52:05,761 [INFO] Argument:335 - Argument : PeriphIncvalue: DMA_PINC_DISABLE
2026-05-19 17:52:05,761 [INFO] Argument:325 - Argument : MemIncvalue: DMA_MINC_ENABLE
2026-05-19 17:52:05,761 [INFO] Argument:335 - Argument : MemIncvalue: DMA_MINC_ENABLE
2026-05-19 17:52:05,762 [INFO] Argument:325 - Argument : PeriphDataAlignmentvalue: DMA_PDATAALIGN_HALFWORD
2026-05-19 17:52:05,762 [INFO] Argument:335 - Argument : PeriphDataAlignmentvalue: DMA_PDATAALIGN_HALFWORD
2026-05-19 17:52:05,762 [INFO] Argument:325 - Argument : MemDataAlignmentvalue: DMA_MDATAALIGN_HALFWORD
2026-05-19 17:52:05,762 [INFO] Argument:335 - Argument : MemDataAlignmentvalue: DMA_MDATAALIGN_HALFWORD
2026-05-19 17:52:05,762 [INFO] Argument:325 - Argument : Modevalue: DMA_CIRCULAR
2026-05-19 17:52:05,762 [INFO] Argument:335 - Argument : Modevalue: DMA_CIRCULAR
2026-05-19 17:52:05,762 [INFO] Argument:325 - Argument : Priorityvalue: DMA_PRIORITY_LOW
2026-05-19 17:52:05,762 [INFO] Argument:335 - Argument : Priorityvalue: DMA_PRIORITY_LOW
2026-05-19 17:52:05,763 [INFO] Argument:325 - Argument : Lockvalue: null
2026-05-19 17:52:05,763 [INFO] Argument:335 - Argument : Lockvalue: null
2026-05-19 17:52:05,763 [INFO] Argument:325 - Argument : Statevalue: null
2026-05-19 17:52:05,763 [INFO] Argument:335 - Argument : Statevalue: null
2026-05-19 17:52:05,763 [INFO] Argument:325 - Argument : Parentvalue: null
2026-05-19 17:52:05,763 [INFO] Argument:335 - Argument : Parentvalue: null
2026-05-19 17:52:05,764 [INFO] Argument:325 - Argument : XferCpltCallbackvalue: null
2026-05-19 17:52:05,764 [INFO] Argument:335 - Argument : XferCpltCallbackvalue: null
2026-05-19 17:52:05,764 [INFO] Argument:325 - Argument : XferHalfCpltCallbackvalue: null
2026-05-19 17:52:05,764 [INFO] Argument:335 - Argument : XferHalfCpltCallbackvalue: null
2026-05-19 17:52:05,765 [INFO] Argument:325 - Argument : XferErrorCallbackvalue: null
2026-05-19 17:52:05,765 [INFO] Argument:335 - Argument : XferErrorCallbackvalue: null
2026-05-19 17:52:05,765 [INFO] Argument:325 - Argument : XferAbortCallbackvalue: null
2026-05-19 17:52:05,765 [INFO] Argument:335 - Argument : XferAbortCallbackvalue: null
2026-05-19 17:52:05,765 [INFO] Argument:325 - Argument : ErrorCodevalue: null
2026-05-19 17:52:05,765 [INFO] Argument:335 - Argument : ErrorCodevalue: null
2026-05-19 17:52:05,766 [INFO] Argument:325 - Argument : DmaBaseAddressvalue: null
2026-05-19 17:52:05,766 [INFO] Argument:335 - Argument : DmaBaseAddressvalue: null
2026-05-19 17:52:05,766 [INFO] Argument:325 - Argument : ChannelIndexvalue: null
2026-05-19 17:52:05,766 [INFO] Argument:335 - Argument : ChannelIndexvalue: null
2026-05-19 17:52:05,766 [INFO] Argument:325 - Argument : hdmavalue: null
2026-05-19 17:52:05,766 [INFO] Argument:327 - 	 sub Args: 
2026-05-19 17:52:05,767 [INFO] Argument:325 - Argument : Instancevalue: DMA1_Channel1
2026-05-19 17:52:05,767 [INFO] Argument:335 - Argument : Instancevalue: DMA1_Channel1
2026-05-19 17:52:05,767 [INFO] Argument:325 - Argument : Initvalue: null
2026-05-19 17:52:05,767 [INFO] Argument:327 - 	 sub Args: 
2026-05-19 17:52:05,767 [INFO] Argument:325 - Argument : Requestvalue: DMA_REQUEST_0
2026-05-19 17:52:05,767 [INFO] Argument:335 - Argument : Requestvalue: DMA_REQUEST_0
2026-05-19 17:52:05,767 [INFO] Argument:325 - Argument : Directionvalue: DMA_PERIPH_TO_MEMORY
2026-05-19 17:52:05,767 [INFO] Argument:335 - Argument : Directionvalue: DMA_PERIPH_TO_MEMORY
2026-05-19 17:52:05,767 [INFO] Argument:325 - Argument : PeriphIncvalue: DMA_PINC_DISABLE
2026-05-19 17:52:05,768 [INFO] Argument:335 - Argument : PeriphIncvalue: DMA_PINC_DISABLE
2026-05-19 17:52:05,768 [INFO] Argument:325 - Argument : MemIncvalue: DMA_MINC_ENABLE
2026-05-19 17:52:05,768 [INFO] Argument:335 - Argument : MemIncvalue: DMA_MINC_ENABLE
2026-05-19 17:52:05,768 [INFO] Argument:325 - Argument : PeriphDataAlignmentvalue: DMA_PDATAALIGN_HALFWORD
2026-05-19 17:52:05,768 [INFO] Argument:335 - Argument : PeriphDataAlignmentvalue: DMA_PDATAALIGN_HALFWORD
2026-05-19 17:52:05,768 [INFO] Argument:325 - Argument : MemDataAlignmentvalue: DMA_MDATAALIGN_HALFWORD
2026-05-19 17:52:05,768 [INFO] Argument:335 - Argument : MemDataAlignmentvalue: DMA_MDATAALIGN_HALFWORD
2026-05-19 17:52:05,768 [INFO] Argument:325 - Argument : Modevalue: DMA_CIRCULAR
2026-05-19 17:52:05,768 [INFO] Argument:335 - Argument : Modevalue: DMA_CIRCULAR
2026-05-19 17:52:05,768 [INFO] Argument:325 - Argument : Priorityvalue: DMA_PRIORITY_LOW
2026-05-19 17:52:05,768 [INFO] Argument:335 - Argument : Priorityvalue: DMA_PRIORITY_LOW
2026-05-19 17:52:05,768 [INFO] Argument:325 - Argument : Lockvalue: null
2026-05-19 17:52:05,768 [INFO] Argument:335 - Argument : Lockvalue: null
2026-05-19 17:52:05,768 [INFO] Argument:325 - Argument : Statevalue: null
2026-05-19 17:52:05,768 [INFO] Argument:335 - Argument : Statevalue: null
2026-05-19 17:52:05,769 [INFO] Argument:325 - Argument : Parentvalue: null
2026-05-19 17:52:05,769 [INFO] Argument:335 - Argument : Parentvalue: null
2026-05-19 17:52:05,769 [INFO] Argument:325 - Argument : XferCpltCallbackvalue: null
2026-05-19 17:52:05,769 [INFO] Argument:335 - Argument : XferCpltCallbackvalue: null
2026-05-19 17:52:05,769 [INFO] Argument:325 - Argument : XferHalfCpltCallbackvalue: null
2026-05-19 17:52:05,769 [INFO] Argument:335 - Argument : XferHalfCpltCallbackvalue: null
2026-05-19 17:52:05,770 [INFO] Argument:325 - Argument : XferErrorCallbackvalue: null
2026-05-19 17:52:05,770 [INFO] Argument:335 - Argument : XferErrorCallbackvalue: null
2026-05-19 17:52:05,770 [INFO] Argument:325 - Argument : XferAbortCallbackvalue: null
2026-05-19 17:52:05,770 [INFO] Argument:335 - Argument : XferAbortCallbackvalue: null
2026-05-19 17:52:05,770 [INFO] Argument:325 - Argument : ErrorCodevalue: null
2026-05-19 17:52:05,770 [INFO] Argument:335 - Argument : ErrorCodevalue: null
2026-05-19 17:52:05,770 [INFO] Argument:325 - Argument : DmaBaseAddressvalue: null
2026-05-19 17:52:05,770 [INFO] Argument:335 - Argument : DmaBaseAddressvalue: null
2026-05-19 17:52:05,770 [INFO] Argument:325 - Argument : ChannelIndexvalue: null
2026-05-19 17:52:05,770 [INFO] Argument:335 - Argument : ChannelIndexvalue: null
2026-05-19 17:52:05,770 [INFO] Argument:325 - Argument : pSyncConfigvalue: null
2026-05-19 17:52:05,770 [INFO] Argument:327 - 	 sub Args: 
2026-05-19 17:52:05,770 [INFO] Argument:325 - Argument : SyncSignalIDvalue: null
2026-05-19 17:52:05,771 [INFO] Argument:335 - Argument : SyncSignalIDvalue: null
2026-05-19 17:52:05,771 [INFO] Argument:325 - Argument : SyncPolarityvalue: null
2026-05-19 17:52:05,771 [INFO] Argument:335 - Argument : SyncPolarityvalue: null
2026-05-19 17:52:05,771 [INFO] Argument:325 - Argument : SyncEnablevalue: null
2026-05-19 17:52:05,771 [INFO] Argument:335 - Argument : SyncEnablevalue: null
2026-05-19 17:52:05,771 [INFO] Argument:325 - Argument : EventEnablevalue: null
2026-05-19 17:52:05,771 [INFO] Argument:335 - Argument : EventEnablevalue: null
2026-05-19 17:52:05,771 [INFO] Argument:325 - Argument : RequestNumbervalue: null
2026-05-19 17:52:05,771 [INFO] Argument:335 - Argument : RequestNumbervalue: null
2026-05-19 17:52:05,799 [INFO] Argument:325 - Argument : hdmavalue: null
2026-05-19 17:52:05,800 [INFO] Argument:327 - 	 sub Args: 
2026-05-19 17:52:05,800 [INFO] Argument:325 - Argument : Instancevalue: DMA1_Channel7
2026-05-19 17:52:05,800 [INFO] Argument:335 - Argument : Instancevalue: DMA1_Channel7
2026-05-19 17:52:05,800 [INFO] Argument:325 - Argument : Initvalue: null
2026-05-19 17:52:05,800 [INFO] Argument:327 - 	 sub Args: 
2026-05-19 17:52:05,800 [INFO] Argument:325 - Argument : Requestvalue: DMA_REQUEST_2
2026-05-19 17:52:05,800 [INFO] Argument:335 - Argument : Requestvalue: DMA_REQUEST_2
2026-05-19 17:52:05,800 [INFO] Argument:325 - Argument : Directionvalue: DMA_MEMORY_TO_PERIPH
2026-05-19 17:52:05,800 [INFO] Argument:335 - Argument : Directionvalue: DMA_MEMORY_TO_PERIPH
2026-05-19 17:52:05,800 [INFO] Argument:325 - Argument : PeriphIncvalue: DMA_PINC_DISABLE
2026-05-19 17:52:05,800 [INFO] Argument:335 - Argument : PeriphIncvalue: DMA_PINC_DISABLE
2026-05-19 17:52:05,800 [INFO] Argument:325 - Argument : MemIncvalue: DMA_MINC_ENABLE
2026-05-19 17:52:05,800 [INFO] Argument:335 - Argument : MemIncvalue: DMA_MINC_ENABLE
2026-05-19 17:52:05,800 [INFO] Argument:325 - Argument : PeriphDataAlignmentvalue: DMA_PDATAALIGN_BYTE
2026-05-19 17:52:05,800 [INFO] Argument:335 - Argument : PeriphDataAlignmentvalue: DMA_PDATAALIGN_BYTE
2026-05-19 17:52:05,800 [INFO] Argument:325 - Argument : MemDataAlignmentvalue: DMA_MDATAALIGN_BYTE
2026-05-19 17:52:05,800 [INFO] Argument:335 - Argument : MemDataAlignmentvalue: DMA_MDATAALIGN_BYTE
2026-05-19 17:52:05,801 [INFO] Argument:325 - Argument : Modevalue: DMA_NORMAL
2026-05-19 17:52:05,801 [INFO] Argument:335 - Argument : Modevalue: DMA_NORMAL
2026-05-19 17:52:05,801 [INFO] Argument:325 - Argument : Priorityvalue: DMA_PRIORITY_LOW
2026-05-19 17:52:05,801 [INFO] Argument:335 - Argument : Priorityvalue: DMA_PRIORITY_LOW
2026-05-19 17:52:05,801 [INFO] Argument:325 - Argument : Lockvalue: null
2026-05-19 17:52:05,801 [INFO] Argument:335 - Argument : Lockvalue: null
2026-05-19 17:52:05,801 [INFO] Argument:325 - Argument : Statevalue: null
2026-05-19 17:52:05,801 [INFO] Argument:335 - Argument : Statevalue: null
2026-05-19 17:52:05,801 [INFO] Argument:325 - Argument : Parentvalue: null
2026-05-19 17:52:05,801 [INFO] Argument:335 - Argument : Parentvalue: null
2026-05-19 17:52:05,801 [INFO] Argument:325 - Argument : XferCpltCallbackvalue: null
2026-05-19 17:52:05,801 [INFO] Argument:335 - Argument : XferCpltCallbackvalue: null
2026-05-19 17:52:05,801 [INFO] Argument:325 - Argument : XferHalfCpltCallbackvalue: null
2026-05-19 17:52:05,801 [INFO] Argument:335 - Argument : XferHalfCpltCallbackvalue: null
2026-05-19 17:52:05,801 [INFO] Argument:325 - Argument : XferErrorCallbackvalue: null
2026-05-19 17:52:05,801 [INFO] Argument:335 - Argument : XferErrorCallbackvalue: null
2026-05-19 17:52:05,801 [INFO] Argument:325 - Argument : XferAbortCallbackvalue: null
2026-05-19 17:52:05,801 [INFO] Argument:335 - Argument : XferAbortCallbackvalue: null
2026-05-19 17:52:05,801 [INFO] Argument:325 - Argument : ErrorCodevalue: null
2026-05-19 17:52:05,801 [INFO] Argument:335 - Argument : ErrorCodevalue: null
2026-05-19 17:52:05,801 [INFO] Argument:325 - Argument : DmaBaseAddressvalue: null
2026-05-19 17:52:05,801 [INFO] Argument:335 - Argument : DmaBaseAddressvalue: null
2026-05-19 17:52:05,801 [INFO] Argument:325 - Argument : ChannelIndexvalue: null
2026-05-19 17:52:05,801 [INFO] Argument:335 - Argument : ChannelIndexvalue: null
2026-05-19 17:52:05,801 [INFO] Argument:325 - Argument : hdmavalue: null
2026-05-19 17:52:05,801 [INFO] Argument:327 - 	 sub Args: 
2026-05-19 17:52:05,801 [INFO] Argument:325 - Argument : Instancevalue: DMA1_Channel7
2026-05-19 17:52:05,802 [INFO] Argument:335 - Argument : Instancevalue: DMA1_Channel7
2026-05-19 17:52:05,802 [INFO] Argument:325 - Argument : Initvalue: null
2026-05-19 17:52:05,802 [INFO] Argument:327 - 	 sub Args: 
2026-05-19 17:52:05,802 [INFO] Argument:325 - Argument : Requestvalue: DMA_REQUEST_2
2026-05-19 17:52:05,802 [INFO] Argument:335 - Argument : Requestvalue: DMA_REQUEST_2
2026-05-19 17:52:05,802 [INFO] Argument:325 - Argument : Directionvalue: DMA_MEMORY_TO_PERIPH
2026-05-19 17:52:05,802 [INFO] Argument:335 - Argument : Directionvalue: DMA_MEMORY_TO_PERIPH
2026-05-19 17:52:05,802 [INFO] Argument:325 - Argument : PeriphIncvalue: DMA_PINC_DISABLE
2026-05-19 17:52:05,802 [INFO] Argument:335 - Argument : PeriphIncvalue: DMA_PINC_DISABLE
2026-05-19 17:52:05,802 [INFO] Argument:325 - Argument : MemIncvalue: DMA_MINC_ENABLE
2026-05-19 17:52:05,802 [INFO] Argument:335 - Argument : MemIncvalue: DMA_MINC_ENABLE
2026-05-19 17:52:05,802 [INFO] Argument:325 - Argument : PeriphDataAlignmentvalue: DMA_PDATAALIGN_BYTE
2026-05-19 17:52:05,803 [INFO] Argument:335 - Argument : PeriphDataAlignmentvalue: DMA_PDATAALIGN_BYTE
2026-05-19 17:52:05,803 [INFO] Argument:325 - Argument : MemDataAlignmentvalue: DMA_MDATAALIGN_BYTE
2026-05-19 17:52:05,803 [INFO] Argument:335 - Argument : MemDataAlignmentvalue: DMA_MDATAALIGN_BYTE
2026-05-19 17:52:05,803 [INFO] Argument:325 - Argument : Modevalue: DMA_NORMAL
2026-05-19 17:52:05,803 [INFO] Argument:335 - Argument : Modevalue: DMA_NORMAL
2026-05-19 17:52:05,803 [INFO] Argument:325 - Argument : Priorityvalue: DMA_PRIORITY_LOW
2026-05-19 17:52:05,803 [INFO] Argument:335 - Argument : Priorityvalue: DMA_PRIORITY_LOW
2026-05-19 17:52:05,804 [INFO] Argument:325 - Argument : Lockvalue: null
2026-05-19 17:52:05,804 [INFO] Argument:335 - Argument : Lockvalue: null
2026-05-19 17:52:05,804 [INFO] Argument:325 - Argument : Statevalue: null
2026-05-19 17:52:05,804 [INFO] Argument:335 - Argument : Statevalue: null
2026-05-19 17:52:05,804 [INFO] Argument:325 - Argument : Parentvalue: null
2026-05-19 17:52:05,804 [INFO] Argument:335 - Argument : Parentvalue: null
2026-05-19 17:52:05,804 [INFO] Argument:325 - Argument : XferCpltCallbackvalue: null
2026-05-19 17:52:05,804 [INFO] Argument:335 - Argument : XferCpltCallbackvalue: null
2026-05-19 17:52:05,804 [INFO] Argument:325 - Argument : XferHalfCpltCallbackvalue: null
2026-05-19 17:52:05,804 [INFO] Argument:335 - Argument : XferHalfCpltCallbackvalue: null
2026-05-19 17:52:05,804 [INFO] Argument:325 - Argument : XferErrorCallbackvalue: null
2026-05-19 17:52:05,804 [INFO] Argument:335 - Argument : XferErrorCallbackvalue: null
2026-05-19 17:52:05,804 [INFO] Argument:325 - Argument : XferAbortCallbackvalue: null
2026-05-19 17:52:05,804 [INFO] Argument:335 - Argument : XferAbortCallbackvalue: null
2026-05-19 17:52:05,804 [INFO] Argument:325 - Argument : ErrorCodevalue: null
2026-05-19 17:52:05,804 [INFO] Argument:335 - Argument : ErrorCodevalue: null
2026-05-19 17:52:05,804 [INFO] Argument:325 - Argument : DmaBaseAddressvalue: null
2026-05-19 17:52:05,804 [INFO] Argument:335 - Argument : DmaBaseAddressvalue: null
2026-05-19 17:52:05,804 [INFO] Argument:325 - Argument : ChannelIndexvalue: null
2026-05-19 17:52:05,805 [INFO] Argument:335 - Argument : ChannelIndexvalue: null
2026-05-19 17:52:05,805 [INFO] Argument:325 - Argument : pSyncConfigvalue: null
2026-05-19 17:52:05,805 [INFO] Argument:327 - 	 sub Args: 
2026-05-19 17:52:05,805 [INFO] Argument:325 - Argument : SyncSignalIDvalue: null
2026-05-19 17:52:05,805 [INFO] Argument:335 - Argument : SyncSignalIDvalue: null
2026-05-19 17:52:05,805 [INFO] Argument:325 - Argument : SyncPolarityvalue: null
2026-05-19 17:52:05,805 [INFO] Argument:335 - Argument : SyncPolarityvalue: null
2026-05-19 17:52:05,805 [INFO] Argument:325 - Argument : SyncEnablevalue: null
2026-05-19 17:52:05,805 [INFO] Argument:335 - Argument : SyncEnablevalue: null
2026-05-19 17:52:05,805 [INFO] Argument:325 - Argument : EventEnablevalue: null
2026-05-19 17:52:05,805 [INFO] Argument:335 - Argument : EventEnablevalue: null
2026-05-19 17:52:05,806 [INFO] Argument:325 - Argument : RequestNumbervalue: null
2026-05-19 17:52:05,806 [INFO] Argument:335 - Argument : RequestNumbervalue: null
2026-05-19 17:52:05,900 [INFO] CodeEngine:265 - oldGeneratedFile, C:\Users\azaki\Documents\GitHub\Project-Nephros\new_double_thermistor\double_thermistor\MXTmpFiles\license.tmp_save
2026-05-19 17:52:06,316 [INFO] CodeEngine:289 - Generated code: C:\Users\azaki\Documents\GitHub\Project-Nephros\new_double_thermistor\double_thermistor\MXTmpFiles\license.tmp
2026-05-19 17:52:06,395 [INFO] CodeEngine:265 - oldGeneratedFile, C:\Users\azaki\Documents\GitHub\Project-Nephros\new_double_thermistor\double_thermistor\MXTmpFiles\gpio.tmp_save
2026-05-19 17:52:06,616 [INFO] CodeEngine:289 - Generated code: C:\Users\azaki\Documents\GitHub\Project-Nephros\new_double_thermistor\double_thermistor\MXTmpFiles\gpio.tmp
2026-05-19 17:52:07,332 [INFO] CodeEngine:265 - oldGeneratedFile, C:\Users\azaki\Documents\GitHub\Project-Nephros\new_double_thermistor\double_thermistor\MXTmpFiles\dma.tmp_save
2026-05-19 17:52:07,493 [INFO] CodeEngine:289 - Generated code: C:\Users\azaki\Documents\GitHub\Project-Nephros\new_double_thermistor\double_thermistor\MXTmpFiles\dma.tmp
2026-05-19 17:52:07,502 [INFO] CodeEngine:265 - oldGeneratedFile, C:\Users\azaki\Documents\GitHub\Project-Nephros\new_double_thermistor\double_thermistor\MXTmpFiles\dma_GV.tmp_save
2026-05-19 17:52:07,617 [INFO] CodeEngine:289 - Generated code: C:\Users\azaki\Documents\GitHub\Project-Nephros\new_double_thermistor\double_thermistor\MXTmpFiles\dma_GV.tmp
2026-05-19 17:52:07,645 [INFO] CodeEngine:265 - oldGeneratedFile, C:\Users\azaki\Documents\GitHub\Project-Nephros\new_double_thermistor\double_thermistor\Core\Src\stm32l4xx_it.c_save
2026-05-19 17:52:07,936 [INFO] CodeEngine:289 - Generated code: C:\Users\azaki\Documents\GitHub\Project-Nephros\new_double_thermistor\double_thermistor\Core\Src\stm32l4xx_it.c
2026-05-19 17:52:07,948 [INFO] CodeEngine:265 - oldGeneratedFile, C:\Users\azaki\Documents\GitHub\Project-Nephros\new_double_thermistor\double_thermistor\Core\Inc\stm32l4xx_it.h_save
2026-05-19 17:52:08,048 [INFO] CodeEngine:289 - Generated code: C:\Users\azaki\Documents\GitHub\Project-Nephros\new_double_thermistor\double_thermistor\Core\Inc\stm32l4xx_it.h
2026-05-19 17:52:08,072 [INFO] CodeEngine:265 - oldGeneratedFile, C:\Users\azaki\Documents\GitHub\Project-Nephros\new_double_thermistor\double_thermistor\Core\Src\stm32l4xx_hal_msp.c_save
2026-05-19 17:52:08,245 [INFO] CodeEngine:289 - Generated code: C:\Users\azaki\Documents\GitHub\Project-Nephros\new_double_thermistor\double_thermistor\Core\Src\stm32l4xx_hal_msp.c
2026-05-19 17:52:08,254 [INFO] CodeEngine:265 - oldGeneratedFile, C:\Users\azaki\Documents\GitHub\Project-Nephros\new_double_thermistor\double_thermistor\MXTmpFiles\system.tmp_save
2026-05-19 17:52:08,326 [INFO] CodeEngine:289 - Generated code: C:\Users\azaki\Documents\GitHub\Project-Nephros\new_double_thermistor\double_thermistor\MXTmpFiles\system.tmp
2026-05-19 17:52:08,347 [INFO] CodeEngine:321 - oldGeneratedFile, C:\Users\azaki\Documents\GitHub\Project-Nephros\new_double_thermistor\double_thermistor\Core\Inc\stm32l4xx_hal_conf.h_save
2026-05-19 17:52:08,446 [INFO] CodeEngine:345 - Generated code: C:\Users\azaki\Documents\GitHub\Project-Nephros\new_double_thermistor\double_thermistor\Core\Inc\stm32l4xx_hal_conf.h
2026-05-19 17:52:08,505 [WARN] IPConfigManager:3811 - IP not found : TIM
2026-05-19 17:52:08,506 [WARN] CodeGenerator:4259 - IP not found : null
2026-05-19 17:52:08,521 [INFO] CodeEngine:265 - oldGeneratedFile, C:\Users\azaki\Documents\GitHub\Project-Nephros\new_double_thermistor\double_thermistor\Core\Inc\main.h_save
2026-05-19 17:52:08,690 [INFO] CodeEngine:289 - Generated code: C:\Users\azaki\Documents\GitHub\Project-Nephros\new_double_thermistor\double_thermistor\Core\Inc\main.h
2026-05-19 17:52:08,704 [INFO] CodeEngine:265 - oldGeneratedFile, C:\Users\azaki\Documents\GitHub\Project-Nephros\new_double_thermistor\double_thermistor\Core\Src\main.c_save
2026-05-19 17:52:08,930 [INFO] CodeEngine:289 - Generated code: C:\Users\azaki\Documents\GitHub\Project-Nephros\new_double_thermistor\double_thermistor\Core\Src\main.c
2026-05-19 17:52:09,417 [INFO] ProjectBuilder:3606 - Time for Copy HAL[1] : 301mS.
2026-05-19 17:52:09,423 [INFO] ProjectBuilder:5216 - Project Generator version: 4.7.0-B52
2026-05-19 17:52:09,518 [INFO] ConfigFileManager:1595 - The Die is : DIE435
2026-05-19 17:52:10,706 [INFO] ProjectBuilder:5496 - Time for Generating toolchain IDE Files: 1282mS.
2026-05-19 17:52:10,707 [INFO] ProjectBuilder:3463 - Time for Copy CMSIS : 1mS.
2026-05-19 17:52:10,711 [INFO] ProjectBuilder:3463 - Time for Copy CMSIS : 0mS.
2026-05-19 17:57:51,119 [INFO] WebApp:194 - Connection lost
2026-05-19 17:57:51,492 [INFO] WebApp:191 - Connection restablished
2026-05-19 17:58:40,621 [INFO] WebApp:194 - Connection lost
2026-05-19 17:58:41,002 [INFO] WebApp:191 - Connection restablished
2026-05-19 18:04:34,167 [INFO] WebApp:194 - Connection lost
2026-05-19 18:04:34,546 [INFO] WebApp:191 - Connection restablished
2026-05-19 18:07:35,609 [INFO] WebApp:194 - Connection lost
2026-05-19 18:07:35,973 [INFO] WebApp:191 - Connection restablished
2026-05-19 18:09:40,112 [INFO] WebApp:194 - Connection lost
2026-05-19 18:09:40,488 [INFO] WebApp:191 - Connection restablished
2026-05-19 18:11:09,613 [INFO] WebApp:194 - Connection lost
2026-05-19 18:11:09,972 [INFO] WebApp:191 - Connection restablished
2026-05-19 18:19:13,845 [INFO] Gpio:278 - dependency for GPIO [ADC1, RCC, SYS, USART2]
2026-05-19 18:19:29,292 [INFO] UtilMem:75 - End SaveConfig() Used Memory: 780373184 Bytes (1073741824)
2026-05-19 18:19:29,503 [INFO] UtilMem:75 - End SaveConfig() Used Memory: 718129456 Bytes (1073741824)
2026-05-19 18:19:30,532 [INFO] UtilMem:75 - End SaveConfig() Used Memory: 844480816 Bytes (1073741824)
2026-05-19 18:19:31,254 [INFO] BlockDiagram:2775 - set Specific Code input for plugin: NVIC
2026-05-19 18:19:31,255 [INFO] BlockDiagram:2775 - set Specific Code input for plugin: USART
2026-05-19 18:19:31,255 [INFO] BlockDiagram:2775 - set Specific Code input for plugin: DMA
2026-05-19 18:19:31,255 [INFO] BlockDiagram:2775 - set Specific Code input for plugin: TIM1_8L4
2026-05-19 18:19:31,255 [INFO] BlockDiagram:2775 - set Specific Code input for plugin: SYS
2026-05-19 18:19:31,255 [INFO] BlockDiagram:2775 - set Specific Code input for plugin: GPIO
2026-05-19 18:19:31,255 [INFO] BlockDiagram:2775 - set Specific Code input for plugin: ADC
2026-05-19 18:19:31,255 [INFO] BlockDiagram:2775 - set Specific Code input for plugin: RCC
2026-05-19 18:19:31,257 [INFO] CodeGenerator:892 - code generatio: config db path: C:\ST\STM32CubeIDE_1.19.0\STM32CubeIDE\plugins\com.st.stm32cube.common.mx_6.15.0.202507011659\\db\
2026-05-19 18:19:31,265 [INFO] Argument:325 - Argument : hdmavalue: null
2026-05-19 18:19:31,266 [INFO] Argument:327 - 	 sub Args: 
2026-05-19 18:19:31,266 [INFO] Argument:325 - Argument : Instancevalue: DMA1_Channel1
2026-05-19 18:19:31,266 [INFO] Argument:335 - Argument : Instancevalue: DMA1_Channel1
2026-05-19 18:19:31,266 [INFO] Argument:325 - Argument : Initvalue: null
2026-05-19 18:19:31,266 [INFO] Argument:327 - 	 sub Args: 
2026-05-19 18:19:31,266 [INFO] Argument:325 - Argument : Requestvalue: DMA_REQUEST_0
2026-05-19 18:19:31,267 [INFO] Argument:335 - Argument : Requestvalue: DMA_REQUEST_0
2026-05-19 18:19:31,267 [INFO] Argument:325 - Argument : Directionvalue: DMA_PERIPH_TO_MEMORY
2026-05-19 18:19:31,267 [INFO] Argument:335 - Argument : Directionvalue: DMA_PERIPH_TO_MEMORY
2026-05-19 18:19:31,267 [INFO] Argument:325 - Argument : PeriphIncvalue: DMA_PINC_DISABLE
2026-05-19 18:19:31,267 [INFO] Argument:335 - Argument : PeriphIncvalue: DMA_PINC_DISABLE
2026-05-19 18:19:31,267 [INFO] Argument:325 - Argument : MemIncvalue: DMA_MINC_ENABLE
2026-05-19 18:19:31,267 [INFO] Argument:335 - Argument : MemIncvalue: DMA_MINC_ENABLE
2026-05-19 18:19:31,267 [INFO] Argument:325 - Argument : PeriphDataAlignmentvalue: DMA_PDATAALIGN_HALFWORD
2026-05-19 18:19:31,268 [INFO] Argument:335 - Argument : PeriphDataAlignmentvalue: DMA_PDATAALIGN_HALFWORD
2026-05-19 18:19:31,268 [INFO] Argument:325 - Argument : MemDataAlignmentvalue: DMA_MDATAALIGN_HALFWORD
2026-05-19 18:19:31,268 [INFO] Argument:335 - Argument : MemDataAlignmentvalue: DMA_MDATAALIGN_HALFWORD
2026-05-19 18:19:31,268 [INFO] Argument:325 - Argument : Modevalue: DMA_CIRCULAR
2026-05-19 18:19:31,268 [INFO] Argument:335 - Argument : Modevalue: DMA_CIRCULAR
2026-05-19 18:19:31,268 [INFO] Argument:325 - Argument : Priorityvalue: DMA_PRIORITY_LOW
2026-05-19 18:19:31,268 [INFO] Argument:335 - Argument : Priorityvalue: DMA_PRIORITY_LOW
2026-05-19 18:19:31,268 [INFO] Argument:325 - Argument : Lockvalue: null
2026-05-19 18:19:31,269 [INFO] Argument:335 - Argument : Lockvalue: null
2026-05-19 18:19:31,269 [INFO] Argument:325 - Argument : Statevalue: null
2026-05-19 18:19:31,269 [INFO] Argument:335 - Argument : Statevalue: null
2026-05-19 18:19:31,269 [INFO] Argument:325 - Argument : Parentvalue: null
2026-05-19 18:19:31,269 [INFO] Argument:335 - Argument : Parentvalue: null
2026-05-19 18:19:31,269 [INFO] Argument:325 - Argument : XferCpltCallbackvalue: null
2026-05-19 18:19:31,269 [INFO] Argument:335 - Argument : XferCpltCallbackvalue: null
2026-05-19 18:19:31,269 [INFO] Argument:325 - Argument : XferHalfCpltCallbackvalue: null
2026-05-19 18:19:31,269 [INFO] Argument:335 - Argument : XferHalfCpltCallbackvalue: null
2026-05-19 18:19:31,269 [INFO] Argument:325 - Argument : XferErrorCallbackvalue: null
2026-05-19 18:19:31,269 [INFO] Argument:335 - Argument : XferErrorCallbackvalue: null
2026-05-19 18:19:31,269 [INFO] Argument:325 - Argument : XferAbortCallbackvalue: null
2026-05-19 18:19:31,269 [INFO] Argument:335 - Argument : XferAbortCallbackvalue: null
2026-05-19 18:19:31,270 [INFO] Argument:325 - Argument : ErrorCodevalue: null
2026-05-19 18:19:31,270 [INFO] Argument:335 - Argument : ErrorCodevalue: null
2026-05-19 18:19:31,270 [INFO] Argument:325 - Argument : DmaBaseAddressvalue: null
2026-05-19 18:19:31,270 [INFO] Argument:335 - Argument : DmaBaseAddressvalue: null
2026-05-19 18:19:31,270 [INFO] Argument:325 - Argument : ChannelIndexvalue: null
2026-05-19 18:19:31,270 [INFO] Argument:335 - Argument : ChannelIndexvalue: null
2026-05-19 18:19:31,270 [INFO] Argument:325 - Argument : hdmavalue: null
2026-05-19 18:19:31,270 [INFO] Argument:327 - 	 sub Args: 
2026-05-19 18:19:31,270 [INFO] Argument:325 - Argument : Instancevalue: DMA1_Channel1
2026-05-19 18:19:31,270 [INFO] Argument:335 - Argument : Instancevalue: DMA1_Channel1
2026-05-19 18:19:31,270 [INFO] Argument:325 - Argument : Initvalue: null
2026-05-19 18:19:31,270 [INFO] Argument:327 - 	 sub Args: 
2026-05-19 18:19:31,270 [INFO] Argument:325 - Argument : Requestvalue: DMA_REQUEST_0
2026-05-19 18:19:31,271 [INFO] Argument:335 - Argument : Requestvalue: DMA_REQUEST_0
2026-05-19 18:19:31,271 [INFO] Argument:325 - Argument : Directionvalue: DMA_PERIPH_TO_MEMORY
2026-05-19 18:19:31,271 [INFO] Argument:335 - Argument : Directionvalue: DMA_PERIPH_TO_MEMORY
2026-05-19 18:19:31,271 [INFO] Argument:325 - Argument : PeriphIncvalue: DMA_PINC_DISABLE
2026-05-19 18:19:31,271 [INFO] Argument:335 - Argument : PeriphIncvalue: DMA_PINC_DISABLE
2026-05-19 18:19:31,271 [INFO] Argument:325 - Argument : MemIncvalue: DMA_MINC_ENABLE
2026-05-19 18:19:31,272 [INFO] Argument:335 - Argument : MemIncvalue: DMA_MINC_ENABLE
2026-05-19 18:19:31,272 [INFO] Argument:325 - Argument : PeriphDataAlignmentvalue: DMA_PDATAALIGN_HALFWORD
2026-05-19 18:19:31,272 [INFO] Argument:335 - Argument : PeriphDataAlignmentvalue: DMA_PDATAALIGN_HALFWORD
2026-05-19 18:19:31,272 [INFO] Argument:325 - Argument : MemDataAlignmentvalue: DMA_MDATAALIGN_HALFWORD
2026-05-19 18:19:31,272 [INFO] Argument:335 - Argument : MemDataAlignmentvalue: DMA_MDATAALIGN_HALFWORD
2026-05-19 18:19:31,272 [INFO] Argument:325 - Argument : Modevalue: DMA_CIRCULAR
2026-05-19 18:19:31,272 [INFO] Argument:335 - Argument : Modevalue: DMA_CIRCULAR
2026-05-19 18:19:31,272 [INFO] Argument:325 - Argument : Priorityvalue: DMA_PRIORITY_LOW
2026-05-19 18:19:31,272 [INFO] Argument:335 - Argument : Priorityvalue: DMA_PRIORITY_LOW
2026-05-19 18:19:31,272 [INFO] Argument:325 - Argument : Lockvalue: null
2026-05-19 18:19:31,272 [INFO] Argument:335 - Argument : Lockvalue: null
2026-05-19 18:19:31,272 [INFO] Argument:325 - Argument : Statevalue: null
2026-05-19 18:19:31,272 [INFO] Argument:335 - Argument : Statevalue: null
2026-05-19 18:19:31,272 [INFO] Argument:325 - Argument : Parentvalue: null
2026-05-19 18:19:31,272 [INFO] Argument:335 - Argument : Parentvalue: null
2026-05-19 18:19:31,273 [INFO] Argument:325 - Argument : XferCpltCallbackvalue: null
2026-05-19 18:19:31,273 [INFO] Argument:335 - Argument : XferCpltCallbackvalue: null
2026-05-19 18:19:31,273 [INFO] Argument:325 - Argument : XferHalfCpltCallbackvalue: null
2026-05-19 18:19:31,273 [INFO] Argument:335 - Argument : XferHalfCpltCallbackvalue: null
2026-05-19 18:19:31,273 [INFO] Argument:325 - Argument : XferErrorCallbackvalue: null
2026-05-19 18:19:31,273 [INFO] Argument:335 - Argument : XferErrorCallbackvalue: null
2026-05-19 18:19:31,273 [INFO] Argument:325 - Argument : XferAbortCallbackvalue: null
2026-05-19 18:19:31,273 [INFO] Argument:335 - Argument : XferAbortCallbackvalue: null
2026-05-19 18:19:31,273 [INFO] Argument:325 - Argument : ErrorCodevalue: null
2026-05-19 18:19:31,273 [INFO] Argument:335 - Argument : ErrorCodevalue: null
2026-05-19 18:19:31,273 [INFO] Argument:325 - Argument : DmaBaseAddressvalue: null
2026-05-19 18:19:31,273 [INFO] Argument:335 - Argument : DmaBaseAddressvalue: null
2026-05-19 18:19:31,273 [INFO] Argument:325 - Argument : ChannelIndexvalue: null
2026-05-19 18:19:31,274 [INFO] Argument:335 - Argument : ChannelIndexvalue: null
2026-05-19 18:19:31,274 [INFO] Argument:325 - Argument : pSyncConfigvalue: null
2026-05-19 18:19:31,274 [INFO] Argument:327 - 	 sub Args: 
2026-05-19 18:19:31,274 [INFO] Argument:325 - Argument : SyncSignalIDvalue: null
2026-05-19 18:19:31,274 [INFO] Argument:335 - Argument : SyncSignalIDvalue: null
2026-05-19 18:19:31,274 [INFO] Argument:325 - Argument : SyncPolarityvalue: null
2026-05-19 18:19:31,274 [INFO] Argument:335 - Argument : SyncPolarityvalue: null
2026-05-19 18:19:31,274 [INFO] Argument:325 - Argument : SyncEnablevalue: null
2026-05-19 18:19:31,274 [INFO] Argument:335 - Argument : SyncEnablevalue: null
2026-05-19 18:19:31,274 [INFO] Argument:325 - Argument : EventEnablevalue: null
2026-05-19 18:19:31,274 [INFO] Argument:335 - Argument : EventEnablevalue: null
2026-05-19 18:19:31,274 [INFO] Argument:325 - Argument : RequestNumbervalue: null
2026-05-19 18:19:31,275 [INFO] Argument:335 - Argument : RequestNumbervalue: null
2026-05-19 18:19:31,293 [INFO] Argument:325 - Argument : hdmavalue: null
2026-05-19 18:19:31,294 [INFO] Argument:327 - 	 sub Args: 
2026-05-19 18:19:31,294 [INFO] Argument:325 - Argument : Instancevalue: DMA1_Channel7
2026-05-19 18:19:31,294 [INFO] Argument:335 - Argument : Instancevalue: DMA1_Channel7
2026-05-19 18:19:31,294 [INFO] Argument:325 - Argument : Initvalue: null
2026-05-19 18:19:31,294 [INFO] Argument:327 - 	 sub Args: 
2026-05-19 18:19:31,294 [INFO] Argument:325 - Argument : Requestvalue: DMA_REQUEST_2
2026-05-19 18:19:31,294 [INFO] Argument:335 - Argument : Requestvalue: DMA_REQUEST_2
2026-05-19 18:19:31,294 [INFO] Argument:325 - Argument : Directionvalue: DMA_MEMORY_TO_PERIPH
2026-05-19 18:19:31,294 [INFO] Argument:335 - Argument : Directionvalue: DMA_MEMORY_TO_PERIPH
2026-05-19 18:19:31,294 [INFO] Argument:325 - Argument : PeriphIncvalue: DMA_PINC_DISABLE
2026-05-19 18:19:31,294 [INFO] Argument:335 - Argument : PeriphIncvalue: DMA_PINC_DISABLE
2026-05-19 18:19:31,294 [INFO] Argument:325 - Argument : MemIncvalue: DMA_MINC_ENABLE
2026-05-19 18:19:31,294 [INFO] Argument:335 - Argument : MemIncvalue: DMA_MINC_ENABLE
2026-05-19 18:19:31,294 [INFO] Argument:325 - Argument : PeriphDataAlignmentvalue: DMA_PDATAALIGN_BYTE
2026-05-19 18:19:31,294 [INFO] Argument:335 - Argument : PeriphDataAlignmentvalue: DMA_PDATAALIGN_BYTE
2026-05-19 18:19:31,294 [INFO] Argument:325 - Argument : MemDataAlignmentvalue: DMA_MDATAALIGN_BYTE
2026-05-19 18:19:31,294 [INFO] Argument:335 - Argument : MemDataAlignmentvalue: DMA_MDATAALIGN_BYTE
2026-05-19 18:19:31,294 [INFO] Argument:325 - Argument : Modevalue: DMA_NORMAL
2026-05-19 18:19:31,294 [INFO] Argument:335 - Argument : Modevalue: DMA_NORMAL
2026-05-19 18:19:31,294 [INFO] Argument:325 - Argument : Priorityvalue: DMA_PRIORITY_LOW
2026-05-19 18:19:31,294 [INFO] Argument:335 - Argument : Priorityvalue: DMA_PRIORITY_LOW
2026-05-19 18:19:31,294 [INFO] Argument:325 - Argument : Lockvalue: null
2026-05-19 18:19:31,294 [INFO] Argument:335 - Argument : Lockvalue: null
2026-05-19 18:19:31,295 [INFO] Argument:325 - Argument : Statevalue: null
2026-05-19 18:19:31,295 [INFO] Argument:335 - Argument : Statevalue: null
2026-05-19 18:19:31,295 [INFO] Argument:325 - Argument : Parentvalue: null
2026-05-19 18:19:31,295 [INFO] Argument:335 - Argument : Parentvalue: null
2026-05-19 18:19:31,295 [INFO] Argument:325 - Argument : XferCpltCallbackvalue: null
2026-05-19 18:19:31,295 [INFO] Argument:335 - Argument : XferCpltCallbackvalue: null
2026-05-19 18:19:31,295 [INFO] Argument:325 - Argument : XferHalfCpltCallbackvalue: null
2026-05-19 18:19:31,295 [INFO] Argument:335 - Argument : XferHalfCpltCallbackvalue: null
2026-05-19 18:19:31,295 [INFO] Argument:325 - Argument : XferErrorCallbackvalue: null
2026-05-19 18:19:31,295 [INFO] Argument:335 - Argument : XferErrorCallbackvalue: null
2026-05-19 18:19:31,295 [INFO] Argument:325 - Argument : XferAbortCallbackvalue: null
2026-05-19 18:19:31,295 [INFO] Argument:335 - Argument : XferAbortCallbackvalue: null
2026-05-19 18:19:31,295 [INFO] Argument:325 - Argument : ErrorCodevalue: null
2026-05-19 18:19:31,295 [INFO] Argument:335 - Argument : ErrorCodevalue: null
2026-05-19 18:19:31,295 [INFO] Argument:325 - Argument : DmaBaseAddressvalue: null
2026-05-19 18:19:31,295 [INFO] Argument:335 - Argument : DmaBaseAddressvalue: null
2026-05-19 18:19:31,295 [INFO] Argument:325 - Argument : ChannelIndexvalue: null
2026-05-19 18:19:31,295 [INFO] Argument:335 - Argument : ChannelIndexvalue: null
2026-05-19 18:19:31,295 [INFO] Argument:325 - Argument : hdmavalue: null
2026-05-19 18:19:31,295 [INFO] Argument:327 - 	 sub Args: 
2026-05-19 18:19:31,295 [INFO] Argument:325 - Argument : Instancevalue: DMA1_Channel7
2026-05-19 18:19:31,295 [INFO] Argument:335 - Argument : Instancevalue: DMA1_Channel7
2026-05-19 18:19:31,295 [INFO] Argument:325 - Argument : Initvalue: null
2026-05-19 18:19:31,295 [INFO] Argument:327 - 	 sub Args: 
2026-05-19 18:19:31,295 [INFO] Argument:325 - Argument : Requestvalue: DMA_REQUEST_2
2026-05-19 18:19:31,295 [INFO] Argument:335 - Argument : Requestvalue: DMA_REQUEST_2
2026-05-19 18:19:31,295 [INFO] Argument:325 - Argument : Directionvalue: DMA_MEMORY_TO_PERIPH
2026-05-19 18:19:31,295 [INFO] Argument:335 - Argument : Directionvalue: DMA_MEMORY_TO_PERIPH
2026-05-19 18:19:31,295 [INFO] Argument:325 - Argument : PeriphIncvalue: DMA_PINC_DISABLE
2026-05-19 18:19:31,295 [INFO] Argument:335 - Argument : PeriphIncvalue: DMA_PINC_DISABLE
2026-05-19 18:19:31,295 [INFO] Argument:325 - Argument : MemIncvalue: DMA_MINC_ENABLE
2026-05-19 18:19:31,295 [INFO] Argument:335 - Argument : MemIncvalue: DMA_MINC_ENABLE
2026-05-19 18:19:31,296 [INFO] Argument:325 - Argument : PeriphDataAlignmentvalue: DMA_PDATAALIGN_BYTE
2026-05-19 18:19:31,296 [INFO] Argument:335 - Argument : PeriphDataAlignmentvalue: DMA_PDATAALIGN_BYTE
2026-05-19 18:19:31,296 [INFO] Argument:325 - Argument : MemDataAlignmentvalue: DMA_MDATAALIGN_BYTE
2026-05-19 18:19:31,296 [INFO] Argument:335 - Argument : MemDataAlignmentvalue: DMA_MDATAALIGN_BYTE
2026-05-19 18:19:31,296 [INFO] Argument:325 - Argument : Modevalue: DMA_NORMAL
2026-05-19 18:19:31,296 [INFO] Argument:335 - Argument : Modevalue: DMA_NORMAL
2026-05-19 18:19:31,296 [INFO] Argument:325 - Argument : Priorityvalue: DMA_PRIORITY_LOW
2026-05-19 18:19:31,296 [INFO] Argument:335 - Argument : Priorityvalue: DMA_PRIORITY_LOW
2026-05-19 18:19:31,296 [INFO] Argument:325 - Argument : Lockvalue: null
2026-05-19 18:19:31,296 [INFO] Argument:335 - Argument : Lockvalue: null
2026-05-19 18:19:31,296 [INFO] Argument:325 - Argument : Statevalue: null
2026-05-19 18:19:31,296 [INFO] Argument:335 - Argument : Statevalue: null
2026-05-19 18:19:31,296 [INFO] Argument:325 - Argument : Parentvalue: null
2026-05-19 18:19:31,296 [INFO] Argument:335 - Argument : Parentvalue: null
2026-05-19 18:19:31,296 [INFO] Argument:325 - Argument : XferCpltCallbackvalue: null
2026-05-19 18:19:31,296 [INFO] Argument:335 - Argument : XferCpltCallbackvalue: null
2026-05-19 18:19:31,296 [INFO] Argument:325 - Argument : XferHalfCpltCallbackvalue: null
2026-05-19 18:19:31,296 [INFO] Argument:335 - Argument : XferHalfCpltCallbackvalue: null
2026-05-19 18:19:31,296 [INFO] Argument:325 - Argument : XferErrorCallbackvalue: null
2026-05-19 18:19:31,296 [INFO] Argument:335 - Argument : XferErrorCallbackvalue: null
2026-05-19 18:19:31,296 [INFO] Argument:325 - Argument : XferAbortCallbackvalue: null
2026-05-19 18:19:31,296 [INFO] Argument:335 - Argument : XferAbortCallbackvalue: null
2026-05-19 18:19:31,297 [INFO] Argument:325 - Argument : ErrorCodevalue: null
2026-05-19 18:19:31,297 [INFO] Argument:335 - Argument : ErrorCodevalue: null
2026-05-19 18:19:31,297 [INFO] Argument:325 - Argument : DmaBaseAddressvalue: null
2026-05-19 18:19:31,297 [INFO] Argument:335 - Argument : DmaBaseAddressvalue: null
2026-05-19 18:19:31,297 [INFO] Argument:325 - Argument : ChannelIndexvalue: null
2026-05-19 18:19:31,297 [INFO] Argument:335 - Argument : ChannelIndexvalue: null
2026-05-19 18:19:31,297 [INFO] Argument:325 - Argument : pSyncConfigvalue: null
2026-05-19 18:19:31,297 [INFO] Argument:327 - 	 sub Args: 
2026-05-19 18:19:31,297 [INFO] Argument:325 - Argument : SyncSignalIDvalue: null
2026-05-19 18:19:31,297 [INFO] Argument:335 - Argument : SyncSignalIDvalue: null
2026-05-19 18:19:31,297 [INFO] Argument:325 - Argument : SyncPolarityvalue: null
2026-05-19 18:19:31,297 [INFO] Argument:335 - Argument : SyncPolarityvalue: null
2026-05-19 18:19:31,297 [INFO] Argument:325 - Argument : SyncEnablevalue: null
2026-05-19 18:19:31,297 [INFO] Argument:335 - Argument : SyncEnablevalue: null
2026-05-19 18:19:31,297 [INFO] Argument:325 - Argument : EventEnablevalue: null
2026-05-19 18:19:31,297 [INFO] Argument:335 - Argument : EventEnablevalue: null
2026-05-19 18:19:31,297 [INFO] Argument:325 - Argument : RequestNumbervalue: null
2026-05-19 18:19:31,297 [INFO] Argument:335 - Argument : RequestNumbervalue: null
2026-05-19 18:19:31,396 [INFO] CodeEngine:265 - oldGeneratedFile, C:\Users\azaki\Documents\GitHub\Project-Nephros\new_double_thermistor\double_thermistor\MXTmpFiles\license.tmp_save
2026-05-19 18:19:31,855 [INFO] CodeEngine:289 - Generated code: C:\Users\azaki\Documents\GitHub\Project-Nephros\new_double_thermistor\double_thermistor\MXTmpFiles\license.tmp
2026-05-19 18:19:31,932 [INFO] CodeEngine:265 - oldGeneratedFile, C:\Users\azaki\Documents\GitHub\Project-Nephros\new_double_thermistor\double_thermistor\MXTmpFiles\gpio.tmp_save
2026-05-19 18:19:32,184 [INFO] CodeEngine:289 - Generated code: C:\Users\azaki\Documents\GitHub\Project-Nephros\new_double_thermistor\double_thermistor\MXTmpFiles\gpio.tmp
2026-05-19 18:19:32,969 [INFO] CodeEngine:265 - oldGeneratedFile, C:\Users\azaki\Documents\GitHub\Project-Nephros\new_double_thermistor\double_thermistor\MXTmpFiles\dma.tmp_save
2026-05-19 18:19:33,121 [INFO] CodeEngine:289 - Generated code: C:\Users\azaki\Documents\GitHub\Project-Nephros\new_double_thermistor\double_thermistor\MXTmpFiles\dma.tmp
2026-05-19 18:19:33,128 [INFO] CodeEngine:265 - oldGeneratedFile, C:\Users\azaki\Documents\GitHub\Project-Nephros\new_double_thermistor\double_thermistor\MXTmpFiles\dma_GV.tmp_save
2026-05-19 18:19:33,266 [INFO] CodeEngine:289 - Generated code: C:\Users\azaki\Documents\GitHub\Project-Nephros\new_double_thermistor\double_thermistor\MXTmpFiles\dma_GV.tmp
2026-05-19 18:19:33,288 [INFO] CodeEngine:265 - oldGeneratedFile, C:\Users\azaki\Documents\GitHub\Project-Nephros\new_double_thermistor\double_thermistor\Core\Src\stm32l4xx_it.c_save
2026-05-19 18:19:33,601 [INFO] CodeEngine:289 - Generated code: C:\Users\azaki\Documents\GitHub\Project-Nephros\new_double_thermistor\double_thermistor\Core\Src\stm32l4xx_it.c
2026-05-19 18:19:33,612 [INFO] CodeEngine:265 - oldGeneratedFile, C:\Users\azaki\Documents\GitHub\Project-Nephros\new_double_thermistor\double_thermistor\Core\Inc\stm32l4xx_it.h_save
2026-05-19 18:19:33,713 [INFO] CodeEngine:289 - Generated code: C:\Users\azaki\Documents\GitHub\Project-Nephros\new_double_thermistor\double_thermistor\Core\Inc\stm32l4xx_it.h
2026-05-19 18:19:33,738 [INFO] CodeEngine:265 - oldGeneratedFile, C:\Users\azaki\Documents\GitHub\Project-Nephros\new_double_thermistor\double_thermistor\Core\Src\stm32l4xx_hal_msp.c_save
2026-05-19 18:19:33,917 [INFO] CodeEngine:289 - Generated code: C:\Users\azaki\Documents\GitHub\Project-Nephros\new_double_thermistor\double_thermistor\Core\Src\stm32l4xx_hal_msp.c
2026-05-19 18:19:33,925 [INFO] CodeEngine:265 - oldGeneratedFile, C:\Users\azaki\Documents\GitHub\Project-Nephros\new_double_thermistor\double_thermistor\MXTmpFiles\system.tmp_save
2026-05-19 18:19:34,000 [INFO] CodeEngine:289 - Generated code: C:\Users\azaki\Documents\GitHub\Project-Nephros\new_double_thermistor\double_thermistor\MXTmpFiles\system.tmp
2026-05-19 18:19:34,023 [INFO] CodeEngine:321 - oldGeneratedFile, C:\Users\azaki\Documents\GitHub\Project-Nephros\new_double_thermistor\double_thermistor\Core\Inc\stm32l4xx_hal_conf.h_save
2026-05-19 18:19:34,114 [INFO] CodeEngine:345 - Generated code: C:\Users\azaki\Documents\GitHub\Project-Nephros\new_double_thermistor\double_thermistor\Core\Inc\stm32l4xx_hal_conf.h
2026-05-19 18:19:34,152 [WARN] IPConfigManager:3811 - IP not found : TIM
2026-05-19 18:19:34,153 [WARN] CodeGenerator:4259 - IP not found : null
2026-05-19 18:19:34,170 [INFO] CodeEngine:265 - oldGeneratedFile, C:\Users\azaki\Documents\GitHub\Project-Nephros\new_double_thermistor\double_thermistor\Core\Inc\main.h_save
2026-05-19 18:19:34,293 [INFO] CodeEngine:289 - Generated code: C:\Users\azaki\Documents\GitHub\Project-Nephros\new_double_thermistor\double_thermistor\Core\Inc\main.h
2026-05-19 18:19:34,314 [INFO] CodeEngine:265 - oldGeneratedFile, C:\Users\azaki\Documents\GitHub\Project-Nephros\new_double_thermistor\double_thermistor\Core\Src\main.c_save
2026-05-19 18:19:34,470 [INFO] CodeEngine:289 - Generated code: C:\Users\azaki\Documents\GitHub\Project-Nephros\new_double_thermistor\double_thermistor\Core\Src\main.c
2026-05-19 18:19:35,090 [INFO] ProjectBuilder:3606 - Time for Copy HAL[1] : 365mS.
2026-05-19 18:19:35,096 [INFO] ProjectBuilder:5216 - Project Generator version: 4.7.0-B52
2026-05-19 18:19:35,190 [INFO] ConfigFileManager:1595 - The Die is : DIE435
2026-05-19 18:19:36,081 [INFO] ProjectBuilder:5496 - Time for Generating toolchain IDE Files: 985mS.
2026-05-19 18:19:36,083 [INFO] ProjectBuilder:3463 - Time for Copy CMSIS : 1mS.
2026-05-19 18:19:36,087 [INFO] ProjectBuilder:3463 - Time for Copy CMSIS : 0mS.
2026-05-19 18:21:18,123 [INFO] WebApp:194 - Connection lost
2026-05-19 18:21:18,504 [INFO] WebApp:191 - Connection restablished
2026-05-19 18:21:32,109 [INFO] WebApp:194 - Connection lost
2026-05-19 18:21:32,366 [INFO] WebApp:191 - Connection restablished
2026-05-19 18:23:57,852 [INFO] UtilMem:75 - End SaveConfig() Used Memory: 973604864 Bytes (1073741824)
2026-05-19 18:23:57,999 [INFO] UtilMem:75 - End SaveConfig() Used Memory: 986187776 Bytes (1073741824)
2026-05-19 18:23:58,909 [INFO] UtilMem:75 - End SaveConfig() Used Memory: 817835248 Bytes (1073741824)
2026-05-19 18:23:59,276 [INFO] BlockDiagram:2775 - set Specific Code input for plugin: NVIC
2026-05-19 18:23:59,276 [INFO] BlockDiagram:2775 - set Specific Code input for plugin: USART
2026-05-19 18:23:59,276 [INFO] BlockDiagram:2775 - set Specific Code input for plugin: DMA
2026-05-19 18:23:59,276 [INFO] BlockDiagram:2775 - set Specific Code input for plugin: TIM1_8L4
2026-05-19 18:23:59,276 [INFO] BlockDiagram:2775 - set Specific Code input for plugin: SYS
2026-05-19 18:23:59,276 [INFO] BlockDiagram:2775 - set Specific Code input for plugin: GPIO
2026-05-19 18:23:59,276 [INFO] BlockDiagram:2775 - set Specific Code input for plugin: ADC
2026-05-19 18:23:59,276 [INFO] BlockDiagram:2775 - set Specific Code input for plugin: RCC
2026-05-19 18:23:59,278 [INFO] CodeGenerator:892 - code generatio: config db path: C:\ST\STM32CubeIDE_1.19.0\STM32CubeIDE\plugins\com.st.stm32cube.common.mx_6.15.0.202507011659\\db\
2026-05-19 18:23:59,289 [INFO] Argument:325 - Argument : hdmavalue: null
2026-05-19 18:23:59,289 [INFO] Argument:327 - 	 sub Args: 
2026-05-19 18:23:59,289 [INFO] Argument:325 - Argument : Instancevalue: DMA1_Channel1
2026-05-19 18:23:59,289 [INFO] Argument:335 - Argument : Instancevalue: DMA1_Channel1
2026-05-19 18:23:59,289 [INFO] Argument:325 - Argument : Initvalue: null
2026-05-19 18:23:59,289 [INFO] Argument:327 - 	 sub Args: 
2026-05-19 18:23:59,289 [INFO] Argument:325 - Argument : Requestvalue: DMA_REQUEST_0
2026-05-19 18:23:59,289 [INFO] Argument:335 - Argument : Requestvalue: DMA_REQUEST_0
2026-05-19 18:23:59,289 [INFO] Argument:325 - Argument : Directionvalue: DMA_PERIPH_TO_MEMORY
2026-05-19 18:23:59,289 [INFO] Argument:335 - Argument : Directionvalue: DMA_PERIPH_TO_MEMORY
2026-05-19 18:23:59,289 [INFO] Argument:325 - Argument : PeriphIncvalue: DMA_PINC_DISABLE
2026-05-19 18:23:59,289 [INFO] Argument:335 - Argument : PeriphIncvalue: DMA_PINC_DISABLE
2026-05-19 18:23:59,289 [INFO] Argument:325 - Argument : MemIncvalue: DMA_MINC_ENABLE
2026-05-19 18:23:59,289 [INFO] Argument:335 - Argument : MemIncvalue: DMA_MINC_ENABLE
2026-05-19 18:23:59,290 [INFO] Argument:325 - Argument : PeriphDataAlignmentvalue: DMA_PDATAALIGN_HALFWORD
2026-05-19 18:23:59,290 [INFO] Argument:335 - Argument : PeriphDataAlignmentvalue: DMA_PDATAALIGN_HALFWORD
2026-05-19 18:23:59,290 [INFO] Argument:325 - Argument : MemDataAlignmentvalue: DMA_MDATAALIGN_HALFWORD
2026-05-19 18:23:59,290 [INFO] Argument:335 - Argument : MemDataAlignmentvalue: DMA_MDATAALIGN_HALFWORD
2026-05-19 18:23:59,290 [INFO] Argument:325 - Argument : Modevalue: DMA_CIRCULAR
2026-05-19 18:23:59,290 [INFO] Argument:335 - Argument : Modevalue: DMA_CIRCULAR
2026-05-19 18:23:59,290 [INFO] Argument:325 - Argument : Priorityvalue: DMA_PRIORITY_LOW
2026-05-19 18:23:59,290 [INFO] Argument:335 - Argument : Priorityvalue: DMA_PRIORITY_LOW
2026-05-19 18:23:59,290 [INFO] Argument:325 - Argument : Lockvalue: null
2026-05-19 18:23:59,290 [INFO] Argument:335 - Argument : Lockvalue: null
2026-05-19 18:23:59,290 [INFO] Argument:325 - Argument : Statevalue: null
2026-05-19 18:23:59,290 [INFO] Argument:335 - Argument : Statevalue: null
2026-05-19 18:23:59,290 [INFO] Argument:325 - Argument : Parentvalue: null
2026-05-19 18:23:59,290 [INFO] Argument:335 - Argument : Parentvalue: null
2026-05-19 18:23:59,290 [INFO] Argument:325 - Argument : XferCpltCallbackvalue: null
2026-05-19 18:23:59,290 [INFO] Argument:335 - Argument : XferCpltCallbackvalue: null
2026-05-19 18:23:59,290 [INFO] Argument:325 - Argument : XferHalfCpltCallbackvalue: null
2026-05-19 18:23:59,290 [INFO] Argument:335 - Argument : XferHalfCpltCallbackvalue: null
2026-05-19 18:23:59,290 [INFO] Argument:325 - Argument : XferErrorCallbackvalue: null
2026-05-19 18:23:59,290 [INFO] Argument:335 - Argument : XferErrorCallbackvalue: null
2026-05-19 18:23:59,290 [INFO] Argument:325 - Argument : XferAbortCallbackvalue: null
2026-05-19 18:23:59,290 [INFO] Argument:335 - Argument : XferAbortCallbackvalue: null
2026-05-19 18:23:59,290 [INFO] Argument:325 - Argument : ErrorCodevalue: null
2026-05-19 18:23:59,290 [INFO] Argument:335 - Argument : ErrorCodevalue: null
2026-05-19 18:23:59,290 [INFO] Argument:325 - Argument : DmaBaseAddressvalue: null
2026-05-19 18:23:59,290 [INFO] Argument:335 - Argument : DmaBaseAddressvalue: null
2026-05-19 18:23:59,290 [INFO] Argument:325 - Argument : ChannelIndexvalue: null
2026-05-19 18:23:59,290 [INFO] Argument:335 - Argument : ChannelIndexvalue: null
2026-05-19 18:23:59,290 [INFO] Argument:325 - Argument : hdmavalue: null
2026-05-19 18:23:59,290 [INFO] Argument:327 - 	 sub Args: 
2026-05-19 18:23:59,290 [INFO] Argument:325 - Argument : Instancevalue: DMA1_Channel1
2026-05-19 18:23:59,290 [INFO] Argument:335 - Argument : Instancevalue: DMA1_Channel1
2026-05-19 18:23:59,291 [INFO] Argument:325 - Argument : Initvalue: null
2026-05-19 18:23:59,291 [INFO] Argument:327 - 	 sub Args: 
2026-05-19 18:23:59,291 [INFO] Argument:325 - Argument : Requestvalue: DMA_REQUEST_0
2026-05-19 18:23:59,291 [INFO] Argument:335 - Argument : Requestvalue: DMA_REQUEST_0
2026-05-19 18:23:59,291 [INFO] Argument:325 - Argument : Directionvalue: DMA_PERIPH_TO_MEMORY
2026-05-19 18:23:59,291 [INFO] Argument:335 - Argument : Directionvalue: DMA_PERIPH_TO_MEMORY
2026-05-19 18:23:59,291 [INFO] Argument:325 - Argument : PeriphIncvalue: DMA_PINC_DISABLE
2026-05-19 18:23:59,291 [INFO] Argument:335 - Argument : PeriphIncvalue: DMA_PINC_DISABLE
2026-05-19 18:23:59,291 [INFO] Argument:325 - Argument : MemIncvalue: DMA_MINC_ENABLE
2026-05-19 18:23:59,291 [INFO] Argument:335 - Argument : MemIncvalue: DMA_MINC_ENABLE
2026-05-19 18:23:59,291 [INFO] Argument:325 - Argument : PeriphDataAlignmentvalue: DMA_PDATAALIGN_HALFWORD
2026-05-19 18:23:59,291 [INFO] Argument:335 - Argument : PeriphDataAlignmentvalue: DMA_PDATAALIGN_HALFWORD
2026-05-19 18:23:59,291 [INFO] Argument:325 - Argument : MemDataAlignmentvalue: DMA_MDATAALIGN_HALFWORD
2026-05-19 18:23:59,291 [INFO] Argument:335 - Argument : MemDataAlignmentvalue: DMA_MDATAALIGN_HALFWORD
2026-05-19 18:23:59,291 [INFO] Argument:325 - Argument : Modevalue: DMA_CIRCULAR
2026-05-19 18:23:59,291 [INFO] Argument:335 - Argument : Modevalue: DMA_CIRCULAR
2026-05-19 18:23:59,291 [INFO] Argument:325 - Argument : Priorityvalue: DMA_PRIORITY_LOW
2026-05-19 18:23:59,291 [INFO] Argument:335 - Argument : Priorityvalue: DMA_PRIORITY_LOW
2026-05-19 18:23:59,291 [INFO] Argument:325 - Argument : Lockvalue: null
2026-05-19 18:23:59,291 [INFO] Argument:335 - Argument : Lockvalue: null
2026-05-19 18:23:59,291 [INFO] Argument:325 - Argument : Statevalue: null
2026-05-19 18:23:59,291 [INFO] Argument:335 - Argument : Statevalue: null
2026-05-19 18:23:59,291 [INFO] Argument:325 - Argument : Parentvalue: null
2026-05-19 18:23:59,291 [INFO] Argument:335 - Argument : Parentvalue: null
2026-05-19 18:23:59,291 [INFO] Argument:325 - Argument : XferCpltCallbackvalue: null
2026-05-19 18:23:59,291 [INFO] Argument:335 - Argument : XferCpltCallbackvalue: null
2026-05-19 18:23:59,291 [INFO] Argument:325 - Argument : XferHalfCpltCallbackvalue: null
2026-05-19 18:23:59,291 [INFO] Argument:335 - Argument : XferHalfCpltCallbackvalue: null
2026-05-19 18:23:59,292 [INFO] Argument:325 - Argument : XferErrorCallbackvalue: null
2026-05-19 18:23:59,292 [INFO] Argument:335 - Argument : XferErrorCallbackvalue: null
2026-05-19 18:23:59,292 [INFO] Argument:325 - Argument : XferAbortCallbackvalue: null
2026-05-19 18:23:59,292 [INFO] Argument:335 - Argument : XferAbortCallbackvalue: null
2026-05-19 18:23:59,292 [INFO] Argument:325 - Argument : ErrorCodevalue: null
2026-05-19 18:23:59,292 [INFO] Argument:335 - Argument : ErrorCodevalue: null
2026-05-19 18:23:59,292 [INFO] Argument:325 - Argument : DmaBaseAddressvalue: null
2026-05-19 18:23:59,292 [INFO] Argument:335 - Argument : DmaBaseAddressvalue: null
2026-05-19 18:23:59,292 [INFO] Argument:325 - Argument : ChannelIndexvalue: null
2026-05-19 18:23:59,292 [INFO] Argument:335 - Argument : ChannelIndexvalue: null
2026-05-19 18:23:59,292 [INFO] Argument:325 - Argument : pSyncConfigvalue: null
2026-05-19 18:23:59,292 [INFO] Argument:327 - 	 sub Args: 
2026-05-19 18:23:59,292 [INFO] Argument:325 - Argument : SyncSignalIDvalue: null
2026-05-19 18:23:59,292 [INFO] Argument:335 - Argument : SyncSignalIDvalue: null
2026-05-19 18:23:59,292 [INFO] Argument:325 - Argument : SyncPolarityvalue: null
2026-05-19 18:23:59,292 [INFO] Argument:335 - Argument : SyncPolarityvalue: null
2026-05-19 18:23:59,292 [INFO] Argument:325 - Argument : SyncEnablevalue: null
2026-05-19 18:23:59,292 [INFO] Argument:335 - Argument : SyncEnablevalue: null
2026-05-19 18:23:59,292 [INFO] Argument:325 - Argument : EventEnablevalue: null
2026-05-19 18:23:59,292 [INFO] Argument:335 - Argument : EventEnablevalue: null
2026-05-19 18:23:59,292 [INFO] Argument:325 - Argument : RequestNumbervalue: null
2026-05-19 18:23:59,292 [INFO] Argument:335 - Argument : RequestNumbervalue: null
2026-05-19 18:23:59,314 [INFO] Argument:325 - Argument : hdmavalue: null
2026-05-19 18:23:59,315 [INFO] Argument:327 - 	 sub Args: 
2026-05-19 18:23:59,315 [INFO] Argument:325 - Argument : Instancevalue: DMA1_Channel7
2026-05-19 18:23:59,315 [INFO] Argument:335 - Argument : Instancevalue: DMA1_Channel7
2026-05-19 18:23:59,315 [INFO] Argument:325 - Argument : Initvalue: null
2026-05-19 18:23:59,315 [INFO] Argument:327 - 	 sub Args: 
2026-05-19 18:23:59,315 [INFO] Argument:325 - Argument : Requestvalue: DMA_REQUEST_2
2026-05-19 18:23:59,315 [INFO] Argument:335 - Argument : Requestvalue: DMA_REQUEST_2
2026-05-19 18:23:59,315 [INFO] Argument:325 - Argument : Directionvalue: DMA_MEMORY_TO_PERIPH
2026-05-19 18:23:59,315 [INFO] Argument:335 - Argument : Directionvalue: DMA_MEMORY_TO_PERIPH
2026-05-19 18:23:59,315 [INFO] Argument:325 - Argument : PeriphIncvalue: DMA_PINC_DISABLE
2026-05-19 18:23:59,315 [INFO] Argument:335 - Argument : PeriphIncvalue: DMA_PINC_DISABLE
2026-05-19 18:23:59,315 [INFO] Argument:325 - Argument : MemIncvalue: DMA_MINC_ENABLE
2026-05-19 18:23:59,315 [INFO] Argument:335 - Argument : MemIncvalue: DMA_MINC_ENABLE
2026-05-19 18:23:59,315 [INFO] Argument:325 - Argument : PeriphDataAlignmentvalue: DMA_PDATAALIGN_BYTE
2026-05-19 18:23:59,315 [INFO] Argument:335 - Argument : PeriphDataAlignmentvalue: DMA_PDATAALIGN_BYTE
2026-05-19 18:23:59,315 [INFO] Argument:325 - Argument : MemDataAlignmentvalue: DMA_MDATAALIGN_BYTE
2026-05-19 18:23:59,315 [INFO] Argument:335 - Argument : MemDataAlignmentvalue: DMA_MDATAALIGN_BYTE
2026-05-19 18:23:59,315 [INFO] Argument:325 - Argument : Modevalue: DMA_NORMAL
2026-05-19 18:23:59,315 [INFO] Argument:335 - Argument : Modevalue: DMA_NORMAL
2026-05-19 18:23:59,315 [INFO] Argument:325 - Argument : Priorityvalue: DMA_PRIORITY_LOW
2026-05-19 18:23:59,316 [INFO] Argument:335 - Argument : Priorityvalue: DMA_PRIORITY_LOW
2026-05-19 18:23:59,316 [INFO] Argument:325 - Argument : Lockvalue: null
2026-05-19 18:23:59,316 [INFO] Argument:335 - Argument : Lockvalue: null
2026-05-19 18:23:59,316 [INFO] Argument:325 - Argument : Statevalue: null
2026-05-19 18:23:59,316 [INFO] Argument:335 - Argument : Statevalue: null
2026-05-19 18:23:59,316 [INFO] Argument:325 - Argument : Parentvalue: null
2026-05-19 18:23:59,316 [INFO] Argument:335 - Argument : Parentvalue: null
2026-05-19 18:23:59,316 [INFO] Argument:325 - Argument : XferCpltCallbackvalue: null
2026-05-19 18:23:59,316 [INFO] Argument:335 - Argument : XferCpltCallbackvalue: null
2026-05-19 18:23:59,316 [INFO] Argument:325 - Argument : XferHalfCpltCallbackvalue: null
2026-05-19 18:23:59,316 [INFO] Argument:335 - Argument : XferHalfCpltCallbackvalue: null
2026-05-19 18:23:59,316 [INFO] Argument:325 - Argument : XferErrorCallbackvalue: null
2026-05-19 18:23:59,316 [INFO] Argument:335 - Argument : XferErrorCallbackvalue: null
2026-05-19 18:23:59,316 [INFO] Argument:325 - Argument : XferAbortCallbackvalue: null
2026-05-19 18:23:59,316 [INFO] Argument:335 - Argument : XferAbortCallbackvalue: null
2026-05-19 18:23:59,316 [INFO] Argument:325 - Argument : ErrorCodevalue: null
2026-05-19 18:23:59,316 [INFO] Argument:335 - Argument : ErrorCodevalue: null
2026-05-19 18:23:59,316 [INFO] Argument:325 - Argument : DmaBaseAddressvalue: null
2026-05-19 18:23:59,316 [INFO] Argument:335 - Argument : DmaBaseAddressvalue: null
2026-05-19 18:23:59,316 [INFO] Argument:325 - Argument : ChannelIndexvalue: null
2026-05-19 18:23:59,316 [INFO] Argument:335 - Argument : ChannelIndexvalue: null
2026-05-19 18:23:59,316 [INFO] Argument:325 - Argument : hdmavalue: null
2026-05-19 18:23:59,316 [INFO] Argument:327 - 	 sub Args: 
2026-05-19 18:23:59,316 [INFO] Argument:325 - Argument : Instancevalue: DMA1_Channel7
2026-05-19 18:23:59,316 [INFO] Argument:335 - Argument : Instancevalue: DMA1_Channel7
2026-05-19 18:23:59,316 [INFO] Argument:325 - Argument : Initvalue: null
2026-05-19 18:23:59,316 [INFO] Argument:327 - 	 sub Args: 
2026-05-19 18:23:59,316 [INFO] Argument:325 - Argument : Requestvalue: DMA_REQUEST_2
2026-05-19 18:23:59,317 [INFO] Argument:335 - Argument : Requestvalue: DMA_REQUEST_2
2026-05-19 18:23:59,317 [INFO] Argument:325 - Argument : Directionvalue: DMA_MEMORY_TO_PERIPH
2026-05-19 18:23:59,317 [INFO] Argument:335 - Argument : Directionvalue: DMA_MEMORY_TO_PERIPH
2026-05-19 18:23:59,317 [INFO] Argument:325 - Argument : PeriphIncvalue: DMA_PINC_DISABLE
2026-05-19 18:23:59,317 [INFO] Argument:335 - Argument : PeriphIncvalue: DMA_PINC_DISABLE
2026-05-19 18:23:59,317 [INFO] Argument:325 - Argument : MemIncvalue: DMA_MINC_ENABLE
2026-05-19 18:23:59,317 [INFO] Argument:335 - Argument : MemIncvalue: DMA_MINC_ENABLE
2026-05-19 18:23:59,317 [INFO] Argument:325 - Argument : PeriphDataAlignmentvalue: DMA_PDATAALIGN_BYTE
2026-05-19 18:23:59,317 [INFO] Argument:335 - Argument : PeriphDataAlignmentvalue: DMA_PDATAALIGN_BYTE
2026-05-19 18:23:59,317 [INFO] Argument:325 - Argument : MemDataAlignmentvalue: DMA_MDATAALIGN_BYTE
2026-05-19 18:23:59,317 [INFO] Argument:335 - Argument : MemDataAlignmentvalue: DMA_MDATAALIGN_BYTE
2026-05-19 18:23:59,317 [INFO] Argument:325 - Argument : Modevalue: DMA_NORMAL
2026-05-19 18:23:59,317 [INFO] Argument:335 - Argument : Modevalue: DMA_NORMAL
2026-05-19 18:23:59,317 [INFO] Argument:325 - Argument : Priorityvalue: DMA_PRIORITY_LOW
2026-05-19 18:23:59,317 [INFO] Argument:335 - Argument : Priorityvalue: DMA_PRIORITY_LOW
2026-05-19 18:23:59,317 [INFO] Argument:325 - Argument : Lockvalue: null
2026-05-19 18:23:59,317 [INFO] Argument:335 - Argument : Lockvalue: null
2026-05-19 18:23:59,317 [INFO] Argument:325 - Argument : Statevalue: null
2026-05-19 18:23:59,317 [INFO] Argument:335 - Argument : Statevalue: null
2026-05-19 18:23:59,317 [INFO] Argument:325 - Argument : Parentvalue: null
2026-05-19 18:23:59,317 [INFO] Argument:335 - Argument : Parentvalue: null
2026-05-19 18:23:59,317 [INFO] Argument:325 - Argument : XferCpltCallbackvalue: null
2026-05-19 18:23:59,317 [INFO] Argument:335 - Argument : XferCpltCallbackvalue: null
2026-05-19 18:23:59,317 [INFO] Argument:325 - Argument : XferHalfCpltCallbackvalue: null
2026-05-19 18:23:59,317 [INFO] Argument:335 - Argument : XferHalfCpltCallbackvalue: null
2026-05-19 18:23:59,317 [INFO] Argument:325 - Argument : XferErrorCallbackvalue: null
2026-05-19 18:23:59,317 [INFO] Argument:335 - Argument : XferErrorCallbackvalue: null
2026-05-19 18:23:59,317 [INFO] Argument:325 - Argument : XferAbortCallbackvalue: null
2026-05-19 18:23:59,317 [INFO] Argument:335 - Argument : XferAbortCallbackvalue: null
2026-05-19 18:23:59,317 [INFO] Argument:325 - Argument : ErrorCodevalue: null
2026-05-19 18:23:59,317 [INFO] Argument:335 - Argument : ErrorCodevalue: null
2026-05-19 18:23:59,317 [INFO] Argument:325 - Argument : DmaBaseAddressvalue: null
2026-05-19 18:23:59,317 [INFO] Argument:335 - Argument : DmaBaseAddressvalue: null
2026-05-19 18:23:59,318 [INFO] Argument:325 - Argument : ChannelIndexvalue: null
2026-05-19 18:23:59,318 [INFO] Argument:335 - Argument : ChannelIndexvalue: null
2026-05-19 18:23:59,318 [INFO] Argument:325 - Argument : pSyncConfigvalue: null
2026-05-19 18:23:59,318 [INFO] Argument:327 - 	 sub Args: 
2026-05-19 18:23:59,318 [INFO] Argument:325 - Argument : SyncSignalIDvalue: null
2026-05-19 18:23:59,318 [INFO] Argument:335 - Argument : SyncSignalIDvalue: null
2026-05-19 18:23:59,318 [INFO] Argument:325 - Argument : SyncPolarityvalue: null
2026-05-19 18:23:59,318 [INFO] Argument:335 - Argument : SyncPolarityvalue: null
2026-05-19 18:23:59,318 [INFO] Argument:325 - Argument : SyncEnablevalue: null
2026-05-19 18:23:59,318 [INFO] Argument:335 - Argument : SyncEnablevalue: null
2026-05-19 18:23:59,318 [INFO] Argument:325 - Argument : EventEnablevalue: null
2026-05-19 18:23:59,318 [INFO] Argument:335 - Argument : EventEnablevalue: null
2026-05-19 18:23:59,318 [INFO] Argument:325 - Argument : RequestNumbervalue: null
2026-05-19 18:23:59,318 [INFO] Argument:335 - Argument : RequestNumbervalue: null
2026-05-19 18:23:59,459 [INFO] CodeEngine:265 - oldGeneratedFile, C:\Users\azaki\Documents\GitHub\Project-Nephros\new_double_thermistor\double_thermistor\MXTmpFiles\license.tmp_save
2026-05-19 18:23:59,810 [INFO] CodeEngine:289 - Generated code: C:\Users\azaki\Documents\GitHub\Project-Nephros\new_double_thermistor\double_thermistor\MXTmpFiles\license.tmp
2026-05-19 18:23:59,879 [INFO] CodeEngine:265 - oldGeneratedFile, C:\Users\azaki\Documents\GitHub\Project-Nephros\new_double_thermistor\double_thermistor\MXTmpFiles\gpio.tmp_save
2026-05-19 18:24:00,078 [INFO] CodeEngine:289 - Generated code: C:\Users\azaki\Documents\GitHub\Project-Nephros\new_double_thermistor\double_thermistor\MXTmpFiles\gpio.tmp
2026-05-19 18:24:00,604 [INFO] CodeEngine:265 - oldGeneratedFile, C:\Users\azaki\Documents\GitHub\Project-Nephros\new_double_thermistor\double_thermistor\MXTmpFiles\dma.tmp_save
2026-05-19 18:24:00,761 [INFO] CodeEngine:289 - Generated code: C:\Users\azaki\Documents\GitHub\Project-Nephros\new_double_thermistor\double_thermistor\MXTmpFiles\dma.tmp
2026-05-19 18:24:00,769 [INFO] CodeEngine:265 - oldGeneratedFile, C:\Users\azaki\Documents\GitHub\Project-Nephros\new_double_thermistor\double_thermistor\MXTmpFiles\dma_GV.tmp_save
2026-05-19 18:24:00,896 [INFO] CodeEngine:289 - Generated code: C:\Users\azaki\Documents\GitHub\Project-Nephros\new_double_thermistor\double_thermistor\MXTmpFiles\dma_GV.tmp
2026-05-19 18:24:00,922 [INFO] CodeEngine:265 - oldGeneratedFile, C:\Users\azaki\Documents\GitHub\Project-Nephros\new_double_thermistor\double_thermistor\Core\Src\stm32l4xx_it.c_save
2026-05-19 18:24:01,121 [INFO] CodeEngine:289 - Generated code: C:\Users\azaki\Documents\GitHub\Project-Nephros\new_double_thermistor\double_thermistor\Core\Src\stm32l4xx_it.c
2026-05-19 18:24:01,138 [INFO] CodeEngine:265 - oldGeneratedFile, C:\Users\azaki\Documents\GitHub\Project-Nephros\new_double_thermistor\double_thermistor\Core\Inc\stm32l4xx_it.h_save
2026-05-19 18:24:01,245 [INFO] CodeEngine:289 - Generated code: C:\Users\azaki\Documents\GitHub\Project-Nephros\new_double_thermistor\double_thermistor\Core\Inc\stm32l4xx_it.h
2026-05-19 18:24:01,275 [INFO] CodeEngine:265 - oldGeneratedFile, C:\Users\azaki\Documents\GitHub\Project-Nephros\new_double_thermistor\double_thermistor\Core\Src\stm32l4xx_hal_msp.c_save
2026-05-19 18:24:01,419 [INFO] CodeEngine:289 - Generated code: C:\Users\azaki\Documents\GitHub\Project-Nephros\new_double_thermistor\double_thermistor\Core\Src\stm32l4xx_hal_msp.c
2026-05-19 18:24:01,426 [INFO] CodeEngine:265 - oldGeneratedFile, C:\Users\azaki\Documents\GitHub\Project-Nephros\new_double_thermistor\double_thermistor\MXTmpFiles\system.tmp_save
2026-05-19 18:24:01,509 [INFO] CodeEngine:289 - Generated code: C:\Users\azaki\Documents\GitHub\Project-Nephros\new_double_thermistor\double_thermistor\MXTmpFiles\system.tmp
2026-05-19 18:24:01,528 [INFO] CodeEngine:321 - oldGeneratedFile, C:\Users\azaki\Documents\GitHub\Project-Nephros\new_double_thermistor\double_thermistor\Core\Inc\stm32l4xx_hal_conf.h_save
2026-05-19 18:24:01,630 [INFO] CodeEngine:345 - Generated code: C:\Users\azaki\Documents\GitHub\Project-Nephros\new_double_thermistor\double_thermistor\Core\Inc\stm32l4xx_hal_conf.h
2026-05-19 18:24:01,667 [WARN] IPConfigManager:3811 - IP not found : TIM
2026-05-19 18:24:01,667 [WARN] CodeGenerator:4259 - IP not found : null
2026-05-19 18:24:01,681 [INFO] CodeEngine:265 - oldGeneratedFile, C:\Users\azaki\Documents\GitHub\Project-Nephros\new_double_thermistor\double_thermistor\Core\Inc\main.h_save
2026-05-19 18:24:01,787 [INFO] CodeEngine:289 - Generated code: C:\Users\azaki\Documents\GitHub\Project-Nephros\new_double_thermistor\double_thermistor\Core\Inc\main.h
2026-05-19 18:24:01,801 [INFO] CodeEngine:265 - oldGeneratedFile, C:\Users\azaki\Documents\GitHub\Project-Nephros\new_double_thermistor\double_thermistor\Core\Src\main.c_save
2026-05-19 18:24:01,958 [INFO] CodeEngine:289 - Generated code: C:\Users\azaki\Documents\GitHub\Project-Nephros\new_double_thermistor\double_thermistor\Core\Src\main.c
2026-05-19 18:24:02,414 [INFO] ProjectBuilder:3606 - Time for Copy HAL[1] : 279mS.
2026-05-19 18:24:02,418 [INFO] ProjectBuilder:5216 - Project Generator version: 4.7.0-B52
2026-05-19 18:24:02,506 [INFO] ConfigFileManager:1595 - The Die is : DIE435
2026-05-19 18:24:03,488 [INFO] ProjectBuilder:5496 - Time for Generating toolchain IDE Files: 1070mS.
2026-05-19 18:24:03,490 [INFO] ProjectBuilder:3463 - Time for Copy CMSIS : 1mS.
2026-05-19 18:24:03,494 [INFO] ProjectBuilder:3463 - Time for Copy CMSIS : 0mS.
2026-05-19 18:31:43,994 [INFO] Gpio:278 - dependency for GPIO [ADC1, RCC, SYS, USART2]
2026-05-19 18:31:55,951 [INFO] ADCParametersView:116 -                Rank 1 : true
2026-05-19 18:31:55,952 [INFO] ADCParametersView:116 -                Rank 2 : true
2026-05-19 18:31:55,952 [INFO] ADCParametersView:116 -                Rank 3 : true
2026-05-19 18:31:55,959 [INFO] ADCParametersView:116 -                Rank 1 : true
2026-05-19 18:31:55,960 [INFO] ADCParametersView:116 -                Rank 2 : true
2026-05-19 18:31:55,960 [INFO] ADCParametersView:116 -                Rank 3 : true
2026-05-19 18:31:55,961 [INFO] ADCParametersView:116 -                Rank 1 : true
2026-05-19 18:31:55,961 [INFO] ADCParametersView:116 -                Rank 2 : true
2026-05-19 18:31:55,961 [INFO] ADCParametersView:116 -                Rank 3 : true
2026-05-19 18:31:55,962 [INFO] ADCParametersView:116 -                Rank 1 : true
2026-05-19 18:31:55,962 [INFO] ADCParametersView:116 -                Rank 2 : true
2026-05-19 18:31:55,963 [INFO] ADCParametersView:116 -                Rank 3 : true
2026-05-19 18:31:55,963 [INFO] ADCParametersView:116 -                Rank 1 : true
2026-05-19 18:31:55,964 [INFO] ADCParametersView:116 -                Rank 2 : true
2026-05-19 18:31:55,964 [INFO] ADCParametersView:116 -                Rank 3 : true
2026-05-19 18:31:55,965 [INFO] ADCParametersView:116 -                Rank 1 : true
2026-05-19 18:31:55,965 [INFO] ADCParametersView:116 -                Rank 2 : true
2026-05-19 18:31:55,965 [INFO] ADCParametersView:116 -                Rank 3 : true
2026-05-19 18:31:55,966 [INFO] ADCParametersView:116 -                Rank 1 : true
2026-05-19 18:31:55,966 [INFO] ADCParametersView:116 -                Rank 2 : true
2026-05-19 18:31:55,966 [INFO] ADCParametersView:116 -                Rank 3 : true
2026-05-19 18:31:55,967 [INFO] ADCParametersView:116 -                Rank 1 : true
2026-05-19 18:31:55,967 [INFO] ADCParametersView:116 -                Rank 2 : true
2026-05-19 18:31:55,967 [INFO] ADCParametersView:116 -                Rank 3 : true
2026-05-19 18:31:55,968 [INFO] ADCParametersView:116 -                Rank 1 : true
2026-05-19 18:31:55,968 [INFO] ADCParametersView:116 -                Rank 2 : true
2026-05-19 18:31:55,968 [INFO] ADCParametersView:116 -                Rank 3 : true
2026-05-19 18:31:55,969 [INFO] ADCParametersView:116 -                Rank 1 : true
2026-05-19 18:31:55,969 [INFO] ADCParametersView:116 -                Rank 2 : true
2026-05-19 18:31:55,969 [INFO] ADCParametersView:116 -                Rank 3 : true
2026-05-19 18:31:55,970 [INFO] ADCParametersView:116 -                Rank 1 : true
2026-05-19 18:31:55,970 [INFO] ADCParametersView:116 -                Rank 2 : true
2026-05-19 18:31:55,970 [INFO] ADCParametersView:116 -                Rank 3 : true
2026-05-19 18:31:55,971 [INFO] ADCParametersView:116 -                Rank 1 : true
2026-05-19 18:31:55,971 [INFO] ADCParametersView:116 -                Rank 2 : true
2026-05-19 18:31:55,971 [INFO] ADCParametersView:116 -                Rank 3 : true
2026-05-19 18:31:55,972 [INFO] ADCParametersView:116 -                Rank 1 : true
2026-05-19 18:31:55,972 [INFO] ADCParametersView:116 -                Rank 2 : true
2026-05-19 18:31:55,972 [INFO] ADCParametersView:116 -                Rank 3 : true
2026-05-19 18:31:55,973 [INFO] ADCParametersView:116 -                Rank 1 : true
2026-05-19 18:31:55,973 [INFO] ADCParametersView:116 -                Rank 2 : true
2026-05-19 18:31:55,974 [INFO] ADCParametersView:116 -                Rank 3 : true
2026-05-19 18:31:55,974 [INFO] ADCParametersView:116 -                Rank 1 : true
2026-05-19 18:31:55,974 [INFO] ADCParametersView:116 -                Rank 2 : true
2026-05-19 18:31:55,974 [INFO] ADCParametersView:116 -                Rank 3 : true
2026-05-19 18:31:55,975 [INFO] ADCParametersView:116 -                Rank 1 : true
2026-05-19 18:31:55,975 [INFO] ADCParametersView:116 -                Rank 2 : true
2026-05-19 18:31:55,975 [INFO] ADCParametersView:116 -                Rank 3 : true
2026-05-19 18:31:55,976 [INFO] ADCParametersView:116 -                Rank 1 : true
2026-05-19 18:31:55,976 [INFO] ADCParametersView:116 -                Rank 2 : true
2026-05-19 18:31:55,976 [INFO] ADCParametersView:116 -                Rank 3 : true
2026-05-19 18:31:55,976 [INFO] ADCParametersView:116 -                Rank 1 : true
2026-05-19 18:31:55,976 [INFO] ADCParametersView:116 -                Rank 2 : true
2026-05-19 18:31:55,977 [INFO] ADCParametersView:116 -                Rank 3 : true
2026-05-19 18:31:55,977 [INFO] ADCParametersView:116 -                Rank 1 : true
2026-05-19 18:31:55,977 [INFO] ADCParametersView:116 -                Rank 2 : true
2026-05-19 18:31:55,977 [INFO] ADCParametersView:116 -                Rank 3 : true
2026-05-19 18:31:55,977 [INFO] ADCParametersView:116 -                Rank 2 : true
2026-05-19 18:31:55,978 [INFO] ADCParametersView:116 -                Rank 3 : true
2026-05-19 18:31:55,978 [INFO] ADCParametersView:116 -                Rank 3 : true
2026-05-19 18:31:56,104 [INFO] ADCParametersView:116 -                Rank 1 : true
2026-05-19 18:31:56,105 [INFO] ADCParametersView:116 -                Rank 1 : true
2026-05-19 18:31:56,105 [INFO] ADCParametersView:116 -                Rank 2 : true
2026-05-19 18:31:56,106 [INFO] ADCParametersView:116 -                Rank 1 : true
2026-05-19 18:31:56,106 [INFO] ADCParametersView:116 -                Rank 2 : true
2026-05-19 18:31:56,107 [INFO] ADCParametersView:116 -                Rank 3 : true
2026-05-19 18:31:56,294 [INFO] ADCParametersView:116 -                Rank 1 : true
2026-05-19 18:31:56,295 [INFO] ADCParametersView:116 -                Rank 2 : true
2026-05-19 18:31:56,295 [INFO] ADCParametersView:116 -                Rank 3 : true
2026-05-19 18:31:56,300 [INFO] ADCParametersView:116 -                Rank 1 : true
2026-05-19 18:31:56,300 [INFO] ADCParametersView:116 -                Rank 2 : true
2026-05-19 18:31:56,300 [INFO] ADCParametersView:116 -                Rank 3 : true
2026-05-19 18:31:56,302 [INFO] ADCParametersView:116 -                Rank 1 : true
2026-05-19 18:31:56,302 [INFO] ADCParametersView:116 -                Rank 2 : true
2026-05-19 18:31:56,302 [INFO] ADCParametersView:116 -                Rank 3 : true
2026-05-19 18:31:56,302 [INFO] ADCParametersView:116 -                Rank 1 : true
2026-05-19 18:31:56,302 [INFO] ADCParametersView:116 -                Rank 2 : true
2026-05-19 18:31:56,302 [INFO] ADCParametersView:116 -                Rank 3 : true
2026-05-19 18:31:56,302 [INFO] ADCParametersView:116 -                Rank 1 : true
2026-05-19 18:31:56,302 [INFO] ADCParametersView:116 -                Rank 2 : true
2026-05-19 18:31:56,302 [INFO] ADCParametersView:116 -                Rank 3 : true
2026-05-19 18:31:56,303 [INFO] ADCParametersView:116 -                Rank 1 : true
2026-05-19 18:31:56,303 [INFO] ADCParametersView:116 -                Rank 2 : true
2026-05-19 18:31:56,303 [INFO] ADCParametersView:116 -                Rank 3 : true
2026-05-19 18:31:56,303 [INFO] ADCParametersView:116 -                Rank 1 : true
2026-05-19 18:31:56,303 [INFO] ADCParametersView:116 -                Rank 2 : true
2026-05-19 18:31:56,303 [INFO] ADCParametersView:116 -                Rank 3 : true
2026-05-19 18:31:56,304 [INFO] ADCParametersView:116 -                Rank 1 : true
2026-05-19 18:31:56,304 [INFO] ADCParametersView:116 -                Rank 2 : true
2026-05-19 18:31:56,304 [INFO] ADCParametersView:116 -                Rank 3 : true
2026-05-19 18:31:56,304 [INFO] ADCParametersView:116 -                Rank 1 : true
2026-05-19 18:31:56,304 [INFO] ADCParametersView:116 -                Rank 2 : true
2026-05-19 18:31:56,304 [INFO] ADCParametersView:116 -                Rank 3 : true
2026-05-19 18:31:56,305 [INFO] ADCParametersView:116 -                Rank 1 : true
2026-05-19 18:31:56,305 [INFO] ADCParametersView:116 -                Rank 2 : true
2026-05-19 18:31:56,305 [INFO] ADCParametersView:116 -                Rank 3 : true
2026-05-19 18:31:56,305 [INFO] ADCParametersView:116 -                Rank 1 : true
2026-05-19 18:31:56,305 [INFO] ADCParametersView:116 -                Rank 2 : true
2026-05-19 18:31:56,305 [INFO] ADCParametersView:116 -                Rank 3 : true
2026-05-19 18:31:56,306 [INFO] ADCParametersView:116 -                Rank 1 : true
2026-05-19 18:31:56,306 [INFO] ADCParametersView:116 -                Rank 2 : true
2026-05-19 18:31:56,306 [INFO] ADCParametersView:116 -                Rank 3 : true
2026-05-19 18:31:56,307 [INFO] ADCParametersView:116 -                Rank 1 : true
2026-05-19 18:31:56,307 [INFO] ADCParametersView:116 -                Rank 2 : true
2026-05-19 18:31:56,307 [INFO] ADCParametersView:116 -                Rank 3 : true
2026-05-19 18:31:56,307 [INFO] ADCParametersView:116 -                Rank 1 : true
2026-05-19 18:31:56,307 [INFO] ADCParametersView:116 -                Rank 2 : true
2026-05-19 18:31:56,307 [INFO] ADCParametersView:116 -                Rank 3 : true
2026-05-19 18:31:56,308 [INFO] ADCParametersView:116 -                Rank 1 : true
2026-05-19 18:31:56,308 [INFO] ADCParametersView:116 -                Rank 2 : true
2026-05-19 18:31:56,308 [INFO] ADCParametersView:116 -                Rank 3 : true
2026-05-19 18:31:56,308 [INFO] ADCParametersView:116 -                Rank 1 : true
2026-05-19 18:31:56,309 [INFO] ADCParametersView:116 -                Rank 2 : true
2026-05-19 18:31:56,309 [INFO] ADCParametersView:116 -                Rank 3 : true
2026-05-19 18:31:56,309 [INFO] ADCParametersView:116 -                Rank 1 : true
2026-05-19 18:31:56,309 [INFO] ADCParametersView:116 -                Rank 2 : true
2026-05-19 18:31:56,309 [INFO] ADCParametersView:116 -                Rank 3 : true
2026-05-19 18:31:56,309 [INFO] ADCParametersView:116 -                Rank 1 : true
2026-05-19 18:31:56,309 [INFO] ADCParametersView:116 -                Rank 2 : true
2026-05-19 18:31:56,309 [INFO] ADCParametersView:116 -                Rank 3 : true
2026-05-19 18:31:56,309 [INFO] ADCParametersView:116 -                Rank 1 : true
2026-05-19 18:31:56,310 [INFO] ADCParametersView:116 -                Rank 2 : true
2026-05-19 18:31:56,310 [INFO] ADCParametersView:116 -                Rank 3 : true
2026-05-19 18:31:56,310 [INFO] ADCParametersView:116 -                Rank 2 : true
2026-05-19 18:31:56,310 [INFO] ADCParametersView:116 -                Rank 3 : true
2026-05-19 18:31:56,310 [INFO] ADCParametersView:116 -                Rank 3 : true
2026-05-19 18:31:56,399 [INFO] ADCParametersView:116 -                Rank 1 : true
2026-05-19 18:31:56,401 [INFO] ADCParametersView:116 -                Rank 1 : true
2026-05-19 18:31:56,401 [INFO] ADCParametersView:116 -                Rank 2 : true
2026-05-19 18:31:56,402 [INFO] ADCParametersView:116 -                Rank 1 : true
2026-05-19 18:31:56,402 [INFO] ADCParametersView:116 -                Rank 2 : true
2026-05-19 18:31:56,402 [INFO] ADCParametersView:116 -                Rank 3 : true
2026-05-19 18:43:57,701 [INFO] Gpio:278 - dependency for GPIO [ADC1, RCC, SYS, USART2]
2026-05-19 18:44:08,544 [INFO] UtilMem:75 - End SaveConfig() Used Memory: 791792528 Bytes (1073741824)
2026-05-19 18:44:08,724 [INFO] UtilMem:75 - End SaveConfig() Used Memory: 695433920 Bytes (1073741824)
2026-05-19 18:44:09,940 [INFO] UtilMem:75 - End SaveConfig() Used Memory: 826755144 Bytes (1073741824)
2026-05-19 18:44:10,664 [INFO] BlockDiagram:2775 - set Specific Code input for plugin: NVIC
2026-05-19 18:44:10,665 [INFO] BlockDiagram:2775 - set Specific Code input for plugin: USART
2026-05-19 18:44:10,665 [INFO] BlockDiagram:2775 - set Specific Code input for plugin: DMA
2026-05-19 18:44:10,666 [INFO] BlockDiagram:2775 - set Specific Code input for plugin: TIM1_8L4
2026-05-19 18:44:10,666 [INFO] BlockDiagram:2775 - set Specific Code input for plugin: SYS
2026-05-19 18:44:10,667 [INFO] BlockDiagram:2775 - set Specific Code input for plugin: GPIO
2026-05-19 18:44:10,668 [INFO] BlockDiagram:2775 - set Specific Code input for plugin: ADC
2026-05-19 18:44:10,668 [INFO] BlockDiagram:2775 - set Specific Code input for plugin: RCC
2026-05-19 18:44:10,670 [INFO] CodeGenerator:892 - code generatio: config db path: C:\ST\STM32CubeIDE_1.19.0\STM32CubeIDE\plugins\com.st.stm32cube.common.mx_6.15.0.202507011659\\db\
2026-05-19 18:44:10,679 [INFO] Argument:325 - Argument : hdmavalue: null
2026-05-19 18:44:10,680 [INFO] Argument:327 - 	 sub Args: 
2026-05-19 18:44:10,680 [INFO] Argument:325 - Argument : Instancevalue: DMA1_Channel1
2026-05-19 18:44:10,680 [INFO] Argument:335 - Argument : Instancevalue: DMA1_Channel1
2026-05-19 18:44:10,680 [INFO] Argument:325 - Argument : Initvalue: null
2026-05-19 18:44:10,680 [INFO] Argument:327 - 	 sub Args: 
2026-05-19 18:44:10,680 [INFO] Argument:325 - Argument : Requestvalue: DMA_REQUEST_0
2026-05-19 18:44:10,680 [INFO] Argument:335 - Argument : Requestvalue: DMA_REQUEST_0
2026-05-19 18:44:10,680 [INFO] Argument:325 - Argument : Directionvalue: DMA_PERIPH_TO_MEMORY
2026-05-19 18:44:10,680 [INFO] Argument:335 - Argument : Directionvalue: DMA_PERIPH_TO_MEMORY
2026-05-19 18:44:10,681 [INFO] Argument:325 - Argument : PeriphIncvalue: DMA_PINC_DISABLE
2026-05-19 18:44:10,681 [INFO] Argument:335 - Argument : PeriphIncvalue: DMA_PINC_DISABLE
2026-05-19 18:44:10,681 [INFO] Argument:325 - Argument : MemIncvalue: DMA_MINC_ENABLE
2026-05-19 18:44:10,681 [INFO] Argument:335 - Argument : MemIncvalue: DMA_MINC_ENABLE
2026-05-19 18:44:10,681 [INFO] Argument:325 - Argument : PeriphDataAlignmentvalue: DMA_PDATAALIGN_HALFWORD
2026-05-19 18:44:10,682 [INFO] Argument:335 - Argument : PeriphDataAlignmentvalue: DMA_PDATAALIGN_HALFWORD
2026-05-19 18:44:10,682 [INFO] Argument:325 - Argument : MemDataAlignmentvalue: DMA_MDATAALIGN_HALFWORD
2026-05-19 18:44:10,682 [INFO] Argument:335 - Argument : MemDataAlignmentvalue: DMA_MDATAALIGN_HALFWORD
2026-05-19 18:44:10,683 [INFO] Argument:325 - Argument : Modevalue: DMA_CIRCULAR
2026-05-19 18:44:10,683 [INFO] Argument:335 - Argument : Modevalue: DMA_CIRCULAR
2026-05-19 18:44:10,683 [INFO] Argument:325 - Argument : Priorityvalue: DMA_PRIORITY_LOW
2026-05-19 18:44:10,683 [INFO] Argument:335 - Argument : Priorityvalue: DMA_PRIORITY_LOW
2026-05-19 18:44:10,683 [INFO] Argument:325 - Argument : Lockvalue: null
2026-05-19 18:44:10,683 [INFO] Argument:335 - Argument : Lockvalue: null
2026-05-19 18:44:10,683 [INFO] Argument:325 - Argument : Statevalue: null
2026-05-19 18:44:10,683 [INFO] Argument:335 - Argument : Statevalue: null
2026-05-19 18:44:10,683 [INFO] Argument:325 - Argument : Parentvalue: null
2026-05-19 18:44:10,683 [INFO] Argument:335 - Argument : Parentvalue: null
2026-05-19 18:44:10,684 [INFO] Argument:325 - Argument : XferCpltCallbackvalue: null
2026-05-19 18:44:10,684 [INFO] Argument:335 - Argument : XferCpltCallbackvalue: null
2026-05-19 18:44:10,684 [INFO] Argument:325 - Argument : XferHalfCpltCallbackvalue: null
2026-05-19 18:44:10,684 [INFO] Argument:335 - Argument : XferHalfCpltCallbackvalue: null
2026-05-19 18:44:10,684 [INFO] Argument:325 - Argument : XferErrorCallbackvalue: null
2026-05-19 18:44:10,684 [INFO] Argument:335 - Argument : XferErrorCallbackvalue: null
2026-05-19 18:44:10,684 [INFO] Argument:325 - Argument : XferAbortCallbackvalue: null
2026-05-19 18:44:10,684 [INFO] Argument:335 - Argument : XferAbortCallbackvalue: null
2026-05-19 18:44:10,684 [INFO] Argument:325 - Argument : ErrorCodevalue: null
2026-05-19 18:44:10,684 [INFO] Argument:335 - Argument : ErrorCodevalue: null
2026-05-19 18:44:10,684 [INFO] Argument:325 - Argument : DmaBaseAddressvalue: null
2026-05-19 18:44:10,684 [INFO] Argument:335 - Argument : DmaBaseAddressvalue: null
2026-05-19 18:44:10,684 [INFO] Argument:325 - Argument : ChannelIndexvalue: null
2026-05-19 18:44:10,684 [INFO] Argument:335 - Argument : ChannelIndexvalue: null
2026-05-19 18:44:10,684 [INFO] Argument:325 - Argument : hdmavalue: null
2026-05-19 18:44:10,684 [INFO] Argument:327 - 	 sub Args: 
2026-05-19 18:44:10,684 [INFO] Argument:325 - Argument : Instancevalue: DMA1_Channel1
2026-05-19 18:44:10,684 [INFO] Argument:335 - Argument : Instancevalue: DMA1_Channel1
2026-05-19 18:44:10,684 [INFO] Argument:325 - Argument : Initvalue: null
2026-05-19 18:44:10,684 [INFO] Argument:327 - 	 sub Args: 
2026-05-19 18:44:10,685 [INFO] Argument:325 - Argument : Requestvalue: DMA_REQUEST_0
2026-05-19 18:44:10,685 [INFO] Argument:335 - Argument : Requestvalue: DMA_REQUEST_0
2026-05-19 18:44:10,685 [INFO] Argument:325 - Argument : Directionvalue: DMA_PERIPH_TO_MEMORY
2026-05-19 18:44:10,685 [INFO] Argument:335 - Argument : Directionvalue: DMA_PERIPH_TO_MEMORY
2026-05-19 18:44:10,685 [INFO] Argument:325 - Argument : PeriphIncvalue: DMA_PINC_DISABLE
2026-05-19 18:44:10,685 [INFO] Argument:335 - Argument : PeriphIncvalue: DMA_PINC_DISABLE
2026-05-19 18:44:10,685 [INFO] Argument:325 - Argument : MemIncvalue: DMA_MINC_ENABLE
2026-05-19 18:44:10,685 [INFO] Argument:335 - Argument : MemIncvalue: DMA_MINC_ENABLE
2026-05-19 18:44:10,685 [INFO] Argument:325 - Argument : PeriphDataAlignmentvalue: DMA_PDATAALIGN_HALFWORD
2026-05-19 18:44:10,686 [INFO] Argument:335 - Argument : PeriphDataAlignmentvalue: DMA_PDATAALIGN_HALFWORD
2026-05-19 18:44:10,686 [INFO] Argument:325 - Argument : MemDataAlignmentvalue: DMA_MDATAALIGN_HALFWORD
2026-05-19 18:44:10,686 [INFO] Argument:335 - Argument : MemDataAlignmentvalue: DMA_MDATAALIGN_HALFWORD
2026-05-19 18:44:10,686 [INFO] Argument:325 - Argument : Modevalue: DMA_CIRCULAR
2026-05-19 18:44:10,686 [INFO] Argument:335 - Argument : Modevalue: DMA_CIRCULAR
2026-05-19 18:44:10,686 [INFO] Argument:325 - Argument : Priorityvalue: DMA_PRIORITY_LOW
2026-05-19 18:44:10,686 [INFO] Argument:335 - Argument : Priorityvalue: DMA_PRIORITY_LOW
2026-05-19 18:44:10,686 [INFO] Argument:325 - Argument : Lockvalue: null
2026-05-19 18:44:10,686 [INFO] Argument:335 - Argument : Lockvalue: null
2026-05-19 18:44:10,686 [INFO] Argument:325 - Argument : Statevalue: null
2026-05-19 18:44:10,686 [INFO] Argument:335 - Argument : Statevalue: null
2026-05-19 18:44:10,687 [INFO] Argument:325 - Argument : Parentvalue: null
2026-05-19 18:44:10,687 [INFO] Argument:335 - Argument : Parentvalue: null
2026-05-19 18:44:10,687 [INFO] Argument:325 - Argument : XferCpltCallbackvalue: null
2026-05-19 18:44:10,687 [INFO] Argument:335 - Argument : XferCpltCallbackvalue: null
2026-05-19 18:44:10,687 [INFO] Argument:325 - Argument : XferHalfCpltCallbackvalue: null
2026-05-19 18:44:10,687 [INFO] Argument:335 - Argument : XferHalfCpltCallbackvalue: null
2026-05-19 18:44:10,687 [INFO] Argument:325 - Argument : XferErrorCallbackvalue: null
2026-05-19 18:44:10,688 [INFO] Argument:335 - Argument : XferErrorCallbackvalue: null
2026-05-19 18:44:10,688 [INFO] Argument:325 - Argument : XferAbortCallbackvalue: null
2026-05-19 18:44:10,688 [INFO] Argument:335 - Argument : XferAbortCallbackvalue: null
2026-05-19 18:44:10,688 [INFO] Argument:325 - Argument : ErrorCodevalue: null
2026-05-19 18:44:10,688 [INFO] Argument:335 - Argument : ErrorCodevalue: null
2026-05-19 18:44:10,688 [INFO] Argument:325 - Argument : DmaBaseAddressvalue: null
2026-05-19 18:44:10,688 [INFO] Argument:335 - Argument : DmaBaseAddressvalue: null
2026-05-19 18:44:10,688 [INFO] Argument:325 - Argument : ChannelIndexvalue: null
2026-05-19 18:44:10,688 [INFO] Argument:335 - Argument : ChannelIndexvalue: null
2026-05-19 18:44:10,688 [INFO] Argument:325 - Argument : pSyncConfigvalue: null
2026-05-19 18:44:10,688 [INFO] Argument:327 - 	 sub Args: 
2026-05-19 18:44:10,688 [INFO] Argument:325 - Argument : SyncSignalIDvalue: null
2026-05-19 18:44:10,689 [INFO] Argument:335 - Argument : SyncSignalIDvalue: null
2026-05-19 18:44:10,689 [INFO] Argument:325 - Argument : SyncPolarityvalue: null
2026-05-19 18:44:10,689 [INFO] Argument:335 - Argument : SyncPolarityvalue: null
2026-05-19 18:44:10,690 [INFO] Argument:325 - Argument : SyncEnablevalue: null
2026-05-19 18:44:10,690 [INFO] Argument:335 - Argument : SyncEnablevalue: null
2026-05-19 18:44:10,690 [INFO] Argument:325 - Argument : EventEnablevalue: null
2026-05-19 18:44:10,690 [INFO] Argument:335 - Argument : EventEnablevalue: null
2026-05-19 18:44:10,690 [INFO] Argument:325 - Argument : RequestNumbervalue: null
2026-05-19 18:44:10,690 [INFO] Argument:335 - Argument : RequestNumbervalue: null
2026-05-19 18:44:10,707 [INFO] Argument:325 - Argument : hdmavalue: null
2026-05-19 18:44:10,708 [INFO] Argument:327 - 	 sub Args: 
2026-05-19 18:44:10,708 [INFO] Argument:325 - Argument : Instancevalue: DMA1_Channel7
2026-05-19 18:44:10,708 [INFO] Argument:335 - Argument : Instancevalue: DMA1_Channel7
2026-05-19 18:44:10,708 [INFO] Argument:325 - Argument : Initvalue: null
2026-05-19 18:44:10,708 [INFO] Argument:327 - 	 sub Args: 
2026-05-19 18:44:10,709 [INFO] Argument:325 - Argument : Requestvalue: DMA_REQUEST_2
2026-05-19 18:44:10,709 [INFO] Argument:335 - Argument : Requestvalue: DMA_REQUEST_2
2026-05-19 18:44:10,709 [INFO] Argument:325 - Argument : Directionvalue: DMA_MEMORY_TO_PERIPH
2026-05-19 18:44:10,709 [INFO] Argument:335 - Argument : Directionvalue: DMA_MEMORY_TO_PERIPH
2026-05-19 18:44:10,709 [INFO] Argument:325 - Argument : PeriphIncvalue: DMA_PINC_DISABLE
2026-05-19 18:44:10,709 [INFO] Argument:335 - Argument : PeriphIncvalue: DMA_PINC_DISABLE
2026-05-19 18:44:10,709 [INFO] Argument:325 - Argument : MemIncvalue: DMA_MINC_ENABLE
2026-05-19 18:44:10,709 [INFO] Argument:335 - Argument : MemIncvalue: DMA_MINC_ENABLE
2026-05-19 18:44:10,709 [INFO] Argument:325 - Argument : PeriphDataAlignmentvalue: DMA_PDATAALIGN_BYTE
2026-05-19 18:44:10,709 [INFO] Argument:335 - Argument : PeriphDataAlignmentvalue: DMA_PDATAALIGN_BYTE
2026-05-19 18:44:10,709 [INFO] Argument:325 - Argument : MemDataAlignmentvalue: DMA_MDATAALIGN_BYTE
2026-05-19 18:44:10,709 [INFO] Argument:335 - Argument : MemDataAlignmentvalue: DMA_MDATAALIGN_BYTE
2026-05-19 18:44:10,709 [INFO] Argument:325 - Argument : Modevalue: DMA_NORMAL
2026-05-19 18:44:10,709 [INFO] Argument:335 - Argument : Modevalue: DMA_NORMAL
2026-05-19 18:44:10,709 [INFO] Argument:325 - Argument : Priorityvalue: DMA_PRIORITY_LOW
2026-05-19 18:44:10,709 [INFO] Argument:335 - Argument : Priorityvalue: DMA_PRIORITY_LOW
2026-05-19 18:44:10,710 [INFO] Argument:325 - Argument : Lockvalue: null
2026-05-19 18:44:10,710 [INFO] Argument:335 - Argument : Lockvalue: null
2026-05-19 18:44:10,710 [INFO] Argument:325 - Argument : Statevalue: null
2026-05-19 18:44:10,710 [INFO] Argument:335 - Argument : Statevalue: null
2026-05-19 18:44:10,710 [INFO] Argument:325 - Argument : Parentvalue: null
2026-05-19 18:44:10,710 [INFO] Argument:335 - Argument : Parentvalue: null
2026-05-19 18:44:10,710 [INFO] Argument:325 - Argument : XferCpltCallbackvalue: null
2026-05-19 18:44:10,710 [INFO] Argument:335 - Argument : XferCpltCallbackvalue: null
2026-05-19 18:44:10,710 [INFO] Argument:325 - Argument : XferHalfCpltCallbackvalue: null
2026-05-19 18:44:10,710 [INFO] Argument:335 - Argument : XferHalfCpltCallbackvalue: null
2026-05-19 18:44:10,710 [INFO] Argument:325 - Argument : XferErrorCallbackvalue: null
2026-05-19 18:44:10,710 [INFO] Argument:335 - Argument : XferErrorCallbackvalue: null
2026-05-19 18:44:10,710 [INFO] Argument:325 - Argument : XferAbortCallbackvalue: null
2026-05-19 18:44:10,710 [INFO] Argument:335 - Argument : XferAbortCallbackvalue: null
2026-05-19 18:44:10,710 [INFO] Argument:325 - Argument : ErrorCodevalue: null
2026-05-19 18:44:10,710 [INFO] Argument:335 - Argument : ErrorCodevalue: null
2026-05-19 18:44:10,710 [INFO] Argument:325 - Argument : DmaBaseAddressvalue: null
2026-05-19 18:44:10,710 [INFO] Argument:335 - Argument : DmaBaseAddressvalue: null
2026-05-19 18:44:10,710 [INFO] Argument:325 - Argument : ChannelIndexvalue: null
2026-05-19 18:44:10,710 [INFO] Argument:335 - Argument : ChannelIndexvalue: null
2026-05-19 18:44:10,710 [INFO] Argument:325 - Argument : hdmavalue: null
2026-05-19 18:44:10,710 [INFO] Argument:327 - 	 sub Args: 
2026-05-19 18:44:10,710 [INFO] Argument:325 - Argument : Instancevalue: DMA1_Channel7
2026-05-19 18:44:10,710 [INFO] Argument:335 - Argument : Instancevalue: DMA1_Channel7
2026-05-19 18:44:10,710 [INFO] Argument:325 - Argument : Initvalue: null
2026-05-19 18:44:10,710 [INFO] Argument:327 - 	 sub Args: 
2026-05-19 18:44:10,710 [INFO] Argument:325 - Argument : Requestvalue: DMA_REQUEST_2
2026-05-19 18:44:10,710 [INFO] Argument:335 - Argument : Requestvalue: DMA_REQUEST_2
2026-05-19 18:44:10,710 [INFO] Argument:325 - Argument : Directionvalue: DMA_MEMORY_TO_PERIPH
2026-05-19 18:44:10,710 [INFO] Argument:335 - Argument : Directionvalue: DMA_MEMORY_TO_PERIPH
2026-05-19 18:44:10,710 [INFO] Argument:325 - Argument : PeriphIncvalue: DMA_PINC_DISABLE
2026-05-19 18:44:10,710 [INFO] Argument:335 - Argument : PeriphIncvalue: DMA_PINC_DISABLE
2026-05-19 18:44:10,710 [INFO] Argument:325 - Argument : MemIncvalue: DMA_MINC_ENABLE
2026-05-19 18:44:10,710 [INFO] Argument:335 - Argument : MemIncvalue: DMA_MINC_ENABLE
2026-05-19 18:44:10,711 [INFO] Argument:325 - Argument : PeriphDataAlignmentvalue: DMA_PDATAALIGN_BYTE
2026-05-19 18:44:10,711 [INFO] Argument:335 - Argument : PeriphDataAlignmentvalue: DMA_PDATAALIGN_BYTE
2026-05-19 18:44:10,711 [INFO] Argument:325 - Argument : MemDataAlignmentvalue: DMA_MDATAALIGN_BYTE
2026-05-19 18:44:10,711 [INFO] Argument:335 - Argument : MemDataAlignmentvalue: DMA_MDATAALIGN_BYTE
2026-05-19 18:44:10,711 [INFO] Argument:325 - Argument : Modevalue: DMA_NORMAL
2026-05-19 18:44:10,711 [INFO] Argument:335 - Argument : Modevalue: DMA_NORMAL
2026-05-19 18:44:10,711 [INFO] Argument:325 - Argument : Priorityvalue: DMA_PRIORITY_LOW
2026-05-19 18:44:10,711 [INFO] Argument:335 - Argument : Priorityvalue: DMA_PRIORITY_LOW
2026-05-19 18:44:10,711 [INFO] Argument:325 - Argument : Lockvalue: null
2026-05-19 18:44:10,711 [INFO] Argument:335 - Argument : Lockvalue: null
2026-05-19 18:44:10,711 [INFO] Argument:325 - Argument : Statevalue: null
2026-05-19 18:44:10,711 [INFO] Argument:335 - Argument : Statevalue: null
2026-05-19 18:44:10,711 [INFO] Argument:325 - Argument : Parentvalue: null
2026-05-19 18:44:10,711 [INFO] Argument:335 - Argument : Parentvalue: null
2026-05-19 18:44:10,711 [INFO] Argument:325 - Argument : XferCpltCallbackvalue: null
2026-05-19 18:44:10,711 [INFO] Argument:335 - Argument : XferCpltCallbackvalue: null
2026-05-19 18:44:10,711 [INFO] Argument:325 - Argument : XferHalfCpltCallbackvalue: null
2026-05-19 18:44:10,711 [INFO] Argument:335 - Argument : XferHalfCpltCallbackvalue: null
2026-05-19 18:44:10,711 [INFO] Argument:325 - Argument : XferErrorCallbackvalue: null
2026-05-19 18:44:10,711 [INFO] Argument:335 - Argument : XferErrorCallbackvalue: null
2026-05-19 18:44:10,711 [INFO] Argument:325 - Argument : XferAbortCallbackvalue: null
2026-05-19 18:44:10,711 [INFO] Argument:335 - Argument : XferAbortCallbackvalue: null
2026-05-19 18:44:10,711 [INFO] Argument:325 - Argument : ErrorCodevalue: null
2026-05-19 18:44:10,711 [INFO] Argument:335 - Argument : ErrorCodevalue: null
2026-05-19 18:44:10,711 [INFO] Argument:325 - Argument : DmaBaseAddressvalue: null
2026-05-19 18:44:10,711 [INFO] Argument:335 - Argument : DmaBaseAddressvalue: null
2026-05-19 18:44:10,711 [INFO] Argument:325 - Argument : ChannelIndexvalue: null
2026-05-19 18:44:10,711 [INFO] Argument:335 - Argument : ChannelIndexvalue: null
2026-05-19 18:44:10,711 [INFO] Argument:325 - Argument : pSyncConfigvalue: null
2026-05-19 18:44:10,712 [INFO] Argument:327 - 	 sub Args: 
2026-05-19 18:44:10,712 [INFO] Argument:325 - Argument : SyncSignalIDvalue: null
2026-05-19 18:44:10,712 [INFO] Argument:335 - Argument : SyncSignalIDvalue: null
2026-05-19 18:44:10,712 [INFO] Argument:325 - Argument : SyncPolarityvalue: null
2026-05-19 18:44:10,712 [INFO] Argument:335 - Argument : SyncPolarityvalue: null
2026-05-19 18:44:10,712 [INFO] Argument:325 - Argument : SyncEnablevalue: null
2026-05-19 18:44:10,712 [INFO] Argument:335 - Argument : SyncEnablevalue: null
2026-05-19 18:44:10,712 [INFO] Argument:325 - Argument : EventEnablevalue: null
2026-05-19 18:44:10,712 [INFO] Argument:335 - Argument : EventEnablevalue: null
2026-05-19 18:44:10,712 [INFO] Argument:325 - Argument : RequestNumbervalue: null
2026-05-19 18:44:10,712 [INFO] Argument:335 - Argument : RequestNumbervalue: null
2026-05-19 18:44:11,074 [INFO] CodeEngine:265 - oldGeneratedFile, C:\Users\azaki\Documents\GitHub\Project-Nephros\new_double_thermistor\double_thermistor\MXTmpFiles\license.tmp_save
2026-05-19 18:44:11,368 [INFO] CodeEngine:289 - Generated code: C:\Users\azaki\Documents\GitHub\Project-Nephros\new_double_thermistor\double_thermistor\MXTmpFiles\license.tmp
2026-05-19 18:44:11,426 [INFO] CodeEngine:265 - oldGeneratedFile, C:\Users\azaki\Documents\GitHub\Project-Nephros\new_double_thermistor\double_thermistor\MXTmpFiles\gpio.tmp_save
2026-05-19 18:44:11,602 [INFO] CodeEngine:289 - Generated code: C:\Users\azaki\Documents\GitHub\Project-Nephros\new_double_thermistor\double_thermistor\MXTmpFiles\gpio.tmp
2026-05-19 18:44:12,158 [INFO] CodeEngine:265 - oldGeneratedFile, C:\Users\azaki\Documents\GitHub\Project-Nephros\new_double_thermistor\double_thermistor\MXTmpFiles\dma.tmp_save
2026-05-19 18:44:12,273 [INFO] CodeEngine:289 - Generated code: C:\Users\azaki\Documents\GitHub\Project-Nephros\new_double_thermistor\double_thermistor\MXTmpFiles\dma.tmp
2026-05-19 18:44:12,279 [INFO] CodeEngine:265 - oldGeneratedFile, C:\Users\azaki\Documents\GitHub\Project-Nephros\new_double_thermistor\double_thermistor\MXTmpFiles\dma_GV.tmp_save
2026-05-19 18:44:12,398 [INFO] CodeEngine:289 - Generated code: C:\Users\azaki\Documents\GitHub\Project-Nephros\new_double_thermistor\double_thermistor\MXTmpFiles\dma_GV.tmp
2026-05-19 18:44:12,419 [INFO] CodeEngine:265 - oldGeneratedFile, C:\Users\azaki\Documents\GitHub\Project-Nephros\new_double_thermistor\double_thermistor\Core\Src\stm32l4xx_it.c_save
2026-05-19 18:44:12,720 [INFO] CodeEngine:289 - Generated code: C:\Users\azaki\Documents\GitHub\Project-Nephros\new_double_thermistor\double_thermistor\Core\Src\stm32l4xx_it.c
2026-05-19 18:44:12,731 [INFO] CodeEngine:265 - oldGeneratedFile, C:\Users\azaki\Documents\GitHub\Project-Nephros\new_double_thermistor\double_thermistor\Core\Inc\stm32l4xx_it.h_save
2026-05-19 18:44:12,896 [INFO] CodeEngine:289 - Generated code: C:\Users\azaki\Documents\GitHub\Project-Nephros\new_double_thermistor\double_thermistor\Core\Inc\stm32l4xx_it.h
2026-05-19 18:44:12,921 [INFO] CodeEngine:265 - oldGeneratedFile, C:\Users\azaki\Documents\GitHub\Project-Nephros\new_double_thermistor\double_thermistor\Core\Src\stm32l4xx_hal_msp.c_save
2026-05-19 18:44:13,159 [INFO] CodeEngine:289 - Generated code: C:\Users\azaki\Documents\GitHub\Project-Nephros\new_double_thermistor\double_thermistor\Core\Src\stm32l4xx_hal_msp.c
2026-05-19 18:44:13,166 [INFO] CodeEngine:265 - oldGeneratedFile, C:\Users\azaki\Documents\GitHub\Project-Nephros\new_double_thermistor\double_thermistor\MXTmpFiles\system.tmp_save
2026-05-19 18:44:13,237 [INFO] CodeEngine:289 - Generated code: C:\Users\azaki\Documents\GitHub\Project-Nephros\new_double_thermistor\double_thermistor\MXTmpFiles\system.tmp
2026-05-19 18:44:13,252 [INFO] CodeEngine:321 - oldGeneratedFile, C:\Users\azaki\Documents\GitHub\Project-Nephros\new_double_thermistor\double_thermistor\Core\Inc\stm32l4xx_hal_conf.h_save
2026-05-19 18:44:13,340 [INFO] CodeEngine:345 - Generated code: C:\Users\azaki\Documents\GitHub\Project-Nephros\new_double_thermistor\double_thermistor\Core\Inc\stm32l4xx_hal_conf.h
2026-05-19 18:44:13,371 [WARN] IPConfigManager:3811 - IP not found : TIM
2026-05-19 18:44:13,372 [WARN] CodeGenerator:4259 - IP not found : null
2026-05-19 18:44:13,383 [INFO] CodeEngine:265 - oldGeneratedFile, C:\Users\azaki\Documents\GitHub\Project-Nephros\new_double_thermistor\double_thermistor\Core\Inc\main.h_save
2026-05-19 18:44:13,490 [INFO] CodeEngine:289 - Generated code: C:\Users\azaki\Documents\GitHub\Project-Nephros\new_double_thermistor\double_thermistor\Core\Inc\main.h
2026-05-19 18:44:13,498 [INFO] CodeEngine:265 - oldGeneratedFile, C:\Users\azaki\Documents\GitHub\Project-Nephros\new_double_thermistor\double_thermistor\Core\Src\main.c_save
2026-05-19 18:44:13,630 [INFO] CodeEngine:289 - Generated code: C:\Users\azaki\Documents\GitHub\Project-Nephros\new_double_thermistor\double_thermistor\Core\Src\main.c
2026-05-19 18:44:13,971 [INFO] ProjectBuilder:3606 - Time for Copy HAL[1] : 205mS.
2026-05-19 18:44:13,977 [INFO] ProjectBuilder:5216 - Project Generator version: 4.7.0-B52
2026-05-19 18:44:14,049 [INFO] ConfigFileManager:1595 - The Die is : DIE435
2026-05-19 18:44:15,283 [INFO] ProjectBuilder:5496 - Time for Generating toolchain IDE Files: 1306mS.
2026-05-19 18:44:15,284 [INFO] ProjectBuilder:3463 - Time for Copy CMSIS : 0mS.
2026-05-19 18:44:15,290 [INFO] ProjectBuilder:3463 - Time for Copy CMSIS : 1mS.
2026-05-19 18:46:54,164 [ERROR] LogOutputStream:75 - [STDERR_REDIRECT] 
2026-05-19 18:46:54,167 [ERROR] LogOutputStream:75 - [STDERR_REDIRECT] 
