2026-05-18 22:34:43,825 [INFO] Activator:176 - 


2026-05-18 22:34:43,827 [INFO] Activator:177 - !SESSION log4j initialized
2026-05-18 22:34:46,247 [INFO] LogOutputStream:77 - [STDOUT_REDIRECT] 
2026-05-18 22:34:48,084 [INFO] ApplicationProperties:184 - Using Application install path: C:\ST\STM32CubeIDE_1.19.0\STM32CubeIDE\plugins\com.st.stm32cube.common.mx_6.15.0.202507011659
2026-05-18 22:34:48,104 [INFO] DbMcusXml:78 - Set database path to: C:\ST\STM32CubeIDE_1.19.0\STM32CubeIDE\plugins\com.st.stm32cube.common.mx_6.15.0.202507011659\\db\/mcu/
2026-05-18 22:34:48,104 [INFO] ApiDb:274 - Set plugin database path to: C:\ST\STM32CubeIDE_1.19.0\STM32CubeIDE\plugins\com.st.stm32cube.common.mx_6.15.0.202507011659\\db\/plugins/boardmanager/
2026-05-18 22:34:48,105 [WARN] ApiDb:259 - Overriding images path with different value:  => C:\ST\STM32CubeIDE_1.19.0\STM32CubeIDE\plugins\com.st.stm32cube.common.mx_6.15.0.202507011659\\db\/plugins/mcufinder/images/
2026-05-18 22:34:48,110 [INFO] ApiDb:250 - Set database path to: C:\Users\azaki\.stmcufinder\plugins\mcufinder//mcu/
2026-05-18 22:34:48,111 [INFO] DbMcusAds:125 - Set database path to: C:\Users\azaki\.stmcufinder\plugins\mcufinder//mcu/
2026-05-18 22:34:48,114 [INFO] CrossReferenceDbSqlite:203 - Set database path to: C:\Users\azaki\.stmcufinder\plugins\mcufinder//mcu/cs/
2026-05-18 22:34:48,218 [INFO] RulesReader:64 - Compatibility file has been processed (317 Rules)
2026-05-18 22:34:48,312 [INFO] DbMcusXml:78 - Set database path to: C:\ST\STM32CubeIDE_1.19.0\STM32CubeIDE\plugins\com.st.stm32cube.common.mx_6.15.0.202507011659\\db\/mcu/
2026-05-18 22:34:48,312 [INFO] ApiDb:274 - Set plugin database path to: C:\ST\STM32CubeIDE_1.19.0\STM32CubeIDE\plugins\com.st.stm32cube.common.mx_6.15.0.202507011659\\db\/plugins/boardmanager/
2026-05-18 22:34:48,312 [INFO] ApiDb:261 - Set plugin images path to: C:\ST\STM32CubeIDE_1.19.0\STM32CubeIDE\plugins\com.st.stm32cube.common.mx_6.15.0.202507011659\\db\/plugins/mcufinder/images/
2026-05-18 22:34:48,313 [WARN] DbFile:41 - Overriding database path with different value: C:\Users\azaki\.stmcufinder\plugins\mcufinder/ => C:\Users\azaki\.stmcufinder\plugins\mcufinder
2026-05-18 22:34:48,313 [INFO] ApiDb:250 - Set database path to: C:\Users\azaki\.stmcufinder\plugins\mcufinder//mcu/
2026-05-18 22:34:48,313 [WARN] DbFile:41 - Overriding database path with different value: C:\Users\azaki\.stmcufinder\plugins\mcufinder/ => C:\Users\azaki\.stmcufinder\plugins\mcufinder
2026-05-18 22:34:48,313 [INFO] DbMcusAds:125 - Set database path to: C:\Users\azaki\.stmcufinder\plugins\mcufinder//mcu/
2026-05-18 22:34:48,313 [WARN] DbFile:41 - Overriding database path with different value: C:\Users\azaki\.stmcufinder\plugins\mcufinder/ => C:\Users\azaki\.stmcufinder\plugins\mcufinder
2026-05-18 22:34:48,313 [WARN] DbFile:41 - Overriding database path with different value: C:\Users\azaki\.stmcufinder\plugins\mcufinder/ => C:\Users\azaki\.stmcufinder\plugins\mcufinder
2026-05-18 22:34:48,313 [INFO] CrossReferenceDbSqlite:203 - Set database path to: C:\Users\azaki\.stmcufinder\plugins\mcufinder//mcu/cs/
2026-05-18 22:34:48,375 [INFO] MainPanel:274 - HeapMemory: 268435456
2026-05-18 22:34:48,448 [INFO] DbMcusXml:78 - Set database path to: C:\ST\STM32CubeIDE_1.19.0\STM32CubeIDE\plugins\com.st.stm32cube.common.mx_6.15.0.202507011659\\db\/mcu/
2026-05-18 22:34:48,449 [INFO] ApiDb:274 - Set plugin database path to: C:\ST\STM32CubeIDE_1.19.0\STM32CubeIDE\plugins\com.st.stm32cube.common.mx_6.15.0.202507011659\\db\/plugins/boardmanager/
2026-05-18 22:34:48,449 [INFO] ApiDb:261 - Set plugin images path to: C:\ST\STM32CubeIDE_1.19.0\STM32CubeIDE\plugins\com.st.stm32cube.common.mx_6.15.0.202507011659\\db\/plugins/mcufinder/images/
2026-05-18 22:34:48,449 [WARN] DbFile:41 - Overriding database path with different value: C:\Users\azaki\.stmcufinder\plugins\mcufinder/ => C:\Users\azaki\.stmcufinder\plugins\mcufinder
2026-05-18 22:34:48,449 [INFO] ApiDb:250 - Set database path to: C:\Users\azaki\.stmcufinder\plugins\mcufinder//mcu/
2026-05-18 22:34:48,449 [WARN] DbFile:41 - Overriding database path with different value: C:\Users\azaki\.stmcufinder\plugins\mcufinder/ => C:\Users\azaki\.stmcufinder\plugins\mcufinder
2026-05-18 22:34:48,449 [INFO] DbMcusAds:125 - Set database path to: C:\Users\azaki\.stmcufinder\plugins\mcufinder//mcu/
2026-05-18 22:34:48,450 [WARN] DbFile:41 - Overriding database path with different value: C:\Users\azaki\.stmcufinder\plugins\mcufinder/ => C:\Users\azaki\.stmcufinder\plugins\mcufinder
2026-05-18 22:34:48,450 [WARN] DbFile:41 - Overriding database path with different value: C:\Users\azaki\.stmcufinder\plugins\mcufinder/ => C:\Users\azaki\.stmcufinder\plugins\mcufinder
2026-05-18 22:34:48,450 [INFO] CrossReferenceDbSqlite:203 - Set database path to: C:\Users\azaki\.stmcufinder\plugins\mcufinder//mcu/cs/
2026-05-18 22:34:48,466 [INFO] ApplicationProperties:184 - Using Application install path: C:\ST\STM32CubeIDE_1.19.0\STM32CubeIDE\plugins\com.st.stm32cube.common.mx_6.15.0.202507011659
2026-05-18 22:34:48,467 [INFO] PluginManage:196 - Search for loadable plugins [exclusion list=, ]
2026-05-18 22:34:48,468 [INFO] PluginManage:310 - Check plugin analytics
2026-05-18 22:34:48,680 [INFO] AnalyticsPlugin:253 - Accepted Software Licenses: 
2026-05-18 22:34:48,681 [INFO] AnalyticsPlugin:255 - Accepted CMSIS Pack Licenses: 
2026-05-18 22:34:48,681 [INFO] AnalyticsPlugin:257 - Accepted Firmware Licenses: FW.L4.1.18.0
2026-05-18 22:34:48,689 [INFO] PluginManage:359 - Loaded plugin analytics (category:tool,tabindex:-1)
2026-05-18 22:34:48,689 [INFO] PluginManage:310 - Check plugin cadmodel
2026-05-18 22:34:48,695 [INFO] CADModel:105 - Init CAD model plugin
2026-05-18 22:34:48,696 [INFO] PluginManage:359 - Loaded plugin cadmodel (category:power,tabindex:5)
2026-05-18 22:34:48,696 [INFO] PluginManage:310 - Check plugin clock
2026-05-18 22:34:48,709 [INFO] PluginManage:359 - Loaded plugin clock (category:base,tabindex:2)
2026-05-18 22:34:48,709 [INFO] PluginManage:310 - Check plugin ddr
2026-05-18 22:34:48,713 [INFO] PluginManage:359 - Loaded plugin ddr (category:tool,tabindex:6)
2026-05-18 22:34:48,715 [INFO] PluginManage:310 - Check plugin filemanager
2026-05-18 22:34:48,892 [INFO] PluginManage:359 - Loaded plugin filemanager (category:base,tabindex:10)
2026-05-18 22:34:48,892 [INFO] PluginManage:310 - Check plugin ipmanager
2026-05-18 22:34:48,898 [INFO] PluginManage:359 - Loaded plugin ipmanager (category:base,tabindex:5)
2026-05-18 22:34:48,900 [INFO] PluginManage:310 - Check plugin lpbam
2026-05-18 22:34:48,908 [INFO] PluginManage:359 - Loaded plugin lpbam (category:base,tabindex:0)
2026-05-18 22:34:48,908 [INFO] PluginManage:310 - Check plugin memorymap
2026-05-18 22:34:48,921 [INFO] PluginManage:359 - Loaded plugin memorymap (category:base,tabindex:4)
2026-05-18 22:34:48,921 [INFO] PluginManage:310 - Check plugin pinoutandconfiguration
2026-05-18 22:34:48,928 [INFO] PluginManage:359 - Loaded plugin pinoutandconfiguration (category:base,tabindex:1)
2026-05-18 22:34:48,928 [INFO] PluginManage:310 - Check plugin pinoutconfig
2026-05-18 22:34:49,010 [WARN] SupportedApi:132 - Cannot load RTOS API schema: s4s-elt-must-match.1: The content of 'definitions' must match (annotation?, (simpleType | complexType)?, (unique | key | keyref)*)). A problem was found starting at: attribute.
2026-05-18 22:34:49,122 [INFO] PluginManage:359 - Loaded plugin pinoutconfig (category:base,tabindex:0)
2026-05-18 22:34:49,122 [INFO] PluginManage:310 - Check plugin power
2026-05-18 22:34:49,128 [INFO] PluginManage:359 - Loaded plugin power (category:power,tabindex:4)
2026-05-18 22:34:49,128 [INFO] PluginManage:310 - Check plugin projectmanager
2026-05-18 22:34:49,148 [INFO] PluginManage:359 - Loaded plugin projectmanager (category:projectmanager,tabindex:4)
2026-05-18 22:34:49,148 [INFO] PluginManage:310 - Check plugin rif
2026-05-18 22:34:49,158 [INFO] PluginManage:359 - Loaded plugin rif (category:base,tabindex:3)
2026-05-18 22:34:49,158 [INFO] PluginManage:310 - Check plugin thirdparty
2026-05-18 22:34:49,284 [WARN] IntegrityCheckThread:84 - waiting for thirdparty lock release [integrity check]
2026-05-18 22:34:49,284 [INFO] PluginManage:359 - Loaded plugin thirdparty (category:base,tabindex:-1)
2026-05-18 22:34:49,284 [INFO] IntegrityCheckThread:86 - entering critical section [integrity check]
2026-05-18 22:34:49,284 [INFO] PluginManage:310 - Check plugin tools
2026-05-18 22:34:49,285 [INFO] ThirdPartyUpdaterWithRetryManager:70 - Updater plugin not ready yet. [1/15]
2026-05-18 22:34:49,287 [INFO] PluginManage:359 - Loaded plugin tools (category:base,tabindex:7)
2026-05-18 22:34:49,287 [INFO] PluginManage:310 - Check plugin tutovideos
2026-05-18 22:34:49,461 [INFO] PluginManage:359 - Loaded plugin tutovideos (category:base,tabindex:-1)
2026-05-18 22:34:49,461 [INFO] PluginManage:310 - Check plugin updater
2026-05-18 22:34:49,481 [INFO] PluginManage:359 - Loaded plugin updater (category:base,tabindex:12)
2026-05-18 22:34:49,482 [INFO] PluginManage:310 - Check plugin userauth
2026-05-18 22:34:49,485 [INFO] UserAuth:118 - Init User Auth plugin
2026-05-18 22:34:49,485 [INFO] PluginManage:359 - Loaded plugin userauth (category:base,tabindex:14)
2026-05-18 22:34:49,486 [INFO] PluginManage:283 - PluginManage : Loaded plugins [18]
2026-05-18 22:34:49,674 [INFO] PinOutPanel:1589 - setPackage(No Configuration,No Configuration)
2026-05-18 22:34:49,753 [INFO] CADModel:165 - CPN selected for project level
2026-05-18 22:34:49,753 [INFO] CADModel:114 - Register for checkConnection events
2026-05-18 22:34:49,769 [INFO] IPUIPlugin:80 - create IPUIPlugin
2026-05-18 22:34:49,769 [INFO] PluginManager:220 - loadIPPluginJar : add adc
2026-05-18 22:34:49,771 [INFO] IPUIPlugin:80 - create IPUIPlugin
2026-05-18 22:34:49,771 [INFO] PluginManager:220 - loadIPPluginJar : add aes
2026-05-18 22:34:49,774 [INFO] IPUIPlugin:80 - create IPUIPlugin
2026-05-18 22:34:49,774 [INFO] PluginManager:220 - loadIPPluginJar : add can
2026-05-18 22:34:49,776 [INFO] IPUIPlugin:80 - create IPUIPlugin
2026-05-18 22:34:49,776 [INFO] PluginManager:220 - loadIPPluginJar : add comp
2026-05-18 22:34:49,777 [INFO] IPUIPlugin:80 - create IPUIPlugin
2026-05-18 22:34:49,777 [INFO] PluginManager:220 - loadIPPluginJar : add cryp
2026-05-18 22:34:49,779 [INFO] IPUIPlugin:80 - create IPUIPlugin
2026-05-18 22:34:49,780 [INFO] PluginManager:220 - loadIPPluginJar : add ddr_ctrl_phy
2026-05-18 22:34:49,781 [INFO] IPUIPlugin:80 - create IPUIPlugin
2026-05-18 22:34:49,781 [INFO] PluginManager:220 - loadIPPluginJar : add dfsdm
2026-05-18 22:34:49,787 [INFO] IPUIPlugin:80 - create IPUIPlugin
2026-05-18 22:34:49,788 [INFO] PluginManager:220 - loadIPPluginJar : add dma
2026-05-18 22:34:49,790 [INFO] IPUIPlugin:80 - create IPUIPlugin
2026-05-18 22:34:49,791 [INFO] PluginManager:220 - loadIPPluginJar : add dma3
2026-05-18 22:34:49,793 [INFO] IPUIPlugin:80 - create IPUIPlugin
2026-05-18 22:34:49,793 [INFO] PluginManager:220 - loadIPPluginJar : add extmemmanager
2026-05-18 22:34:49,795 [INFO] IPUIPlugin:80 - create IPUIPlugin
2026-05-18 22:34:49,795 [INFO] PluginManager:220 - loadIPPluginJar : add fatfs
2026-05-18 22:34:49,799 [INFO] IPUIPlugin:80 - create IPUIPlugin
2026-05-18 22:34:49,799 [INFO] PluginManager:220 - loadIPPluginJar : add fmc
2026-05-18 22:34:49,807 [INFO] IPUIPlugin:80 - create IPUIPlugin
2026-05-18 22:34:49,807 [INFO] PluginManager:220 - loadIPPluginJar : add freertos
2026-05-18 22:34:49,808 [INFO] IPUIPlugin:80 - create IPUIPlugin
2026-05-18 22:34:49,808 [INFO] PluginManager:220 - loadIPPluginJar : add genericplugin
2026-05-18 22:34:49,810 [INFO] IPUIPlugin:80 - create IPUIPlugin
2026-05-18 22:34:49,810 [INFO] PluginManager:220 - loadIPPluginJar : add gfxmmu
2026-05-18 22:34:49,813 [INFO] IPUIPlugin:80 - create IPUIPlugin
2026-05-18 22:34:49,813 [INFO] PluginManager:220 - loadIPPluginJar : add gic
2026-05-18 22:34:49,817 [INFO] IPUIPlugin:80 - create IPUIPlugin
2026-05-18 22:34:49,817 [INFO] PluginManager:220 - loadIPPluginJar : add gpio
2026-05-18 22:34:49,819 [INFO] IPUIPlugin:80 - create IPUIPlugin
2026-05-18 22:34:49,819 [INFO] PluginManager:220 - loadIPPluginJar : add gtzc
2026-05-18 22:34:49,820 [INFO] IPUIPlugin:80 - create IPUIPlugin
2026-05-18 22:34:49,820 [INFO] PluginManager:220 - loadIPPluginJar : add hash
2026-05-18 22:34:49,822 [INFO] IPUIPlugin:80 - create IPUIPlugin
2026-05-18 22:34:49,822 [INFO] PluginManager:220 - loadIPPluginJar : add i2c
2026-05-18 22:34:49,824 [INFO] IPUIPlugin:80 - create IPUIPlugin
2026-05-18 22:34:49,825 [INFO] PluginManager:220 - loadIPPluginJar : add i2s
2026-05-18 22:34:49,827 [INFO] IPUIPlugin:80 - create IPUIPlugin
2026-05-18 22:34:49,828 [INFO] PluginManager:220 - loadIPPluginJar : add i3c
2026-05-18 22:34:49,831 [INFO] IPUIPlugin:80 - create IPUIPlugin
2026-05-18 22:34:49,831 [INFO] PluginManager:220 - loadIPPluginJar : add ipddr
2026-05-18 22:34:49,838 [INFO] IPUIPlugin:80 - create IPUIPlugin
2026-05-18 22:34:49,838 [INFO] PluginManager:220 - loadIPPluginJar : add linkedlist
2026-05-18 22:34:49,840 [INFO] IPUIPlugin:80 - create IPUIPlugin
2026-05-18 22:34:49,840 [INFO] PluginManager:220 - loadIPPluginJar : add lorawan
2026-05-18 22:34:49,841 [INFO] IPUIPlugin:80 - create IPUIPlugin
2026-05-18 22:34:49,841 [INFO] PluginManager:220 - loadIPPluginJar : add ltdc
2026-05-18 22:34:49,846 [INFO] IPUIPlugin:80 - create IPUIPlugin
2026-05-18 22:34:49,846 [INFO] PluginManager:220 - loadIPPluginJar : add mdma
2026-05-18 22:34:49,848 [INFO] IPUIPlugin:80 - create IPUIPlugin
2026-05-18 22:34:49,848 [INFO] PluginManager:220 - loadIPPluginJar : add nvic
2026-05-18 22:34:49,851 [INFO] IPUIPlugin:80 - create IPUIPlugin
2026-05-18 22:34:49,851 [INFO] PluginManager:220 - loadIPPluginJar : add opamp
2026-05-18 22:34:49,853 [INFO] IPUIPlugin:80 - create IPUIPlugin
2026-05-18 22:34:49,853 [INFO] PluginManager:220 - loadIPPluginJar : add openamp
2026-05-18 22:34:49,856 [INFO] IPUIPlugin:80 - create IPUIPlugin
2026-05-18 22:34:49,856 [INFO] PluginManager:220 - loadIPPluginJar : add pdm2pcm
2026-05-18 22:34:49,860 [INFO] IPUIPlugin:80 - create IPUIPlugin
2026-05-18 22:34:49,862 [INFO] PluginManager:220 - loadIPPluginJar : add plateformsettings
2026-05-18 22:34:49,863 [INFO] IPUIPlugin:80 - create IPUIPlugin
2026-05-18 22:34:49,863 [INFO] PluginManager:220 - loadIPPluginJar : add quadspi
2026-05-18 22:34:49,865 [INFO] IPUIPlugin:80 - create IPUIPlugin
2026-05-18 22:34:49,866 [INFO] PluginManager:220 - loadIPPluginJar : add radio
2026-05-18 22:34:49,869 [INFO] IPUIPlugin:80 - create IPUIPlugin
2026-05-18 22:34:49,869 [INFO] PluginManager:220 - loadIPPluginJar : add resmgrutility
2026-05-18 22:34:49,871 [INFO] IPUIPlugin:80 - create IPUIPlugin
2026-05-18 22:34:49,871 [INFO] PluginManager:220 - loadIPPluginJar : add sai
2026-05-18 22:34:49,873 [INFO] IPUIPlugin:80 - create IPUIPlugin
2026-05-18 22:34:49,873 [INFO] PluginManager:220 - loadIPPluginJar : add spi
2026-05-18 22:34:49,879 [INFO] IPUIPlugin:80 - create IPUIPlugin
2026-05-18 22:34:49,879 [INFO] PluginManager:220 - loadIPPluginJar : add stm32_wpan
2026-05-18 22:34:49,880 [INFO] IPUIPlugin:80 - create IPUIPlugin
2026-05-18 22:34:49,880 [INFO] PluginManager:220 - loadIPPluginJar : add tim
2026-05-18 22:34:49,883 [INFO] IPUIPlugin:80 - create IPUIPlugin
2026-05-18 22:34:49,883 [INFO] PluginManager:220 - loadIPPluginJar : add touchsensing
2026-05-18 22:34:49,885 [INFO] IPUIPlugin:80 - create IPUIPlugin
2026-05-18 22:34:49,885 [INFO] PluginManager:220 - loadIPPluginJar : add tracer_emb
2026-05-18 22:34:49,886 [INFO] IPUIPlugin:80 - create IPUIPlugin
2026-05-18 22:34:49,886 [INFO] PluginManager:220 - loadIPPluginJar : add ts
2026-05-18 22:34:49,887 [INFO] IPUIPlugin:80 - create IPUIPlugin
2026-05-18 22:34:49,887 [INFO] PluginManager:220 - loadIPPluginJar : add tsc
2026-05-18 22:34:49,889 [INFO] IPUIPlugin:80 - create IPUIPlugin
2026-05-18 22:34:49,889 [INFO] PluginManager:220 - loadIPPluginJar : add ucpd
2026-05-18 22:34:49,891 [INFO] IPUIPlugin:80 - create IPUIPlugin
2026-05-18 22:34:49,891 [INFO] PluginManager:220 - loadIPPluginJar : add usart
2026-05-18 22:34:49,894 [INFO] IPUIPlugin:80 - create IPUIPlugin
2026-05-18 22:34:49,894 [INFO] PluginManager:220 - loadIPPluginJar : add usbx
2026-05-18 22:34:50,018 [FATAL] Updater:351 - Updater called before beeing initialized
2026-05-18 22:34:50,052 [INFO] RulesReader:64 - Compatibility file has been processed (317 Rules)
2026-05-18 22:34:50,071 [INFO] RulesReader:64 - Compatibility file has been processed (317 Rules)
2026-05-18 22:34:50,083 [INFO] CADModel:165 - CPN selected for project level
2026-05-18 22:34:50,083 [INFO] CADModel:114 - Register for checkConnection events
2026-05-18 22:34:50,083 [FATAL] Updater:351 - Updater called before beeing initialized
2026-05-18 22:34:50,083 [ERROR] CADModel:125 - Updater not yet initialized, retry later 
2026-05-18 22:34:50,216 [FATAL] Updater:351 - Updater called before beeing initialized
2026-05-18 22:34:50,218 [INFO] CADModel:165 - CPN selected for project level
2026-05-18 22:34:50,218 [INFO] CADModel:114 - Register for checkConnection events
2026-05-18 22:34:50,218 [FATAL] Updater:351 - Updater called before beeing initialized
2026-05-18 22:34:50,218 [ERROR] CADModel:125 - Updater not yet initialized, retry later 
2026-05-18 22:34:50,221 [FATAL] Updater:351 - Updater called before beeing initialized
2026-05-18 22:34:50,350 [FATAL] Updater:351 - Updater called before beeing initialized
2026-05-18 22:34:50,355 [INFO] DbMcusAds:53 - JSON generation date=Mon Apr 27 18:14:29 AEST 2026 (1777277669683)
2026-05-18 22:34:50,355 [FATAL] Updater:351 - Updater called before beeing initialized
2026-05-18 22:34:50,397 [WARN] DetailPanel:346 - Failed to get advertising image, set to default
2026-05-18 22:34:50,481 [FATAL] Updater:351 - Updater called before beeing initialized
2026-05-18 22:34:50,484 [FATAL] Updater:351 - Updater called before beeing initialized
2026-05-18 22:34:50,485 [FATAL] Updater:351 - Updater called before beeing initialized
2026-05-18 22:34:50,485 [WARN] DetailPanel:346 - Failed to get advertising image, set to default
2026-05-18 22:34:50,486 [FATAL] Updater:351 - Updater called before beeing initialized
2026-05-18 22:34:50,529 [ERROR] Updater:1198 - MainUpdater not yet initialized. External WinMGr cannot be set.
2026-05-18 22:34:50,531 [INFO] Updater:1134 - Updater Version found : 6.15.0
2026-05-18 22:34:50,548 [INFO] ApplicationProperties:184 - Using Application install path: C:\ST\STM32CubeIDE_1.19.0\STM32CubeIDE\plugins\com.st.stm32cube.common.mx_6.15.0.202507011659
2026-05-18 22:34:51,082 [INFO] McuFinderGlobals:63 - Set McuFinder mode to 2 (CubeIDE integrated)
2026-05-18 22:34:52,123 [ERROR] LogOutputStream:75 - [STDERR_REDIRECT] May 18, 2026 10:34:52 PM java.util.prefs.WindowsPreferences <init>
2026-05-18 22:34:52,125 [ERROR] LogOutputStream:75 - [STDERR_REDIRECT] WARNING: Could not open/create prefs root node Software\JavaSoft\Prefs at root 0xffffffff80000002. Windows RegCreateKeyEx(...) returned error code 5.
2026-05-18 22:34:52,126 [ERROR] LogOutputStream:75 - [STDERR_REDIRECT] 
2026-05-18 22:34:52,286 [INFO] ThirdPartyUpdaterWithRetryManager:70 - Updater plugin not ready yet. [2/15]
2026-05-18 22:34:52,571 [INFO] MainUpdater:2872 - connection check result : 10
2026-05-18 22:34:52,573 [INFO] MainUpdater:289 - Updater Check For Update Now.
2026-05-18 22:34:52,573 [INFO] MicroXplorer:498 - Change Database Version : DB.6.0.150
2026-05-18 22:34:52,587 [INFO] McuFinderGlobals:63 - Set McuFinder mode to 2 (CubeIDE integrated)
2026-05-18 22:34:52,588 [INFO] UserAuth:487 - Internet connection configuration mode: 1
2026-05-18 22:34:52,633 [INFO] JxBrowserEngine:152 - Initiate JxBrowser Engine with user profile folder
2026-05-18 22:34:52,757 [INFO] CheckServerUpdateThread:120 - End of CheckServer Thread
2026-05-18 22:34:52,796 [INFO] MainUpdater:2872 - connection check result : 10
2026-05-18 22:34:52,799 [INFO] McuFinderGlobals:76 - Set McuFinderConnectedMode to true
2026-05-18 22:34:52,969 [INFO] ServerAccessManage:452 - Complete download http(s) 200
2026-05-18 22:34:52,970 [INFO] ServerAccessManage:509 - Download File mcusAds.json._tmp_
2026-05-18 22:34:53,082 [INFO] LoadUrlFilesThread:156 - End of LoadUrlFiles Thread
2026-05-18 22:34:53,252 [INFO] ServerAccessManage:452 - Complete download http(s) 200
2026-05-18 22:34:53,253 [INFO] ServerAccessManage:509 - Download File cube-finder-db.zip
2026-05-18 22:34:53,469 [INFO] WebApp:169 - Instantiating new browser for Auth
2026-05-18 22:34:54,169 [INFO] WebApp:463 - Apply proxy settings
2026-05-18 22:34:54,169 [INFO] WebApp:548 - Chromium requires no authentication
2026-05-18 22:34:54,178 [INFO] WebApp:491 - Direct internet connection detected
2026-05-18 22:34:54,213 [INFO] WebApp:900 - Register for checkConnection events
2026-05-18 22:34:54,213 [INFO] WebApp:463 - Apply proxy settings
2026-05-18 22:34:54,214 [INFO] WebApp:548 - Chromium requires no authentication
2026-05-18 22:34:54,214 [INFO] WebApp:491 - Direct internet connection detected
2026-05-18 22:34:54,398 [INFO] WebApp:225 - Starting web application
2026-05-18 22:34:54,399 [INFO] WebApp:593 - Web application path used C:\ST\STM32CubeIDE_1.19.0\STM32CubeIDE\plugins\com.st.stm32cube.common.mx_6.15.0.202507011659\db\plugins\mcufinder\reactClient1\index.html
2026-05-18 22:34:54,490 [INFO] UserAuth:487 - Internet connection configuration mode: 1
2026-05-18 22:34:54,891 [INFO] WebApp:191 - Connection restablished
2026-05-18 22:34:55,287 [WARN] MainUpdater:1193 - Updater busy. Cannot search thirdparties
2026-05-18 22:34:55,288 [INFO] ThirdPartyUpdaterWithRetryManager:96 - Updater plugin is busy. [1/15]
2026-05-18 22:34:55,670 [INFO] FileExtend:248 - Unzip File : cube-finder-db.zip
2026-05-18 22:34:55,670 [INFO] FileExtend:263 - Standard Zip Deflate
2026-05-18 22:34:56,918 [INFO] LoadUrlFilesThread:156 - End of LoadUrlFiles Thread
2026-05-18 22:34:58,290 [WARN] MainUpdater:1193 - Updater busy. Cannot search thirdparties
2026-05-18 22:34:58,290 [INFO] ThirdPartyUpdaterWithRetryManager:96 - Updater plugin is busy. [2/15]
2026-05-18 22:34:58,729 [INFO] ServerAccessManage:452 - Complete download http(s) 200
2026-05-18 22:34:58,730 [INFO] ServerAccessManage:509 - Download File crdb.zip
2026-05-18 22:35:00,349 [INFO] FileExtend:248 - Unzip File : crdb.zip
2026-05-18 22:35:00,350 [INFO] FileExtend:263 - Standard Zip Deflate
2026-05-18 22:35:00,497 [INFO] LoadUrlFilesThread:156 - End of LoadUrlFiles Thread
2026-05-18 22:35:00,660 [INFO] ServerAccessManage:452 - Complete download http(s) 200
2026-05-18 22:35:00,661 [INFO] ServerAccessManage:509 - Download File tutoVideoDB.zip
2026-05-18 22:35:00,682 [INFO] FileExtend:248 - Unzip File : tutoVideoDB.zip
2026-05-18 22:35:00,682 [INFO] FileExtend:263 - Standard Zip Deflate
2026-05-18 22:35:00,789 [INFO] LoadUrlFilesThread:156 - End of LoadUrlFiles Thread
2026-05-18 22:35:00,791 [WARN] DbFile:41 - Overriding database path with different value: C:\Users\azaki\.stmcufinder\plugins\mcufinder/ => C:\Users\azaki\.stmcufinder\plugins\mcufinder
2026-05-18 22:35:01,292 [WARN] MainUpdater:1193 - Updater busy. Cannot search thirdparties
2026-05-18 22:35:01,293 [INFO] ThirdPartyUpdaterWithRetryManager:96 - Updater plugin is busy. [3/15]
2026-05-18 22:35:01,735 [ERROR] ServerAccessManage:1212 - Problem, file not found on Server
2026-05-18 22:35:01,738 [ERROR] ServerAccessManage:740 - Problem, file not found on Server : api_config.json.
2026-05-18 22:35:04,294 [WARN] MainUpdater:1193 - Updater busy. Cannot search thirdparties
2026-05-18 22:35:04,294 [INFO] ThirdPartyUpdaterWithRetryManager:96 - Updater plugin is busy. [4/15]
2026-05-18 22:35:07,067 [INFO] LoadUrlFilesThread:156 - End of LoadUrlFiles Thread
2026-05-18 22:35:07,587 [WARN] PackLoader:240 - Cannot read IP mode file for STMicroelectronics.X-CUBE-AZRTOS-H7.3.5.0
2026-05-18 22:35:07,604 [WARN] PackLoader:240 - Cannot read IP mode file for STMicroelectronics.FP-SNS-MOTENVWB1.1.4.0
2026-05-18 22:35:07,612 [WARN] PackLoader:240 - Cannot read IP mode file for STMicroelectronics.FP-ATR-ASTRA1.2.0.2
2026-05-18 22:35:07,625 [WARN] PackLoader:240 - Cannot read IP mode file for STMicroelectronics.X-CUBE-SMBUS.2.1.0
2026-05-18 22:35:07,636 [WARN] PackLoader:240 - Cannot read IP mode file for STMicroelectronics.X-CUBE-WB05N.1.1.0
2026-05-18 22:35:07,659 [WARN] PackLoader:240 - Cannot read IP mode file for STMicroelectronics.X-CUBE-AZRTOS-F7.1.1.0
2026-05-18 22:35:07,669 [WARN] PackLoader:240 - Cannot read IP mode file for STMicroelectronics.FP-SNS-MOTENV1.5.1.0
2026-05-18 22:35:07,690 [WARN] PackLoader:240 - Cannot read IP mode file for Infineon.AIROC-Wi-Fi-Bluetooth-STM32.1.7.0
2026-05-18 22:35:07,703 [WARN] PackLoader:240 - Cannot read IP mode file for STMicroelectronics.X-CUBE-DISPLAY.3.0.0
2026-05-18 22:35:07,712 [WARN] PackLoader:240 - Cannot read IP mode file for STMicroelectronics.X-CUBE-GNSS1.7.1.1
2026-05-18 22:35:07,716 [WARN] PackLoader:240 - Cannot read IP mode file for STMicroelectronics.FP-SNS-MOTENVWB1.1.5.0
2026-05-18 22:35:07,721 [WARN] PackLoader:240 - Cannot read IP mode file for STMicroelectronics.X-CUBE-NFC10.1.0.0
2026-05-18 22:35:07,730 [WARN] PackLoader:240 - Cannot read IP mode file for STMicroelectronics.X-CUBE-BLEMGR.4.0.0
2026-05-18 22:35:07,736 [WARN] PackLoader:240 - Cannot read IP mode file for STMicroelectronics.X-CUBE-ST60.1.1.0
2026-05-18 22:35:07,742 [WARN] PackLoader:240 - Cannot read IP mode file for emotas.I-CUBE-CANOPEN.1.3.0
2026-05-18 22:35:07,746 [WARN] PackLoader:240 - Cannot read IP mode file for STMicroelectronics.X-CUBE-GNSS1.7.1.0
2026-05-18 22:35:07,751 [WARN] ConditionMgr:438 - getConditionDescription Invalid condition id : Cortex-A Device cause : null
2026-05-18 22:35:07,764 [WARN] ConditionMgr:1044 - genDependencies : Invalid condition id : Cortex-A Device cause : null
2026-05-18 22:35:07,764 [WARN] ConditionMgr:1044 - genDependencies : Invalid condition id : Cortex-A Device cause : null
2026-05-18 22:35:07,764 [WARN] ConditionMgr:1044 - genDependencies : Invalid condition id : Cortex-A Device cause : null
2026-05-18 22:35:07,767 [WARN] PackLoader:240 - Cannot read IP mode file for STMicroelectronics.X-CUBE-AI.10.0.0
2026-05-18 22:35:07,772 [WARN] PackLoader:240 - Cannot read IP mode file for STMicroelectronics.FP-SNS-STBOX1.2.1.0
2026-05-18 22:35:07,777 [WARN] PackLoader:240 - Cannot read IP mode file for STMicroelectronics.FP-SNS-SMARTAG2.1.2.0
2026-05-18 22:35:07,782 [WARN] PackLoader:240 - Cannot read IP mode file for STMicroelectronics.FP-SNS-FLIGHT1.5.1.0
2026-05-18 22:35:07,810 [WARN] PackLoader:240 - Cannot read IP mode file for STMicroelectronics.X-CUBE-MEMS1.11.1.0
2026-05-18 22:35:07,898 [INFO] LogOutputStream:77 - [STDOUT_REDIRECT] 1 : Invalid condition id : UX_CORESTACK_Condition cause : null
2026-05-18 22:35:07,900 [INFO] LogOutputStream:77 - [STDOUT_REDIRECT] 1 : Invalid condition id : UX_CORESTACK_Condition cause : null
2026-05-18 22:35:07,901 [INFO] LogOutputStream:77 - [STDOUT_REDIRECT] 1 : Invalid condition id : UX_CORESTACK_Condition cause : null
2026-05-18 22:35:07,903 [INFO] LogOutputStream:77 - [STDOUT_REDIRECT] 1 : Invalid condition id : UX_CORESTACK_Condition cause : null
2026-05-18 22:35:07,904 [INFO] LogOutputStream:77 - [STDOUT_REDIRECT] 1 : Invalid condition id : UX_CORESTACK_Condition cause : null
2026-05-18 22:35:07,905 [WARN] PackLoader:240 - Cannot read IP mode file for STMicroelectronics.X-CUBE-AZRTOS-WL.2.0.0
2026-05-18 22:35:07,909 [WARN] PackLoader:240 - Cannot read IP mode file for STMicroelectronics.FP-SNS-MOTENV1.5.0.0
2026-05-18 22:35:07,921 [WARN] PackLoader:240 - Cannot read IP mode file for STMicroelectronics.X-CUBE-AZRTOS-H7RS.1.2.0
2026-05-18 22:35:07,931 [WARN] PackLoader:240 - Cannot read IP mode file for WES.I-CUBE-Cesium.1.3.0
2026-05-18 22:35:07,935 [WARN] PackLoader:240 - Cannot read IP mode file for STMicroelectronics.X-CUBE-BLE2.3.3.0
2026-05-18 22:35:07,950 [WARN] PackLoader:240 - Cannot read IP mode file for STMicroelectronics.X-CUBE-NFC9.1.0.0
2026-05-18 22:35:07,955 [WARN] PackLoader:240 - Cannot read IP mode file for STMicroelectronics.X-CUBE-BLE1.7.1.0
2026-05-18 22:35:07,958 [WARN] PackLoader:240 - Cannot read IP mode file for wolfSSL.I-CUBE-wolfMQTT.1.19.2
2026-05-18 22:35:07,962 [WARN] PackLoader:240 - Cannot read IP mode file for STMicroelectronics.X-CUBE-EEPRMA1.5.2.0
2026-05-18 22:35:07,967 [WARN] PackLoader:240 - Cannot read IP mode file for STMicroelectronics.FP-SNS-STAIOTCFT.1.1.0
2026-05-18 22:35:07,991 [WARN] PackLoader:240 - Cannot read IP mode file for STMicroelectronics.X-CUBE-MEMS1.12.0.0
2026-05-18 22:35:08,064 [WARN] PackLoader:240 - Cannot read IP mode file for STMicroelectronics.X-CUBE-MEMS1.11.2.0
2026-05-18 22:35:08,141 [WARN] PackLoader:240 - Cannot read IP mode file for STMicroelectronics.X-CUBE-AZRTOS-G0.1.1.0
2026-05-18 22:35:08,151 [WARN] PackLoader:240 - Cannot read IP mode file for STMicroelectronics.X-CUBE-SAFEA1.1.2.2
2026-05-18 22:35:08,156 [WARN] PackLoader:240 - Cannot read IP mode file for STMicroelectronics.X-CUBE-NFC4.3.0.0
2026-05-18 22:35:08,164 [WARN] PackLoader:240 - Cannot read IP mode file for EmbeddedOffice.I-CUBE-FS-RTOS.1.0.1
2026-05-18 22:35:08,168 [WARN] PackLoader:240 - Cannot read IP mode file for STMicroelectronics.X-CUBE-WB05N.2.0.0
2026-05-18 22:35:08,173 [WARN] PackLoader:240 - Cannot read IP mode file for wolfSSL.I-CUBE-wolfTPM.3.8.0
2026-05-18 22:35:08,178 [WARN] PackLoader:240 - Cannot read IP mode file for STMicroelectronics.X-CUBE-TCPP.4.2.0
2026-05-18 22:35:08,181 [WARN] PackLoader:240 - Cannot read IP mode file for RealThread.X-CUBE-RT-Thread_Nano.4.1.1
2026-05-18 22:35:08,185 [WARN] PackLoader:240 - Cannot read IP mode file for STMicroelectronics.FP-ATR-SIGFOX1.3.2.0
2026-05-18 22:35:08,188 [WARN] PackLoader:240 - Cannot read IP mode file for STMicroelectronics.X-CUBE-EEPRMA1.5.1.0
2026-05-18 22:35:08,194 [WARN] PackLoader:240 - Cannot read IP mode file for STMicroelectronics.X-CUBE-FREERTOS.1.5.0
2026-05-18 22:35:08,201 [WARN] PackLoader:240 - Cannot read IP mode file for wolfSSL.I-CUBE-wolfSSL.5.7.6
2026-05-18 22:35:08,211 [WARN] PackLoader:240 - Cannot read IP mode file for ITTIA_DB.I-CUBE-ITTIADB.8.9.0
2026-05-18 22:35:08,217 [WARN] PackLoader:240 - Cannot read IP mode file for STMicroelectronics.X-CUBE-NFC6.3.2.0
2026-05-18 22:35:08,220 [INFO] DbMcusAds:53 - JSON generation date=Mon Apr 27 18:14:29 AEST 2026 (1777277669683)
2026-05-18 22:35:08,226 [WARN] PackLoader:240 - Cannot read IP mode file for STMicroelectronics.X-CUBE-AI.10.2.0
2026-05-18 22:35:08,255 [ERROR] TargetSelectorAdapter:267 - Unable to refresh data
2026-05-18 22:35:08,267 [WARN] PackLoader:240 - Cannot read IP mode file for STMicroelectronics.X-CUBE-MEMS1.12.1.0
2026-05-18 22:35:08,354 [WARN] PackLoader:240 - Cannot read IP mode file for SEGGER.I-CUBE-embOS.1.3.1
2026-05-18 22:35:08,382 [WARN] PackLoader:240 - Cannot read IP mode file for STMicroelectronics.X-CUBE-ALGOBUILD.1.4.0
2026-05-18 22:35:08,389 [WARN] PackLoader:240 - Cannot read IP mode file for STMicroelectronics.X-CUBE-PM33A1.1.0.0
2026-05-18 22:35:08,399 [WARN] PackLoader:240 - Cannot read IP mode file for STMicroelectronics.X-CUBE-AZRTOS-F4.1.1.0
2026-05-18 22:35:08,406 [WARN] PackLoader:240 - Cannot read IP mode file for Avnet-IotConnect.X-CUBE-IoTC-DA16k-PMOD.1.0.0
2026-05-18 22:35:08,414 [WARN] PackLoader:240 - Cannot read IP mode file for STMicroelectronics.X-CUBE-ISPU.2.1.0
2026-05-18 22:35:08,422 [WARN] PackLoader:240 - Cannot read IP mode file for STMicroelectronics.X-CUBE-IPS.3.2.0
2026-05-18 22:35:08,429 [WARN] PackLoader:240 - Cannot read IP mode file for STMicroelectronics.eDS-WB_DPC_TT-BIDIR.2.1.1
2026-05-18 22:35:08,435 [WARN] PackLoader:240 - Cannot read IP mode file for STMicroelectronics.X-CUBE-NFC12.1.0.0
2026-05-18 22:35:08,447 [WARN] PackLoader:240 - Cannot read IP mode file for STMicroelectronics.X-CUBE-AZRTOS-L5.2.0.0
2026-05-18 22:35:08,454 [WARN] PackLoader:240 - Cannot read IP mode file for STMicroelectronics.X-CUBE-NFC6.3.1.0
2026-05-18 22:35:08,460 [WARN] PackLoader:240 - Cannot read IP mode file for STMicroelectronics.X-CUBE-DPower.1.2.0
2026-05-18 22:35:08,465 [WARN] PackLoader:240 - Cannot read IP mode file for STMicroelectronics.eDS-WB_DPC_VIENNA.1.2.0
2026-05-18 22:35:08,469 [WARN] PackLoader:240 - Cannot read IP mode file for STMicroelectronics.eDS-WB_DPC_3PH2L-BIDIR.1.1.1
2026-05-18 22:35:08,475 [ERROR] Engine:466 - C:\Users\azaki\.stm32cubemx\thirdparties\pdsc\STMicroelectronics.X-CUBE-ST67W61.1.3.0.pdsc: PDSC version is not supported
2026-05-18 22:35:08,480 [WARN] PackLoader:240 - Cannot read IP mode file for STMicroelectronics.X-CUBE-FREERTOS.1.3.0
2026-05-18 22:35:08,485 [WARN] PackLoader:240 - Cannot read IP mode file for STMicroelectronics.X-CUBE-NFC7.1.0.1
2026-05-18 22:35:08,496 [WARN] PackLoader:240 - Cannot read IP mode file for STMicroelectronics.X-CUBE-TOUCHGFX.4.26.1
2026-05-18 22:35:08,500 [WARN] PackLoader:240 - Cannot read IP mode file for STMicroelectronics.FP-SNS-STAIOTCFT.1.0.0
2026-05-18 22:35:08,503 [WARN] PackLoader:240 - Cannot read IP mode file for STMicroelectronics.X-CUBE-DPower.1.3.0
2026-05-18 22:35:08,521 [WARN] ConditionMgr:438 - getConditionDescription Invalid condition id : LAN8742 Phy interface Condition cause : null
2026-05-18 22:35:08,522 [WARN] PackLoader:240 - Cannot read IP mode file for STMicroelectronics.X-CUBE-AZRTOS-L4.2.0.0
2026-05-18 22:35:08,523 [WARN] ConditionMgr:1044 - genDependencies : Invalid condition id : LAN8742 Phy interface Condition cause : null
2026-05-18 22:35:08,523 [WARN] ConditionMgr:1044 - genDependencies : Invalid condition id : LAN8742 Phy interface Condition cause : null
2026-05-18 22:35:08,523 [WARN] ConditionMgr:1044 - genDependencies : Invalid condition id : LAN8742 Phy interface Condition cause : null
2026-05-18 22:35:08,534 [WARN] PackLoader:240 - Cannot read IP mode file for STMicroelectronics.X-CUBE-SFXS2LP1.4.0.0
2026-05-18 22:35:08,540 [WARN] PackLoader:240 - Cannot read IP mode file for STMicroelectronics.X-CUBE-WB05N.2.1.0
2026-05-18 22:35:08,546 [WARN] PackLoader:240 - Cannot read IP mode file for STMicroelectronics.X-CUBE-ST67W61.1.2.0
2026-05-18 22:35:08,558 [WARN] PackLoader:240 - Cannot read IP mode file for STMicroelectronics.X-CUBE-AZRTOS-H7.3.3.0
2026-05-18 22:35:08,566 [WARN] PackLoader:240 - Cannot read IP mode file for STMicroelectronics.X-CUBE-BLEMGR.4.1.0
2026-05-18 22:35:08,577 [WARN] ConditionMgr:438 - getConditionDescription Invalid condition id : UX DEVICE CLASS RTOS Condition cause : null
2026-05-18 22:35:08,577 [WARN] ConditionMgr:438 - getConditionDescription Invalid condition id : UX DEVICE CLASS RTOS Condition cause : null
2026-05-18 22:35:08,579 [WARN] PackLoader:240 - Cannot read IP mode file for STMicroelectronics.X-CUBE-AZRTOS-WB.2.0.0
2026-05-18 22:35:08,580 [WARN] ConditionMgr:1044 - genDependencies : Invalid condition id : UX DEVICE CLASS RTOS Condition cause : null
2026-05-18 22:35:08,580 [WARN] ConditionMgr:1044 - genDependencies : Invalid condition id : UX DEVICE CLASS RTOS Condition cause : null
2026-05-18 22:35:08,580 [WARN] ConditionMgr:1044 - genDependencies : Invalid condition id : UX DEVICE CLASS RTOS Condition cause : null
2026-05-18 22:35:08,581 [WARN] ConditionMgr:1044 - genDependencies : Invalid condition id : UX DEVICE CLASS RTOS Condition cause : null
2026-05-18 22:35:08,581 [WARN] ConditionMgr:1044 - genDependencies : Invalid condition id : UX DEVICE CLASS RTOS Condition cause : null
2026-05-18 22:35:08,586 [WARN] PackLoader:240 - Cannot read IP mode file for STMicroelectronics.X-CUBE-GNSS1.7.0.1
2026-05-18 22:35:08,591 [WARN] PackLoader:240 - Cannot read IP mode file for STMicroelectronics.X-CUBE-TOUCHGFX.4.25.0
2026-05-18 22:35:08,596 [WARN] PackLoader:240 - Cannot read IP mode file for STMicroelectronics.FP-SNS-STBOX1.2.0.0
2026-05-18 22:35:08,601 [WARN] PackLoader:240 - Cannot read IP mode file for STMicroelectronics.X-CUBE-STSE01.2.0.0
2026-05-18 22:35:08,608 [WARN] PackLoader:240 - Cannot read IP mode file for STMicroelectronics.X-CUBE-SUBG2.5.0.0
2026-05-18 22:35:08,624 [WARN] PackLoader:240 - Cannot read IP mode file for STMicroelectronics.X-CUBE-AZRTOS-H7RS.1.1.0
2026-05-18 22:35:08,633 [WARN] PackLoader:240 - Cannot read IP mode file for Cesanta.I-CUBE-Mongoose.7.13.0
2026-05-18 22:35:08,645 [WARN] PackLoader:240 - Cannot read IP mode file for STMicroelectronics.X-CUBE-AZRTOS-G4.2.0.0
2026-05-18 22:35:08,650 [WARN] PackLoader:240 - Cannot read IP mode file for wolfSSL.I-CUBE-wolfSSH.1.4.20
2026-05-18 22:35:08,654 [WARN] PackLoader:240 - Cannot read IP mode file for STMicroelectronics.X-CUBE-NFC7.2.0.0
2026-05-18 22:35:08,661 [WARN] PackLoader:240 - Cannot read IP mode file for STMicroelectronics.X-CUBE-IPS.3.1.0
2026-05-18 22:35:08,667 [WARN] PackLoader:240 - Cannot read IP mode file for STMicroelectronics.X-CUBE-ALS.1.0.2
2026-05-18 22:35:08,672 [WARN] PackLoader:240 - Cannot read IP mode file for portGmbH.I-Cube-SoM-uGOAL.1.1.0
2026-05-18 22:35:08,681 [WARN] PackLoader:240 - Cannot read IP mode file for STMicroelectronics.X-CUBE-TOF1.3.4.2
2026-05-18 22:35:08,694 [WARN] PackLoader:240 - Cannot read IP mode file for STMicroelectronics.X-CUBE-TOF1.3.4.3
2026-05-18 22:35:08,699 [INFO] ThirdParty:978 - Integrity check success = true
2026-05-18 22:35:08,699 [INFO] IntegrityCheckThread:100 - exiting critical section [integrity check]
2026-05-18 22:35:08,699 [INFO] IntegrityCheckThread:103 - End integrity checks thread
2026-05-18 22:35:08,824 [INFO] ApiDb:581 - Connected to CubeFinder SQLite database (C:\Users\azaki\.stmcufinder\plugins\mcufinder\mcu\cube-finder-db.db)
2026-05-18 22:35:08,938 [INFO] ApiDb:668 - CubeFinder database Data Model version=2.1
2026-05-18 22:35:08,938 [INFO] ApiDb:669 - CubeFinder database Configuration version=3.0.42
2026-05-18 22:35:08,938 [INFO] ApiDb:670 - CubeFinder database generation date=2026-05-06 (1778060171)
2026-05-18 22:35:08,938 [INFO] ApiDb:671 - CubeFinder database FW Pack versions=[FP-ATR-ASTRA1_V2.0.0, FP-SNS-FLIGHT1_V5.1.0, FP-SNS-MOTENV1_V5.1.0, FP-SNS-MOTENVWB1_V1.5.0, FP-SNS-SMARTAG2_V1.2.0, FP-SNS-STBOX1_V2.1.0, STM32Cube_FW_C0_V1.4.0, STM32Cube_FW_F4_V1.28.3, STM32Cube_FW_F7_V1.17.4, STM32Cube_FW_G0_V1.6.3, STM32Cube_FW_G4_V1.6.2, STM32Cube_FW_H5_V1.6.0, STM32Cube_FW_H7RS_V1.3.0, STM32Cube_FW_H7_V1.13.0, STM32Cube_FW_L0_V1.12.2, STM32Cube_FW_L4_V1.18.2, STM32Cube_FW_L5_V1.6.0, STM32Cube_FW_N6_V1.3.0, STM32Cube_FW_U0_V1.3.0, STM32Cube_FW_U3_V1.3.0, STM32Cube_FW_U5_V1.8.0, STM32Cube_FW_WB0_V1.4.0, STM32Cube_FW_WBA_V1.9.0, STM32Cube_FW_WB_V1.24.0, STM32Cube_FW_WL3_V1.4.0, STM32Cube_FW_WL_V1.5.0, X-CUBE-ALGOBUILD_V1.4.0, X-CUBE-ALS_V1.0.2, X-CUBE-AZRTOS-F4_V1.1.0, X-CUBE-AZRTOS-F7_V1.1.0, X-CUBE-AZRTOS-G0_V1.1.0, X-CUBE-AZRTOS-G4_V2.0.0, X-CUBE-AZRTOS-H7RS_V1.1.0, X-CUBE-AZRTOS-H7_V3.5.0, X-CUBE-AZRTOS-L4_V2.0.0, X-CUBE-AZRTOS-L5_V2.0.0, X-CUBE-AZRTOS-WB_V2.0.0, X-CUBE-AZRTOS-WL_V2.0.0, X-CUBE-BLE1_V7.1.0, X-CUBE-BLE2_V3.3.0, X-CUBE-BLEMGR_V4.1.0, X-CUBE-EEPRMA1_V5.2.0, X-CUBE-FREERTOS_V1.5.0, X-CUBE-GNSS1_V6.0.0, X-CUBE-MEMS1_V12.0.0, X-CUBE-NFC4_V3.0.0, X-CUBE-NFC7_V2.0.0, X-CUBE-SFXS2LP1_V4.0.0, X-CUBE-ST67W61_V1.2.0, X-CUBE-SUBG2_V5.0.0, X-CUBE-TOF1_V3.4.3]
2026-05-18 22:35:11,290 [INFO] ApiDb:240 - Found 880 in-development CPN: [B-G473E-ZEST1S, B-WB1M-WPAN1, B-WBA5M-WPAN, B-WL5M-SUBG1, NUCLEO-C031C6, NUCLEO-C051C8, NUCLEO-C071RB, NUCLEO-C092RC, NUCLEO-H503RB, NUCLEO-H533RE, NUCLEO-H563ZI, NUCLEO-H7S3L8, NUCLEO-N657X0-Q, NUCLEO-U031R8, NUCLEO-U083RC, NUCLEO-U385RG-Q, NUCLEO-U545RE-Q, NUCLEO-U5A5ZJ-Q, NUCLEO-WB05KZ, NUCLEO-WB07CC, NUCLEO-WB09KE, NUCLEO-WBA52CG, NUCLEO-WBA55CG, NUCLEO-WL33CC1, NUCLEO-WL33CC2, STEVAL-PROTEUS1, STEVAL-SMARTAG2, STEVAL-STWINBX1, STM320518-EVAL, STM32C0116-DK, STM32C011D6Y3TR, STM32C011D6Y6TR, STM32C011F4P3, STM32C011F4P6, STM32C011F4U3, STM32C011F4U6TR, STM32C011F6P3, STM32C011F6P6, STM32C011F6U3, STM32C011F6U6TR, STM32C011J4M3, STM32C011J4M6, STM32C011J6M3, STM32C011J6M6, STM32C0316-DK, STM32C031C4T3, STM32C031C4T6, STM32C031C4U3, STM32C031C4U6, STM32C031C6T3, STM32C031C6T6, STM32C031C6U3, STM32C031C6U6, STM32C031F4P3, STM32C031F4P6, STM32C031F6P3, STM32C031F6P6, STM32C031G4U3, STM32C031G4U6, STM32C031G6U3, STM32C031G6U6, STM32C031K4T3, STM32C031K4T6, STM32C031K4U3, STM32C031K4U6, STM32C031K6T3, STM32C031K6T6, STM32C031K6U3, STM32C031K6U6, STM32C051C6T6, STM32C051C6U6, STM32C051C8T6, STM32C051C8U6, STM32C051D8Y6TR, STM32C051F6P6, STM32C051F8P6, STM32C051G6U6, STM32C051G8U6, STM32C051K6T6, STM32C051K6U6, STM32C051K8T6, STM32C071C8T6, STM32C071C8T6N, STM32C071C8U6, STM32C071C8U6N, STM32C071CBT6, STM32C071CBT6N, STM32C071CBU6, STM32C071CBU6N, STM32C071F8P6, STM32C071F8P6N, STM32C071FBP6, STM32C071FBP6N, STM32C071FBY6TR, STM32C071G8U6, STM32C071G8U6N, STM32C071GBU6, STM32C071GBU6N, STM32C071K8T6, STM32C071K8T6N, STM32C071K8U6, STM32C071K8U6N, STM32C071KBT6, STM32C071KBT6N, STM32C071KBU6, STM32C071KBU6N, STM32C071R8T6, STM32C071R8T6N, STM32C071RBI6N, STM32C071RBT6, STM32C071RBT6N, STM32C091CBT6, STM32C091CBU6, STM32C091CCT6, STM32C091CCU6, STM32C091ECY6TR, STM32C091FBP6, STM32C091FCP6, STM32C091GBU6, STM32C091GCU6, STM32C091KBT6, STM32C091KBU6, STM32C091KCT6, STM32C091KCU6, STM32C091RBT6, STM32C091RCI6, STM32C091RCT6, STM32C092CBT6, STM32C092CBU6, STM32C092CCT6, STM32C092CCU6, STM32C092ECY6TR, STM32C092FBP6, STM32C092FCP6, STM32C092GBU6, STM32C092GCU6, STM32C092KBT6, STM32C092KBU6, STM32C092KCT6, STM32C092KCU6, STM32C092RBT6, STM32C092RCI6, STM32C092RCT6, STM32G071K8TXN, STM32G071K8UXN, STM32G081GBU6N, STM32G081KBT6N, STM32G081KBUXN, STM32G0B1CCT6N, STM32G0B1KCT6, STM32G0B1NEY6TR, STM32G0B1RCT6N, STM32G0C1CCT6, STM32G0C1CCT6N, STM32G0C1CCU6N, STM32G0C1CET6N, STM32G0C1CEU6N, STM32G0C1KCT6, STM32G0C1NEY6TR, STM32G0C1RCI6N, STM32G0C1RCT6N, STM32G0C1REI6N, STM32G0C1RET6N, STM32G0C1VCI6, STM32G0C1VEI6, STM32G411C6T3, STM32G411C6T6, STM32G411C6U3, STM32G411C6U6, STM32G411C8T3, STM32G411C8T6, STM32G411C8U3, STM32G411C8U6, STM32G411CBT3, STM32G411CBT6, STM32G411CBU3, STM32G411CBU6, STM32G411K6T3, STM32G411K6T6, STM32G411K6U3, STM32G411K6U6, STM32G411K8T3, STM32G411K8T6, STM32G411K8U3, STM32G411K8U6, STM32G411KBT3, STM32G411KBT6, STM32G411KBU3, STM32G411KBU6, STM32G411M6T3, STM32G411M6T6, STM32G411M8T3, STM32G411M8T6, STM32G411MBT3, STM32G411MBT6, STM32G411R6T3, STM32G411R6T6, STM32G411R8T3, STM32G411R8T6, STM32G411RBT3, STM32G411RBT6, STM32G414CBT3, STM32G414CBT6, STM32G414CBU3, STM32G414CBU6, STM32G414CCT3, STM32G414CCT6, STM32G414CCU3, STM32G414CCU6, STM32G414MBT3, STM32G414MBT6, STM32G414MCT3, STM32G414MCT6, STM32G414RBT3, STM32G414RBT6, STM32G414RCT3, STM32G414RCT6, STM32G414VBT3, STM32G414VBT6, STM32G414VCT3, STM32G414VCT6, STM32G431CBT3Z, STM32G431RBT3Z, STM32G471CCT6, STM32G471CCU6, STM32G471CET3, STM32G471CET6, STM32G471CEU3, STM32G471CEU6, STM32G471MCT6, STM32G471MET3, STM32G471MET6, STM32G471MEY6TR, STM32G471QCT6, STM32G471QET3, STM32G471RCT6, STM32G471RET3, STM32G471RET6, STM32G471VCH6, STM32G471VCI6, STM32G471VCT6, STM32G471VEH3, STM32G471VEH6, STM32G471VEI3, STM32G471VEI6, STM32G471VET3, STM32G471VET6, STM32G473QET3Z, STM32G473RET3Z, STM32G474CCT6, STM32G491RET3Z, STM32H503CBT6, STM32H503CBU6, STM32H503EBY6TR, STM32H503KBU6, STM32H503RBT6, STM32H523CCT6, STM32H523CCU6, STM32H523CET6, STM32H523CEU6, STM32H523HEY6TR, STM32H523RCT6, STM32H523RET6, STM32H523VCI6, STM32H523VCT6, STM32H523VEI6, STM32H523VET6, STM32H523ZCJ6, STM32H523ZCT6, STM32H523ZEJ6, STM32H523ZET6, STM32H533CET6, STM32H533CEU6, STM32H533HEY6TR, STM32H533RET6, STM32H533VEI6, STM32H533VET6, STM32H533ZEJ6, STM32H533ZET6, STM32H562AGI6, STM32H562AII6, STM32H562IGK6, STM32H562IGT6, STM32H562IIK6, STM32H562IIT6, STM32H562RGT6, STM32H562RGV6, STM32H562RIT6, STM32H562RIV6, STM32H562VGT6, STM32H562VIT6, STM32H562ZGT6, STM32H562ZIT6, STM32H563AGI6, STM32H563AII3Q, STM32H563AII6, STM32H563IGK6, STM32H563IGT6, STM32H563IIK3Q, STM32H563IIK6, STM32H563IIT3Q, STM32H563IIT6, STM32H563MIY3QTR, STM32H563RGT6, STM32H563RGV6, STM32H563RIT6, STM32H563RIV6, STM32H563VGT6, STM32H563VIT3Q, STM32H563VIT6, STM32H563ZGT6, STM32H563ZIT3Q, STM32H563ZIT6, STM32H573AII3Q, STM32H573AII6, STM32H573I-DK, STM32H573IIK3Q, STM32H573IIK6, STM32H573IIT3Q, STM32H573IIT6, STM32H573MIY3QTR, STM32H573RIT6, STM32H573RIV6, STM32H573VIT3Q, STM32H573VIT6, STM32H573ZIT3Q, STM32H573ZIT6, STM32H7R3A8I6, STM32H7R3I8K6, STM32H7R3I8T6, STM32H7R3L8H6, STM32H7R3L8H6H, STM32H7R3R8V6, STM32H7R3V8H6, STM32H7R3V8T6, STM32H7R3V8Y6TR, STM32H7R3Z8J6, STM32H7R3Z8T6, STM32H7R7A8I6, STM32H7R7I8K6, STM32H7R7I8T6, STM32H7R7L8H6, STM32H7R7L8H6H, STM32H7R7Z8J6, STM32H7S3A8I6, STM32H7S3I8K6, STM32H7S3I8T6, STM32H7S3L8H6, STM32H7S3L8H6H, STM32H7S3R8V6, STM32H7S3V8H6, STM32H7S3V8T6, STM32H7S3V8Y6TR, STM32H7S3Z8J6, STM32H7S3Z8T6, STM32H7S78-DK, STM32H7S7A8I6, STM32H7S7I8K6, STM32H7S7I8T6, STM32H7S7L8H6, STM32H7S7L8H6H, STM32H7S7Z8J6, STM32L4R5QGI6STR, STM32MP131AAE3, STM32MP131AAF3, STM32MP131AAG3, STM32MP131CAE3, STM32MP131CAF3, STM32MP131CAG3, STM32MP131DAE7, STM32MP131DAF7, STM32MP131DAG7, STM32MP131FAE7, STM32MP131FAF7, STM32MP131FAG7, STM32MP133AAE3, STM32MP133AAF3, STM32MP133AAG3, STM32MP133CAE3, STM32MP133CAF3, STM32MP133CAG3, STM32MP133DAE7, STM32MP133DAF7, STM32MP133DAG7, STM32MP133FAE7, STM32MP133FAF7, STM32MP133FAG7, STM32MP135AAE3, STM32MP135AAF3, STM32MP135AAG3, STM32MP135CAE3, STM32MP135CAF3, STM32MP135CAG3, STM32MP135DAE7, STM32MP135DAF7, STM32MP135DAG7, STM32MP135F-DK, STM32MP135FAE7, STM32MP135FAF7, STM32MP135FAF7T, STM32MP135FAF7U, STM32MP135FAG7, STM32MP211AAL3, STM32MP211AAM3, STM32MP211AAN3, STM32MP211AAO3, STM32MP211CAL3, STM32MP211CAM3, STM32MP211CAN3, STM32MP211CAO3, STM32MP211DAL3, STM32MP211DAM3, STM32MP211DAN3, STM32MP211DAO3, STM32MP211FAL3, STM32MP211FAM3, STM32MP211FAN3, STM32MP211FAO3, STM32MP213AAL3, STM32MP213AAM3, STM32MP213AAN3, STM32MP213AAO3, STM32MP213CAL3, STM32MP213CAM3, STM32MP213CAN3, STM32MP213CAO3, STM32MP213DAL3, STM32MP213DAM3, STM32MP213DAN3, STM32MP213DAO3, STM32MP213FAL3, STM32MP213FAM3, STM32MP213FAN3, STM32MP213FAO3, STM32MP215AAL3, STM32MP215AAM3, STM32MP215AAN3, STM32MP215AAO3, STM32MP215CAL3, STM32MP215CAM3, STM32MP215CAN3, STM32MP215CAO3, STM32MP215DAL3, STM32MP215DAM3, STM32MP215DAN3, STM32MP215DAO3, STM32MP215F-DK, STM32MP215FAL3, STM32MP215FAM3, STM32MP215FAN3, STM32MP215FAO3, STM32MP231AAJ3, STM32MP231AAK3, STM32MP231AAL3, STM32MP231CAJ3, STM32MP231CAK3, STM32MP231CAL3, STM32MP231DAJ3, STM32MP231DAK3, STM32MP231DAL3, STM32MP231FAJ3, STM32MP231FAK3, STM32MP231FAL3, STM32MP233AAJ3, STM32MP233AAK3, STM32MP233AAL3, STM32MP233CAJ3, STM32MP233CAK3, STM32MP233CAL3, STM32MP233DAJ3, STM32MP233DAK3, STM32MP233DAL3, STM32MP233FAJ3, STM32MP233FAK3, STM32MP233FAL3, STM32MP235AAJ3, STM32MP235AAK3, STM32MP235AAL3, STM32MP235CAJ3, STM32MP235CAK3, STM32MP235CAL3, STM32MP235DAJ3, STM32MP235DAK3, STM32MP235DAL3, STM32MP235FAJ3, STM32MP235FAK3, STM32MP235FAL3, STM32MP251AAI3, STM32MP251AAK3, STM32MP251AAL3, STM32MP251CAI3, STM32MP251CAK3, STM32MP251CAL3, STM32MP251DAI3, STM32MP251DAK3, STM32MP251DAL3, STM32MP251FAI3, STM32MP251FAK3, STM32MP251FAL3, STM32MP253AAI3, STM32MP253AAK3, STM32MP253AAL3, STM32MP253CAI3, STM32MP253CAK3, STM32MP253CAL3, STM32MP253DAI3, STM32MP253DAK3, STM32MP253DAL3, STM32MP253FAI3, STM32MP253FAK3, STM32MP253FAL3, STM32MP255AAI3, STM32MP255AAK3, STM32MP255AAL3, STM32MP255CAI3, STM32MP255CAK3, STM32MP255CAL3, STM32MP255DAI3, STM32MP255DAK3, STM32MP255DAL3, STM32MP255FAI3, STM32MP255FAK3, STM32MP255FAL3, STM32MP257AAI3, STM32MP257AAK3, STM32MP257AAL3, STM32MP257CAI3, STM32MP257CAK3, STM32MP257CAL3, STM32MP257DAI3, STM32MP257DAK3, STM32MP257DAL3, STM32MP257F-DK, STM32MP257F-EV1, STM32MP257FAI3, STM32MP257FAK3, STM32MP257FAL3, STM32N645A0H3Q, STM32N645B0H3Q, STM32N645I0H3Q, STM32N645L0H3Q, STM32N645X0H3Q, STM32N645Z0H3Q, STM32N647A0H3Q, STM32N647B0H3Q, STM32N647I0H3Q, STM32N647L0H3Q, STM32N647X0H3Q, STM32N647Z0H3Q, STM32N655A0H3Q, STM32N655B0H3Q, STM32N655I0H3Q, STM32N655L0H3Q, STM32N655X0H3Q, STM32N655Z0H3Q, STM32N6570-DK, STM32N657A0H3Q, STM32N657B0H3Q, STM32N657I0H3Q, STM32N657L0H3Q, STM32N657X0H3Q, STM32N657Z0H3Q, STM32U031C6T6, STM32U031C6U6, STM32U031C8T6, STM32U031C8U6, STM32U031F4P6, STM32U031F6P6, STM32U031F8P6, STM32U031G6Y6TR, STM32U031G8Y6TR, STM32U031K4U6, STM32U031K6U6, STM32U031K8U6, STM32U031R6I6, STM32U031R6T6, STM32U031R8I6, STM32U031R8T6, STM32U073C8T6, STM32U073C8U6, STM32U073CBT6, STM32U073CBU6, STM32U073CCT6, STM32U073CCU6, STM32U073H8Y6TR, STM32U073HBY6TR, STM32U073HCY6TR, STM32U073K8U6, STM32U073KBU6, STM32U073KCU6, STM32U073M8I6, STM32U073M8T6, STM32U073MBI6, STM32U073MBT6, STM32U073MCI6, STM32U073MCT6, STM32U073R8I6, STM32U073R8T6, STM32U073RBI6, STM32U073RBT6, STM32U073RCI6, STM32U073RCT6, STM32U083C-DK, STM32U083CCT6, STM32U083CCU6, STM32U083HCY6TR, STM32U083KCU6, STM32U083MCI6, STM32U083MCT6, STM32U083RCI6, STM32U083RCT6, STM32U375CET6, STM32U375CET6Q, STM32U375CEU6, STM32U375CEU6Q, STM32U375CEY6QTR, STM32U375CGT6, STM32U375CGT6Q, STM32U375CGU6, STM32U375CGU6Q, STM32U375CGY6QTR, STM32U375KEU6, STM32U375KGU6, STM32U375REI6, STM32U375REI6Q, STM32U375RET6, STM32U375RET6Q, STM32U375REY6GTR, STM32U375REY6QTR, STM32U375RGI6, STM32U375RGI6Q, STM32U375RGT6, STM32U375RGT6Q, STM32U375RGY6GTR, STM32U375RGY6QTR, STM32U375VEI6, STM32U375VEI6Q, STM32U375VET6, STM32U375VET6Q, STM32U375VGI6, STM32U375VGI6Q, STM32U375VGT6, STM32U375VGT6Q, STM32U385CGT6, STM32U385CGT6Q, STM32U385CGU6, STM32U385CGU6Q, STM32U385CGY6QTR, STM32U385KGU6, STM32U385RGI6, STM32U385RGI6Q, STM32U385RGT6, STM32U385RGT6Q, STM32U385RGY6GTR, STM32U385RGY6QTR, STM32U385VGI6, STM32U385VGI6Q, STM32U385VGT6, STM32U385VGT6Q, STM32U535CBT6, STM32U535CBT6Q, STM32U535CBU6, STM32U535CBU6Q, STM32U535CCT6, STM32U535CCT6Q, STM32U535CCU6, STM32U535CCU6Q, STM32U535CET6, STM32U535CET6Q, STM32U535CEU6, STM32U535CEU6Q, STM32U535JEY6QTR, STM32U535NCY6QTR, STM32U535NEY6QTR, STM32U535RBI6, STM32U535RBI6Q, STM32U535RBT6, STM32U535RBT6Q, STM32U535RCI6, STM32U535RCI6Q, STM32U535RCT6, STM32U535RCT6Q, STM32U535REI6, STM32U535REI6Q, STM32U535RET6, STM32U535RET6Q, STM32U535VCI6, STM32U535VCI6Q, STM32U535VCT6, STM32U535VCT6Q, STM32U535VEI6, STM32U535VEI6Q, STM32U535VET6, STM32U535VET6Q, STM32U545CET6, STM32U545CET6Q, STM32U545CEU6, STM32U545CEU6Q, STM32U545JEY6QTR, STM32U545NEY6QTR, STM32U545REI6, STM32U545REI6Q, STM32U545RET6, STM32U545RET6Q, STM32U545VEI6, STM32U545VEI6Q, STM32U545VET6, STM32U545VET6Q, STM32U595AIH6, STM32U595AIH6Q, STM32U595AJH6, STM32U595AJH6Q, STM32U595QII6, STM32U595QII6Q, STM32U595QJI6, STM32U595QJI6Q, STM32U595RIT6, STM32U595RIT6Q, STM32U595RJT6, STM32U595RJT6Q, STM32U595VIT6, STM32U595VIT6Q, STM32U595VJT6, STM32U595VJT6Q, STM32U595ZIT6, STM32U595ZIT6Q, STM32U595ZIY6QTR, STM32U595ZJT6, STM32U595ZJT6Q, STM32U595ZJY6QTR, STM32U599BJY6QTR, STM32U599NIH6Q, STM32U599NJH6Q, STM32U599VIT6Q, STM32U599VJT6, STM32U599VJT6Q, STM32U599ZIT6Q, STM32U599ZIY6QTR, STM32U599ZJT6Q, STM32U599ZJY6QTR, STM32U5A5AJH6, STM32U5A5AJH6Q, STM32U5A5QII3Q , STM32U5A5QJI6, STM32U5A5QJI6Q, STM32U5A5RJT6, STM32U5A5RJT6Q, STM32U5A5VJT6, STM32U5A5VJT6Q, STM32U5A5ZJT6, STM32U5A5ZJT6Q, STM32U5A5ZJY6QTR, STM32U5A9BJY6QTR, STM32U5A9J-DK, STM32U5A9NJH6Q, STM32U5A9VJT6Q, STM32U5A9ZJT6Q, STM32U5A9ZJY6QTR, STM32U5F7VIT6, STM32U5F7VIT6Q, STM32U5F7VJT6, STM32U5F7VJT6Q, STM32U5F9BJY6QTR, STM32U5F9NJH6Q, STM32U5F9VIT6Q, STM32U5F9VJT6Q, STM32U5F9ZIJ6QTR, STM32U5F9ZIT6Q, STM32U5F9ZJJ6QTR, STM32U5F9ZJT6Q, STM32U5G7VJT6, STM32U5G7VJT6Q, STM32U5G9BJY6QTR, STM32U5G9J-DK1, STM32U5G9J-DK2, STM32U5G9NJH6Q, STM32U5G9VJT6Q, STM32U5G9ZJJ6QTR, STM32U5G9ZJT6Q, STM32WB05KZV6TR, STM32WB05KZV7TR, STM32WB05TZF6TR, STM32WB05TZF7TR, STM32WB06CCF6TR, STM32WB06CCF7TR, STM32WB06CCV6TR, STM32WB06CCV7TR, STM32WB06KCV6TR, STM32WB06KCV7TR, STM32WB07CCF6TR, STM32WB07CCF7TR, STM32WB07CCV6TR, STM32WB07CCV7TR, STM32WB07KCV6TR, STM32WB07KCV7TR, STM32WB09KEV6TR, STM32WB09KEV7TR, STM32WB09TEF6TR, STM32WB09TEF7TR, STM32WB1MMCH6, STM32WBA50KGU6, STM32WBA50KGU6TR, STM32WBA52CEU6, STM32WBA52CEU6TR, STM32WBA52CEU7, STM32WBA52CEU7TR, STM32WBA52CGU6, STM32WBA52CGU6TR, STM32WBA52CGU6U, STM32WBA52CGU7, STM32WBA52CGU7TR, STM32WBA52KEU6, STM32WBA52KEU6TR, STM32WBA52KGU6, STM32WBA52KGU6TR, STM32WBA54CEU6, STM32WBA54CEU6TR, STM32WBA54CEU7, STM32WBA54CEU7TR, STM32WBA54CGU6, STM32WBA54CGU6TR, STM32WBA54CGU7, STM32WBA54CGU7TR, STM32WBA54KEU6, STM32WBA54KEU6TR, STM32WBA54KEU7, STM32WBA54KEU7TR, STM32WBA54KGU6, STM32WBA54KGU6TR, STM32WBA54KGU7, STM32WBA54KGU7TR, STM32WBA55CEU6, STM32WBA55CEU6TR, STM32WBA55CEU7, STM32WBA55CEU7TR, STM32WBA55CGU6, STM32WBA55CGU6TR, STM32WBA55CGU6U, STM32WBA55CGU7, STM32WBA55CGU7TR, STM32WBA55G-DK1, STM32WBA55HEF6, STM32WBA55HEF7, STM32WBA55HGF6, STM32WBA55HGF7, STM32WBA55UEI6, STM32WBA55UEI6TR, STM32WBA55UEI7, STM32WBA55UEI7TR, STM32WBA55UGI6, STM32WBA55UGI6TR, STM32WBA55UGI7, STM32WBA55UGI7TR, STM32WBA5MMGH6TR, STM32WBA62MGF6, STM32WBA62MIF6, STM32WBA65MGF7, STM32WBA65MIF6, STM32WBA65MIF7, STM32WL30K8V6, STM32WL30KBV6, STM32WL31C8V6, STM32WL31CBV6, STM32WL31K8V6, STM32WL31KBV6, STM32WL33C8V6, STM32WL33C8V6X, STM32WL33CBV6, STM32WL33CBV6X, STM32WL33CCV6, STM32WL33CCV6A, STM32WL33CCV6X, STM32WL33K8V7, STM32WL33K8V7X, STM32WL33KBV7 , STM32WL33KBV7X, STM32WL33KCV7, STM32WL33KCV7X, STM32WL5MOCH6, STM32WL5MOCH6TR]
2026-05-18 22:35:11,297 [INFO] DbMcus:218 - Found 5086 MCUs, 4968 are supported
2026-05-18 22:35:11,298 [INFO] ApiDb:423 - Load user favorites file C:\Users\azaki/.stm32cubeide/favorites.mcus.txt: 0 item(s)
2026-05-18 22:35:11,298 [INFO] ApiDb:427 - User favorites MCUs=[]
2026-05-18 22:35:11,298 [INFO] DbMcus:224 - Set 0 / 0 favorites MCUs
2026-05-18 22:35:11,723 [INFO] ApiDb:668 - CubeFinder database Data Model version=2.1
2026-05-18 22:35:11,723 [INFO] ApiDb:669 - CubeFinder database Configuration version=3.0.42
2026-05-18 22:35:11,723 [INFO] ApiDb:670 - CubeFinder database generation date=2026-05-06 (1778060171)
2026-05-18 22:35:11,723 [INFO] ApiDb:671 - CubeFinder database FW Pack versions=[FP-ATR-ASTRA1_V2.0.0, FP-SNS-FLIGHT1_V5.1.0, FP-SNS-MOTENV1_V5.1.0, FP-SNS-MOTENVWB1_V1.5.0, FP-SNS-SMARTAG2_V1.2.0, FP-SNS-STBOX1_V2.1.0, STM32Cube_FW_C0_V1.4.0, STM32Cube_FW_F4_V1.28.3, STM32Cube_FW_F7_V1.17.4, STM32Cube_FW_G0_V1.6.3, STM32Cube_FW_G4_V1.6.2, STM32Cube_FW_H5_V1.6.0, STM32Cube_FW_H7RS_V1.3.0, STM32Cube_FW_H7_V1.13.0, STM32Cube_FW_L0_V1.12.2, STM32Cube_FW_L4_V1.18.2, STM32Cube_FW_L5_V1.6.0, STM32Cube_FW_N6_V1.3.0, STM32Cube_FW_U0_V1.3.0, STM32Cube_FW_U3_V1.3.0, STM32Cube_FW_U5_V1.8.0, STM32Cube_FW_WB0_V1.4.0, STM32Cube_FW_WBA_V1.9.0, STM32Cube_FW_WB_V1.24.0, STM32Cube_FW_WL3_V1.4.0, STM32Cube_FW_WL_V1.5.0, X-CUBE-ALGOBUILD_V1.4.0, X-CUBE-ALS_V1.0.2, X-CUBE-AZRTOS-F4_V1.1.0, X-CUBE-AZRTOS-F7_V1.1.0, X-CUBE-AZRTOS-G0_V1.1.0, X-CUBE-AZRTOS-G4_V2.0.0, X-CUBE-AZRTOS-H7RS_V1.1.0, X-CUBE-AZRTOS-H7_V3.5.0, X-CUBE-AZRTOS-L4_V2.0.0, X-CUBE-AZRTOS-L5_V2.0.0, X-CUBE-AZRTOS-WB_V2.0.0, X-CUBE-AZRTOS-WL_V2.0.0, X-CUBE-BLE1_V7.1.0, X-CUBE-BLE2_V3.3.0, X-CUBE-BLEMGR_V4.1.0, X-CUBE-EEPRMA1_V5.2.0, X-CUBE-FREERTOS_V1.5.0, X-CUBE-GNSS1_V6.0.0, X-CUBE-MEMS1_V12.0.0, X-CUBE-NFC4_V3.0.0, X-CUBE-NFC7_V2.0.0, X-CUBE-SFXS2LP1_V4.0.0, X-CUBE-ST67W61_V1.2.0, X-CUBE-SUBG2_V5.0.0, X-CUBE-TOF1_V3.4.3]
2026-05-18 22:35:11,778 [INFO] DbBoardsSqlite:226 - include board P-NUCLEO-WB55-NUCLEO as a kit item of type 'Nucleo-64'
2026-05-18 22:35:11,778 [INFO] DbBoardsSqlite:226 - include board P-NUCLEO-WB55-USBDONGLE as a kit item of type 'Nucleo USB Dongle'
2026-05-18 22:35:11,779 [INFO] DbBoardsSqlite:226 - include board STEVAL-IDP005V1 as a kit item of type 'Evaluation Board'
2026-05-18 22:35:11,779 [INFO] DbBoardsSqlite:226 - include board STEVAL-IDP005V2 as a kit item of type 'Evaluation Board'
2026-05-18 22:35:11,865 [INFO] ApiDb:240 - Found 880 in-development CPN: [B-G473E-ZEST1S, B-WB1M-WPAN1, B-WBA5M-WPAN, B-WL5M-SUBG1, NUCLEO-C031C6, NUCLEO-C051C8, NUCLEO-C071RB, NUCLEO-C092RC, NUCLEO-H503RB, NUCLEO-H533RE, NUCLEO-H563ZI, NUCLEO-H7S3L8, NUCLEO-N657X0-Q, NUCLEO-U031R8, NUCLEO-U083RC, NUCLEO-U385RG-Q, NUCLEO-U545RE-Q, NUCLEO-U5A5ZJ-Q, NUCLEO-WB05KZ, NUCLEO-WB07CC, NUCLEO-WB09KE, NUCLEO-WBA52CG, NUCLEO-WBA55CG, NUCLEO-WL33CC1, NUCLEO-WL33CC2, STEVAL-PROTEUS1, STEVAL-SMARTAG2, STEVAL-STWINBX1, STM320518-EVAL, STM32C0116-DK, STM32C011D6Y3TR, STM32C011D6Y6TR, STM32C011F4P3, STM32C011F4P6, STM32C011F4U3, STM32C011F4U6TR, STM32C011F6P3, STM32C011F6P6, STM32C011F6U3, STM32C011F6U6TR, STM32C011J4M3, STM32C011J4M6, STM32C011J6M3, STM32C011J6M6, STM32C0316-DK, STM32C031C4T3, STM32C031C4T6, STM32C031C4U3, STM32C031C4U6, STM32C031C6T3, STM32C031C6T6, STM32C031C6U3, STM32C031C6U6, STM32C031F4P3, STM32C031F4P6, STM32C031F6P3, STM32C031F6P6, STM32C031G4U3, STM32C031G4U6, STM32C031G6U3, STM32C031G6U6, STM32C031K4T3, STM32C031K4T6, STM32C031K4U3, STM32C031K4U6, STM32C031K6T3, STM32C031K6T6, STM32C031K6U3, STM32C031K6U6, STM32C051C6T6, STM32C051C6U6, STM32C051C8T6, STM32C051C8U6, STM32C051D8Y6TR, STM32C051F6P6, STM32C051F8P6, STM32C051G6U6, STM32C051G8U6, STM32C051K6T6, STM32C051K6U6, STM32C051K8T6, STM32C071C8T6, STM32C071C8T6N, STM32C071C8U6, STM32C071C8U6N, STM32C071CBT6, STM32C071CBT6N, STM32C071CBU6, STM32C071CBU6N, STM32C071F8P6, STM32C071F8P6N, STM32C071FBP6, STM32C071FBP6N, STM32C071FBY6TR, STM32C071G8U6, STM32C071G8U6N, STM32C071GBU6, STM32C071GBU6N, STM32C071K8T6, STM32C071K8T6N, STM32C071K8U6, STM32C071K8U6N, STM32C071KBT6, STM32C071KBT6N, STM32C071KBU6, STM32C071KBU6N, STM32C071R8T6, STM32C071R8T6N, STM32C071RBI6N, STM32C071RBT6, STM32C071RBT6N, STM32C091CBT6, STM32C091CBU6, STM32C091CCT6, STM32C091CCU6, STM32C091ECY6TR, STM32C091FBP6, STM32C091FCP6, STM32C091GBU6, STM32C091GCU6, STM32C091KBT6, STM32C091KBU6, STM32C091KCT6, STM32C091KCU6, STM32C091RBT6, STM32C091RCI6, STM32C091RCT6, STM32C092CBT6, STM32C092CBU6, STM32C092CCT6, STM32C092CCU6, STM32C092ECY6TR, STM32C092FBP6, STM32C092FCP6, STM32C092GBU6, STM32C092GCU6, STM32C092KBT6, STM32C092KBU6, STM32C092KCT6, STM32C092KCU6, STM32C092RBT6, STM32C092RCI6, STM32C092RCT6, STM32G071K8TXN, STM32G071K8UXN, STM32G081GBU6N, STM32G081KBT6N, STM32G081KBUXN, STM32G0B1CCT6N, STM32G0B1KCT6, STM32G0B1NEY6TR, STM32G0B1RCT6N, STM32G0C1CCT6, STM32G0C1CCT6N, STM32G0C1CCU6N, STM32G0C1CET6N, STM32G0C1CEU6N, STM32G0C1KCT6, STM32G0C1NEY6TR, STM32G0C1RCI6N, STM32G0C1RCT6N, STM32G0C1REI6N, STM32G0C1RET6N, STM32G0C1VCI6, STM32G0C1VEI6, STM32G411C6T3, STM32G411C6T6, STM32G411C6U3, STM32G411C6U6, STM32G411C8T3, STM32G411C8T6, STM32G411C8U3, STM32G411C8U6, STM32G411CBT3, STM32G411CBT6, STM32G411CBU3, STM32G411CBU6, STM32G411K6T3, STM32G411K6T6, STM32G411K6U3, STM32G411K6U6, STM32G411K8T3, STM32G411K8T6, STM32G411K8U3, STM32G411K8U6, STM32G411KBT3, STM32G411KBT6, STM32G411KBU3, STM32G411KBU6, STM32G411M6T3, STM32G411M6T6, STM32G411M8T3, STM32G411M8T6, STM32G411MBT3, STM32G411MBT6, STM32G411R6T3, STM32G411R6T6, STM32G411R8T3, STM32G411R8T6, STM32G411RBT3, STM32G411RBT6, STM32G414CBT3, STM32G414CBT6, STM32G414CBU3, STM32G414CBU6, STM32G414CCT3, STM32G414CCT6, STM32G414CCU3, STM32G414CCU6, STM32G414MBT3, STM32G414MBT6, STM32G414MCT3, STM32G414MCT6, STM32G414RBT3, STM32G414RBT6, STM32G414RCT3, STM32G414RCT6, STM32G414VBT3, STM32G414VBT6, STM32G414VCT3, STM32G414VCT6, STM32G431CBT3Z, STM32G431RBT3Z, STM32G471CCT6, STM32G471CCU6, STM32G471CET3, STM32G471CET6, STM32G471CEU3, STM32G471CEU6, STM32G471MCT6, STM32G471MET3, STM32G471MET6, STM32G471MEY6TR, STM32G471QCT6, STM32G471QET3, STM32G471RCT6, STM32G471RET3, STM32G471RET6, STM32G471VCH6, STM32G471VCI6, STM32G471VCT6, STM32G471VEH3, STM32G471VEH6, STM32G471VEI3, STM32G471VEI6, STM32G471VET3, STM32G471VET6, STM32G473QET3Z, STM32G473RET3Z, STM32G474CCT6, STM32G491RET3Z, STM32H503CBT6, STM32H503CBU6, STM32H503EBY6TR, STM32H503KBU6, STM32H503RBT6, STM32H523CCT6, STM32H523CCU6, STM32H523CET6, STM32H523CEU6, STM32H523HEY6TR, STM32H523RCT6, STM32H523RET6, STM32H523VCI6, STM32H523VCT6, STM32H523VEI6, STM32H523VET6, STM32H523ZCJ6, STM32H523ZCT6, STM32H523ZEJ6, STM32H523ZET6, STM32H533CET6, STM32H533CEU6, STM32H533HEY6TR, STM32H533RET6, STM32H533VEI6, STM32H533VET6, STM32H533ZEJ6, STM32H533ZET6, STM32H562AGI6, STM32H562AII6, STM32H562IGK6, STM32H562IGT6, STM32H562IIK6, STM32H562IIT6, STM32H562RGT6, STM32H562RGV6, STM32H562RIT6, STM32H562RIV6, STM32H562VGT6, STM32H562VIT6, STM32H562ZGT6, STM32H562ZIT6, STM32H563AGI6, STM32H563AII3Q, STM32H563AII6, STM32H563IGK6, STM32H563IGT6, STM32H563IIK3Q, STM32H563IIK6, STM32H563IIT3Q, STM32H563IIT6, STM32H563MIY3QTR, STM32H563RGT6, STM32H563RGV6, STM32H563RIT6, STM32H563RIV6, STM32H563VGT6, STM32H563VIT3Q, STM32H563VIT6, STM32H563ZGT6, STM32H563ZIT3Q, STM32H563ZIT6, STM32H573AII3Q, STM32H573AII6, STM32H573I-DK, STM32H573IIK3Q, STM32H573IIK6, STM32H573IIT3Q, STM32H573IIT6, STM32H573MIY3QTR, STM32H573RIT6, STM32H573RIV6, STM32H573VIT3Q, STM32H573VIT6, STM32H573ZIT3Q, STM32H573ZIT6, STM32H7R3A8I6, STM32H7R3I8K6, STM32H7R3I8T6, STM32H7R3L8H6, STM32H7R3L8H6H, STM32H7R3R8V6, STM32H7R3V8H6, STM32H7R3V8T6, STM32H7R3V8Y6TR, STM32H7R3Z8J6, STM32H7R3Z8T6, STM32H7R7A8I6, STM32H7R7I8K6, STM32H7R7I8T6, STM32H7R7L8H6, STM32H7R7L8H6H, STM32H7R7Z8J6, STM32H7S3A8I6, STM32H7S3I8K6, STM32H7S3I8T6, STM32H7S3L8H6, STM32H7S3L8H6H, STM32H7S3R8V6, STM32H7S3V8H6, STM32H7S3V8T6, STM32H7S3V8Y6TR, STM32H7S3Z8J6, STM32H7S3Z8T6, STM32H7S78-DK, STM32H7S7A8I6, STM32H7S7I8K6, STM32H7S7I8T6, STM32H7S7L8H6, STM32H7S7L8H6H, STM32H7S7Z8J6, STM32L4R5QGI6STR, STM32MP131AAE3, STM32MP131AAF3, STM32MP131AAG3, STM32MP131CAE3, STM32MP131CAF3, STM32MP131CAG3, STM32MP131DAE7, STM32MP131DAF7, STM32MP131DAG7, STM32MP131FAE7, STM32MP131FAF7, STM32MP131FAG7, STM32MP133AAE3, STM32MP133AAF3, STM32MP133AAG3, STM32MP133CAE3, STM32MP133CAF3, STM32MP133CAG3, STM32MP133DAE7, STM32MP133DAF7, STM32MP133DAG7, STM32MP133FAE7, STM32MP133FAF7, STM32MP133FAG7, STM32MP135AAE3, STM32MP135AAF3, STM32MP135AAG3, STM32MP135CAE3, STM32MP135CAF3, STM32MP135CAG3, STM32MP135DAE7, STM32MP135DAF7, STM32MP135DAG7, STM32MP135F-DK, STM32MP135FAE7, STM32MP135FAF7, STM32MP135FAF7T, STM32MP135FAF7U, STM32MP135FAG7, STM32MP211AAL3, STM32MP211AAM3, STM32MP211AAN3, STM32MP211AAO3, STM32MP211CAL3, STM32MP211CAM3, STM32MP211CAN3, STM32MP211CAO3, STM32MP211DAL3, STM32MP211DAM3, STM32MP211DAN3, STM32MP211DAO3, STM32MP211FAL3, STM32MP211FAM3, STM32MP211FAN3, STM32MP211FAO3, STM32MP213AAL3, STM32MP213AAM3, STM32MP213AAN3, STM32MP213AAO3, STM32MP213CAL3, STM32MP213CAM3, STM32MP213CAN3, STM32MP213CAO3, STM32MP213DAL3, STM32MP213DAM3, STM32MP213DAN3, STM32MP213DAO3, STM32MP213FAL3, STM32MP213FAM3, STM32MP213FAN3, STM32MP213FAO3, STM32MP215AAL3, STM32MP215AAM3, STM32MP215AAN3, STM32MP215AAO3, STM32MP215CAL3, STM32MP215CAM3, STM32MP215CAN3, STM32MP215CAO3, STM32MP215DAL3, STM32MP215DAM3, STM32MP215DAN3, STM32MP215DAO3, STM32MP215F-DK, STM32MP215FAL3, STM32MP215FAM3, STM32MP215FAN3, STM32MP215FAO3, STM32MP231AAJ3, STM32MP231AAK3, STM32MP231AAL3, STM32MP231CAJ3, STM32MP231CAK3, STM32MP231CAL3, STM32MP231DAJ3, STM32MP231DAK3, STM32MP231DAL3, STM32MP231FAJ3, STM32MP231FAK3, STM32MP231FAL3, STM32MP233AAJ3, STM32MP233AAK3, STM32MP233AAL3, STM32MP233CAJ3, STM32MP233CAK3, STM32MP233CAL3, STM32MP233DAJ3, STM32MP233DAK3, STM32MP233DAL3, STM32MP233FAJ3, STM32MP233FAK3, STM32MP233FAL3, STM32MP235AAJ3, STM32MP235AAK3, STM32MP235AAL3, STM32MP235CAJ3, STM32MP235CAK3, STM32MP235CAL3, STM32MP235DAJ3, STM32MP235DAK3, STM32MP235DAL3, STM32MP235FAJ3, STM32MP235FAK3, STM32MP235FAL3, STM32MP251AAI3, STM32MP251AAK3, STM32MP251AAL3, STM32MP251CAI3, STM32MP251CAK3, STM32MP251CAL3, STM32MP251DAI3, STM32MP251DAK3, STM32MP251DAL3, STM32MP251FAI3, STM32MP251FAK3, STM32MP251FAL3, STM32MP253AAI3, STM32MP253AAK3, STM32MP253AAL3, STM32MP253CAI3, STM32MP253CAK3, STM32MP253CAL3, STM32MP253DAI3, STM32MP253DAK3, STM32MP253DAL3, STM32MP253FAI3, STM32MP253FAK3, STM32MP253FAL3, STM32MP255AAI3, STM32MP255AAK3, STM32MP255AAL3, STM32MP255CAI3, STM32MP255CAK3, STM32MP255CAL3, STM32MP255DAI3, STM32MP255DAK3, STM32MP255DAL3, STM32MP255FAI3, STM32MP255FAK3, STM32MP255FAL3, STM32MP257AAI3, STM32MP257AAK3, STM32MP257AAL3, STM32MP257CAI3, STM32MP257CAK3, STM32MP257CAL3, STM32MP257DAI3, STM32MP257DAK3, STM32MP257DAL3, STM32MP257F-DK, STM32MP257F-EV1, STM32MP257FAI3, STM32MP257FAK3, STM32MP257FAL3, STM32N645A0H3Q, STM32N645B0H3Q, STM32N645I0H3Q, STM32N645L0H3Q, STM32N645X0H3Q, STM32N645Z0H3Q, STM32N647A0H3Q, STM32N647B0H3Q, STM32N647I0H3Q, STM32N647L0H3Q, STM32N647X0H3Q, STM32N647Z0H3Q, STM32N655A0H3Q, STM32N655B0H3Q, STM32N655I0H3Q, STM32N655L0H3Q, STM32N655X0H3Q, STM32N655Z0H3Q, STM32N6570-DK, STM32N657A0H3Q, STM32N657B0H3Q, STM32N657I0H3Q, STM32N657L0H3Q, STM32N657X0H3Q, STM32N657Z0H3Q, STM32U031C6T6, STM32U031C6U6, STM32U031C8T6, STM32U031C8U6, STM32U031F4P6, STM32U031F6P6, STM32U031F8P6, STM32U031G6Y6TR, STM32U031G8Y6TR, STM32U031K4U6, STM32U031K6U6, STM32U031K8U6, STM32U031R6I6, STM32U031R6T6, STM32U031R8I6, STM32U031R8T6, STM32U073C8T6, STM32U073C8U6, STM32U073CBT6, STM32U073CBU6, STM32U073CCT6, STM32U073CCU6, STM32U073H8Y6TR, STM32U073HBY6TR, STM32U073HCY6TR, STM32U073K8U6, STM32U073KBU6, STM32U073KCU6, STM32U073M8I6, STM32U073M8T6, STM32U073MBI6, STM32U073MBT6, STM32U073MCI6, STM32U073MCT6, STM32U073R8I6, STM32U073R8T6, STM32U073RBI6, STM32U073RBT6, STM32U073RCI6, STM32U073RCT6, STM32U083C-DK, STM32U083CCT6, STM32U083CCU6, STM32U083HCY6TR, STM32U083KCU6, STM32U083MCI6, STM32U083MCT6, STM32U083RCI6, STM32U083RCT6, STM32U375CET6, STM32U375CET6Q, STM32U375CEU6, STM32U375CEU6Q, STM32U375CEY6QTR, STM32U375CGT6, STM32U375CGT6Q, STM32U375CGU6, STM32U375CGU6Q, STM32U375CGY6QTR, STM32U375KEU6, STM32U375KGU6, STM32U375REI6, STM32U375REI6Q, STM32U375RET6, STM32U375RET6Q, STM32U375REY6GTR, STM32U375REY6QTR, STM32U375RGI6, STM32U375RGI6Q, STM32U375RGT6, STM32U375RGT6Q, STM32U375RGY6GTR, STM32U375RGY6QTR, STM32U375VEI6, STM32U375VEI6Q, STM32U375VET6, STM32U375VET6Q, STM32U375VGI6, STM32U375VGI6Q, STM32U375VGT6, STM32U375VGT6Q, STM32U385CGT6, STM32U385CGT6Q, STM32U385CGU6, STM32U385CGU6Q, STM32U385CGY6QTR, STM32U385KGU6, STM32U385RGI6, STM32U385RGI6Q, STM32U385RGT6, STM32U385RGT6Q, STM32U385RGY6GTR, STM32U385RGY6QTR, STM32U385VGI6, STM32U385VGI6Q, STM32U385VGT6, STM32U385VGT6Q, STM32U535CBT6, STM32U535CBT6Q, STM32U535CBU6, STM32U535CBU6Q, STM32U535CCT6, STM32U535CCT6Q, STM32U535CCU6, STM32U535CCU6Q, STM32U535CET6, STM32U535CET6Q, STM32U535CEU6, STM32U535CEU6Q, STM32U535JEY6QTR, STM32U535NCY6QTR, STM32U535NEY6QTR, STM32U535RBI6, STM32U535RBI6Q, STM32U535RBT6, STM32U535RBT6Q, STM32U535RCI6, STM32U535RCI6Q, STM32U535RCT6, STM32U535RCT6Q, STM32U535REI6, STM32U535REI6Q, STM32U535RET6, STM32U535RET6Q, STM32U535VCI6, STM32U535VCI6Q, STM32U535VCT6, STM32U535VCT6Q, STM32U535VEI6, STM32U535VEI6Q, STM32U535VET6, STM32U535VET6Q, STM32U545CET6, STM32U545CET6Q, STM32U545CEU6, STM32U545CEU6Q, STM32U545JEY6QTR, STM32U545NEY6QTR, STM32U545REI6, STM32U545REI6Q, STM32U545RET6, STM32U545RET6Q, STM32U545VEI6, STM32U545VEI6Q, STM32U545VET6, STM32U545VET6Q, STM32U595AIH6, STM32U595AIH6Q, STM32U595AJH6, STM32U595AJH6Q, STM32U595QII6, STM32U595QII6Q, STM32U595QJI6, STM32U595QJI6Q, STM32U595RIT6, STM32U595RIT6Q, STM32U595RJT6, STM32U595RJT6Q, STM32U595VIT6, STM32U595VIT6Q, STM32U595VJT6, STM32U595VJT6Q, STM32U595ZIT6, STM32U595ZIT6Q, STM32U595ZIY6QTR, STM32U595ZJT6, STM32U595ZJT6Q, STM32U595ZJY6QTR, STM32U599BJY6QTR, STM32U599NIH6Q, STM32U599NJH6Q, STM32U599VIT6Q, STM32U599VJT6, STM32U599VJT6Q, STM32U599ZIT6Q, STM32U599ZIY6QTR, STM32U599ZJT6Q, STM32U599ZJY6QTR, STM32U5A5AJH6, STM32U5A5AJH6Q, STM32U5A5QII3Q , STM32U5A5QJI6, STM32U5A5QJI6Q, STM32U5A5RJT6, STM32U5A5RJT6Q, STM32U5A5VJT6, STM32U5A5VJT6Q, STM32U5A5ZJT6, STM32U5A5ZJT6Q, STM32U5A5ZJY6QTR, STM32U5A9BJY6QTR, STM32U5A9J-DK, STM32U5A9NJH6Q, STM32U5A9VJT6Q, STM32U5A9ZJT6Q, STM32U5A9ZJY6QTR, STM32U5F7VIT6, STM32U5F7VIT6Q, STM32U5F7VJT6, STM32U5F7VJT6Q, STM32U5F9BJY6QTR, STM32U5F9NJH6Q, STM32U5F9VIT6Q, STM32U5F9VJT6Q, STM32U5F9ZIJ6QTR, STM32U5F9ZIT6Q, STM32U5F9ZJJ6QTR, STM32U5F9ZJT6Q, STM32U5G7VJT6, STM32U5G7VJT6Q, STM32U5G9BJY6QTR, STM32U5G9J-DK1, STM32U5G9J-DK2, STM32U5G9NJH6Q, STM32U5G9VJT6Q, STM32U5G9ZJJ6QTR, STM32U5G9ZJT6Q, STM32WB05KZV6TR, STM32WB05KZV7TR, STM32WB05TZF6TR, STM32WB05TZF7TR, STM32WB06CCF6TR, STM32WB06CCF7TR, STM32WB06CCV6TR, STM32WB06CCV7TR, STM32WB06KCV6TR, STM32WB06KCV7TR, STM32WB07CCF6TR, STM32WB07CCF7TR, STM32WB07CCV6TR, STM32WB07CCV7TR, STM32WB07KCV6TR, STM32WB07KCV7TR, STM32WB09KEV6TR, STM32WB09KEV7TR, STM32WB09TEF6TR, STM32WB09TEF7TR, STM32WB1MMCH6, STM32WBA50KGU6, STM32WBA50KGU6TR, STM32WBA52CEU6, STM32WBA52CEU6TR, STM32WBA52CEU7, STM32WBA52CEU7TR, STM32WBA52CGU6, STM32WBA52CGU6TR, STM32WBA52CGU6U, STM32WBA52CGU7, STM32WBA52CGU7TR, STM32WBA52KEU6, STM32WBA52KEU6TR, STM32WBA52KGU6, STM32WBA52KGU6TR, STM32WBA54CEU6, STM32WBA54CEU6TR, STM32WBA54CEU7, STM32WBA54CEU7TR, STM32WBA54CGU6, STM32WBA54CGU6TR, STM32WBA54CGU7, STM32WBA54CGU7TR, STM32WBA54KEU6, STM32WBA54KEU6TR, STM32WBA54KEU7, STM32WBA54KEU7TR, STM32WBA54KGU6, STM32WBA54KGU6TR, STM32WBA54KGU7, STM32WBA54KGU7TR, STM32WBA55CEU6, STM32WBA55CEU6TR, STM32WBA55CEU7, STM32WBA55CEU7TR, STM32WBA55CGU6, STM32WBA55CGU6TR, STM32WBA55CGU6U, STM32WBA55CGU7, STM32WBA55CGU7TR, STM32WBA55G-DK1, STM32WBA55HEF6, STM32WBA55HEF7, STM32WBA55HGF6, STM32WBA55HGF7, STM32WBA55UEI6, STM32WBA55UEI6TR, STM32WBA55UEI7, STM32WBA55UEI7TR, STM32WBA55UGI6, STM32WBA55UGI6TR, STM32WBA55UGI7, STM32WBA55UGI7TR, STM32WBA5MMGH6TR, STM32WBA62MGF6, STM32WBA62MIF6, STM32WBA65MGF7, STM32WBA65MIF6, STM32WBA65MIF7, STM32WL30K8V6, STM32WL30KBV6, STM32WL31C8V6, STM32WL31CBV6, STM32WL31K8V6, STM32WL31KBV6, STM32WL33C8V6, STM32WL33C8V6X, STM32WL33CBV6, STM32WL33CBV6X, STM32WL33CCV6, STM32WL33CCV6A, STM32WL33CCV6X, STM32WL33K8V7, STM32WL33K8V7X, STM32WL33KBV7 , STM32WL33KBV7X, STM32WL33KCV7, STM32WL33KCV7X, STM32WL5MOCH6, STM32WL5MOCH6TR]
2026-05-18 22:35:11,991 [INFO] BoardInfo:889 - No configuration file found for board NUCLEO-H5E5ZJ
2026-05-18 22:35:11,992 [INFO] DbBoards:161 - Board is not supported: NUCLEO-H5E5ZJ
2026-05-18 22:35:12,061 [INFO] BoardInfo:889 - No configuration file found for board NUCLEO-U3C5ZI-Q
2026-05-18 22:35:12,061 [INFO] DbBoards:161 - Board is not supported: NUCLEO-U3C5ZI-Q
2026-05-18 22:35:12,080 [INFO] BoardInfo:889 - No configuration file found for board NUCLEO-WBA25CE1
2026-05-18 22:35:12,080 [INFO] DbBoards:161 - Board is not supported: NUCLEO-WBA25CE1
2026-05-18 22:35:12,105 [INFO] BoardInfo:889 - No configuration file found for board NUCLEO-WL3RKB1
2026-05-18 22:35:12,107 [INFO] DbBoards:161 - Board is not supported: NUCLEO-WL3RKB1
2026-05-18 22:35:12,108 [INFO] BoardInfo:889 - No configuration file found for board NUCLEO-WL3RKB2
2026-05-18 22:35:12,110 [INFO] DbBoards:161 - Board is not supported: NUCLEO-WL3RKB2
2026-05-18 22:35:12,120 [INFO] BoardInfo:889 - No configuration file found for board P-NUCLEO-WB55
2026-05-18 22:35:12,120 [INFO] DbBoards:161 - Kit is not supported: P-NUCLEO-WB55
2026-05-18 22:35:12,127 [INFO] BoardInfo:889 - No configuration file found for board STEVAL-BFA001V1B
2026-05-18 22:35:12,128 [INFO] DbBoards:161 - Kit is not supported: STEVAL-BFA001V1B
2026-05-18 22:35:12,129 [INFO] BoardInfo:889 - No configuration file found for board STEVAL-BFA001V2B
2026-05-18 22:35:12,130 [INFO] DbBoards:161 - Kit is not supported: STEVAL-BFA001V2B
2026-05-18 22:35:12,253 [INFO] BoardInfo:889 - No configuration file found for board STM32H5F5J-DK
2026-05-18 22:35:12,254 [INFO] DbBoards:161 - Board is not supported: STM32H5F5J-DK
2026-05-18 22:35:12,399 [INFO] DbBoards:168 - Found 218 boards, 209 are supported
2026-05-18 22:35:12,399 [INFO] DbBoards:169 - Found 218 boards, 43 of them is supported for  Bsp
2026-05-18 22:35:12,403 [INFO] ApiDb:423 - Load user favorites file C:\Users\azaki/.stm32cubeide/favorites.boards.txt: 1 item(s)
2026-05-18 22:35:12,403 [INFO] ApiDb:427 - User favorites Boards=[NUCLEO-L432KC]
2026-05-18 22:35:12,403 [INFO] DbBoards:198 - Set 1 / 1 favorites Boards
2026-05-18 22:35:12,403 [INFO] McuFinderGlobals:76 - Set McuFinderConnectedMode to true
2026-05-18 22:35:12,422 [INFO] MultiScanPanel:200 - Auto-refresh data requested => check proxy status ongoing
2026-05-18 22:35:12,425 [INFO] FinderPluginLoader:96 - Searching for filters in installed packs
2026-05-18 22:35:13,790 [INFO] LoadUrlFilesThread:185 - End of LoadServerUrlFiles without Thread
2026-05-18 22:35:13,824 [INFO] DetailPanel:341 - Set advertising image to C:/Users/azaki/STM32Cube/Repository/\en.prom-stm32wba2-stm32-nucleo-board-0426.png
2026-05-18 22:35:17,337 [INFO] MultiScanPanel:200 - Auto-refresh data requested => check proxy status ongoing
2026-05-18 22:35:17,476 [INFO] LoadUrlFilesThread:185 - End of LoadServerUrlFiles without Thread
2026-05-18 22:35:17,477 [INFO] DetailPanel:341 - Set advertising image to C:/Users/azaki/STM32Cube/Repository/\en.prom-stm32wba2-stm32-nucleo-board-0426.png
2026-05-18 22:35:17,490 [INFO] DbBoards:642 - Loading board mini-images...
2026-05-18 22:35:19,460 [INFO] DbBoards:665 - Loaded 218 board mini-images
2026-05-18 22:36:08,355 [INFO] MainUpdater:2872 - connection check result : 10
2026-05-18 22:36:08,356 [INFO] MainUpdater:2872 - connection check result : 10
2026-05-18 22:36:08,371 [INFO] MicroXplorer:468 - Change Database Path : 
2026-05-18 22:36:08,372 [INFO] MicroXplorer:498 - Change Database Version : DB.6.0.150
2026-05-18 22:36:08,376 [WARN] ThirdParty:871 - waiting for thirdparty lock release [close project]
2026-05-18 22:36:08,376 [INFO] ThirdParty:873 - entering critical section [close project]
2026-05-18 22:36:08,377 [INFO] ThirdParty:883 - exiting critical section [close project]
2026-05-18 22:36:08,379 [INFO] PinOutPanel:1589 - setPackage(No Configuration,No Configuration)
2026-05-18 22:36:08,380 [INFO] UtilMem:75 - Begin LoadConfig() Used Memory: 749027120 Bytes (1073741824)
2026-05-18 22:36:08,383 [INFO] OpenFileManager:355 - Change cursor
2026-05-18 22:36:08,433 [INFO] ProjectFactory:514 - No CPN specified for board NUCLEO-L432KC => set CPN to STM32L432KCU3
2026-05-18 22:36:08,433 [INFO] Mcu:2029 - Initializing MCU STM32L432K(B-C)Ux STM32L432KCUx STM32L432KCU3
2026-05-18 22:36:10,178 [INFO] Context:786 - Trying to add GPIOservice into a context  which must be forbidden
2026-05-18 22:36:10,533 [INFO] Rule:233 - rule 117617 - U5Cobra4M][GTZC] default value MPCBB3 and MPCBB5 - Not Secured memory - MPCBB1 is applicable
2026-05-18 22:36:10,533 [INFO] Rule:233 - rule 117617 - U5Cobra4M][GTZC] default value MPCBB3 and MPCBB5 - Not Secured memory - MPCBB1 is applicable
2026-05-18 22:36:10,533 [INFO] Rule:233 - rule 117617 - U5Cobra4M][GTZC] default value MPCBB3 and MPCBB5 - Not Secured memory - MPCBB2 is applicable
2026-05-18 22:36:10,533 [INFO] Rule:233 - rule 117617 - U5Cobra4M][GTZC] default value MPCBB3 and MPCBB5 - Not Secured memory - MPCBB2 is applicable
2026-05-18 22:36:10,533 [INFO] Rule:233 - rule 117617 - U5Cobra4M][GTZC] default value MPCBB3 and MPCBB5 - Not Secured memory - MPCBB3 is applicable
2026-05-18 22:36:10,533 [INFO] Rule:233 - rule 117617 - U5Cobra4M][GTZC] default value MPCBB3 and MPCBB5 - Not Secured memory - MPCBB3 is applicable
2026-05-18 22:36:10,533 [INFO] Rule:233 - rule 117617 - U5Cobra4M][GTZC] default value MPCBB3 and MPCBB5 - Not Secured memory - MPCBB4 is applicable
2026-05-18 22:36:10,533 [INFO] Rule:233 - rule 117617 - U5Cobra4M][GTZC] default value MPCBB3 and MPCBB5 - Not Secured memory - MPCBB4 is applicable
2026-05-18 22:36:10,533 [INFO] Rule:233 - rule 117617 - U5Cobra4M][GTZC] default value MPCBB3 and MPCBB5 - Secured memory - MPCBB1 is applicable
2026-05-18 22:36:10,533 [INFO] Rule:233 - rule 117617 - U5Cobra4M][GTZC] default value MPCBB3 and MPCBB5 - Secured memory - MPCBB2 is applicable
2026-05-18 22:36:10,533 [INFO] Rule:233 - rule 117617 - U5Cobra4M][GTZC] default value MPCBB3 and MPCBB5 - Secured memory - MPCBB3 is applicable
2026-05-18 22:36:10,533 [INFO] Rule:233 - rule 117617 - U5Cobra4M][GTZC] default value MPCBB3 and MPCBB5 - Secured memory - MPCBB4 is applicable
2026-05-18 22:36:10,533 [INFO] Rule:233 - rule 117617 - U5Cobra4M][GTZC] default value MPCBB3 and MPCBB5 - Privileged memory - MPCBB1 is applicable
2026-05-18 22:36:10,533 [INFO] Rule:233 - rule 117617 - U5Cobra4M][GTZC] default value MPCBB3 and MPCBB5 - Privileged memory - MPCBB2 is applicable
2026-05-18 22:36:10,533 [INFO] Rule:233 - rule 117617 - U5Cobra4M][GTZC] default value MPCBB3 and MPCBB5 - Privileged memory - MPCBB3 is applicable
2026-05-18 22:36:10,533 [INFO] Rule:233 - rule 117617 - U5Cobra4M][GTZC] default value MPCBB3 and MPCBB5 - Privileged memory - MPCBB4 is applicable
2026-05-18 22:36:10,533 [INFO] Rule:233 - rule 117617 - U5Cobra4M][GTZC] default value MPCBB3 and MPCBB5 - Not Privileged memory - MPCBB1 is applicable
2026-05-18 22:36:10,533 [INFO] Rule:233 - rule 117617 - U5Cobra4M][GTZC] default value MPCBB3 and MPCBB5 - Not Privileged memory - MPCBB2 is applicable
2026-05-18 22:36:10,533 [INFO] Rule:233 - rule 117617 - U5Cobra4M][GTZC] default value MPCBB3 and MPCBB5 - Not Privileged memory - MPCBB3 is applicable
2026-05-18 22:36:10,533 [INFO] Rule:233 - rule 117617 - U5Cobra4M][GTZC] default value MPCBB3 and MPCBB5 - Not Privileged memory - MPCBB4 is applicable
2026-05-18 22:36:10,533 [INFO] Rule:233 - rule 117617 - U5Cobra4M][GTZC] default value MPCBB3 and MPCBB5 - Privileged memory - MPCBB1 is applicable
2026-05-18 22:36:10,533 [INFO] Rule:233 - rule 117617 - U5Cobra4M][GTZC] default value MPCBB3 and MPCBB5 - Privileged memory - MPCBB2 is applicable
2026-05-18 22:36:10,534 [INFO] Rule:233 - rule 117617 - U5Cobra4M][GTZC] default value MPCBB3 and MPCBB5 - Privileged memory - MPCBB3 is applicable
2026-05-18 22:36:10,534 [INFO] Rule:233 - rule 117617 - U5Cobra4M][GTZC] default value MPCBB3 and MPCBB5 - Privileged memory - MPCBB4 is applicable
2026-05-18 22:36:10,534 [INFO] Rule:233 - rule 117617 - U5Cobra4M][GTZC] default value MPCBB3 and MPCBB5 - Privileged memory - MPCBB1 is applicable
2026-05-18 22:36:10,534 [INFO] Rule:233 - rule 117617 - U5Cobra4M][GTZC] default value MPCBB3 and MPCBB5 - Privileged memory - MPCBB2 is applicable
2026-05-18 22:36:10,534 [INFO] Rule:233 - rule 117617 - U5Cobra4M][GTZC] default value MPCBB3 and MPCBB5 - Privileged memory - MPCBB3 is applicable
2026-05-18 22:36:10,534 [INFO] Rule:233 - rule 117617 - U5Cobra4M][GTZC] default value MPCBB3 and MPCBB5 - Privileged memory - MPCBB4 is applicable
2026-05-18 22:36:10,534 [INFO] Rule:233 - rule 117617 - U5Cobra4M][GTZC] default value MPCBB3 and MPCBB5 - Not Privileged memory - MPCBB1 is applicable
2026-05-18 22:36:10,534 [INFO] Rule:233 - rule 117617 - U5Cobra4M][GTZC] default value MPCBB3 and MPCBB5 - Not Privileged memory - MPCBB2 is applicable
2026-05-18 22:36:10,534 [INFO] Rule:233 - rule 117617 - U5Cobra4M][GTZC] default value MPCBB3 and MPCBB5 - Not Privileged memory - MPCBB3 is applicable
2026-05-18 22:36:10,534 [INFO] Rule:233 - rule 117617 - U5Cobra4M][GTZC] default value MPCBB3 and MPCBB5 - Not Privileged memory - MPCBB4 is applicable
2026-05-18 22:36:10,534 [INFO] Rule:233 - rule 117617 - U5Cobra4M][GTZC] default value MPCBB3 and MPCBB5 - Privileged memory - MPCBB1 is applicable
2026-05-18 22:36:10,534 [INFO] Rule:233 - rule 117617 - U5Cobra4M][GTZC] default value MPCBB3 and MPCBB5 - Privileged memory - MPCBB2 is applicable
2026-05-18 22:36:10,534 [INFO] Rule:233 - rule 117617 - U5Cobra4M][GTZC] default value MPCBB3 and MPCBB5 - Privileged memory - MPCBB3 is applicable
2026-05-18 22:36:10,534 [INFO] Rule:233 - rule 117617 - U5Cobra4M][GTZC] default value MPCBB3 and MPCBB5 - Privileged memory - MPCBB4 is applicable
2026-05-18 22:36:10,534 [INFO] Rule:233 - rule Rename SubGHz_Phy SUBGHZ_APPLICATION SUBGHZ_PINGPONG to SUBGHZ_ADV_APPLICATION is applicable
2026-05-18 22:36:10,534 [INFO] Rule:233 - rule Rename Enabled to IBEACON is applicable
2026-05-18 22:36:10,534 [INFO] Rule:233 - rule GTZC_S instance for project manager is applicable
2026-05-18 22:36:10,534 [INFO] Rule:233 - rule GTZC_S instance for context M33S is applicable
2026-05-18 22:36:10,534 [INFO] Rule:233 - rule GTZC_S instance value for IP GTZC is applicable
2026-05-18 22:36:10,534 [INFO] Rule:233 - rule GTZC_S instance for mcu.IP is applicable
2026-05-18 22:36:10,534 [INFO] Rule:233 - rule GTZC_S instance for VP is applicable
2026-05-18 22:36:10,534 [INFO] Rule:233 - rule GTZC_S instance for signal is applicable
2026-05-18 22:36:10,534 [INFO] Rule:233 - rule GTZC_S instance for mcu.Pin is applicable
2026-05-18 22:36:10,534 [INFO] Rule:233 - rule GTZC_S instance for VP is applicable
2026-05-18 22:36:10,534 [INFO] Rule:233 - rule GTZC_S instance for signal is applicable
2026-05-18 22:36:10,534 [INFO] Rule:233 - rule GTZC_S instance for mcu is applicable
2026-05-18 22:36:10,534 [INFO] Rule:233 - rule GTZC_S instance for mcu.Pin is applicable
2026-05-18 22:36:10,534 [INFO] Rule:233 - rule GTZC_S instance value for IP GTZC is applicable
2026-05-18 22:36:10,534 [INFO] Rule:233 - rule GTZC_S instance for project manager is applicable
2026-05-18 22:36:10,534 [INFO] Rule:233 - rule GTZC_S instance for context M33S is applicable
2026-05-18 22:36:10,534 [INFO] Rule:233 - rule GTZC_S instance for VP is applicable
2026-05-18 22:36:10,534 [INFO] Rule:233 - rule GTZC_S instance for signal is applicable
2026-05-18 22:36:10,534 [INFO] Rule:233 - rule SPDIFRX instance for mcu is applicable
2026-05-18 22:36:10,534 [INFO] Rule:233 - rule Rename Tracer Mode is applicable
2026-05-18 22:36:10,534 [INFO] Rule:233 - rule SPDIFRX instance value for IP SPDIFRX is applicable
2026-05-18 22:36:10,534 [INFO] Rule:233 - rule SPDIFRX instance for signal is applicable
2026-05-18 22:36:10,534 [INFO] Rule:233 - rule SPDIFRX instance for project manager is applicable
2026-05-18 22:36:10,534 [INFO] Rule:233 - rule SPDIFRX instance for project manager is applicable
2026-05-18 22:36:10,534 [INFO] Rule:233 - rule ADC Scan  fix with FW F7 is applicable
2026-05-18 22:36:10,534 [INFO] Rule:233 - rule ADC Scan  fix with FW F7 is applicable
2026-05-18 22:36:10,534 [INFO] Rule:233 - rule DFSDM instance value for IP DFSDM is applicable
2026-05-18 22:36:10,534 [INFO] Rule:233 - rule DFSDM instance for mcu is applicable
2026-05-18 22:36:10,534 [INFO] Rule:233 - rule DFSDM instance for VP is applicable
2026-05-18 22:36:10,534 [INFO] Rule:233 - rule DFSDM instance for signal is applicable
2026-05-18 22:36:10,534 [INFO] Rule:233 - rule DFSDM instance for shared is applicable
2026-05-18 22:36:10,535 [INFO] Rule:233 - rule BreakInputSource parameter for IP Timer is applicable
2026-05-18 22:36:10,535 [INFO] Rule:233 - rule Sourcebreak parameter for IP Timer is applicable
2026-05-18 22:36:10,535 [INFO] Rule:233 - rule Sourcebreak parameter for IP Timer is applicable
2026-05-18 22:36:10,535 [INFO] Rule:233 - rule DFSDM for PCC is applicable
2026-05-18 22:36:10,535 [INFO] Rule:233 - rule Serial_Wire Mode is applicable
2026-05-18 22:36:10,535 [INFO] Rule:233 - rule JTAG_4_pins Mode is applicable
2026-05-18 22:36:10,535 [INFO] Rule:233 - rule JTAG_5_pins Mode is applicable
2026-05-18 22:36:10,535 [INFO] Rule:233 - rule Trace_Asynchronous_SW Mode is applicable
2026-05-18 22:36:10,535 [INFO] Rule:233 - rule Trace_Synchro_1bit_JTAG Mode is applicable
2026-05-18 22:36:10,535 [INFO] Rule:233 - rule Trace_Synchro_2bits_JTAG Mode is applicable
2026-05-18 22:36:10,535 [INFO] Rule:233 - rule Trace_Synchro_4bits_JTAG Mode is applicable
2026-05-18 22:36:10,535 [INFO] Rule:233 - rule Trace_Synchro_1bit_SW Mode is applicable
2026-05-18 22:36:10,535 [INFO] Rule:233 - rule Trace_Synchro_2bits_SW Mode is applicable
2026-05-18 22:36:10,535 [INFO] Rule:233 - rule Trace_Synchro_4bits_SW Mode is applicable
2026-05-18 22:36:10,535 [INFO] Rule:233 - rule SYS_WakeUp0 Mode is applicable
2026-05-18 22:36:10,535 [INFO] Rule:233 - rule SYS_WakeUp0 Mode for STM32F446 is applicable
2026-05-18 22:36:10,535 [INFO] Rule:233 - rule SYS_WakeUp1 Mode is applicable
2026-05-18 22:36:10,535 [INFO] Rule:233 - rule SYS_WakeUp1 Mode for STM32F446 is applicable
2026-05-18 22:36:10,535 [INFO] Rule:233 - rule SYS_WakeUp2 Mode is applicable
2026-05-18 22:36:10,535 [INFO] Rule:233 - rule SYS_WakeUp3 Mode is applicable
2026-05-18 22:36:10,535 [INFO] Rule:233 - rule SYS_WakeUp4 Mode is applicable
2026-05-18 22:36:10,536 [INFO] Rule:233 - rule SYS_WakeUp5 Mode is applicable
2026-05-18 22:36:10,536 [INFO] Rule:233 - rule SYS_WakeUp6 Mode is applicable
2026-05-18 22:36:10,536 [INFO] Rule:233 - rule SYS_WakeUp7 Mode is applicable
2026-05-18 22:36:10,536 [INFO] Rule:233 - rule WakeUp0 Mode is applicable
2026-05-18 22:36:10,536 [INFO] Rule:233 - rule WakeUp0 SIGNAL is applicable
2026-05-18 22:36:10,536 [INFO] Rule:233 - rule WakeUp1 Mode is applicable
2026-05-18 22:36:10,536 [INFO] Rule:233 - rule WakeUp1 SIGNAL is applicable
2026-05-18 22:36:10,536 [INFO] Rule:233 - rule WakeUp2 Mode is applicable
2026-05-18 22:36:10,536 [INFO] Rule:233 - rule WakeUp2 SIGNAL is applicable
2026-05-18 22:36:10,536 [INFO] Rule:233 - rule WakeUp4 Mode is applicable
2026-05-18 22:36:10,536 [INFO] Rule:233 - rule WakeUp4 SIGNAL is applicable
2026-05-18 22:36:10,536 [INFO] Rule:233 - rule WakeUp5 Mode is applicable
2026-05-18 22:36:10,536 [INFO] Rule:233 - rule WakeUp5 SIGNAL is applicable
2026-05-18 22:36:10,536 [INFO] Rule:233 - rule Mode_PVD_Ext is applicable
2026-05-18 22:36:10,536 [INFO] Rule:233 - rule Mode_PVD_Int is applicable
2026-05-18 22:36:10,536 [INFO] Rule:233 - rule Add RTC Activate Clock Source is applicable
2026-05-18 22:36:10,536 [INFO] Rule:233 - rule Add RTC Activate Calendar 1 is applicable
2026-05-18 22:36:10,536 [INFO] Rule:233 - rule Add RTC Activate Calendar 2 is applicable
2026-05-18 22:36:10,536 [INFO] Rule:233 - rule Add RTC Activate Calendar 3 is applicable
2026-05-18 22:36:10,536 [INFO] Rule:233 - rule UART/USART TX Mode is applicable
2026-05-18 22:36:10,536 [INFO] Rule:233 - rule UART/USART RX Mode is applicable
2026-05-18 22:36:10,536 [INFO] Rule:233 - rule UART/USART RX TX Mode is applicable
2026-05-18 22:36:10,536 [INFO] Rule:233 - rule UART/USART PARITY NONE is applicable
2026-05-18 22:36:10,536 [INFO] Rule:233 - rule UART/USART PARITY EVEN is applicable
2026-05-18 22:36:10,536 [INFO] Rule:233 - rule UART/USART PARITY ODD is applicable
2026-05-18 22:36:10,537 [INFO] Rule:233 - rule USART StopBits 1 is applicable
2026-05-18 22:36:10,537 [INFO] Rule:233 - rule USART StopBits 2 is applicable
2026-05-18 22:36:10,537 [INFO] Rule:233 - rule USART StopBits 1.5 is applicable
2026-05-18 22:36:10,537 [INFO] Rule:233 - rule USART StopBits 0.5 is applicable
2026-05-18 22:36:10,537 [INFO] Rule:233 - rule UART/USART WORD LENGTH 7 is applicable
2026-05-18 22:36:10,537 [INFO] Rule:233 - rule UART/USART WORD LENGTH 8 is applicable
2026-05-18 22:36:10,537 [INFO] Rule:233 - rule UART/USART WORD LENGTH 9 is applicable
2026-05-18 22:36:10,537 [INFO] Rule:233 - rule Rename FMC NAND NCE signal is applicable
2026-05-18 22:36:10,537 [INFO] Rule:233 - rule Rename FMC NAND INT signal is applicable
2026-05-18 22:36:10,537 [INFO] Rule:233 - rule Change Default Value for LSE Drive Capability for WB family is applicable
2026-05-18 22:36:10,537 [INFO] Rule:233 - rule Change Default Value for ADC Clock Prescaler G0 family is applicable
2026-05-18 22:36:10,537 [INFO] Rule:233 - rule Change Default Value for ADC ExternalTrigConv L4 family is applicable
2026-05-18 22:36:10,537 [INFO] Rule:233 - rule Change Default Value for ADC ExternalTrigInjecConv L4 family is applicable
2026-05-18 22:36:10,537 [INFO] Rule:233 - rule Change Default Value for ADC ExternalTrigConv F3 family is applicable
2026-05-18 22:36:10,537 [INFO] Rule:233 - rule Change Default Value for ADC ExternalTrigInjecConv F3 family is applicable
2026-05-18 22:36:10,537 [INFO] Rule:233 - rule Change Default Value for ADC ExternalTrigConv Goldfish serie is applicable
2026-05-18 22:36:10,537 [INFO] Rule:233 - rule Change Default Value for ADC ExternalTrigInjecConv Goldfish serie is applicable
2026-05-18 22:36:10,537 [INFO] Rule:233 - rule Change Default Value for ADC ExternalTrigConv L0 family is applicable
2026-05-18 22:36:10,537 [INFO] Rule:233 - rule Change Default Value for ADC ExternalTrigConv F0 family is applicable
2026-05-18 22:36:10,537 [INFO] Rule:233 - rule Change Default Value for ADC ExternalTrigConvn L1 family is applicable
2026-05-18 22:36:10,537 [INFO] Rule:233 - rule Change Default Value for ADC ExternalTrigInjecConv L1 family is applicable
2026-05-18 22:36:10,537 [INFO] Rule:233 - rule Change Default Value for ADC ExternalTrigConv F1 family is applicable
2026-05-18 22:36:10,537 [INFO] Rule:233 - rule Change Default Value for ADC ExternalTrigInjecConv F1 family is applicable
2026-05-18 22:36:10,537 [INFO] Rule:233 - rule Change Default Value for ADC ExternalTrigConv F7 family is applicable
2026-05-18 22:36:10,537 [INFO] Rule:233 - rule Change Default Value for ADC ExternalTrigInjecConv F7 family is applicable
2026-05-18 22:36:10,537 [INFO] Rule:233 - rule Change Default Value for ADC ExternalTrigConv F4 and F2 family is applicable
2026-05-18 22:36:10,537 [INFO] Rule:233 - rule Change Default Value for ADC ExternalTrigInjecConv F4 and F2 family is applicable
2026-05-18 22:36:10,537 [INFO] Rule:233 - rule ADC SamplingTime fix with FW L0  is applicable
2026-05-18 22:36:10,537 [INFO] Rule:233 - rule ADC SamplingTime fix with FW L0  is applicable
2026-05-18 22:36:10,537 [INFO] Rule:233 - rule ADC SamplingTime fix with FW L0 is applicable
2026-05-18 22:36:10,537 [INFO] Rule:233 - rule ADC SamplingTime fix with FW L0 is applicable
2026-05-18 22:36:10,537 [INFO] Rule:233 - rule ADC SamplingTime fix with FW L0  is applicable
2026-05-18 22:36:10,537 [INFO] Rule:233 - rule ADC SamplingTime fix with FW L0 is applicable
2026-05-18 22:36:10,537 [INFO] Rule:233 - rule Rename USB_OE Signal is applicable
2026-05-18 22:36:10,537 [INFO] Rule:233 - rule Rename Activate_OE Mode is applicable
2026-05-18 22:36:10,537 [INFO] Rule:233 - rule Rename DIE462/DIE415 pin PC14/OSC32_IN -> PC14-OSC32_IN (PC14) is applicable
2026-05-18 22:36:10,537 [INFO] Rule:233 - rule Rename DIE462/DIE415 pin PC15/OSC32_OUT -> PC15-OSC32_OUT (PC15) is applicable
2026-05-18 22:36:10,537 [INFO] Rule:233 - rule Rename DIE462/DIE415 pin PH0/OSC_IN -> PH0-OSC_IN (PH0) is applicable
2026-05-18 22:36:10,537 [INFO] Rule:233 - rule Rename DIE462/DIE415 pin PH1/OSC_OUT -> PH1-OSC_OUT (PH1) is applicable
2026-05-18 22:36:10,537 [INFO] Rule:233 - rule Rename DIE462 pin PA13 -> PA13 (JTMS/SWDIO) is applicable
2026-05-18 22:36:10,537 [INFO] Rule:233 - rule Rename DIE415 pin PA13 -> PA13 (JTMS/SWDIO) is applicable
2026-05-18 22:36:10,538 [INFO] Rule:233 - rule Rename DIE462 pin PA14 -> PA14 (JTCK/SWCLK) is applicable
2026-05-18 22:36:10,538 [INFO] Rule:233 - rule Rename DIE415 pin PA14 -> PA14 (JTCK/SWCLK) is applicable
2026-05-18 22:36:10,538 [INFO] Rule:233 - rule Rename DIE462/DIE415 pin PA15 -> PA15 (JTDI) is applicable
2026-05-18 22:36:10,538 [INFO] Rule:233 - rule Rename DIE462 pin PB3 -> PB3 (JTD0/TRACESWO) is applicable
2026-05-18 22:36:10,538 [INFO] Rule:233 - rule Rename DIE415 pin PB3 -> PB3 (JTD0-TRACESWO) is applicable
2026-05-18 22:36:10,538 [INFO] Rule:233 - rule Rename DIE462/DIE415 pin PB4 -> PB4 (NJTRST) is applicable
2026-05-18 22:36:10,538 [INFO] Rule:233 - rule Rename DIE462 pin PH3/BOOT0 -> PH3-BOOT0 (BOOT0) is applicable
2026-05-18 22:36:10,538 [INFO] Rule:233 - rule Rename CRYP DataEncryptionTypesList to Algorithm is applicable
2026-05-18 22:36:10,538 [INFO] Rule:233 - rule Rename AES DataEncryptionTypesList to Algorithm is applicable
2026-05-18 22:36:10,538 [INFO] Rule:233 - rule Rename TDESECB to CRYP_TDES_ECB is applicable
2026-05-18 22:36:10,538 [INFO] Rule:233 - rule Rename TDESCBC to CRYP_TDES_CBC is applicable
2026-05-18 22:36:10,538 [INFO] Rule:233 - rule Rename DESECB to CRYP_DES_ECB is applicable
2026-05-18 22:36:10,538 [INFO] Rule:233 - rule Rename DESCBC to CRYP_DES_CBC is applicable
2026-05-18 22:36:10,538 [INFO] Rule:233 - rule Rename AESECB to CRYP_AES_ECB is applicable
2026-05-18 22:36:10,538 [INFO] Rule:233 - rule Rename AESCBC to CRYP_AES_CBC is applicable
2026-05-18 22:36:10,538 [INFO] Rule:233 - rule Rename AESCTR to CRYP_AES_CTR is applicable
2026-05-18 22:36:10,538 [INFO] Rule:233 - rule Rename AESGCM to CRYP_AES_GCM is applicable
2026-05-18 22:36:10,538 [INFO] Rule:233 - rule Rename AESCCM to CRYP_AES_CCM is applicable
2026-05-18 22:36:10,538 [INFO] Rule:233 - rule Rename CAN TimeSeg1 to BS1 is applicable
2026-05-18 22:36:10,538 [INFO] Rule:233 - rule Rename CAN TimeSeg2 to BS2 is applicable
2026-05-18 22:36:10,538 [INFO] Rule:233 - rule Rename CAN SyncJumpWidth to SJW is applicable
2026-05-18 22:36:10,538 [INFO] Rule:233 - rule TimeTriggeredMode to TTCM is applicable
2026-05-18 22:36:10,538 [INFO] Rule:233 - rule Rename CAN AutoBusOff to ABOM is applicable
2026-05-18 22:36:10,538 [INFO] Rule:233 - rule Rename CAN AutoWakeUp to AWUM is applicable
2026-05-18 22:36:10,538 [INFO] Rule:233 - rule Rename CAN AutoRetransmission to NART is applicable
2026-05-18 22:36:10,538 [INFO] Rule:233 - rule Rename CAN ReceiveFifoLocked to RFLM is applicable
2026-05-18 22:36:10,538 [INFO] Rule:233 - rule Rename CAN TransmitFifoPriority to TXFP is applicable
2026-05-18 22:36:10,538 [INFO] Rule:233 - rule Rename HRTIMER HRTIM_OUTPUTFAULTLEVEL_HIGH in HRTIMER HRTIM_OUTPUTFAULTLEVEL_HIGHZ is applicable
2026-05-18 22:36:10,538 [INFO] Rule:233 - rule Rename TIMER TIM_CLEARINPUTSOURCE_OCREFCLR in  TIMER TIM_CLEARINPUTSOURCE_NONE for F7 family is applicable
2026-05-18 22:36:10,538 [INFO] Rule:233 - rule FDCAN_R1 - Rename FDCAN mode Master into Classic is applicable
2026-05-18 22:36:10,538 [INFO] Rule:233 - rule FDCAN_R2 - Rename FDCAN mode Slave into Classic is applicable
2026-05-18 22:36:10,538 [INFO] Rule:233 - rule FDCAN1_R3 - if PA10.Mode=FullDuplex, add Pin PA12 is applicable
2026-05-18 22:36:10,538 [INFO] Rule:233 - rule FDCAN1_R3 - if PA9.Mode=FullDuplex, add Pin PA11 is applicable
2026-05-18 22:36:10,538 [INFO] Rule:233 - rule FDCAN1_R3 - Alternatepin_1 - if PE1.Mode=FullDuplex, add Pin PB9 is applicable
2026-05-18 22:36:10,538 [INFO] Rule:233 - rule FDCAN1_R3 - Alternatepin_1 - if PE0.Mode=FullDuplex, add Pin PB8 is applicable
2026-05-18 22:36:10,538 [INFO] Rule:233 - rule FDCAN1_R3 - Alternatepin_2 - if PD5.Mode=FullDuplex, add Pin PD1 is applicable
2026-05-18 22:36:10,538 [INFO] Rule:233 - rule FDCAN1_R3 - Alternatepin_2 - if PD4.Mode=FullDuplex, add Pin PD0 is applicable
2026-05-18 22:36:10,538 [INFO] Rule:233 - rule FDCAN1_R4 - Rename Mode FullDuplex into Enable FDCAN_TXFD for pin PA10 is applicable
2026-05-18 22:36:10,538 [INFO] Rule:233 - rule FDCAN1_R4 - Rename Mode FullDuplex into Enable FDCAN_TXFD for pin PA9 is applicable
2026-05-18 22:36:10,538 [INFO] Rule:233 - rule FDCAN1_R4 - Alternatepin_1 - Rename Mode FullDuplex into Enable FDCAN_TXFD for pin PE1 is applicable
2026-05-18 22:36:10,538 [INFO] Rule:233 - rule FDCAN1_R4 - Alternatepin_1 - Rename Mode FullDuplex into Enable FDCAN_TXFD for pin PE0 is applicable
2026-05-18 22:36:10,538 [INFO] Rule:233 - rule FDCAN1_R4 - Alternatepin_2 - Rename Mode FullDuplex into Enable FDCAN_TXFD for pin PD5 is applicable
2026-05-18 22:36:10,538 [INFO] Rule:233 - rule FDCAN1_R4 - Alternatepin_2 - Rename Mode FullDuplex into Enable FDCAN_TXFD for pin PD4 is applicable
2026-05-18 22:36:10,538 [INFO] Rule:233 - rule FDCAN2_R3 - if PD10.Mode=FullDuplex, add Pin PB13 is applicable
2026-05-18 22:36:10,538 [INFO] Rule:233 - rule FDCAN2_R3 - if PD9.Mode=FullDuplex, add Pin PB12 is applicable
2026-05-18 22:36:10,539 [INFO] Rule:233 - rule FDCAN2_R3 - Alternatepin_1 - if PB7.Mode=FullDuplex, add Pin PB6 is applicable
2026-05-18 22:36:10,539 [INFO] Rule:233 - rule FDCAN2_R3 - Alternatepin_1 - if PD9.Mode=FullDuplex, add Pin PB12 is applicable
2026-05-18 22:36:10,539 [INFO] Rule:233 - rule FDCAN2_R4 - Rename Mode FullDuplex into Enable FDCAN_TXFD for pin PD10 is applicable
2026-05-18 22:36:10,539 [INFO] Rule:233 - rule FDCAN2_R4 - Rename Mode FullDuplex into Enable FDCAN_TXFD for pin PD9 is applicable
2026-05-18 22:36:10,539 [INFO] Rule:233 - rule FDCAN2_R4 - Alternatepin_1 - Rename Mode FullDuplex into Enable FDCAN_TXFD for pin PB7 is applicable
2026-05-18 22:36:10,539 [INFO] Rule:233 - rule FDCAN2_R4 - Alternatepin_1 - Rename Mode FullDuplex into Enable FDCAN_TXFD for pin PD6 is applicable
2026-05-18 22:36:10,539 [INFO] Rule:233 - rule USART TxPinLevelInvertParam Mode is applicable
2026-05-18 22:36:10,539 [INFO] Rule:233 - rule USART RxPinLevelInvertParam Mode is applicable
2026-05-18 22:36:10,539 [INFO] Rule:233 - rule USART DataInvertParam Mode is applicable
2026-05-18 22:36:10,539 [INFO] Rule:233 - rule USART SwapParam Mode is applicable
2026-05-18 22:36:10,539 [INFO] Rule:233 - rule USART OverrunDisableParam Mode is applicable
2026-05-18 22:36:10,539 [INFO] Rule:233 - rule USART DMADisableonRxErrorParam Mode is applicable
2026-05-18 22:36:10,539 [INFO] Rule:233 - rule USART MSBFirstParam Mode is applicable
2026-05-18 22:36:10,539 [INFO] Rule:233 - rule Update MwName for USB_DEVICE is applicable
2026-05-18 22:36:10,539 [INFO] Rule:233 - rule Change PWR_Regulator_Voltage_Scale Default Value for RCC  H7 family is applicable
2026-05-18 22:36:10,539 [INFO] Rule:233 - rule UART/USART IPParameter rename Prescaler parameter to ClockPrescaler is applicable
2026-05-18 22:36:10,539 [INFO] Rule:233 - rule UART/USART Prescaler rename Prescaler parameter to ClockPrescaler is applicable
2026-05-18 22:36:10,539 [INFO] Rule:233 - rule TIM1CLockSelection is applicable
2026-05-18 22:36:10,539 [INFO] Rule:233 - rule TIM15CLockSelection is applicable
2026-05-18 22:36:10,539 [INFO] Rule:233 - rule align RCC SDMMC3CLockSelection default value on MP1 is applicable
2026-05-18 22:36:10,539 [INFO] Rule:233 - rule align RCC SDMMC12CLockSelection default value on MP1 is applicable
2026-05-18 22:36:10,539 [INFO] Rule:233 - rule align RCC QSPICLockSelection default value on MP1 is applicable
2026-05-18 22:36:10,539 [INFO] Rule:233 - rule align RCC QSPICLockSelection default value on MP1 is applicable
2026-05-18 22:36:10,539 [INFO] Rule:233 - rule align RCC SPI6CLockSelection default value on MP1 is applicable
2026-05-18 22:36:10,539 [INFO] Rule:233 - rule align RCC LPTIM23CLockSelection default value on MP1 is applicable
2026-05-18 22:36:10,539 [INFO] Rule:233 - rule align RCC LPTIM1CLockSelection default value on MP1 is applicable
2026-05-18 22:36:10,539 [INFO] Rule:233 - rule align RCC USART1CLockSelection default value on MP1 is applicable
2026-05-18 22:36:10,539 [INFO] Rule:233 - rule align RCC USART24CLockSelection default value on MP1 is applicable
2026-05-18 22:36:10,539 [INFO] Rule:233 - rule align RCC USART6CLockSelection default value on MP1 is applicable
2026-05-18 22:36:10,539 [INFO] Rule:233 - rule align RCC UART78CLockSelection default value on MP1 is applicable
2026-05-18 22:36:10,539 [INFO] Rule:233 - rule align RCC USART35CLockSelection default value on MP1 is applicable
2026-05-18 22:36:10,539 [INFO] Rule:233 - rule align RCC SPI45CLockSelection default value on MP1 is applicable
2026-05-18 22:36:10,539 [INFO] Rule:233 - rule align RCC I2C46CLockSelection BCLK value on MP1 is applicable
2026-05-18 22:36:10,539 [INFO] Rule:233 - rule align RCC SPI45CLockSelection default value on MP1 is applicable
2026-05-18 22:36:10,539 [INFO] Rule:233 - rule align RCC I2C12CLockSelection default value on MP1 is applicable
2026-05-18 22:36:10,539 [INFO] Rule:233 - rule align RCC I2C35CLockSelection default value on MP1 is applicable
2026-05-18 22:36:10,539 [INFO] Rule:233 - rule align RCC LPTIM45CLockSelection default value on MP1 is applicable
2026-05-18 22:36:10,539 [INFO] Rule:233 - rule Rename DCMI PIXCK signal is applicable
2026-05-18 22:36:10,539 [INFO] Rule:233 - rule Change Default Value for I2C46CLockSelection MP1 family is applicable
2026-05-18 22:36:10,539 [INFO] Rule:233 - rule Change Default Value for UART for G4, G0 and WB families is applicable
2026-05-18 22:36:10,539 [INFO] Rule:233 - rule Change Default Value for USART for G4, G0 and WB families is applicable
2026-05-18 22:36:10,539 [INFO] Rule:233 - rule Change Default Value for USART for G4 family is applicable
2026-05-18 22:36:10,539 [INFO] Rule:233 - rule Change USART1CLockSelection refparam name for MP1 is applicable
2026-05-18 22:36:10,539 [INFO] Rule:233 - rule Change USART2CLockSelection refparam name for MP1 is applicable
2026-05-18 22:36:10,540 [INFO] Rule:233 - rule Change USART3CLockSelection refparam name for MP1 is applicable
2026-05-18 22:36:10,540 [INFO] Rule:233 - rule Change UART4CLockSelection refparam name for MP1 is applicable
2026-05-18 22:36:10,540 [INFO] Rule:233 - rule Change UART5CLockSelection refparam name for MP1 is applicable
2026-05-18 22:36:10,540 [INFO] Rule:233 - rule Change LPUART1CLockSelection refparam name for MP1 is applicable
2026-05-18 22:36:10,540 [INFO] Rule:233 - rule Change LPTIM1CLockSelection refparam name for MP1 is applicable
2026-05-18 22:36:10,540 [INFO] Rule:233 - rule Change LPTIM2CLockSelection refparam name for MP1 is applicable
2026-05-18 22:36:10,540 [INFO] Rule:233 - rule Change RCC_MCO1Source refparam name for MP1 is applicable
2026-05-18 22:36:10,540 [INFO] Rule:233 - rule Change LSCOSource1 refparam name for MP1 is applicable
2026-05-18 22:36:10,540 [INFO] Rule:233 - rule Change SMPSCLockSelection refparam name for MP1 is applicable
2026-05-18 22:36:10,540 [INFO] Rule:233 - rule Change LPTIM3CLockSelection refparam name for MP1 is applicable
2026-05-18 22:36:10,540 [INFO] Rule:233 - rule Change MPCBB* Default Template Mode to Parameters is applicable
2026-05-18 22:36:10,540 [INFO] Rule:233 - rule Change MPCWM* or MPCBB* Secure Mode to Parameters is applicable
2026-05-18 22:36:10,540 [INFO] Rule:233 - rule Change MPCWM* or MPCBB* No Secure Mode to Parameters is applicable
2026-05-18 22:36:10,540 [INFO] Rule:233 - rule Change TZSC IP Secure Mode to Parameters is applicable
2026-05-18 22:36:10,540 [INFO] Rule:233 - rule Change TZSC IP No Secure Mode to Parameters is applicable
2026-05-18 22:36:10,540 [INFO] Rule:233 - rule Change TZSC IP Privilege Mode to Parameters is applicable
2026-05-18 22:36:10,540 [INFO] Rule:233 - rule Change TZSC IP No Privilege Mode to Parameters is applicable
2026-05-18 22:36:10,540 [INFO] Rule:233 - rule Change TZIC IT Secure Mode to Parameters is applicable
2026-05-18 22:36:10,540 [INFO] Rule:233 - rule Change TZIC IT No Secure Mode to Parameters is applicable
2026-05-18 22:36:10,540 [INFO] Rule:233 - rule Add MPCBB1_NonSecureArea_Start_Address value with referenced to MPCBB1_NonSecureArea_Start value is applicable
2026-05-18 22:36:10,540 [INFO] Rule:233 - rule Add MPCBB2_NonSecureArea_Start_Address value with referenced to MPCBB2_NonSecureArea_Start value is applicable
2026-05-18 22:36:10,540 [INFO] Rule:233 - rule Add MPCWM1_NonSecureArea*_Start_Address value with referenced to MPCWM1_NonSecureArea*_Start value is applicable
2026-05-18 22:36:10,540 [INFO] Rule:233 - rule Add MPCWM2_NonSecureArea*_Start_Address value with referenced to MPCWM2_NonSecureArea*_Start value is applicable
2026-05-18 22:36:10,540 [INFO] Rule:233 - rule Add MPCWM3_NonSecureArea_Start_Address value with referenced to MPCWM3_NonSecureArea_Start value is applicable
2026-05-18 22:36:10,540 [INFO] Rule:233 - rule Change Default Value for PLL1UserDefinedConfig is applicable
2026-05-18 22:36:10,540 [INFO] Rule:233 - rule Change GPIO_PuPd Default Value for USART in async mode is applicable
2026-05-18 22:36:10,540 [INFO] Rule:233 - rule Change SMPSDivider Default Value is applicable
2026-05-18 22:36:10,540 [INFO] Rule:233 - rule OPAMP is applicable
2026-05-18 22:36:10,540 [INFO] Rule:233 - rule LPUART IPParameter rename Prescaler parameter to ClockPrescaler for STM32H7 is applicable
2026-05-18 22:36:10,540 [INFO] Rule:233 - rule LPUART IPParameter rename Prescaler parameter to ClockPrescaler for STM32H7 is applicable
2026-05-18 22:36:10,540 [INFO] Rule:233 - rule LPUART IPParameter rename Prescaler parameter to ClockPrescaler for STM32WB is applicable
2026-05-18 22:36:10,540 [INFO] Rule:233 - rule LPUART IPParameter rename Prescaler parameter to ClockPrescaler for STM32WB is applicable
2026-05-18 22:36:10,540 [INFO] Rule:233 - rule LPUART IPParameter rename Prescaler parameter to ClockPrescaler for STM32G4 is applicable
2026-05-18 22:36:10,540 [INFO] Rule:233 - rule LPUART IPParameter rename Prescaler parameter to ClockPrescaler for STM32G4 is applicable
2026-05-18 22:36:10,540 [INFO] Rule:233 - rule LPUART IPParameter rename Prescaler parameter to ClockPrescaler for STM32L5 is applicable
2026-05-18 22:36:10,540 [INFO] Rule:233 - rule LPUART IPParameter rename Prescaler parameter to ClockPrescaler for STM32L5 is applicable
2026-05-18 22:36:10,540 [INFO] Rule:233 - rule LPUART IPParameter rename Prescaler parameter to ClockPrescaler for STM32G4 is applicable
2026-05-18 22:36:10,540 [INFO] Rule:233 - rule LPUART IPParameter rename Prescaler parameter to ClockPrescaler for STM32G4 is applicable
2026-05-18 22:36:10,540 [INFO] Rule:233 - rule USB device lib V2.5.3 for L0 rename USBD_SUPPORT_USER_STRING parameter to USBD_SUPPORT_USER_STRING_DESC4 is applicable
2026-05-18 22:36:10,540 [INFO] Rule:233 - rule I2SCLockSelection clock entry align is applicable
2026-05-18 22:36:10,540 [INFO] Rule:233 - rule Assign TIMx context if used as SYS timebase is applicable
2026-05-18 22:36:10,540 [INFO] Rule:233 - rule Change GPIO_Pu Default Value for I2C is applicable
2026-05-18 22:36:10,540 [INFO] Rule:233 - rule Change GPIO_Pu Default Value for SMBus is applicable
2026-05-18 22:36:10,540 [INFO] Rule:233 - rule change FDCAN default value is applicable
2026-05-18 22:36:10,540 [INFO] Rule:233 - rule Change mode sai is applicable
2026-05-18 22:36:10,540 [INFO] Rule:233 - rule **Change sai mode is applicable
2026-05-18 22:36:10,540 [INFO] Rule:233 - rule Rename STM32WPAN CFG_BLE_IRK to CFG_BLE_IR is applicable
2026-05-18 22:36:10,540 [INFO] Rule:233 - rule Rename STM32WPAN CFG_BLE_ERK to CFG_BLE_ER is applicable
2026-05-18 22:36:10,540 [INFO] Rule:233 - rule Rename STM32WPAN CFG_BLE_IRK_HEX to CFG_BLE_IR_HEX is applicable
2026-05-18 22:36:10,540 [INFO] Rule:233 - rule Rename STM32WPAN CFG_BLE_ERK_HEX to CFG_BLE_ER_HEX is applicable
2026-05-18 22:36:10,540 [INFO] Rule:233 - rule Adapt Old IOC before rework replace old CORTEX_M33/CORTEX_M55 attributes by the new one. is applicable
2026-05-18 22:36:10,540 [INFO] Rule:233 - rule Rename parametre of RCC RCC_APBDBG_DIV2 to RCC_TIMPRES_DIV2 is applicable
2026-05-18 22:36:10,540 [INFO] Rule:233 - rule Rename DIE493 pin PA10 [PA12] -> PA10 is applicable
2026-05-18 22:36:10,540 [INFO] Rule:233 - rule Rename DIE493 pin PA9 [PA11] -> PA9 is applicable
2026-05-18 22:36:10,541 [INFO] Rule:233 - rule Rename DIE492 PartNumber CPN STM32WBA5MJGHx -> STM32WBA5MMGHx is applicable
2026-05-18 22:36:10,541 [INFO] Rule:233 - rule Rename DIE492 PartNumber  Name STM32WBA5MJGHx -> STM32WBA5MMGHx is applicable
2026-05-18 22:36:10,541 [INFO] Rule:233 - rule Rename DIE492 PartNumber UserName STM32WBA5MJGHx -> STM32WBA5MMGHx is applicable
2026-05-18 22:36:10,541 [INFO] Rule:233 - rule Rename DIE492 PartNumber DeviceId STM32WBA5MJGHx -> STM32WBA5MMGHx is applicable
2026-05-18 22:36:10,541 [INFO] Rule:233 - rule Adapt Old IOC CSI. is applicable
2026-05-18 22:36:10,541 [INFO] Rule:233 - rule Adapt Old IOC DCMIPP. is applicable
2026-05-18 22:36:10,541 [INFO] Rule:233 - rule Adapt Old IOC DCMIPP Mode Parallel. is applicable
2026-05-18 22:36:10,541 [INFO] Rule:233 - rule Adapt Old IOC LTDC. is applicable
2026-05-18 22:36:10,541 [INFO] Rule:233 - rule Rename STM32MP2 RIF Peripheral LTDC RIF.RISUP.LTDC_L0L1.Privilege -> RIF.RISUP.LTDC_L1L2.Privilege is applicable
2026-05-18 22:36:10,541 [INFO] Rule:233 - rule Rename STM32MP2 RIF Peripheral LTDC RIF.RISUP.LTDC_L0L1.Privilege -> RIF.RISUP.LTDC_L1L2.Privilege is applicable
2026-05-18 22:36:10,541 [INFO] Rule:233 - rule Rename STM32MP2 RIF Peripheral LTDC RIF.RISUP.LTDC_L0L1.Lock -> RIF.RISUP.LTDC_L1L2.Lock is applicable
2026-05-18 22:36:10,541 [INFO] Rule:233 - rule Rename STM32MP2 RIF Peripheral LTDC RIF.RISUP.LTDC_L2.Lock -> RIF.RISUP.LTDC_L3.Lock is applicable
2026-05-18 22:36:10,541 [INFO] Rule:233 - rule Adapt the old IOC example for updating the SYS when it is misconfigured. is applicable
2026-05-18 22:36:10,541 [INFO] Rule:233 - rule Rename STM32C09 Mcu.Package LQFP64 -> LQFP48 is applicable
2026-05-18 22:36:10,541 [INFO] Rule:233 - rule Adapt the old IOC example for updating the SYS when it is misconfigured. is applicable
2026-05-18 22:36:10,541 [INFO] Rule:233 - rule Adapt the old IOC example for updating the SYS when it is misconfigured. is applicable
2026-05-18 22:36:10,561 [INFO] DbConfProperties:307 - Apply Compatibility (75/313 Rules)
2026-05-18 22:36:10,582 [INFO] ImportTextPane:234 - (OptionalMessage_ERROR) Unable to find key (Mcu.ThirdPartyNb) in loaded IOC file
2026-05-18 22:36:10,583 [INFO] ImportTextPane:234 - (OptionalMessage_ERROR) Pin9 (VP_RIF_VS_RIF1) cannot be retrieved for this MCU
2026-05-18 22:36:10,723 [INFO] RtosManager:558 - Registered RTOS mode: class=CMSIS, group=RTOS, mode=CMSIS_V1, owner=FREERTOS
2026-05-18 22:36:10,723 [INFO] RtosManager:558 - Registered RTOS mode: class=CMSIS, group=RTOS2, mode=CMSIS_V2, owner=FREERTOS
2026-05-18 22:36:10,723 [INFO] RtosManager:558 - Registered RTOS mode: class=RTOS, group=Core, mode=CMSIS_V1, owner=FREERTOS
2026-05-18 22:36:10,723 [INFO] RtosManager:558 - Registered RTOS mode: class=RTOS, group=Core, mode=CMSIS_V2, owner=FREERTOS
2026-05-18 22:36:10,723 [WARN] ModelIntegratedComponent:184 - Missing modes for component STMicroelectronics:FreeRTOS:0.0.1:STMicroelectronics:RTOS:FreeRTOS:Core:::10.2.0:
2026-05-18 22:36:10,735 [WARN] ModelIntegratedComponent:63 - No mode defined for component null
2026-05-18 22:36:10,735 [WARN] ModelIntegratedComponent:63 - No mode defined for component null
2026-05-18 22:36:10,735 [WARN] ModelIntegratedComponent:63 - No mode defined for component null
2026-05-18 22:36:10,735 [WARN] ModelIntegratedComponent:63 - No mode defined for component null
2026-05-18 22:36:10,735 [WARN] ModelIntegratedComponent:63 - No mode defined for component null
2026-05-18 22:36:10,735 [WARN] ModelIntegratedComponent:63 - No mode defined for component null
2026-05-18 22:36:10,735 [WARN] ModelIntegratedComponent:63 - No mode defined for component null
2026-05-18 22:36:10,735 [WARN] ModelIntegratedComponent:63 - No mode defined for component null
2026-05-18 22:36:10,735 [WARN] ModelIntegratedComponent:63 - No mode defined for component null
2026-05-18 22:36:10,735 [WARN] ModelIntegratedComponent:63 - No mode defined for component null
2026-05-18 22:36:10,735 [WARN] ModelIntegratedComponent:63 - No mode defined for component null
2026-05-18 22:36:10,735 [WARN] ModelIntegratedComponent:63 - No mode defined for component null
2026-05-18 22:36:10,735 [WARN] ModelIntegratedComponent:63 - No mode defined for component null
2026-05-18 22:36:10,735 [WARN] ModelIntegratedComponent:63 - No mode defined for component null
2026-05-18 22:36:10,735 [WARN] ModelIntegratedComponent:63 - No mode defined for component null
2026-05-18 22:36:10,735 [WARN] ModelIntegratedComponent:63 - No mode defined for component null
2026-05-18 22:36:10,735 [WARN] ModelIntegratedComponent:63 - No mode defined for component null
2026-05-18 22:36:10,735 [WARN] ModelIntegratedComponent:63 - No mode defined for component null
2026-05-18 22:36:10,735 [WARN] ModelIntegratedComponent:63 - No mode defined for component null
2026-05-18 22:36:10,735 [WARN] ModelIntegratedComponent:63 - No mode defined for component null
2026-05-18 22:36:10,735 [WARN] ModelIntegratedComponent:63 - No mode defined for component null
2026-05-18 22:36:10,735 [WARN] ModelIntegratedComponent:63 - No mode defined for component null
2026-05-18 22:36:10,735 [WARN] ModelIntegratedComponent:63 - No mode defined for component null
2026-05-18 22:36:10,735 [WARN] ModelIntegratedComponent:63 - No mode defined for component null
2026-05-18 22:36:10,735 [WARN] ModelIntegratedComponent:63 - No mode defined for component null
2026-05-18 22:36:10,735 [WARN] ModelIntegratedComponent:63 - No mode defined for component null
2026-05-18 22:36:10,735 [WARN] ModelIntegratedComponent:63 - No mode defined for component null
2026-05-18 22:36:10,735 [WARN] ModelIntegratedComponent:63 - No mode defined for component null
2026-05-18 22:36:10,735 [WARN] ModelIntegratedComponent:63 - No mode defined for component null
2026-05-18 22:36:10,735 [WARN] ModelIntegratedComponent:63 - No mode defined for component null
2026-05-18 22:36:10,735 [WARN] ModelIntegratedComponent:63 - No mode defined for component null
2026-05-18 22:36:10,735 [WARN] ModelIntegratedComponent:63 - No mode defined for component null
2026-05-18 22:36:10,735 [WARN] ModelIntegratedComponent:63 - No mode defined for component null
2026-05-18 22:36:10,735 [WARN] ModelIntegratedComponent:63 - No mode defined for component null
2026-05-18 22:36:10,735 [WARN] ModelIntegratedComponent:63 - No mode defined for component null
2026-05-18 22:36:10,736 [WARN] ModelPack:524 - Component already loaded: STMicroelectronics:HAL Drivers:0.0.0:STMicroelectronics:Device:STMicro_Driver:XSPI:HAL::0.0.1:HAL_XSPI
2026-05-18 22:36:11,077 [INFO] ThirdPartyModel:298 - Start build external matchings
2026-05-18 22:36:12,490 [INFO] ThirdPartyModel:316 - End build external matchings
2026-05-18 22:36:12,530 [INFO] ImportTextPane:234 - (OptionalMessage_ERROR) IP (RCC) : Invalid parameter (LPUARTFreq_Value)
2026-05-18 22:36:12,530 [INFO] ImportTextPane:234 - (OptionalMessage_ERROR) IP (RCC) : Invalid parameter (FamilyName)
2026-05-18 22:36:12,530 [INFO] ImportTextPane:234 - (OptionalMessage_ERROR) IP (RCC) : Invalid parameter (PLLCLKFreq_Value)
2026-05-18 22:36:12,530 [INFO] ImportTextPane:234 - (OptionalMessage_ERROR) IP (RCC) : Invalid parameter (RTCHSEDivFreq_Value)
2026-05-18 22:36:12,530 [INFO] ImportTextPane:234 - (OptionalMessage_ERROR) IP (RCC) : Invalid parameter (LPTIMFreq_Value)
2026-05-18 22:36:12,532 [INFO] ImportTextPane:234 - (OptionalMessage_ERROR) IP (RCC) : Invalid parameter (TIMFreq_Value)
2026-05-18 22:36:12,532 [INFO] ImportTextPane:234 - (OptionalMessage_ERROR) IP (RCC) : Invalid parameter (HSI16_VALUE)
2026-05-18 22:36:12,533 [INFO] ImportTextPane:234 - (OptionalMessage_ERROR) IP (RCC) : Invalid parameter (48CLKFreq_Value)
2026-05-18 22:36:12,533 [INFO] ImportTextPane:234 - (OptionalMessage_ERROR) IP (RCC) : Invalid parameter (PLLMUL)
2026-05-18 22:36:12,533 [INFO] ImportTextPane:234 - (OptionalMessage_ERROR) IP (RCC) : Invalid parameter (TimerFreq_Value)
2026-05-18 22:36:12,533 [INFO] ImportTextPane:234 - (OptionalMessage_ERROR) IP (RCC) : Invalid parameter (MCOPinFreq_Value)
2026-05-18 22:36:12,779 [INFO] UtilMem:75 - End LoadConfig() Used Memory: 906189288 Bytes (1073741824)
2026-05-18 22:36:12,909 [WARN] ThirdParty:833 - waiting for thirdparty lock release [change project]
2026-05-18 22:36:12,909 [INFO] ThirdParty:835 - entering critical section [change project]
2026-05-18 22:36:12,909 [INFO] ThirdParty:1030 - CMSIS Pack Vendor :STMicroelectronics X-CUBE-AZRTOS-H7 3.5.0
2026-05-18 22:36:12,909 [INFO] ThirdParty:1030 - CMSIS Pack Vendor :STMicroelectronics X-CUBE-PM33A1 1.0.0
2026-05-18 22:36:12,909 [INFO] ThirdParty:1030 - CMSIS Pack Vendor :STMicroelectronics USBPD 4.1
2026-05-18 22:36:12,909 [INFO] ThirdParty:1030 - CMSIS Pack Vendor :STMicroelectronics USB_HOST 2.0.0
2026-05-18 22:36:12,909 [INFO] ThirdParty:1030 - CMSIS Pack Vendor :STMicroelectronics FP-SNS-MOTENVWB1 1.4.0
2026-05-18 22:36:12,909 [INFO] ThirdParty:1030 - CMSIS Pack Vendor :STMicroelectronics X-CUBE-AZRTOS-F4 1.1.0
2026-05-18 22:36:12,909 [INFO] ThirdParty:1030 - CMSIS Pack Vendor :STMicroelectronics LIBJPEG 8.0.0
2026-05-18 22:36:12,909 [INFO] ThirdParty:1030 - CMSIS Pack Vendor :STMicroelectronics FP-ATR-ASTRA1 2.0.2
2026-05-18 22:36:12,909 [INFO] ThirdParty:1030 - CMSIS Pack Vendor :Avnet-IotConnect X-CUBE-IoTC-DA16k-PMOD 1.0.0
2026-05-18 22:36:12,909 [INFO] ThirdParty:1030 - CMSIS Pack Vendor :STMicroelectronics X-CUBE-SMBUS 2.1.0
2026-05-18 22:36:12,909 [INFO] ThirdParty:1030 - CMSIS Pack Vendor :STMicroelectronics X-CUBE-WB05N 1.1.0
2026-05-18 22:36:12,909 [INFO] ThirdParty:1030 - CMSIS Pack Vendor :STMicroelectronics X-CUBE-ISPU 2.1.0
2026-05-18 22:36:12,909 [INFO] ThirdParty:1030 - CMSIS Pack Vendor :STMicroelectronics X-CUBE-IPS 3.2.0
2026-05-18 22:36:12,909 [INFO] ThirdParty:1030 - CMSIS Pack Vendor :STMicroelectronics eDS-WB_DPC_TT-BIDIR 2.1.1
2026-05-18 22:36:12,909 [INFO] ThirdParty:1030 - CMSIS Pack Vendor :STMicroelectronics X-CUBE-NFC12 1.0.0
2026-05-18 22:36:12,909 [INFO] ThirdParty:1030 - CMSIS Pack Vendor :STMicroelectronics X-CUBE-AZRTOS-F7 1.1.0
2026-05-18 22:36:12,909 [INFO] ThirdParty:1030 - CMSIS Pack Vendor :STMicroelectronics X-CUBE-AZRTOS-L5 2.0.0
2026-05-18 22:36:12,909 [INFO] ThirdParty:1030 - CMSIS Pack Vendor :STMicroelectronics USB_DEVICE 2.0.0
2026-05-18 22:36:12,909 [INFO] ThirdParty:1030 - CMSIS Pack Vendor :STMicroelectronics X-CUBE-NFC6 3.1.0
2026-05-18 22:36:12,909 [INFO] ThirdParty:1030 - CMSIS Pack Vendor :STMicroelectronics FP-SNS-MOTENV1 5.1.0
2026-05-18 22:36:12,909 [INFO] ThirdParty:1030 - CMSIS Pack Vendor :STMicroelectronics FreeRTOS 0.0.1
2026-05-18 22:36:12,909 [INFO] ThirdParty:1030 - CMSIS Pack Vendor :STMicroelectronics X-CUBE-DPower 1.2.0
2026-05-18 22:36:12,910 [INFO] ThirdParty:1030 - CMSIS Pack Vendor :STMicroelectronics eDS-WB_DPC_VIENNA 1.2.0
2026-05-18 22:36:12,910 [INFO] ThirdParty:1030 - CMSIS Pack Vendor :STMicroelectronics eDS-WB_DPC_3PH2L-BIDIR 1.1.1
2026-05-18 22:36:12,910 [INFO] ThirdParty:1030 - CMSIS Pack Vendor :Infineon AIROC-Wi-Fi-Bluetooth-STM32 1.7.0
2026-05-18 22:36:12,910 [INFO] ThirdParty:1030 - CMSIS Pack Vendor :STMicroelectronics PDM2PCM 3.3.0
2026-05-18 22:36:12,910 [INFO] ThirdParty:1030 - CMSIS Pack Vendor :STMicroelectronics X-CUBE-DISPLAY 3.0.0
2026-05-18 22:36:12,910 [INFO] ThirdParty:1030 - CMSIS Pack Vendor :STMicroelectronics X-CUBE-GNSS1 7.1.1
2026-05-18 22:36:12,910 [INFO] ThirdParty:1030 - CMSIS Pack Vendor :STMicroelectronics FP-SNS-MOTENVWB1 1.5.0
2026-05-18 22:36:12,910 [INFO] ThirdParty:1030 - CMSIS Pack Vendor :STMicroelectronics X-CUBE-NFC10 1.0.0
2026-05-18 22:36:12,910 [INFO] ThirdParty:1030 - CMSIS Pack Vendor :STMicroelectronics X-CUBE-BLEMGR 4.0.0
2026-05-18 22:36:12,910 [INFO] ThirdParty:1030 - CMSIS Pack Vendor :STMicroelectronics HAL Drivers 0.0.0
2026-05-18 22:36:12,910 [INFO] ThirdParty:1030 - CMSIS Pack Vendor :STMicroelectronics X-CUBE-ST60 1.1.0
2026-05-18 22:36:12,910 [INFO] ThirdParty:1030 - CMSIS Pack Vendor :emotas I-CUBE-CANOPEN 1.3.0
2026-05-18 22:36:12,910 [INFO] ThirdParty:1030 - CMSIS Pack Vendor :STMicroelectronics X-CUBE-FREERTOS 1.3.0
2026-05-18 22:36:12,910 [INFO] ThirdParty:1030 - CMSIS Pack Vendor :STMicroelectronics X-CUBE-NFC7 1.0.1
2026-05-18 22:36:12,910 [INFO] ThirdParty:1030 - CMSIS Pack Vendor :STMicroelectronics MBEDTLS 2.14.1
2026-05-18 22:36:12,910 [INFO] ThirdParty:1030 - CMSIS Pack Vendor :STMicroelectronics X-CUBE-GNSS1 7.1.0
2026-05-18 22:36:12,910 [INFO] ThirdParty:1030 - CMSIS Pack Vendor :STMicroelectronics X-CUBE-TOUCHGFX 4.26.1
2026-05-18 22:36:12,910 [INFO] ThirdParty:1030 - CMSIS Pack Vendor :quantropi X-CUBE-qispace-sdk-base 2.0.0
2026-05-18 22:36:12,910 [INFO] ThirdParty:1030 - CMSIS Pack Vendor :STMicroelectronics X-CUBE-AI 10.0.0
2026-05-18 22:36:12,910 [INFO] ThirdParty:1030 - CMSIS Pack Vendor :STMicroelectronics FP-SNS-STBOX1 2.1.0
2026-05-18 22:36:12,910 [INFO] ThirdParty:1030 - CMSIS Pack Vendor :STMicroelectronics FP-SNS-STAIOTCFT 1.0.0
2026-05-18 22:36:12,910 [INFO] ThirdParty:1030 - CMSIS Pack Vendor :STMicroelectronics FP-SNS-SMARTAG2 1.2.0
2026-05-18 22:36:12,910 [INFO] ThirdParty:1030 - CMSIS Pack Vendor :STMicroelectronics FP-SNS-FLIGHT1 5.1.0
2026-05-18 22:36:12,910 [INFO] ThirdParty:1030 - CMSIS Pack Vendor :STMicroelectronics X-CUBE-MEMS1 11.1.0
2026-05-18 22:36:12,910 [INFO] ThirdParty:1030 - CMSIS Pack Vendor :STMicroelectronics X-CUBE-AZRTOS-WL 2.0.0
2026-05-18 22:36:12,910 [INFO] ThirdParty:1030 - CMSIS Pack Vendor :STMicroelectronics X-CUBE-DPower 1.3.0
2026-05-18 22:36:12,910 [INFO] ThirdParty:1030 - CMSIS Pack Vendor :STMicroelectronics FP-SNS-MOTENV1 5.0.0
2026-05-18 22:36:12,910 [INFO] ThirdParty:1030 - CMSIS Pack Vendor :STMicroelectronics USB_DEVICE 1.0.0
2026-05-18 22:36:12,910 [INFO] ThirdParty:1030 - CMSIS Pack Vendor :STMicroelectronics X-CUBE-AZRTOS-H7RS 1.2.0
2026-05-18 22:36:12,910 [INFO] ThirdParty:1030 - CMSIS Pack Vendor :STMicroelectronics X-CUBE-AZRTOS-L4 2.0.0
2026-05-18 22:36:12,910 [INFO] ThirdParty:1030 - CMSIS Pack Vendor :STMicroelectronics ThreadX 0.0.2
2026-05-18 22:36:12,910 [INFO] ThirdParty:1030 - CMSIS Pack Vendor :WES I-CUBE-Cesium 1.3.0
2026-05-18 22:36:12,910 [INFO] ThirdParty:1030 - CMSIS Pack Vendor :STMicroelectronics lwIP 2.1.2
2026-05-18 22:36:12,910 [INFO] ThirdParty:1030 - CMSIS Pack Vendor :STMicroelectronics X-CUBE-SFXS2LP1 4.0.0
2026-05-18 22:36:12,910 [INFO] ThirdParty:1030 - CMSIS Pack Vendor :STMicroelectronics X-CUBE-BLE2 3.3.0
2026-05-18 22:36:12,910 [INFO] ThirdParty:1030 - CMSIS Pack Vendor :Avnet-IOTCONNECT X-CUBE-iotc-st67-sdk 1.0.0
2026-05-18 22:36:12,910 [INFO] ThirdParty:1030 - CMSIS Pack Vendor :STMicroelectronics PDM2PCM 3.2.0
2026-05-18 22:36:12,910 [INFO] ThirdParty:1030 - CMSIS Pack Vendor :STMicroelectronics X-CUBE-WB05N 2.1.0
2026-05-18 22:36:12,910 [INFO] ThirdParty:1030 - CMSIS Pack Vendor :STMicroelectronics X-CUBE-ST67W61 1.2.0
2026-05-18 22:36:12,910 [INFO] ThirdParty:1030 - CMSIS Pack Vendor :STMicroelectronics X-CUBE-AZRTOS-H7 3.3.0
2026-05-18 22:36:12,910 [INFO] ThirdParty:1030 - CMSIS Pack Vendor :STMicroelectronics X-CUBE-NFC9 1.0.0
2026-05-18 22:36:12,910 [INFO] ThirdParty:1030 - CMSIS Pack Vendor :STMicroelectronics X-CUBE-BLE1 7.1.0
2026-05-18 22:36:12,910 [INFO] ThirdParty:1030 - CMSIS Pack Vendor :wolfSSL I-CUBE-wolfMQTT 1.19.2
2026-05-18 22:36:12,910 [INFO] ThirdParty:1030 - CMSIS Pack Vendor :STMicroelectronics USB_DEVICE 3.0.0
2026-05-18 22:36:12,910 [INFO] ThirdParty:1030 - CMSIS Pack Vendor :STMicroelectronics X-CUBE-EEPRMA1 5.2.0
2026-05-18 22:36:12,910 [INFO] ThirdParty:1030 - CMSIS Pack Vendor :STMicroelectronics X-CUBE-BLEMGR 4.1.0
2026-05-18 22:36:12,910 [INFO] ThirdParty:1030 - CMSIS Pack Vendor :STMicroelectronics X-CUBE-AZRTOS-WB 2.0.0
2026-05-18 22:36:12,910 [INFO] ThirdParty:1030 - CMSIS Pack Vendor :STMicroelectronics X-CUBE-GNSS1 7.0.1
2026-05-18 22:36:12,910 [INFO] ThirdParty:1030 - CMSIS Pack Vendor :STMicroelectronics X-CUBE-TOUCHGFX 4.25.0
2026-05-18 22:36:12,910 [INFO] ThirdParty:1030 - CMSIS Pack Vendor :STMicroelectronics FP-SNS-STBOX1 2.0.0
2026-05-18 22:36:12,910 [INFO] ThirdParty:1030 - CMSIS Pack Vendor :STMicroelectronics FP-SNS-STAIOTCFT 1.1.0
2026-05-18 22:36:12,910 [INFO] ThirdParty:1030 - CMSIS Pack Vendor :STMicroelectronics X-CUBE-MEMS1 12.0.0
2026-05-18 22:36:12,910 [INFO] ThirdParty:1030 - CMSIS Pack Vendor :STMicroelectronics X-CUBE-STSE01 2.0.0
2026-05-18 22:36:12,910 [INFO] ThirdParty:1030 - CMSIS Pack Vendor :STMicroelectronics X-CUBE-MEMS1 11.2.0
2026-05-18 22:36:12,910 [INFO] ThirdParty:1030 - CMSIS Pack Vendor :STMicroelectronics X-CUBE-AZRTOS-G0 1.1.0
2026-05-18 22:36:12,910 [INFO] ThirdParty:1030 - CMSIS Pack Vendor :STMicroelectronics X-CUBE-SAFEA1 1.2.2
2026-05-18 22:36:12,910 [INFO] ThirdParty:1030 - CMSIS Pack Vendor :STMicroelectronics X-CUBE-NFC4 3.0.0
2026-05-18 22:36:12,910 [INFO] ThirdParty:1030 - CMSIS Pack Vendor :STMicroelectronics X-CUBE-SUBG2 5.0.0
2026-05-18 22:36:12,910 [INFO] ThirdParty:1030 - CMSIS Pack Vendor :STMicroelectronics X-CUBE-AZRTOS-H7RS 1.1.0
2026-05-18 22:36:12,910 [INFO] ThirdParty:1030 - CMSIS Pack Vendor :STMicroelectronics STM32_WPAN 1.0.0
2026-05-18 22:36:12,910 [INFO] ThirdParty:1030 - CMSIS Pack Vendor :EmbeddedOffice I-CUBE-FS-RTOS 1.0.1
2026-05-18 22:36:12,910 [INFO] ThirdParty:1030 - CMSIS Pack Vendor :STMicroelectronics lwIP 2.0.3
2026-05-18 22:36:12,910 [INFO] ThirdParty:1030 - CMSIS Pack Vendor :Cesanta I-CUBE-Mongoose 7.13.0
2026-05-18 22:36:12,910 [INFO] ThirdParty:1030 - CMSIS Pack Vendor :STMicroelectronics USB_HOST 1.0.0
2026-05-18 22:36:12,910 [INFO] ThirdParty:1030 - CMSIS Pack Vendor :STMicroelectronics X-CUBE-AZRTOS-G4 2.0.0
2026-05-18 22:36:12,910 [INFO] ThirdParty:1030 - CMSIS Pack Vendor :STMicroelectronics X-CUBE-WB05N 2.0.0
2026-05-18 22:36:12,910 [INFO] ThirdParty:1030 - CMSIS Pack Vendor :STMicroelectronics PDM2PCM 3.1.0
2026-05-18 22:36:12,910 [INFO] ThirdParty:1030 - CMSIS Pack Vendor :wolfSSL I-CUBE-wolfTPM 3.8.0
2026-05-18 22:36:12,910 [INFO] ThirdParty:1030 - CMSIS Pack Vendor :wolfSSL I-CUBE-wolfSSH 1.4.20
2026-05-18 22:36:12,910 [INFO] ThirdParty:1030 - CMSIS Pack Vendor :STMicroelectronics X-CUBE-NFC7 2.0.0
2026-05-18 22:36:12,910 [INFO] ThirdParty:1030 - CMSIS Pack Vendor :STMicroelectronics X-CUBE-TCPP 4.2.0
2026-05-18 22:36:12,910 [INFO] ThirdParty:1030 - CMSIS Pack Vendor :RealThread X-CUBE-RT-Thread_Nano 4.1.1
2026-05-18 22:36:12,910 [INFO] ThirdParty:1030 - CMSIS Pack Vendor :STMicroelectronics FP-ATR-SIGFOX1 3.2.0
2026-05-18 22:36:12,910 [INFO] ThirdParty:1030 - CMSIS Pack Vendor :STMicroelectronics X-CUBE-EEPRMA1 5.1.0
2026-05-18 22:36:12,910 [INFO] ThirdParty:1030 - CMSIS Pack Vendor :STMicroelectronics X-CUBE-FREERTOS 1.5.0
2026-05-18 22:36:12,910 [INFO] ThirdParty:1030 - CMSIS Pack Vendor :STMicroelectronics MBEDTLS 2.16.2
2026-05-18 22:36:12,910 [INFO] ThirdParty:1030 - CMSIS Pack Vendor :STMicroelectronics X-CUBE-IPS 3.1.0
2026-05-18 22:36:12,910 [INFO] ThirdParty:1030 - CMSIS Pack Vendor :STMicroelectronics X-CUBE-ALS 1.0.2
2026-05-18 22:36:12,910 [INFO] ThirdParty:1030 - CMSIS Pack Vendor :wolfSSL I-CUBE-wolfSSL 5.7.6
2026-05-18 22:36:12,910 [INFO] ThirdParty:1030 - CMSIS Pack Vendor :ITTIA_DB I-CUBE-ITTIADB 8.9.0
2026-05-18 22:36:12,910 [INFO] ThirdParty:1030 - CMSIS Pack Vendor :portGmbH I-Cube-SoM-uGOAL 1.1.0
2026-05-18 22:36:12,910 [INFO] ThirdParty:1030 - CMSIS Pack Vendor :STMicroelectronics X-CUBE-NFC6 3.2.0
2026-05-18 22:36:12,910 [INFO] ThirdParty:1030 - CMSIS Pack Vendor :STMicroelectronics X-CUBE-AI 10.2.0
2026-05-18 22:36:12,910 [INFO] ThirdParty:1030 - CMSIS Pack Vendor :STMicroelectronics ThreadX 1.0.0
2026-05-18 22:36:12,910 [INFO] ThirdParty:1030 - CMSIS Pack Vendor :STMicroelectronics X-CUBE-MEMS1 12.1.0
2026-05-18 22:36:12,911 [INFO] ThirdParty:1030 - CMSIS Pack Vendor :SEGGER I-CUBE-embOS 1.3.1
2026-05-18 22:36:12,911 [INFO] ThirdParty:1030 - CMSIS Pack Vendor :STMicroelectronics X-CUBE-ALGOBUILD 1.4.0
2026-05-18 22:36:12,911 [INFO] ThirdParty:1030 - CMSIS Pack Vendor :STMicroelectronics X-CUBE-TOF1 3.4.2
2026-05-18 22:36:12,911 [INFO] ThirdParty:1030 - CMSIS Pack Vendor :STMicroelectronics X-CUBE-TOF1 3.4.3
2026-05-18 22:36:12,911 [INFO] ThirdParty:841 - exiting critical section [change project]
2026-05-18 22:36:13,174 [INFO] PinOutPanel:1589 - setPackage(No Configuration,No Configuration)
2026-05-18 22:36:13,176 [INFO] PinOutPanel:1589 - setPackage(STM32L432KCUx,UFQFPN32)
2026-05-18 22:36:13,856 [INFO] UtilMem:75 - Before build in PCC Used Memory: 805541472 Bytes (1073741824)
2026-05-18 22:36:14,972 [INFO] UtilMem:75 - After build in PCC Used Memory: 952866376 Bytes (1073741824)
2026-05-18 22:36:14,999 [INFO] IPUIPlugin:80 - create IPUIPlugin
2026-05-18 22:36:14,999 [INFO] IPUIPlugin:80 - create IPUIPlugin
2026-05-18 22:36:14,999 [INFO] IPUIPlugin:80 - create IPUIPlugin
2026-05-18 22:36:14,999 [INFO] IPUIPlugin:80 - create IPUIPlugin
2026-05-18 22:36:15,001 [INFO] IPUIPlugin:80 - create IPUIPlugin
2026-05-18 22:36:15,001 [INFO] IPUIPlugin:80 - create IPUIPlugin
2026-05-18 22:36:15,001 [INFO] IPUIPlugin:80 - create IPUIPlugin
2026-05-18 22:36:15,001 [INFO] IPUIPlugin:80 - create IPUIPlugin
2026-05-18 22:36:15,001 [INFO] IPUIPlugin:80 - create IPUIPlugin
2026-05-18 22:36:15,001 [INFO] IPUIPlugin:80 - create IPUIPlugin
2026-05-18 22:36:15,001 [INFO] IPUIPlugin:80 - create IPUIPlugin
2026-05-18 22:36:15,001 [INFO] IPUIPlugin:80 - create IPUIPlugin
2026-05-18 22:36:15,001 [INFO] IPUIPlugin:80 - create IPUIPlugin
2026-05-18 22:36:15,001 [INFO] IPUIPlugin:80 - create IPUIPlugin
2026-05-18 22:36:15,001 [INFO] IPUIPlugin:80 - create IPUIPlugin
2026-05-18 22:36:15,001 [INFO] IPUIPlugin:80 - create IPUIPlugin
2026-05-18 22:36:15,002 [INFO] IPUIPlugin:80 - create IPUIPlugin
2026-05-18 22:36:15,002 [INFO] IPUIPlugin:80 - create IPUIPlugin
2026-05-18 22:36:15,002 [INFO] IPUIPlugin:80 - create IPUIPlugin
2026-05-18 22:36:15,002 [INFO] IPUIPlugin:80 - create IPUIPlugin
2026-05-18 22:36:15,002 [INFO] IPUIPlugin:80 - create IPUIPlugin
2026-05-18 22:36:15,002 [INFO] IPUIPlugin:80 - create IPUIPlugin
2026-05-18 22:36:15,002 [INFO] IPUIPlugin:80 - create IPUIPlugin
2026-05-18 22:36:15,002 [INFO] IPUIPlugin:80 - create IPUIPlugin
2026-05-18 22:36:15,002 [INFO] IPUIPlugin:80 - create IPUIPlugin
2026-05-18 22:36:15,002 [INFO] IPUIPlugin:80 - create IPUIPlugin
2026-05-18 22:36:15,003 [INFO] IPUIPlugin:80 - create IPUIPlugin
2026-05-18 22:36:15,003 [INFO] IPUIPlugin:80 - create IPUIPlugin
2026-05-18 22:36:15,003 [INFO] IPUIPlugin:80 - create IPUIPlugin
2026-05-18 22:36:15,003 [INFO] IPUIPlugin:80 - create IPUIPlugin
2026-05-18 22:36:15,003 [INFO] IPUIPlugin:80 - create IPUIPlugin
2026-05-18 22:36:15,003 [INFO] IPUIPlugin:80 - create IPUIPlugin
2026-05-18 22:36:15,003 [INFO] IPUIPlugin:80 - create IPUIPlugin
2026-05-18 22:36:15,003 [INFO] IPUIPlugin:80 - create IPUIPlugin
2026-05-18 22:36:15,004 [INFO] IPUIPlugin:80 - create IPUIPlugin
2026-05-18 22:36:15,004 [INFO] IPUIPlugin:80 - create IPUIPlugin
2026-05-18 22:36:15,004 [INFO] IPUIPlugin:80 - create IPUIPlugin
2026-05-18 22:36:15,004 [INFO] IPUIPlugin:80 - create IPUIPlugin
2026-05-18 22:36:15,004 [INFO] IPUIPlugin:80 - create IPUIPlugin
2026-05-18 22:36:15,005 [INFO] IPUIPlugin:80 - create IPUIPlugin
2026-05-18 22:36:15,005 [INFO] IPUIPlugin:80 - create IPUIPlugin
2026-05-18 22:36:15,296 [INFO] CADModel:165 - CPN selected for project levelSTM32L432KCU3
2026-05-18 22:36:15,296 [INFO] CADModel:114 - Register for checkConnection events
2026-05-18 22:36:15,349 [INFO] OpenFileManager:386 - Restore cursor
2026-05-18 22:36:16,056 [INFO] UtilMem:75 - End SaveConfig() Used Memory: 846426128 Bytes (1073741824)
2026-05-18 22:36:16,136 [INFO] UtilMem:75 - End SaveConfig() Used Memory: 864160952 Bytes (1073741824)
2026-05-18 22:36:16,717 [INFO] BlockDiagram:2775 - set Specific Code input for plugin: NVIC
2026-05-18 22:36:16,717 [INFO] BlockDiagram:2775 - set Specific Code input for plugin: USART
2026-05-18 22:36:16,717 [INFO] BlockDiagram:2775 - set Specific Code input for plugin: SYS
2026-05-18 22:36:16,717 [INFO] BlockDiagram:2775 - set Specific Code input for plugin: GPIO
2026-05-18 22:36:16,718 [INFO] BlockDiagram:2775 - set Specific Code input for plugin: RCC
2026-05-18 22:36:16,720 [INFO] CodeGenerator:892 - code generatio: config db path: C:\ST\STM32CubeIDE_1.19.0\STM32CubeIDE\plugins\com.st.stm32cube.common.mx_6.15.0.202507011659\\db\
2026-05-18 22:36:16,919 [INFO] CodeEngine:265 - oldGeneratedFile, C:\Users\azaki\Documents\GitHub\Project-Nephros\new_double_thermistor\double_thermistor\MXTmpFiles\license.tmp_save
2026-05-18 22:36:17,335 [INFO] CodeEngine:289 - Generated code: C:\Users\azaki\Documents\GitHub\Project-Nephros\new_double_thermistor\double_thermistor\MXTmpFiles\license.tmp
2026-05-18 22:36:17,515 [INFO] CodeEngine:265 - oldGeneratedFile, C:\Users\azaki\Documents\GitHub\Project-Nephros\new_double_thermistor\double_thermistor\MXTmpFiles\gpio.tmp_save
2026-05-18 22:36:17,711 [INFO] CodeEngine:289 - Generated code: C:\Users\azaki\Documents\GitHub\Project-Nephros\new_double_thermistor\double_thermistor\MXTmpFiles\gpio.tmp
2026-05-18 22:36:17,955 [INFO] CodeEngine:265 - oldGeneratedFile, C:\Users\azaki\Documents\GitHub\Project-Nephros\new_double_thermistor\double_thermistor\Core\Src\stm32l4xx_it.c_save
2026-05-18 22:36:18,109 [INFO] CodeEngine:289 - Generated code: C:\Users\azaki\Documents\GitHub\Project-Nephros\new_double_thermistor\double_thermistor\Core\Src\stm32l4xx_it.c
2026-05-18 22:36:18,117 [INFO] CodeEngine:265 - oldGeneratedFile, C:\Users\azaki\Documents\GitHub\Project-Nephros\new_double_thermistor\double_thermistor\Core\Inc\stm32l4xx_it.h_save
2026-05-18 22:36:18,217 [INFO] CodeEngine:289 - Generated code: C:\Users\azaki\Documents\GitHub\Project-Nephros\new_double_thermistor\double_thermistor\Core\Inc\stm32l4xx_it.h
2026-05-18 22:36:18,235 [INFO] CodeEngine:265 - oldGeneratedFile, C:\Users\azaki\Documents\GitHub\Project-Nephros\new_double_thermistor\double_thermistor\Core\Src\stm32l4xx_hal_msp.c_save
2026-05-18 22:36:18,405 [INFO] CodeEngine:289 - Generated code: C:\Users\azaki\Documents\GitHub\Project-Nephros\new_double_thermistor\double_thermistor\Core\Src\stm32l4xx_hal_msp.c
2026-05-18 22:36:18,411 [INFO] CodeEngine:265 - oldGeneratedFile, C:\Users\azaki\Documents\GitHub\Project-Nephros\new_double_thermistor\double_thermistor\MXTmpFiles\system.tmp_save
2026-05-18 22:36:18,475 [INFO] CodeEngine:289 - Generated code: C:\Users\azaki\Documents\GitHub\Project-Nephros\new_double_thermistor\double_thermistor\MXTmpFiles\system.tmp
2026-05-18 22:36:18,489 [INFO] CodeEngine:321 - oldGeneratedFile, C:\Users\azaki\Documents\GitHub\Project-Nephros\new_double_thermistor\double_thermistor\Core\Inc\stm32l4xx_hal_conf.h_save
2026-05-18 22:36:18,557 [INFO] CodeEngine:345 - Generated code: C:\Users\azaki\Documents\GitHub\Project-Nephros\new_double_thermistor\double_thermistor\Core\Inc\stm32l4xx_hal_conf.h
2026-05-18 22:36:18,616 [INFO] ApiDbMcu:532 - Load IP Config File for USART2
2026-05-18 22:36:18,620 [INFO] ApiDbMcu:532 - Load IP Config File for RCC
2026-05-18 22:36:18,631 [INFO] CodeEngine:265 - oldGeneratedFile, C:\Users\azaki\Documents\GitHub\Project-Nephros\new_double_thermistor\double_thermistor\Core\Inc\main.h_save
2026-05-18 22:36:18,723 [INFO] CodeEngine:289 - Generated code: C:\Users\azaki\Documents\GitHub\Project-Nephros\new_double_thermistor\double_thermistor\Core\Inc\main.h
2026-05-18 22:36:18,729 [INFO] CodeEngine:265 - oldGeneratedFile, C:\Users\azaki\Documents\GitHub\Project-Nephros\new_double_thermistor\double_thermistor\Core\Src\main.c_save
2026-05-18 22:36:18,852 [INFO] CodeEngine:289 - Generated code: C:\Users\azaki\Documents\GitHub\Project-Nephros\new_double_thermistor\double_thermistor\Core\Src\main.c
2026-05-18 22:36:19,343 [INFO] ProjectBuilder:3606 - Time for Copy HAL[1] : 182mS.
2026-05-18 22:36:19,353 [INFO] ProjectBuilder:5216 - Project Generator version: 4.7.0-B52
2026-05-18 22:36:19,424 [INFO] ConfigFileManager:1595 - The Die is : DIE435
2026-05-18 22:36:19,441 [INFO] ApiDbMcu:532 - Load IP Config File for FATFS
2026-05-18 22:36:19,446 [INFO] ApiDbMcu:532 - Load IP Config File for FREERTOS
2026-05-18 22:36:19,453 [INFO] ApiDbMcu:532 - Load IP Config File for TOUCHSENSING
2026-05-18 22:36:19,458 [INFO] ApiDbMcu:532 - Load IP Config File for USB_DEVICE
2026-05-18 22:36:19,771 [INFO] LogOutputStream:77 - [STDOUT_REDIRECT] 
2026-05-18 22:36:22,251 [INFO] ProjectBuilder:5496 - Time for Generating toolchain IDE Files: 2898mS.
2026-05-18 22:36:22,252 [INFO] ProjectBuilder:3463 - Time for Copy CMSIS : 0mS.
2026-05-18 22:36:22,254 [INFO] ProjectBuilder:3463 - Time for Copy CMSIS : 0mS.
2026-05-18 22:36:23,080 [INFO] McuFinderGlobals:76 - Set McuFinderConnectedMode to true
2026-05-18 22:36:23,086 [INFO] ApiDb:448 - Save user favorites file C:\Users\azaki/.stm32cubeide/favorites.mcus.txt: 0 item(s)
2026-05-18 22:36:23,086 [INFO] ApiDb:452 - User favorites MCUs=[]
2026-05-18 22:36:23,090 [INFO] ApiDb:448 - Save user favorites file C:\Users\azaki/.stm32cubeide/favorites.boards.txt: 1 item(s)
2026-05-18 22:36:23,090 [INFO] ApiDb:452 - User favorites Boards=[NUCLEO-L432KC]
2026-05-18 22:37:07,901 [INFO] ParamManager:905 - [Generic UI] PropertyChangeEvent: TAB_STATUS_CHANGED , "dont care", "never mind"
2026-05-18 22:37:07,935 [INFO] ParamManager:905 - [Generic UI] PropertyChangeEvent: TAB_STATUS_CHANGED , "dont care", "never mind"
2026-05-18 22:37:07,951 [INFO] ADCParametersView:116 -                Rank 1 : false
2026-05-18 22:37:08,056 [INFO] ADCParametersView:116 -                Rank 1 : false
2026-05-18 22:37:08,056 [INFO] ADCParametersView:116 -                Rank 1 : false
2026-05-18 22:37:08,057 [INFO] ADCParametersView:116 -                Rank 1 : false
2026-05-18 22:37:08,057 [INFO] ADCParametersView:116 -                Rank 1 : false
2026-05-18 22:37:08,057 [INFO] ADCParametersView:116 -                Rank 1 : false
2026-05-18 22:37:08,057 [INFO] ADCParametersView:116 -                Rank 1 : false
2026-05-18 22:37:08,057 [INFO] ADCParametersView:116 -                Rank 1 : false
2026-05-18 22:37:08,058 [INFO] ADCParametersView:116 -                Rank 1 : false
2026-05-18 22:37:08,058 [INFO] ADCParametersView:116 -                Rank 1 : false
2026-05-18 22:37:08,058 [INFO] ADCParametersView:116 -                Rank 1 : false
2026-05-18 22:37:08,058 [INFO] ADCParametersView:116 -                Rank 1 : false
2026-05-18 22:37:08,058 [INFO] ADCParametersView:116 -                Rank 1 : false
2026-05-18 22:37:08,058 [INFO] ADCParametersView:116 -                Rank 1 : false
2026-05-18 22:37:08,058 [INFO] ADCParametersView:116 -                Rank 1 : false
2026-05-18 22:37:08,059 [INFO] ADCParametersView:116 -                Rank 1 : false
2026-05-18 22:37:08,059 [INFO] ADCParametersView:116 -                Rank 1 : false
2026-05-18 22:37:08,059 [INFO] ADCParametersView:116 -                Rank 1 : false
2026-05-18 22:37:08,059 [INFO] ADCParametersView:116 -                Rank 1 : false
2026-05-18 22:37:08,059 [INFO] ADCParametersView:116 -                Rank 1 : false
2026-05-18 22:37:08,070 [INFO] ADCParametersView:116 -                Rank 1 : false
2026-05-18 22:37:08,223 [INFO] NvicIntPanel:101 - NVIC parent = com.st.microxplorer.plugins.ip.nvic.MultiNvicIntPanel[,0,0,0x0,invalid,layout=javax.swing.BoxLayout,alignmentX=0.0,alignmentY=0.0,border=,flags=9,maximumSize=,minimumSize=,preferredSize=]
2026-05-18 22:37:08,445 [INFO] NvicIntPanel:101 - NVIC parent = com.st.microxplorer.plugins.ip.nvic.MultiNvicIntPanel[,0,0,0x0,invalid,layout=javax.swing.BoxLayout,alignmentX=0.0,alignmentY=0.0,border=,flags=9,maximumSize=,minimumSize=,preferredSize=]
2026-05-18 22:37:08,621 [INFO] NvicIntPanel:101 - NVIC parent = com.st.microxplorer.plugins.ip.nvic.MultiNvicIntPanel[,0,0,0x0,invalid,layout=javax.swing.BoxLayout,alignmentX=0.0,alignmentY=0.0,border=,flags=9,maximumSize=,minimumSize=,preferredSize=]
2026-05-18 22:37:08,753 [INFO] ADCParametersView:116 -                Rank 1 : false
2026-05-18 22:37:08,753 [INFO] ADCParametersView:116 -                Rank 1 : false
2026-05-18 22:37:08,753 [INFO] ADCParametersView:116 -                Rank 1 : false
2026-05-18 22:37:08,754 [INFO] ADCParametersView:116 -                Rank 1 : false
2026-05-18 22:37:08,754 [INFO] ADCParametersView:116 -                Rank 1 : false
2026-05-18 22:37:08,754 [INFO] ADCParametersView:116 -                Rank 1 : false
2026-05-18 22:37:08,754 [INFO] ADCParametersView:116 -                Rank 1 : false
2026-05-18 22:37:08,754 [INFO] ADCParametersView:116 -                Rank 1 : false
2026-05-18 22:37:08,754 [INFO] ADCParametersView:116 -                Rank 1 : false
2026-05-18 22:37:08,754 [INFO] ADCParametersView:116 -                Rank 1 : false
2026-05-18 22:37:08,755 [INFO] ADCParametersView:116 -                Rank 1 : false
2026-05-18 22:37:08,755 [INFO] ADCParametersView:116 -                Rank 1 : false
2026-05-18 22:37:08,755 [INFO] ADCParametersView:116 -                Rank 1 : false
2026-05-18 22:37:08,755 [INFO] ADCParametersView:116 -                Rank 1 : false
2026-05-18 22:37:08,755 [INFO] ADCParametersView:116 -                Rank 1 : false
2026-05-18 22:37:08,755 [INFO] ADCParametersView:116 -                Rank 1 : false
2026-05-18 22:37:08,755 [INFO] ADCParametersView:116 -                Rank 1 : false
2026-05-18 22:37:08,755 [INFO] ADCParametersView:116 -                Rank 1 : false
2026-05-18 22:37:08,755 [INFO] ADCParametersView:116 -                Rank 1 : false
2026-05-18 22:37:08,796 [INFO] ADCParametersView:116 -                Rank 1 : false
2026-05-18 22:37:08,838 [INFO] ADCParametersView:116 -                Rank 1 : false
2026-05-18 22:37:08,839 [INFO] ADCParametersView:116 -                Rank 1 : false
2026-05-18 22:37:08,839 [INFO] ADCParametersView:116 -                Rank 1 : false
2026-05-18 22:37:08,839 [INFO] ADCParametersView:116 -                Rank 1 : false
2026-05-18 22:37:08,840 [INFO] ADCParametersView:116 -                Rank 1 : false
2026-05-18 22:37:08,840 [INFO] ADCParametersView:116 -                Rank 1 : false
2026-05-18 22:37:08,840 [INFO] ADCParametersView:116 -                Rank 1 : false
2026-05-18 22:37:08,840 [INFO] ADCParametersView:116 -                Rank 1 : false
2026-05-18 22:37:08,840 [INFO] ADCParametersView:116 -                Rank 1 : false
2026-05-18 22:37:08,840 [INFO] ADCParametersView:116 -                Rank 1 : false
2026-05-18 22:37:08,840 [INFO] ADCParametersView:116 -                Rank 1 : false
2026-05-18 22:37:08,840 [INFO] ADCParametersView:116 -                Rank 1 : false
2026-05-18 22:37:08,840 [INFO] ADCParametersView:116 -                Rank 1 : false
2026-05-18 22:37:08,841 [INFO] ADCParametersView:116 -                Rank 1 : false
2026-05-18 22:37:08,841 [INFO] ADCParametersView:116 -                Rank 1 : false
2026-05-18 22:37:08,841 [INFO] ADCParametersView:116 -                Rank 1 : false
2026-05-18 22:37:08,841 [INFO] ADCParametersView:116 -                Rank 1 : false
2026-05-18 22:37:08,841 [INFO] ADCParametersView:116 -                Rank 1 : false
2026-05-18 22:37:08,841 [INFO] ADCParametersView:116 -                Rank 1 : false
2026-05-18 22:37:08,871 [INFO] ADCParametersView:116 -                Rank 1 : false
2026-05-18 22:37:11,216 [INFO] ADCParametersView:116 -                Rank 1 : false
2026-05-18 22:37:11,217 [INFO] ADCParametersView:116 -                Rank 1 : false
2026-05-18 22:37:11,217 [INFO] ADCParametersView:116 -                Rank 1 : false
2026-05-18 22:37:11,217 [INFO] ADCParametersView:116 -                Rank 1 : false
2026-05-18 22:37:11,217 [INFO] ADCParametersView:116 -                Rank 1 : false
2026-05-18 22:37:11,217 [INFO] ADCParametersView:116 -                Rank 1 : false
2026-05-18 22:37:11,217 [INFO] ADCParametersView:116 -                Rank 1 : false
2026-05-18 22:37:11,217 [INFO] ADCParametersView:116 -                Rank 1 : false
2026-05-18 22:37:11,217 [INFO] ADCParametersView:116 -                Rank 1 : false
2026-05-18 22:37:11,217 [INFO] ADCParametersView:116 -                Rank 1 : false
2026-05-18 22:37:11,217 [INFO] ADCParametersView:116 -                Rank 1 : false
2026-05-18 22:37:11,217 [INFO] ADCParametersView:116 -                Rank 1 : false
2026-05-18 22:37:11,217 [INFO] ADCParametersView:116 -                Rank 1 : false
2026-05-18 22:37:11,217 [INFO] ADCParametersView:116 -                Rank 1 : false
2026-05-18 22:37:11,217 [INFO] ADCParametersView:116 -                Rank 1 : false
2026-05-18 22:37:11,217 [INFO] ADCParametersView:116 -                Rank 1 : false
2026-05-18 22:37:11,217 [INFO] ADCParametersView:116 -                Rank 1 : false
2026-05-18 22:37:11,217 [INFO] ADCParametersView:116 -                Rank 1 : false
2026-05-18 22:37:11,217 [INFO] ADCParametersView:116 -                Rank 1 : false
2026-05-18 22:37:11,225 [INFO] ADCParametersView:116 -                Rank 1 : false
2026-05-18 22:37:11,243 [INFO] ADCParametersView:116 -                Rank 1 : false
2026-05-18 22:37:11,243 [INFO] ADCParametersView:116 -                Rank 1 : false
2026-05-18 22:37:11,243 [INFO] ADCParametersView:116 -                Rank 1 : false
2026-05-18 22:37:11,243 [INFO] ADCParametersView:116 -                Rank 1 : false
2026-05-18 22:37:11,243 [INFO] ADCParametersView:116 -                Rank 1 : false
2026-05-18 22:37:11,243 [INFO] ADCParametersView:116 -                Rank 1 : false
2026-05-18 22:37:11,243 [INFO] ADCParametersView:116 -                Rank 1 : false
2026-05-18 22:37:11,243 [INFO] ADCParametersView:116 -                Rank 1 : false
2026-05-18 22:37:11,243 [INFO] ADCParametersView:116 -                Rank 1 : false
2026-05-18 22:37:11,243 [INFO] ADCParametersView:116 -                Rank 1 : false
2026-05-18 22:37:11,243 [INFO] ADCParametersView:116 -                Rank 1 : false
2026-05-18 22:37:11,243 [INFO] ADCParametersView:116 -                Rank 1 : false
2026-05-18 22:37:11,244 [INFO] ADCParametersView:116 -                Rank 1 : false
2026-05-18 22:37:11,244 [INFO] ADCParametersView:116 -                Rank 1 : false
2026-05-18 22:37:11,244 [INFO] ADCParametersView:116 -                Rank 1 : false
2026-05-18 22:37:11,244 [INFO] ADCParametersView:116 -                Rank 1 : false
2026-05-18 22:37:11,244 [INFO] ADCParametersView:116 -                Rank 1 : false
2026-05-18 22:37:11,244 [INFO] ADCParametersView:116 -                Rank 1 : false
2026-05-18 22:37:11,244 [INFO] ADCParametersView:116 -                Rank 1 : false
2026-05-18 22:37:11,252 [INFO] ADCParametersView:116 -                Rank 1 : false
2026-05-18 22:37:11,297 [INFO] ADCParametersView:116 -                Rank 1 : false
2026-05-18 22:37:11,297 [INFO] ADCParametersView:116 -                Rank 1 : false
2026-05-18 22:37:11,297 [INFO] ADCParametersView:116 -                Rank 1 : false
2026-05-18 22:37:11,297 [INFO] ADCParametersView:116 -                Rank 1 : false
2026-05-18 22:37:11,297 [INFO] ADCParametersView:116 -                Rank 1 : false
2026-05-18 22:37:11,297 [INFO] ADCParametersView:116 -                Rank 1 : false
2026-05-18 22:37:11,297 [INFO] ADCParametersView:116 -                Rank 1 : false
2026-05-18 22:37:11,297 [INFO] ADCParametersView:116 -                Rank 1 : false
2026-05-18 22:37:11,297 [INFO] ADCParametersView:116 -                Rank 1 : false
2026-05-18 22:37:11,298 [INFO] ADCParametersView:116 -                Rank 1 : false
2026-05-18 22:37:11,298 [INFO] ADCParametersView:116 -                Rank 1 : false
2026-05-18 22:37:11,298 [INFO] ADCParametersView:116 -                Rank 1 : false
2026-05-18 22:37:11,298 [INFO] ADCParametersView:116 -                Rank 1 : false
2026-05-18 22:37:11,298 [INFO] ADCParametersView:116 -                Rank 1 : false
2026-05-18 22:37:11,298 [INFO] ADCParametersView:116 -                Rank 1 : false
2026-05-18 22:37:11,298 [INFO] ADCParametersView:116 -                Rank 1 : false
2026-05-18 22:37:11,298 [INFO] ADCParametersView:116 -                Rank 1 : false
2026-05-18 22:37:11,298 [INFO] ADCParametersView:116 -                Rank 1 : false
2026-05-18 22:37:11,298 [INFO] ADCParametersView:116 -                Rank 1 : false
2026-05-18 22:37:11,338 [INFO] ADCParametersView:116 -                Rank 1 : false
2026-05-18 22:37:11,391 [INFO] ADCParametersView:116 -                Rank 1 : false
2026-05-18 22:37:11,392 [INFO] ADCParametersView:116 -                Rank 1 : false
2026-05-18 22:37:11,392 [INFO] ADCParametersView:116 -                Rank 1 : false
2026-05-18 22:37:11,392 [INFO] ADCParametersView:116 -                Rank 1 : false
2026-05-18 22:37:11,392 [INFO] ADCParametersView:116 -                Rank 1 : false
2026-05-18 22:37:11,392 [INFO] ADCParametersView:116 -                Rank 1 : false
2026-05-18 22:37:11,392 [INFO] ADCParametersView:116 -                Rank 1 : false
2026-05-18 22:37:11,392 [INFO] ADCParametersView:116 -                Rank 1 : false
2026-05-18 22:37:11,392 [INFO] ADCParametersView:116 -                Rank 1 : false
2026-05-18 22:37:11,392 [INFO] ADCParametersView:116 -                Rank 1 : false
2026-05-18 22:37:11,392 [INFO] ADCParametersView:116 -                Rank 1 : false
2026-05-18 22:37:11,393 [INFO] ADCParametersView:116 -                Rank 1 : false
2026-05-18 22:37:11,393 [INFO] ADCParametersView:116 -                Rank 1 : false
2026-05-18 22:37:11,393 [INFO] ADCParametersView:116 -                Rank 1 : false
2026-05-18 22:37:11,393 [INFO] ADCParametersView:116 -                Rank 1 : false
2026-05-18 22:37:11,393 [INFO] ADCParametersView:116 -                Rank 1 : false
2026-05-18 22:37:11,393 [INFO] ADCParametersView:116 -                Rank 1 : false
2026-05-18 22:37:11,393 [INFO] ADCParametersView:116 -                Rank 1 : false
2026-05-18 22:37:11,393 [INFO] ADCParametersView:116 -                Rank 1 : false
2026-05-18 22:37:11,430 [INFO] ADCParametersView:116 -                Rank 1 : false
2026-05-18 22:37:11,575 [INFO] ADCParametersView:116 -                Rank 1 : false
2026-05-18 22:37:11,576 [INFO] ADCParametersView:116 -                Rank 1 : false
2026-05-18 22:37:11,576 [INFO] ADCParametersView:116 -                Rank 1 : false
2026-05-18 22:37:11,576 [INFO] ADCParametersView:116 -                Rank 1 : false
2026-05-18 22:37:11,577 [INFO] ADCParametersView:116 -                Rank 1 : false
2026-05-18 22:37:11,577 [INFO] ADCParametersView:116 -                Rank 1 : false
2026-05-18 22:37:11,577 [INFO] ADCParametersView:116 -                Rank 1 : false
2026-05-18 22:37:11,578 [INFO] ADCParametersView:116 -                Rank 1 : false
2026-05-18 22:37:11,578 [INFO] ADCParametersView:116 -                Rank 1 : false
2026-05-18 22:37:11,578 [INFO] ADCParametersView:116 -                Rank 1 : false
2026-05-18 22:37:11,578 [INFO] ADCParametersView:116 -                Rank 1 : false
2026-05-18 22:37:11,579 [INFO] ADCParametersView:116 -                Rank 1 : false
2026-05-18 22:37:11,579 [INFO] ADCParametersView:116 -                Rank 1 : false
2026-05-18 22:37:11,579 [INFO] ADCParametersView:116 -                Rank 1 : false
2026-05-18 22:37:11,579 [INFO] ADCParametersView:116 -                Rank 1 : false
2026-05-18 22:37:11,579 [INFO] ADCParametersView:116 -                Rank 1 : false
2026-05-18 22:37:11,579 [INFO] ADCParametersView:116 -                Rank 1 : false
2026-05-18 22:37:11,579 [INFO] ADCParametersView:116 -                Rank 1 : false
2026-05-18 22:37:11,579 [INFO] ADCParametersView:116 -                Rank 1 : false
2026-05-18 22:37:11,613 [INFO] ADCParametersView:116 -                Rank 1 : false
2026-05-18 22:37:11,652 [INFO] ADCParametersView:116 -                Rank 1 : false
2026-05-18 22:37:11,652 [INFO] ADCParametersView:116 -                Rank 1 : false
2026-05-18 22:37:11,652 [INFO] ADCParametersView:116 -                Rank 1 : false
2026-05-18 22:37:11,652 [INFO] ADCParametersView:116 -                Rank 1 : false
2026-05-18 22:37:11,652 [INFO] ADCParametersView:116 -                Rank 1 : false
2026-05-18 22:37:11,652 [INFO] ADCParametersView:116 -                Rank 1 : false
2026-05-18 22:37:11,652 [INFO] ADCParametersView:116 -                Rank 1 : false
2026-05-18 22:37:11,652 [INFO] ADCParametersView:116 -                Rank 1 : false
2026-05-18 22:37:11,652 [INFO] ADCParametersView:116 -                Rank 1 : false
2026-05-18 22:37:11,652 [INFO] ADCParametersView:116 -                Rank 1 : false
2026-05-18 22:37:11,652 [INFO] ADCParametersView:116 -                Rank 1 : false
2026-05-18 22:37:11,652 [INFO] ADCParametersView:116 -                Rank 1 : false
2026-05-18 22:37:11,652 [INFO] ADCParametersView:116 -                Rank 1 : false
2026-05-18 22:37:11,652 [INFO] ADCParametersView:116 -                Rank 1 : false
2026-05-18 22:37:11,652 [INFO] ADCParametersView:116 -                Rank 1 : false
2026-05-18 22:37:11,652 [INFO] ADCParametersView:116 -                Rank 1 : false
2026-05-18 22:37:11,652 [INFO] ADCParametersView:116 -                Rank 1 : false
2026-05-18 22:37:11,652 [INFO] ADCParametersView:116 -                Rank 1 : false
2026-05-18 22:37:11,652 [INFO] ADCParametersView:116 -                Rank 1 : false
2026-05-18 22:37:11,677 [INFO] ADCParametersView:116 -                Rank 1 : false
2026-05-18 22:38:15,458 [INFO] ADCParametersView:116 -                Rank 1 : false
2026-05-18 22:38:15,462 [INFO] ADCParametersView:116 -                Rank 1 : false
2026-05-18 22:38:15,462 [INFO] ADCParametersView:116 -                Rank 1 : false
2026-05-18 22:38:15,462 [INFO] ADCParametersView:116 -                Rank 1 : false
2026-05-18 22:38:15,462 [INFO] ADCParametersView:116 -                Rank 1 : false
2026-05-18 22:38:15,462 [INFO] ADCParametersView:116 -                Rank 1 : false
2026-05-18 22:38:15,462 [INFO] ADCParametersView:116 -                Rank 1 : false
2026-05-18 22:38:15,462 [INFO] ADCParametersView:116 -                Rank 1 : false
2026-05-18 22:38:15,462 [INFO] ADCParametersView:116 -                Rank 1 : false
2026-05-18 22:38:15,462 [INFO] ADCParametersView:116 -                Rank 1 : false
2026-05-18 22:38:15,462 [INFO] ADCParametersView:116 -                Rank 1 : false
2026-05-18 22:38:15,462 [INFO] ADCParametersView:116 -                Rank 1 : false
2026-05-18 22:38:15,462 [INFO] ADCParametersView:116 -                Rank 1 : false
2026-05-18 22:38:15,462 [INFO] ADCParametersView:116 -                Rank 1 : false
2026-05-18 22:38:15,462 [INFO] ADCParametersView:116 -                Rank 1 : false
2026-05-18 22:38:15,462 [INFO] ADCParametersView:116 -                Rank 1 : false
2026-05-18 22:38:15,463 [INFO] ADCParametersView:116 -                Rank 1 : false
2026-05-18 22:38:15,463 [INFO] ADCParametersView:116 -                Rank 1 : false
2026-05-18 22:38:15,463 [INFO] ADCParametersView:116 -                Rank 1 : false
2026-05-18 22:38:15,470 [INFO] ADCParametersView:116 -                Rank 1 : false
2026-05-18 22:38:15,488 [INFO] ADCParametersView:116 -                Rank 1 : false
2026-05-18 22:38:15,489 [INFO] ADCParametersView:116 -                Rank 1 : false
2026-05-18 22:38:15,489 [INFO] ADCParametersView:116 -                Rank 1 : false
2026-05-18 22:38:15,489 [INFO] ADCParametersView:116 -                Rank 1 : false
2026-05-18 22:38:15,489 [INFO] ADCParametersView:116 -                Rank 1 : false
2026-05-18 22:38:15,489 [INFO] ADCParametersView:116 -                Rank 1 : false
2026-05-18 22:38:15,489 [INFO] ADCParametersView:116 -                Rank 1 : false
2026-05-18 22:38:15,489 [INFO] ADCParametersView:116 -                Rank 1 : false
2026-05-18 22:38:15,489 [INFO] ADCParametersView:116 -                Rank 1 : false
2026-05-18 22:38:15,489 [INFO] ADCParametersView:116 -                Rank 1 : false
2026-05-18 22:38:15,489 [INFO] ADCParametersView:116 -                Rank 1 : false
2026-05-18 22:38:15,489 [INFO] ADCParametersView:116 -                Rank 1 : false
2026-05-18 22:38:15,489 [INFO] ADCParametersView:116 -                Rank 1 : false
2026-05-18 22:38:15,489 [INFO] ADCParametersView:116 -                Rank 1 : false
2026-05-18 22:38:15,489 [INFO] ADCParametersView:116 -                Rank 1 : false
2026-05-18 22:38:15,489 [INFO] ADCParametersView:116 -                Rank 1 : false
2026-05-18 22:38:15,489 [INFO] ADCParametersView:116 -                Rank 1 : false
2026-05-18 22:38:15,489 [INFO] ADCParametersView:116 -                Rank 1 : false
2026-05-18 22:38:15,490 [INFO] ADCParametersView:116 -                Rank 1 : false
2026-05-18 22:38:15,498 [INFO] ADCParametersView:116 -                Rank 1 : false
2026-05-18 22:38:15,526 [INFO] ADCParametersView:116 -                Rank 1 : false
2026-05-18 22:38:15,527 [INFO] ADCParametersView:116 -                Rank 1 : false
2026-05-18 22:38:15,527 [INFO] ADCParametersView:116 -                Rank 1 : false
2026-05-18 22:38:15,527 [INFO] ADCParametersView:116 -                Rank 1 : false
2026-05-18 22:38:15,527 [INFO] ADCParametersView:116 -                Rank 1 : false
2026-05-18 22:38:15,527 [INFO] ADCParametersView:116 -                Rank 1 : false
2026-05-18 22:38:15,528 [INFO] ADCParametersView:116 -                Rank 1 : false
2026-05-18 22:38:15,528 [INFO] ADCParametersView:116 -                Rank 1 : false
2026-05-18 22:38:15,528 [INFO] ADCParametersView:116 -                Rank 1 : false
2026-05-18 22:38:15,528 [INFO] ADCParametersView:116 -                Rank 1 : false
2026-05-18 22:38:15,528 [INFO] ADCParametersView:116 -                Rank 1 : false
2026-05-18 22:38:15,528 [INFO] ADCParametersView:116 -                Rank 1 : false
2026-05-18 22:38:15,528 [INFO] ADCParametersView:116 -                Rank 1 : false
2026-05-18 22:38:15,528 [INFO] ADCParametersView:116 -                Rank 1 : false
2026-05-18 22:38:15,528 [INFO] ADCParametersView:116 -                Rank 1 : false
2026-05-18 22:38:15,528 [INFO] ADCParametersView:116 -                Rank 1 : false
2026-05-18 22:38:15,528 [INFO] ADCParametersView:116 -                Rank 1 : false
2026-05-18 22:38:15,528 [INFO] ADCParametersView:116 -                Rank 1 : false
2026-05-18 22:38:15,528 [INFO] ADCParametersView:116 -                Rank 1 : false
2026-05-18 22:38:15,558 [INFO] ADCParametersView:116 -                Rank 1 : false
2026-05-18 22:38:21,066 [INFO] NvicIntPanel:101 - NVIC parent = com.st.microxplorer.plugins.ip.nvic.MultiNvicIntPanel[,0,0,0x0,invalid,layout=javax.swing.BoxLayout,alignmentX=0.0,alignmentY=0.0,border=,flags=9,maximumSize=,minimumSize=,preferredSize=]
2026-05-18 22:38:21,100 [INFO] ADCParametersView:116 -                Rank 1 : false
2026-05-18 22:38:21,104 [INFO] ADCParametersView:116 -                Rank 1 : false
2026-05-18 22:38:21,104 [INFO] ADCParametersView:116 -                Rank 1 : false
2026-05-18 22:38:21,104 [INFO] ADCParametersView:116 -                Rank 1 : false
2026-05-18 22:38:21,104 [INFO] ADCParametersView:116 -                Rank 1 : false
2026-05-18 22:38:21,104 [INFO] ADCParametersView:116 -                Rank 1 : false
2026-05-18 22:38:21,104 [INFO] ADCParametersView:116 -                Rank 1 : false
2026-05-18 22:38:21,104 [INFO] ADCParametersView:116 -                Rank 1 : false
2026-05-18 22:38:21,104 [INFO] ADCParametersView:116 -                Rank 1 : false
2026-05-18 22:38:21,104 [INFO] ADCParametersView:116 -                Rank 1 : false
2026-05-18 22:38:21,104 [INFO] ADCParametersView:116 -                Rank 1 : false
2026-05-18 22:38:21,104 [INFO] ADCParametersView:116 -                Rank 1 : false
2026-05-18 22:38:21,104 [INFO] ADCParametersView:116 -                Rank 1 : false
2026-05-18 22:38:21,104 [INFO] ADCParametersView:116 -                Rank 1 : false
2026-05-18 22:38:21,104 [INFO] ADCParametersView:116 -                Rank 1 : false
2026-05-18 22:38:21,104 [INFO] ADCParametersView:116 -                Rank 1 : false
2026-05-18 22:38:21,104 [INFO] ADCParametersView:116 -                Rank 1 : false
2026-05-18 22:38:21,104 [INFO] ADCParametersView:116 -                Rank 1 : false
2026-05-18 22:38:21,104 [INFO] ADCParametersView:116 -                Rank 1 : false
2026-05-18 22:38:21,127 [INFO] ADCParametersView:116 -                Rank 1 : false
2026-05-18 22:38:27,328 [INFO] ADCParametersView:116 -                Rank 1 : true
2026-05-18 22:38:35,631 [INFO] NvicIntPanel:101 - NVIC parent = com.st.microxplorer.plugins.ip.nvic.MultiNvicIntPanel[,0,0,0x0,invalid,layout=javax.swing.BoxLayout,alignmentX=0.0,alignmentY=0.0,border=,flags=9,maximumSize=,minimumSize=,preferredSize=]
2026-05-18 22:38:35,685 [INFO] ADCParametersView:116 -                Rank 1 : true
2026-05-18 22:38:35,685 [INFO] ADCParametersView:116 -                Rank 1 : true
2026-05-18 22:38:35,685 [INFO] ADCParametersView:116 -                Rank 1 : true
2026-05-18 22:38:35,686 [INFO] ADCParametersView:116 -                Rank 1 : true
2026-05-18 22:38:35,686 [INFO] ADCParametersView:116 -                Rank 1 : true
2026-05-18 22:38:35,686 [INFO] ADCParametersView:116 -                Rank 1 : true
2026-05-18 22:38:35,686 [INFO] ADCParametersView:116 -                Rank 1 : true
2026-05-18 22:38:35,686 [INFO] ADCParametersView:116 -                Rank 1 : true
2026-05-18 22:38:35,686 [INFO] ADCParametersView:116 -                Rank 1 : true
2026-05-18 22:38:35,686 [INFO] ADCParametersView:116 -                Rank 1 : true
2026-05-18 22:38:35,686 [INFO] ADCParametersView:116 -                Rank 1 : true
2026-05-18 22:38:35,686 [INFO] ADCParametersView:116 -                Rank 1 : true
2026-05-18 22:38:35,686 [INFO] ADCParametersView:116 -                Rank 1 : true
2026-05-18 22:38:35,686 [INFO] ADCParametersView:116 -                Rank 1 : true
2026-05-18 22:38:35,686 [INFO] ADCParametersView:116 -                Rank 1 : true
2026-05-18 22:38:35,686 [INFO] ADCParametersView:116 -                Rank 1 : true
2026-05-18 22:38:35,686 [INFO] ADCParametersView:116 -                Rank 1 : true
2026-05-18 22:38:35,686 [INFO] ADCParametersView:116 -                Rank 1 : true
2026-05-18 22:38:35,687 [INFO] ADCParametersView:116 -                Rank 1 : true
2026-05-18 22:38:35,706 [INFO] ADCParametersView:116 -                Rank 1 : true
2026-05-18 22:38:35,737 [INFO] ADCParametersView:116 -                Rank 1 : true
2026-05-18 22:38:35,737 [INFO] ADCParametersView:116 -                Rank 1 : true
2026-05-18 22:38:35,738 [INFO] ADCParametersView:116 -                Rank 1 : true
2026-05-18 22:38:35,738 [INFO] ADCParametersView:116 -                Rank 1 : true
2026-05-18 22:38:35,738 [INFO] ADCParametersView:116 -                Rank 1 : true
2026-05-18 22:38:35,738 [INFO] ADCParametersView:116 -                Rank 1 : true
2026-05-18 22:38:35,738 [INFO] ADCParametersView:116 -                Rank 1 : true
2026-05-18 22:38:35,738 [INFO] ADCParametersView:116 -                Rank 1 : true
2026-05-18 22:38:35,738 [INFO] ADCParametersView:116 -                Rank 1 : true
2026-05-18 22:38:35,738 [INFO] ADCParametersView:116 -                Rank 1 : true
2026-05-18 22:38:35,738 [INFO] ADCParametersView:116 -                Rank 1 : true
2026-05-18 22:38:35,738 [INFO] ADCParametersView:116 -                Rank 1 : true
2026-05-18 22:38:35,738 [INFO] ADCParametersView:116 -                Rank 1 : true
2026-05-18 22:38:35,738 [INFO] ADCParametersView:116 -                Rank 1 : true
2026-05-18 22:38:35,738 [INFO] ADCParametersView:116 -                Rank 1 : true
2026-05-18 22:38:35,738 [INFO] ADCParametersView:116 -                Rank 1 : true
2026-05-18 22:38:35,738 [INFO] ADCParametersView:116 -                Rank 1 : true
2026-05-18 22:38:35,738 [INFO] ADCParametersView:116 -                Rank 1 : true
2026-05-18 22:38:35,738 [INFO] ADCParametersView:116 -                Rank 1 : true
2026-05-18 22:38:35,758 [INFO] ADCParametersView:116 -                Rank 1 : true
2026-05-18 22:38:35,845 [INFO] ADCParametersView:116 -                Rank 1 : true
2026-05-18 22:38:35,845 [INFO] ADCParametersView:116 -                Rank 1 : true
2026-05-18 22:38:35,845 [INFO] ADCParametersView:116 -                Rank 1 : true
2026-05-18 22:38:35,845 [INFO] ADCParametersView:116 -                Rank 1 : true
2026-05-18 22:38:35,845 [INFO] ADCParametersView:116 -                Rank 1 : true
2026-05-18 22:38:35,845 [INFO] ADCParametersView:116 -                Rank 1 : true
2026-05-18 22:38:35,845 [INFO] ADCParametersView:116 -                Rank 1 : true
2026-05-18 22:38:35,845 [INFO] ADCParametersView:116 -                Rank 1 : true
2026-05-18 22:38:35,845 [INFO] ADCParametersView:116 -                Rank 1 : true
2026-05-18 22:38:35,845 [INFO] ADCParametersView:116 -                Rank 1 : true
2026-05-18 22:38:35,845 [INFO] ADCParametersView:116 -                Rank 1 : true
2026-05-18 22:38:35,845 [INFO] ADCParametersView:116 -                Rank 1 : true
2026-05-18 22:38:35,845 [INFO] ADCParametersView:116 -                Rank 1 : true
2026-05-18 22:38:35,845 [INFO] ADCParametersView:116 -                Rank 1 : true
2026-05-18 22:38:35,845 [INFO] ADCParametersView:116 -                Rank 1 : true
2026-05-18 22:38:35,845 [INFO] ADCParametersView:116 -                Rank 1 : true
2026-05-18 22:38:35,845 [INFO] ADCParametersView:116 -                Rank 1 : true
2026-05-18 22:38:35,845 [INFO] ADCParametersView:116 -                Rank 1 : true
2026-05-18 22:38:35,845 [INFO] ADCParametersView:116 -                Rank 1 : true
2026-05-18 22:38:35,866 [INFO] ADCParametersView:116 -                Rank 1 : true
2026-05-18 22:38:35,909 [INFO] ADCParametersView:116 -                Rank 1 : true
2026-05-18 22:38:35,909 [INFO] ADCParametersView:116 -                Rank 1 : true
2026-05-18 22:38:35,909 [INFO] ADCParametersView:116 -                Rank 1 : true
2026-05-18 22:38:35,909 [INFO] ADCParametersView:116 -                Rank 1 : true
2026-05-18 22:38:35,909 [INFO] ADCParametersView:116 -                Rank 1 : true
2026-05-18 22:38:35,909 [INFO] ADCParametersView:116 -                Rank 1 : true
2026-05-18 22:38:35,910 [INFO] ADCParametersView:116 -                Rank 1 : true
2026-05-18 22:38:35,910 [INFO] ADCParametersView:116 -                Rank 1 : true
2026-05-18 22:38:35,910 [INFO] ADCParametersView:116 -                Rank 1 : true
2026-05-18 22:38:35,910 [INFO] ADCParametersView:116 -                Rank 1 : true
2026-05-18 22:38:35,910 [INFO] ADCParametersView:116 -                Rank 1 : true
2026-05-18 22:38:35,910 [INFO] ADCParametersView:116 -                Rank 1 : true
2026-05-18 22:38:35,910 [INFO] ADCParametersView:116 -                Rank 1 : true
2026-05-18 22:38:35,910 [INFO] ADCParametersView:116 -                Rank 1 : true
2026-05-18 22:38:35,910 [INFO] ADCParametersView:116 -                Rank 1 : true
2026-05-18 22:38:35,911 [INFO] ADCParametersView:116 -                Rank 1 : true
2026-05-18 22:38:35,911 [INFO] ADCParametersView:116 -                Rank 1 : true
2026-05-18 22:38:35,911 [INFO] ADCParametersView:116 -                Rank 1 : true
2026-05-18 22:38:35,911 [INFO] ADCParametersView:116 -                Rank 1 : true
2026-05-18 22:38:35,944 [INFO] ADCParametersView:116 -                Rank 1 : true
2026-05-18 22:38:44,589 [INFO] ADCParametersView:116 -                Rank 1 : true
2026-05-18 22:38:44,590 [INFO] ADCParametersView:116 -                Rank 1 : true
2026-05-18 22:38:44,591 [INFO] ADCParametersView:116 -                Rank 1 : true
2026-05-18 22:38:44,591 [INFO] ADCParametersView:116 -                Rank 1 : true
2026-05-18 22:38:44,591 [INFO] ADCParametersView:116 -                Rank 1 : true
2026-05-18 22:38:44,591 [INFO] ADCParametersView:116 -                Rank 1 : true
2026-05-18 22:38:44,591 [INFO] ADCParametersView:116 -                Rank 1 : true
2026-05-18 22:38:44,591 [INFO] ADCParametersView:116 -                Rank 1 : true
2026-05-18 22:38:44,591 [INFO] ADCParametersView:116 -                Rank 1 : true
2026-05-18 22:38:44,591 [INFO] ADCParametersView:116 -                Rank 1 : true
2026-05-18 22:38:44,591 [INFO] ADCParametersView:116 -                Rank 1 : true
2026-05-18 22:38:44,591 [INFO] ADCParametersView:116 -                Rank 1 : true
2026-05-18 22:38:44,591 [INFO] ADCParametersView:116 -                Rank 1 : true
2026-05-18 22:38:44,591 [INFO] ADCParametersView:116 -                Rank 1 : true
2026-05-18 22:38:44,591 [INFO] ADCParametersView:116 -                Rank 1 : true
2026-05-18 22:38:44,591 [INFO] ADCParametersView:116 -                Rank 1 : true
2026-05-18 22:38:44,591 [INFO] ADCParametersView:116 -                Rank 1 : true
2026-05-18 22:38:44,591 [INFO] ADCParametersView:116 -                Rank 1 : true
2026-05-18 22:38:44,591 [INFO] ADCParametersView:116 -                Rank 1 : true
2026-05-18 22:38:44,597 [INFO] ADCParametersView:116 -                Rank 1 : true
2026-05-18 22:38:44,614 [INFO] ADCParametersView:116 -                Rank 1 : true
2026-05-18 22:38:44,615 [INFO] ADCParametersView:116 -                Rank 1 : true
2026-05-18 22:38:44,615 [INFO] ADCParametersView:116 -                Rank 1 : true
2026-05-18 22:38:44,615 [INFO] ADCParametersView:116 -                Rank 1 : true
2026-05-18 22:38:44,615 [INFO] ADCParametersView:116 -                Rank 1 : true
2026-05-18 22:38:44,615 [INFO] ADCParametersView:116 -                Rank 1 : true
2026-05-18 22:38:44,615 [INFO] ADCParametersView:116 -                Rank 1 : true
2026-05-18 22:38:44,615 [INFO] ADCParametersView:116 -                Rank 1 : true
2026-05-18 22:38:44,616 [INFO] ADCParametersView:116 -                Rank 1 : true
2026-05-18 22:38:44,616 [INFO] ADCParametersView:116 -                Rank 1 : true
2026-05-18 22:38:44,616 [INFO] ADCParametersView:116 -                Rank 1 : true
2026-05-18 22:38:44,616 [INFO] ADCParametersView:116 -                Rank 1 : true
2026-05-18 22:38:44,616 [INFO] ADCParametersView:116 -                Rank 1 : true
2026-05-18 22:38:44,616 [INFO] ADCParametersView:116 -                Rank 1 : true
2026-05-18 22:38:44,616 [INFO] ADCParametersView:116 -                Rank 1 : true
2026-05-18 22:38:44,616 [INFO] ADCParametersView:116 -                Rank 1 : true
2026-05-18 22:38:44,616 [INFO] ADCParametersView:116 -                Rank 1 : true
2026-05-18 22:38:44,616 [INFO] ADCParametersView:116 -                Rank 1 : true
2026-05-18 22:38:44,616 [INFO] ADCParametersView:116 -                Rank 1 : true
2026-05-18 22:38:44,623 [INFO] ADCParametersView:116 -                Rank 1 : true
2026-05-18 22:38:44,666 [INFO] ADCParametersView:116 -                Rank 1 : true
2026-05-18 22:38:44,667 [INFO] ADCParametersView:116 -                Rank 1 : true
2026-05-18 22:38:44,667 [INFO] ADCParametersView:116 -                Rank 1 : true
2026-05-18 22:38:44,667 [INFO] ADCParametersView:116 -                Rank 1 : true
2026-05-18 22:38:44,667 [INFO] ADCParametersView:116 -                Rank 1 : true
2026-05-18 22:38:44,667 [INFO] ADCParametersView:116 -                Rank 1 : true
2026-05-18 22:38:44,667 [INFO] ADCParametersView:116 -                Rank 1 : true
2026-05-18 22:38:44,667 [INFO] ADCParametersView:116 -                Rank 1 : true
2026-05-18 22:38:44,667 [INFO] ADCParametersView:116 -                Rank 1 : true
2026-05-18 22:38:44,667 [INFO] ADCParametersView:116 -                Rank 1 : true
2026-05-18 22:38:44,667 [INFO] ADCParametersView:116 -                Rank 1 : true
2026-05-18 22:38:44,667 [INFO] ADCParametersView:116 -                Rank 1 : true
2026-05-18 22:38:44,667 [INFO] ADCParametersView:116 -                Rank 1 : true
2026-05-18 22:38:44,667 [INFO] ADCParametersView:116 -                Rank 1 : true
2026-05-18 22:38:44,667 [INFO] ADCParametersView:116 -                Rank 1 : true
2026-05-18 22:38:44,667 [INFO] ADCParametersView:116 -                Rank 1 : true
2026-05-18 22:38:44,667 [INFO] ADCParametersView:116 -                Rank 1 : true
2026-05-18 22:38:44,668 [INFO] ADCParametersView:116 -                Rank 1 : true
2026-05-18 22:38:44,668 [INFO] ADCParametersView:116 -                Rank 1 : true
2026-05-18 22:38:44,689 [INFO] ADCParametersView:116 -                Rank 1 : true
2026-05-18 22:38:44,725 [INFO] ADCParametersView:116 -                Rank 1 : true
2026-05-18 22:38:44,726 [INFO] ADCParametersView:116 -                Rank 1 : true
2026-05-18 22:38:44,726 [INFO] ADCParametersView:116 -                Rank 1 : true
2026-05-18 22:38:44,726 [INFO] ADCParametersView:116 -                Rank 1 : true
2026-05-18 22:38:44,726 [INFO] ADCParametersView:116 -                Rank 1 : true
2026-05-18 22:38:44,726 [INFO] ADCParametersView:116 -                Rank 1 : true
2026-05-18 22:38:44,726 [INFO] ADCParametersView:116 -                Rank 1 : true
2026-05-18 22:38:44,726 [INFO] ADCParametersView:116 -                Rank 1 : true
2026-05-18 22:38:44,726 [INFO] ADCParametersView:116 -                Rank 1 : true
2026-05-18 22:38:44,726 [INFO] ADCParametersView:116 -                Rank 1 : true
2026-05-18 22:38:44,726 [INFO] ADCParametersView:116 -                Rank 1 : true
2026-05-18 22:38:44,726 [INFO] ADCParametersView:116 -                Rank 1 : true
2026-05-18 22:38:44,727 [INFO] ADCParametersView:116 -                Rank 1 : true
2026-05-18 22:38:44,727 [INFO] ADCParametersView:116 -                Rank 1 : true
2026-05-18 22:38:44,727 [INFO] ADCParametersView:116 -                Rank 1 : true
2026-05-18 22:38:44,727 [INFO] ADCParametersView:116 -                Rank 1 : true
2026-05-18 22:38:44,727 [INFO] ADCParametersView:116 -                Rank 1 : true
2026-05-18 22:38:44,727 [INFO] ADCParametersView:116 -                Rank 1 : true
2026-05-18 22:38:44,727 [INFO] ADCParametersView:116 -                Rank 1 : true
2026-05-18 22:38:44,758 [INFO] ADCParametersView:116 -                Rank 1 : true
2026-05-18 22:38:44,842 [INFO] ADCParametersView:116 -                Rank 1 : true
2026-05-18 22:38:44,844 [INFO] ADCParametersView:116 -                Rank 1 : true
2026-05-18 22:38:44,844 [INFO] ADCParametersView:116 -                Rank 1 : true
2026-05-18 22:38:44,844 [INFO] ADCParametersView:116 -                Rank 1 : true
2026-05-18 22:38:44,844 [INFO] ADCParametersView:116 -                Rank 1 : true
2026-05-18 22:38:44,844 [INFO] ADCParametersView:116 -                Rank 1 : true
2026-05-18 22:38:44,844 [INFO] ADCParametersView:116 -                Rank 1 : true
2026-05-18 22:38:44,844 [INFO] ADCParametersView:116 -                Rank 1 : true
2026-05-18 22:38:44,845 [INFO] ADCParametersView:116 -                Rank 1 : true
2026-05-18 22:38:44,845 [INFO] ADCParametersView:116 -                Rank 1 : true
2026-05-18 22:38:44,845 [INFO] ADCParametersView:116 -                Rank 1 : true
2026-05-18 22:38:44,845 [INFO] ADCParametersView:116 -                Rank 1 : true
2026-05-18 22:38:44,845 [INFO] ADCParametersView:116 -                Rank 1 : true
2026-05-18 22:38:44,845 [INFO] ADCParametersView:116 -                Rank 1 : true
2026-05-18 22:38:44,845 [INFO] ADCParametersView:116 -                Rank 1 : true
2026-05-18 22:38:44,845 [INFO] ADCParametersView:116 -                Rank 1 : true
2026-05-18 22:38:44,845 [INFO] ADCParametersView:116 -                Rank 1 : true
2026-05-18 22:38:44,845 [INFO] ADCParametersView:116 -                Rank 1 : true
2026-05-18 22:38:44,845 [INFO] ADCParametersView:116 -                Rank 1 : true
2026-05-18 22:38:44,866 [INFO] ADCParametersView:116 -                Rank 1 : true
2026-05-18 22:38:44,894 [INFO] ADCParametersView:116 -                Rank 1 : true
2026-05-18 22:38:44,895 [INFO] ADCParametersView:116 -                Rank 1 : true
2026-05-18 22:38:44,895 [INFO] ADCParametersView:116 -                Rank 1 : true
2026-05-18 22:38:44,895 [INFO] ADCParametersView:116 -                Rank 1 : true
2026-05-18 22:38:44,895 [INFO] ADCParametersView:116 -                Rank 1 : true
2026-05-18 22:38:44,895 [INFO] ADCParametersView:116 -                Rank 1 : true
2026-05-18 22:38:44,895 [INFO] ADCParametersView:116 -                Rank 1 : true
2026-05-18 22:38:44,895 [INFO] ADCParametersView:116 -                Rank 1 : true
2026-05-18 22:38:44,895 [INFO] ADCParametersView:116 -                Rank 1 : true
2026-05-18 22:38:44,895 [INFO] ADCParametersView:116 -                Rank 1 : true
2026-05-18 22:38:44,895 [INFO] ADCParametersView:116 -                Rank 1 : true
2026-05-18 22:38:44,895 [INFO] ADCParametersView:116 -                Rank 1 : true
2026-05-18 22:38:44,895 [INFO] ADCParametersView:116 -                Rank 1 : true
2026-05-18 22:38:44,895 [INFO] ADCParametersView:116 -                Rank 1 : true
2026-05-18 22:38:44,895 [INFO] ADCParametersView:116 -                Rank 1 : true
2026-05-18 22:38:44,895 [INFO] ADCParametersView:116 -                Rank 1 : true
2026-05-18 22:38:44,895 [INFO] ADCParametersView:116 -                Rank 1 : true
2026-05-18 22:38:44,895 [INFO] ADCParametersView:116 -                Rank 1 : true
2026-05-18 22:38:44,896 [INFO] ADCParametersView:116 -                Rank 1 : true
2026-05-18 22:38:44,916 [INFO] ADCParametersView:116 -                Rank 1 : true
2026-05-18 22:38:48,892 [INFO] ADCParametersView:116 -                Rank 1 : true
2026-05-18 22:38:48,894 [INFO] ADCParametersView:116 -                Rank 1 : true
2026-05-18 22:38:48,894 [INFO] ADCParametersView:116 -                Rank 1 : true
2026-05-18 22:38:48,894 [INFO] ADCParametersView:116 -                Rank 1 : true
2026-05-18 22:38:48,894 [INFO] ADCParametersView:116 -                Rank 1 : true
2026-05-18 22:38:48,895 [INFO] ADCParametersView:116 -                Rank 1 : true
2026-05-18 22:38:48,895 [INFO] ADCParametersView:116 -                Rank 1 : true
2026-05-18 22:38:48,895 [INFO] ADCParametersView:116 -                Rank 1 : true
2026-05-18 22:38:48,895 [INFO] ADCParametersView:116 -                Rank 1 : true
2026-05-18 22:38:48,895 [INFO] ADCParametersView:116 -                Rank 1 : true
2026-05-18 22:38:48,895 [INFO] ADCParametersView:116 -                Rank 1 : true
2026-05-18 22:38:48,895 [INFO] ADCParametersView:116 -                Rank 1 : true
2026-05-18 22:38:48,895 [INFO] ADCParametersView:116 -                Rank 1 : true
2026-05-18 22:38:48,895 [INFO] ADCParametersView:116 -                Rank 1 : true
2026-05-18 22:38:48,895 [INFO] ADCParametersView:116 -                Rank 1 : true
2026-05-18 22:38:48,895 [INFO] ADCParametersView:116 -                Rank 1 : true
2026-05-18 22:38:48,895 [INFO] ADCParametersView:116 -                Rank 1 : true
2026-05-18 22:38:48,895 [INFO] ADCParametersView:116 -                Rank 1 : true
2026-05-18 22:38:48,895 [INFO] ADCParametersView:116 -                Rank 1 : true
2026-05-18 22:38:48,902 [INFO] ADCParametersView:116 -                Rank 1 : true
2026-05-18 22:38:48,921 [INFO] ADCParametersView:116 -                Rank 1 : true
2026-05-18 22:38:48,923 [INFO] ADCParametersView:116 -                Rank 1 : true
2026-05-18 22:38:48,923 [INFO] ADCParametersView:116 -                Rank 1 : true
2026-05-18 22:38:48,923 [INFO] ADCParametersView:116 -                Rank 1 : true
2026-05-18 22:38:48,923 [INFO] ADCParametersView:116 -                Rank 1 : true
2026-05-18 22:38:48,923 [INFO] ADCParametersView:116 -                Rank 1 : true
2026-05-18 22:38:48,923 [INFO] ADCParametersView:116 -                Rank 1 : true
2026-05-18 22:38:48,923 [INFO] ADCParametersView:116 -                Rank 1 : true
2026-05-18 22:38:48,923 [INFO] ADCParametersView:116 -                Rank 1 : true
2026-05-18 22:38:48,923 [INFO] ADCParametersView:116 -                Rank 1 : true
2026-05-18 22:38:48,923 [INFO] ADCParametersView:116 -                Rank 1 : true
2026-05-18 22:38:48,923 [INFO] ADCParametersView:116 -                Rank 1 : true
2026-05-18 22:38:48,923 [INFO] ADCParametersView:116 -                Rank 1 : true
2026-05-18 22:38:48,923 [INFO] ADCParametersView:116 -                Rank 1 : true
2026-05-18 22:38:48,923 [INFO] ADCParametersView:116 -                Rank 1 : true
2026-05-18 22:38:48,923 [INFO] ADCParametersView:116 -                Rank 1 : true
2026-05-18 22:38:48,923 [INFO] ADCParametersView:116 -                Rank 1 : true
2026-05-18 22:38:48,923 [INFO] ADCParametersView:116 -                Rank 1 : true
2026-05-18 22:38:48,923 [INFO] ADCParametersView:116 -                Rank 1 : true
2026-05-18 22:38:48,930 [INFO] ADCParametersView:116 -                Rank 1 : true
2026-05-18 22:38:48,975 [INFO] ADCParametersView:116 -                Rank 1 : true
2026-05-18 22:38:48,976 [INFO] ADCParametersView:116 -                Rank 1 : true
2026-05-18 22:38:48,976 [INFO] ADCParametersView:116 -                Rank 1 : true
2026-05-18 22:38:48,976 [INFO] ADCParametersView:116 -                Rank 1 : true
2026-05-18 22:38:48,976 [INFO] ADCParametersView:116 -                Rank 1 : true
2026-05-18 22:38:48,976 [INFO] ADCParametersView:116 -                Rank 1 : true
2026-05-18 22:38:48,976 [INFO] ADCParametersView:116 -                Rank 1 : true
2026-05-18 22:38:48,976 [INFO] ADCParametersView:116 -                Rank 1 : true
2026-05-18 22:38:48,976 [INFO] ADCParametersView:116 -                Rank 1 : true
2026-05-18 22:38:48,976 [INFO] ADCParametersView:116 -                Rank 1 : true
2026-05-18 22:38:48,976 [INFO] ADCParametersView:116 -                Rank 1 : true
2026-05-18 22:38:48,976 [INFO] ADCParametersView:116 -                Rank 1 : true
2026-05-18 22:38:48,976 [INFO] ADCParametersView:116 -                Rank 1 : true
2026-05-18 22:38:48,976 [INFO] ADCParametersView:116 -                Rank 1 : true
2026-05-18 22:38:48,976 [INFO] ADCParametersView:116 -                Rank 1 : true
2026-05-18 22:38:48,977 [INFO] ADCParametersView:116 -                Rank 1 : true
2026-05-18 22:38:48,977 [INFO] ADCParametersView:116 -                Rank 1 : true
2026-05-18 22:38:48,977 [INFO] ADCParametersView:116 -                Rank 1 : true
2026-05-18 22:38:48,977 [INFO] ADCParametersView:116 -                Rank 1 : true
2026-05-18 22:38:48,998 [INFO] ADCParametersView:116 -                Rank 1 : true
2026-05-18 22:38:49,032 [INFO] ADCParametersView:116 -                Rank 1 : true
2026-05-18 22:38:49,033 [INFO] ADCParametersView:116 -                Rank 1 : true
2026-05-18 22:38:49,033 [INFO] ADCParametersView:116 -                Rank 1 : true
2026-05-18 22:38:49,033 [INFO] ADCParametersView:116 -                Rank 1 : true
2026-05-18 22:38:49,033 [INFO] ADCParametersView:116 -                Rank 1 : true
2026-05-18 22:38:49,034 [INFO] ADCParametersView:116 -                Rank 1 : true
2026-05-18 22:38:49,034 [INFO] ADCParametersView:116 -                Rank 1 : true
2026-05-18 22:38:49,034 [INFO] ADCParametersView:116 -                Rank 1 : true
2026-05-18 22:38:49,034 [INFO] ADCParametersView:116 -                Rank 1 : true
2026-05-18 22:38:49,034 [INFO] ADCParametersView:116 -                Rank 1 : true
2026-05-18 22:38:49,034 [INFO] ADCParametersView:116 -                Rank 1 : true
2026-05-18 22:38:49,034 [INFO] ADCParametersView:116 -                Rank 1 : true
2026-05-18 22:38:49,034 [INFO] ADCParametersView:116 -                Rank 1 : true
2026-05-18 22:38:49,034 [INFO] ADCParametersView:116 -                Rank 1 : true
2026-05-18 22:38:49,034 [INFO] ADCParametersView:116 -                Rank 1 : true
2026-05-18 22:38:49,034 [INFO] ADCParametersView:116 -                Rank 1 : true
2026-05-18 22:38:49,034 [INFO] ADCParametersView:116 -                Rank 1 : true
2026-05-18 22:38:49,034 [INFO] ADCParametersView:116 -                Rank 1 : true
2026-05-18 22:38:49,034 [INFO] ADCParametersView:116 -                Rank 1 : true
2026-05-18 22:38:49,056 [INFO] ADCParametersView:116 -                Rank 1 : true
2026-05-18 22:38:49,150 [INFO] ADCParametersView:116 -                Rank 1 : true
2026-05-18 22:38:49,151 [INFO] ADCParametersView:116 -                Rank 1 : true
2026-05-18 22:38:49,151 [INFO] ADCParametersView:116 -                Rank 1 : true
2026-05-18 22:38:49,152 [INFO] ADCParametersView:116 -                Rank 1 : true
2026-05-18 22:38:49,152 [INFO] ADCParametersView:116 -                Rank 1 : true
2026-05-18 22:38:49,152 [INFO] ADCParametersView:116 -                Rank 1 : true
2026-05-18 22:38:49,152 [INFO] ADCParametersView:116 -                Rank 1 : true
2026-05-18 22:38:49,152 [INFO] ADCParametersView:116 -                Rank 1 : true
2026-05-18 22:38:49,152 [INFO] ADCParametersView:116 -                Rank 1 : true
2026-05-18 22:38:49,152 [INFO] ADCParametersView:116 -                Rank 1 : true
2026-05-18 22:38:49,152 [INFO] ADCParametersView:116 -                Rank 1 : true
2026-05-18 22:38:49,152 [INFO] ADCParametersView:116 -                Rank 1 : true
2026-05-18 22:38:49,152 [INFO] ADCParametersView:116 -                Rank 1 : true
2026-05-18 22:38:49,152 [INFO] ADCParametersView:116 -                Rank 1 : true
2026-05-18 22:38:49,152 [INFO] ADCParametersView:116 -                Rank 1 : true
2026-05-18 22:38:49,152 [INFO] ADCParametersView:116 -                Rank 1 : true
2026-05-18 22:38:49,152 [INFO] ADCParametersView:116 -                Rank 1 : true
2026-05-18 22:38:49,152 [INFO] ADCParametersView:116 -                Rank 1 : true
2026-05-18 22:38:49,152 [INFO] ADCParametersView:116 -                Rank 1 : true
2026-05-18 22:38:49,171 [INFO] ADCParametersView:116 -                Rank 1 : true
2026-05-18 22:38:49,202 [INFO] ADCParametersView:116 -                Rank 1 : true
2026-05-18 22:38:49,203 [INFO] ADCParametersView:116 -                Rank 1 : true
2026-05-18 22:38:49,203 [INFO] ADCParametersView:116 -                Rank 1 : true
2026-05-18 22:38:49,203 [INFO] ADCParametersView:116 -                Rank 1 : true
2026-05-18 22:38:49,204 [INFO] ADCParametersView:116 -                Rank 1 : true
2026-05-18 22:38:49,204 [INFO] ADCParametersView:116 -                Rank 1 : true
2026-05-18 22:38:49,204 [INFO] ADCParametersView:116 -                Rank 1 : true
2026-05-18 22:38:49,204 [INFO] ADCParametersView:116 -                Rank 1 : true
2026-05-18 22:38:49,204 [INFO] ADCParametersView:116 -                Rank 1 : true
2026-05-18 22:38:49,204 [INFO] ADCParametersView:116 -                Rank 1 : true
2026-05-18 22:38:49,204 [INFO] ADCParametersView:116 -                Rank 1 : true
2026-05-18 22:38:49,204 [INFO] ADCParametersView:116 -                Rank 1 : true
2026-05-18 22:38:49,204 [INFO] ADCParametersView:116 -                Rank 1 : true
2026-05-18 22:38:49,204 [INFO] ADCParametersView:116 -                Rank 1 : true
2026-05-18 22:38:49,204 [INFO] ADCParametersView:116 -                Rank 1 : true
2026-05-18 22:38:49,204 [INFO] ADCParametersView:116 -                Rank 1 : true
2026-05-18 22:38:49,204 [INFO] ADCParametersView:116 -                Rank 1 : true
2026-05-18 22:38:49,204 [INFO] ADCParametersView:116 -                Rank 1 : true
2026-05-18 22:38:49,204 [INFO] ADCParametersView:116 -                Rank 1 : true
2026-05-18 22:38:49,225 [INFO] ADCParametersView:116 -                Rank 1 : true
2026-05-18 22:38:52,686 [INFO] ADCParametersView:116 -                Rank 1 : true
2026-05-18 22:38:52,688 [INFO] ADCParametersView:116 -                Rank 1 : true
2026-05-18 22:38:52,688 [INFO] ADCParametersView:116 -                Rank 1 : true
2026-05-18 22:38:52,688 [INFO] ADCParametersView:116 -                Rank 1 : true
2026-05-18 22:38:52,688 [INFO] ADCParametersView:116 -                Rank 1 : true
2026-05-18 22:38:52,688 [INFO] ADCParametersView:116 -                Rank 1 : true
2026-05-18 22:38:52,688 [INFO] ADCParametersView:116 -                Rank 1 : true
2026-05-18 22:38:52,688 [INFO] ADCParametersView:116 -                Rank 1 : true
2026-05-18 22:38:52,688 [INFO] ADCParametersView:116 -                Rank 1 : true
2026-05-18 22:38:52,688 [INFO] ADCParametersView:116 -                Rank 1 : true
2026-05-18 22:38:52,688 [INFO] ADCParametersView:116 -                Rank 1 : true
2026-05-18 22:38:52,688 [INFO] ADCParametersView:116 -                Rank 1 : true
2026-05-18 22:38:52,688 [INFO] ADCParametersView:116 -                Rank 1 : true
2026-05-18 22:38:52,688 [INFO] ADCParametersView:116 -                Rank 1 : true
2026-05-18 22:38:52,688 [INFO] ADCParametersView:116 -                Rank 1 : true
2026-05-18 22:38:52,688 [INFO] ADCParametersView:116 -                Rank 1 : true
2026-05-18 22:38:52,688 [INFO] ADCParametersView:116 -                Rank 1 : true
2026-05-18 22:38:52,688 [INFO] ADCParametersView:116 -                Rank 1 : true
2026-05-18 22:38:52,688 [INFO] ADCParametersView:116 -                Rank 1 : true
2026-05-18 22:38:52,694 [INFO] ADCParametersView:116 -                Rank 1 : true
2026-05-18 22:38:52,709 [INFO] ADCParametersView:116 -                Rank 1 : true
2026-05-18 22:38:52,709 [INFO] ADCParametersView:116 -                Rank 1 : true
2026-05-18 22:38:52,709 [INFO] ADCParametersView:116 -                Rank 1 : true
2026-05-18 22:38:52,709 [INFO] ADCParametersView:116 -                Rank 1 : true
2026-05-18 22:38:52,709 [INFO] ADCParametersView:116 -                Rank 1 : true
2026-05-18 22:38:52,709 [INFO] ADCParametersView:116 -                Rank 1 : true
2026-05-18 22:38:52,709 [INFO] ADCParametersView:116 -                Rank 1 : true
2026-05-18 22:38:52,709 [INFO] ADCParametersView:116 -                Rank 1 : true
2026-05-18 22:38:52,710 [INFO] ADCParametersView:116 -                Rank 1 : true
2026-05-18 22:38:52,710 [INFO] ADCParametersView:116 -                Rank 1 : true
2026-05-18 22:38:52,710 [INFO] ADCParametersView:116 -                Rank 1 : true
2026-05-18 22:38:52,710 [INFO] ADCParametersView:116 -                Rank 1 : true
2026-05-18 22:38:52,710 [INFO] ADCParametersView:116 -                Rank 1 : true
2026-05-18 22:38:52,710 [INFO] ADCParametersView:116 -                Rank 1 : true
2026-05-18 22:38:52,710 [INFO] ADCParametersView:116 -                Rank 1 : true
2026-05-18 22:38:52,710 [INFO] ADCParametersView:116 -                Rank 1 : true
2026-05-18 22:38:52,710 [INFO] ADCParametersView:116 -                Rank 1 : true
2026-05-18 22:38:52,710 [INFO] ADCParametersView:116 -                Rank 1 : true
2026-05-18 22:38:52,710 [INFO] ADCParametersView:116 -                Rank 1 : true
2026-05-18 22:38:52,716 [INFO] ADCParametersView:116 -                Rank 1 : true
2026-05-18 22:38:52,751 [INFO] ADCParametersView:116 -                Rank 1 : true
2026-05-18 22:38:52,752 [INFO] ADCParametersView:116 -                Rank 1 : true
2026-05-18 22:38:52,752 [INFO] ADCParametersView:116 -                Rank 1 : true
2026-05-18 22:38:52,752 [INFO] ADCParametersView:116 -                Rank 1 : true
2026-05-18 22:38:52,752 [INFO] ADCParametersView:116 -                Rank 1 : true
2026-05-18 22:38:52,752 [INFO] ADCParametersView:116 -                Rank 1 : true
2026-05-18 22:38:52,752 [INFO] ADCParametersView:116 -                Rank 1 : true
2026-05-18 22:38:52,752 [INFO] ADCParametersView:116 -                Rank 1 : true
2026-05-18 22:38:52,752 [INFO] ADCParametersView:116 -                Rank 1 : true
2026-05-18 22:38:52,752 [INFO] ADCParametersView:116 -                Rank 1 : true
2026-05-18 22:38:52,752 [INFO] ADCParametersView:116 -                Rank 1 : true
2026-05-18 22:38:52,752 [INFO] ADCParametersView:116 -                Rank 1 : true
2026-05-18 22:38:52,752 [INFO] ADCParametersView:116 -                Rank 1 : true
2026-05-18 22:38:52,752 [INFO] ADCParametersView:116 -                Rank 1 : true
2026-05-18 22:38:52,752 [INFO] ADCParametersView:116 -                Rank 1 : true
2026-05-18 22:38:52,752 [INFO] ADCParametersView:116 -                Rank 1 : true
2026-05-18 22:38:52,752 [INFO] ADCParametersView:116 -                Rank 1 : true
2026-05-18 22:38:52,752 [INFO] ADCParametersView:116 -                Rank 1 : true
2026-05-18 22:38:52,752 [INFO] ADCParametersView:116 -                Rank 1 : true
2026-05-18 22:38:52,773 [INFO] ADCParametersView:116 -                Rank 1 : true
2026-05-18 22:38:52,801 [INFO] ADCParametersView:116 -                Rank 1 : true
2026-05-18 22:38:52,802 [INFO] ADCParametersView:116 -                Rank 1 : true
2026-05-18 22:38:52,802 [INFO] ADCParametersView:116 -                Rank 1 : true
2026-05-18 22:38:52,802 [INFO] ADCParametersView:116 -                Rank 1 : true
2026-05-18 22:38:52,802 [INFO] ADCParametersView:116 -                Rank 1 : true
2026-05-18 22:38:52,802 [INFO] ADCParametersView:116 -                Rank 1 : true
2026-05-18 22:38:52,803 [INFO] ADCParametersView:116 -                Rank 1 : true
2026-05-18 22:38:52,803 [INFO] ADCParametersView:116 -                Rank 1 : true
2026-05-18 22:38:52,803 [INFO] ADCParametersView:116 -                Rank 1 : true
2026-05-18 22:38:52,803 [INFO] ADCParametersView:116 -                Rank 1 : true
2026-05-18 22:38:52,803 [INFO] ADCParametersView:116 -                Rank 1 : true
2026-05-18 22:38:52,803 [INFO] ADCParametersView:116 -                Rank 1 : true
2026-05-18 22:38:52,803 [INFO] ADCParametersView:116 -                Rank 1 : true
2026-05-18 22:38:52,803 [INFO] ADCParametersView:116 -                Rank 1 : true
2026-05-18 22:38:52,803 [INFO] ADCParametersView:116 -                Rank 1 : true
2026-05-18 22:38:52,803 [INFO] ADCParametersView:116 -                Rank 1 : true
2026-05-18 22:38:52,803 [INFO] ADCParametersView:116 -                Rank 1 : true
2026-05-18 22:38:52,803 [INFO] ADCParametersView:116 -                Rank 1 : true
2026-05-18 22:38:52,803 [INFO] ADCParametersView:116 -                Rank 1 : true
2026-05-18 22:38:52,822 [INFO] ADCParametersView:116 -                Rank 1 : true
2026-05-18 22:38:52,902 [INFO] ADCParametersView:116 -                Rank 1 : true
2026-05-18 22:38:52,903 [INFO] ADCParametersView:116 -                Rank 1 : true
2026-05-18 22:38:52,903 [INFO] ADCParametersView:116 -                Rank 1 : true
2026-05-18 22:38:52,903 [INFO] ADCParametersView:116 -                Rank 1 : true
2026-05-18 22:38:52,903 [INFO] ADCParametersView:116 -                Rank 1 : true
2026-05-18 22:38:52,903 [INFO] ADCParametersView:116 -                Rank 1 : true
2026-05-18 22:38:52,903 [INFO] ADCParametersView:116 -                Rank 1 : true
2026-05-18 22:38:52,903 [INFO] ADCParametersView:116 -                Rank 1 : true
2026-05-18 22:38:52,903 [INFO] ADCParametersView:116 -                Rank 1 : true
2026-05-18 22:38:52,903 [INFO] ADCParametersView:116 -                Rank 1 : true
2026-05-18 22:38:52,903 [INFO] ADCParametersView:116 -                Rank 1 : true
2026-05-18 22:38:52,903 [INFO] ADCParametersView:116 -                Rank 1 : true
2026-05-18 22:38:52,903 [INFO] ADCParametersView:116 -                Rank 1 : true
2026-05-18 22:38:52,903 [INFO] ADCParametersView:116 -                Rank 1 : true
2026-05-18 22:38:52,903 [INFO] ADCParametersView:116 -                Rank 1 : true
2026-05-18 22:38:52,903 [INFO] ADCParametersView:116 -                Rank 1 : true
2026-05-18 22:38:52,903 [INFO] ADCParametersView:116 -                Rank 1 : true
2026-05-18 22:38:52,903 [INFO] ADCParametersView:116 -                Rank 1 : true
2026-05-18 22:38:52,903 [INFO] ADCParametersView:116 -                Rank 1 : true
2026-05-18 22:38:52,924 [INFO] ADCParametersView:116 -                Rank 1 : true
2026-05-18 22:38:52,953 [INFO] ADCParametersView:116 -                Rank 1 : true
2026-05-18 22:38:52,954 [INFO] ADCParametersView:116 -                Rank 1 : true
2026-05-18 22:38:52,954 [INFO] ADCParametersView:116 -                Rank 1 : true
2026-05-18 22:38:52,954 [INFO] ADCParametersView:116 -                Rank 1 : true
2026-05-18 22:38:52,954 [INFO] ADCParametersView:116 -                Rank 1 : true
2026-05-18 22:38:52,954 [INFO] ADCParametersView:116 -                Rank 1 : true
2026-05-18 22:38:52,954 [INFO] ADCParametersView:116 -                Rank 1 : true
2026-05-18 22:38:52,954 [INFO] ADCParametersView:116 -                Rank 1 : true
2026-05-18 22:38:52,954 [INFO] ADCParametersView:116 -                Rank 1 : true
2026-05-18 22:38:52,954 [INFO] ADCParametersView:116 -                Rank 1 : true
2026-05-18 22:38:52,954 [INFO] ADCParametersView:116 -                Rank 1 : true
2026-05-18 22:38:52,954 [INFO] ADCParametersView:116 -                Rank 1 : true
2026-05-18 22:38:52,954 [INFO] ADCParametersView:116 -                Rank 1 : true
2026-05-18 22:38:52,954 [INFO] ADCParametersView:116 -                Rank 1 : true
2026-05-18 22:38:52,954 [INFO] ADCParametersView:116 -                Rank 1 : true
2026-05-18 22:38:52,954 [INFO] ADCParametersView:116 -                Rank 1 : true
2026-05-18 22:38:52,954 [INFO] ADCParametersView:116 -                Rank 1 : true
2026-05-18 22:38:52,954 [INFO] ADCParametersView:116 -                Rank 1 : true
2026-05-18 22:38:52,954 [INFO] ADCParametersView:116 -                Rank 1 : true
2026-05-18 22:38:52,976 [INFO] ADCParametersView:116 -                Rank 1 : true
2026-05-18 22:39:04,825 [INFO] SpinnerEditorADC:65 - is string kkkk
2026-05-18 22:39:11,989 [INFO] ParamManager:905 - [Generic UI] PropertyChangeEvent: TAB_STATUS_CHANGED , "dont care", "never mind"
2026-05-18 22:39:11,996 [INFO] ADCParametersView:116 -                Rank 1 : true
2026-05-18 22:39:11,998 [INFO] ADCParametersView:116 -                Rank 1 : true
2026-05-18 22:39:11,998 [INFO] ADCParametersView:116 -                Rank 1 : true
2026-05-18 22:39:11,998 [INFO] ADCParametersView:116 -                Rank 1 : true
2026-05-18 22:39:11,998 [INFO] ADCParametersView:116 -                Rank 1 : true
2026-05-18 22:39:11,998 [INFO] ADCParametersView:116 -                Rank 1 : true
2026-05-18 22:39:11,998 [INFO] ADCParametersView:116 -                Rank 1 : true
2026-05-18 22:39:11,998 [INFO] ADCParametersView:116 -                Rank 1 : true
2026-05-18 22:39:11,998 [INFO] ADCParametersView:116 -                Rank 1 : true
2026-05-18 22:39:11,999 [INFO] ADCParametersView:116 -                Rank 1 : true
2026-05-18 22:39:11,999 [INFO] ADCParametersView:116 -                Rank 1 : true
2026-05-18 22:39:11,999 [INFO] ADCParametersView:116 -                Rank 1 : true
2026-05-18 22:39:11,999 [INFO] ADCParametersView:116 -                Rank 1 : true
2026-05-18 22:39:11,999 [INFO] ADCParametersView:116 -                Rank 1 : true
2026-05-18 22:39:11,999 [INFO] ADCParametersView:116 -                Rank 1 : true
2026-05-18 22:39:11,999 [INFO] ADCParametersView:116 -                Rank 1 : true
2026-05-18 22:39:11,999 [INFO] ADCParametersView:116 -                Rank 1 : true
2026-05-18 22:39:11,999 [INFO] ADCParametersView:116 -                Rank 1 : true
2026-05-18 22:39:11,999 [INFO] ADCParametersView:116 -                Rank 1 : true
2026-05-18 22:39:12,006 [INFO] ParamManager:905 - [Generic UI] PropertyChangeEvent: TAB_STATUS_CHANGED , "dont care", "never mind"
2026-05-18 22:39:12,011 [INFO] ADCParametersView:116 -                Rank 1 : true
2026-05-18 22:39:12,011 [INFO] ADCParametersView:116 -                Rank 1 : true
2026-05-18 22:39:12,011 [INFO] ADCParametersView:116 -        *      Rank 2 : false
2026-05-18 22:39:12,027 [INFO] ADCParametersView:116 -                Rank 1 : true
2026-05-18 22:39:12,027 [INFO] ADCParametersView:116 -        *      Rank 2 : false
2026-05-18 22:39:12,028 [INFO] ADCParametersView:116 -                Rank 1 : true
2026-05-18 22:39:12,028 [INFO] ADCParametersView:116 -        *      Rank 2 : false
2026-05-18 22:39:12,028 [INFO] ADCParametersView:116 -                Rank 1 : true
2026-05-18 22:39:12,028 [INFO] ADCParametersView:116 -        *      Rank 2 : false
2026-05-18 22:39:12,028 [INFO] ADCParametersView:116 -                Rank 1 : true
2026-05-18 22:39:12,028 [INFO] ADCParametersView:116 -        *      Rank 2 : false
2026-05-18 22:39:12,028 [INFO] ADCParametersView:116 -                Rank 1 : true
2026-05-18 22:39:12,028 [INFO] ADCParametersView:116 -        *      Rank 2 : false
2026-05-18 22:39:12,028 [INFO] ADCParametersView:116 -                Rank 1 : true
2026-05-18 22:39:12,028 [INFO] ADCParametersView:116 -        *      Rank 2 : false
2026-05-18 22:39:12,029 [INFO] ADCParametersView:116 -                Rank 1 : true
2026-05-18 22:39:12,029 [INFO] ADCParametersView:116 -        *      Rank 2 : false
2026-05-18 22:39:12,029 [INFO] ADCParametersView:116 -                Rank 1 : true
2026-05-18 22:39:12,029 [INFO] ADCParametersView:116 -        *      Rank 2 : false
2026-05-18 22:39:12,029 [INFO] ADCParametersView:116 -                Rank 1 : true
2026-05-18 22:39:12,029 [INFO] ADCParametersView:116 -        *      Rank 2 : false
2026-05-18 22:39:12,029 [INFO] ADCParametersView:116 -                Rank 1 : true
2026-05-18 22:39:12,029 [INFO] ADCParametersView:116 -        *      Rank 2 : false
2026-05-18 22:39:12,029 [INFO] ADCParametersView:116 -                Rank 1 : true
2026-05-18 22:39:12,029 [INFO] ADCParametersView:116 -        *      Rank 2 : false
2026-05-18 22:39:12,029 [INFO] ADCParametersView:116 -                Rank 1 : true
2026-05-18 22:39:12,029 [INFO] ADCParametersView:116 -        *      Rank 2 : false
2026-05-18 22:39:12,029 [INFO] ADCParametersView:116 -                Rank 1 : true
2026-05-18 22:39:12,029 [INFO] ADCParametersView:116 -        *      Rank 2 : false
2026-05-18 22:39:12,029 [INFO] ADCParametersView:116 -                Rank 1 : true
2026-05-18 22:39:12,029 [INFO] ADCParametersView:116 -        *      Rank 2 : false
2026-05-18 22:39:12,029 [INFO] ADCParametersView:116 -                Rank 1 : true
2026-05-18 22:39:12,029 [INFO] ADCParametersView:116 -        *      Rank 2 : false
2026-05-18 22:39:12,029 [INFO] ADCParametersView:116 -                Rank 1 : true
2026-05-18 22:39:12,029 [INFO] ADCParametersView:116 -        *      Rank 2 : false
2026-05-18 22:39:12,029 [INFO] ADCParametersView:116 -                Rank 1 : true
2026-05-18 22:39:12,029 [INFO] ADCParametersView:116 -        *      Rank 2 : false
2026-05-18 22:39:12,029 [INFO] ADCParametersView:116 -                Rank 1 : true
2026-05-18 22:39:12,029 [INFO] ADCParametersView:116 -        *      Rank 2 : false
2026-05-18 22:39:12,029 [INFO] ADCParametersView:116 -                Rank 1 : true
2026-05-18 22:39:12,029 [INFO] ADCParametersView:116 -        *      Rank 2 : false
2026-05-18 22:39:12,029 [INFO] ADCParametersView:116 -        *      Rank 2 : false
2026-05-18 22:39:12,038 [INFO] ADCParametersView:116 -                Rank 1 : true
2026-05-18 22:39:12,039 [INFO] ADCParametersView:116 -                Rank 1 : true
2026-05-18 22:39:12,039 [INFO] ADCParametersView:116 -        *      Rank 2 : false
2026-05-18 22:39:12,118 [INFO] NvicIntPanel:101 - NVIC parent = com.st.microxplorer.plugins.ip.nvic.MultiNvicIntPanel[,0,0,0x0,invalid,layout=javax.swing.BoxLayout,alignmentX=0.0,alignmentY=0.0,border=,flags=9,maximumSize=,minimumSize=,preferredSize=]
2026-05-18 22:39:12,194 [INFO] NvicIntPanel:101 - NVIC parent = com.st.microxplorer.plugins.ip.nvic.MultiNvicIntPanel[,0,0,0x0,invalid,layout=javax.swing.BoxLayout,alignmentX=0.0,alignmentY=0.0,border=,flags=9,maximumSize=,minimumSize=,preferredSize=]
2026-05-18 22:39:12,275 [INFO] NvicIntPanel:101 - NVIC parent = com.st.microxplorer.plugins.ip.nvic.MultiNvicIntPanel[,0,0,0x0,invalid,layout=javax.swing.BoxLayout,alignmentX=0.0,alignmentY=0.0,border=,flags=9,maximumSize=,minimumSize=,preferredSize=]
2026-05-18 22:39:12,302 [INFO] ADCParametersView:116 -                Rank 1 : true
2026-05-18 22:39:12,302 [INFO] ADCParametersView:116 -        *      Rank 2 : false
2026-05-18 22:39:12,303 [INFO] ADCParametersView:116 -                Rank 1 : true
2026-05-18 22:39:12,303 [INFO] ADCParametersView:116 -        *      Rank 2 : false
2026-05-18 22:39:12,303 [INFO] ADCParametersView:116 -                Rank 1 : true
2026-05-18 22:39:12,303 [INFO] ADCParametersView:116 -        *      Rank 2 : false
2026-05-18 22:39:12,303 [INFO] ADCParametersView:116 -                Rank 1 : true
2026-05-18 22:39:12,303 [INFO] ADCParametersView:116 -        *      Rank 2 : false
2026-05-18 22:39:12,303 [INFO] ADCParametersView:116 -                Rank 1 : true
2026-05-18 22:39:12,303 [INFO] ADCParametersView:116 -        *      Rank 2 : false
2026-05-18 22:39:12,303 [INFO] ADCParametersView:116 -                Rank 1 : true
2026-05-18 22:39:12,304 [INFO] ADCParametersView:116 -        *      Rank 2 : false
2026-05-18 22:39:12,304 [INFO] ADCParametersView:116 -                Rank 1 : true
2026-05-18 22:39:12,304 [INFO] ADCParametersView:116 -        *      Rank 2 : false
2026-05-18 22:39:12,304 [INFO] ADCParametersView:116 -                Rank 1 : true
2026-05-18 22:39:12,304 [INFO] ADCParametersView:116 -        *      Rank 2 : false
2026-05-18 22:39:12,304 [INFO] ADCParametersView:116 -                Rank 1 : true
2026-05-18 22:39:12,304 [INFO] ADCParametersView:116 -        *      Rank 2 : false
2026-05-18 22:39:12,304 [INFO] ADCParametersView:116 -                Rank 1 : true
2026-05-18 22:39:12,304 [INFO] ADCParametersView:116 -        *      Rank 2 : false
2026-05-18 22:39:12,304 [INFO] ADCParametersView:116 -                Rank 1 : true
2026-05-18 22:39:12,304 [INFO] ADCParametersView:116 -        *      Rank 2 : false
2026-05-18 22:39:12,304 [INFO] ADCParametersView:116 -                Rank 1 : true
2026-05-18 22:39:12,304 [INFO] ADCParametersView:116 -        *      Rank 2 : false
2026-05-18 22:39:12,304 [INFO] ADCParametersView:116 -                Rank 1 : true
2026-05-18 22:39:12,304 [INFO] ADCParametersView:116 -        *      Rank 2 : false
2026-05-18 22:39:12,304 [INFO] ADCParametersView:116 -                Rank 1 : true
2026-05-18 22:39:12,304 [INFO] ADCParametersView:116 -        *      Rank 2 : false
2026-05-18 22:39:12,304 [INFO] ADCParametersView:116 -                Rank 1 : true
2026-05-18 22:39:12,304 [INFO] ADCParametersView:116 -        *      Rank 2 : false
2026-05-18 22:39:12,304 [INFO] ADCParametersView:116 -                Rank 1 : true
2026-05-18 22:39:12,304 [INFO] ADCParametersView:116 -        *      Rank 2 : false
2026-05-18 22:39:12,304 [INFO] ADCParametersView:116 -                Rank 1 : true
2026-05-18 22:39:12,304 [INFO] ADCParametersView:116 -        *      Rank 2 : false
2026-05-18 22:39:12,304 [INFO] ADCParametersView:116 -                Rank 1 : true
2026-05-18 22:39:12,304 [INFO] ADCParametersView:116 -        *      Rank 2 : false
2026-05-18 22:39:12,304 [INFO] ADCParametersView:116 -                Rank 1 : true
2026-05-18 22:39:12,304 [INFO] ADCParametersView:116 -        *      Rank 2 : false
2026-05-18 22:39:12,304 [INFO] ADCParametersView:116 -        *      Rank 2 : false
2026-05-18 22:39:12,325 [INFO] ADCParametersView:116 -                Rank 1 : true
2026-05-18 22:39:12,326 [INFO] ADCParametersView:116 -                Rank 1 : true
2026-05-18 22:39:12,326 [INFO] ADCParametersView:116 -        *      Rank 2 : false
2026-05-18 22:39:20,038 [INFO] ADCParametersView:116 -                Rank 1 : true
2026-05-18 22:39:20,039 [INFO] ADCParametersView:116 -        *      Rank 2 : true
2026-05-18 22:39:44,194 [INFO] NvicIntPanel:101 - NVIC parent = com.st.microxplorer.plugins.ip.nvic.MultiNvicIntPanel[,0,0,0x0,invalid,layout=javax.swing.BoxLayout,alignmentX=0.0,alignmentY=0.0,border=,flags=9,maximumSize=,minimumSize=,preferredSize=]
2026-05-18 22:39:44,224 [INFO] ADCParametersView:116 -                Rank 1 : true
2026-05-18 22:39:44,224 [INFO] ADCParametersView:116 -        *      Rank 2 : true
2026-05-18 22:39:44,225 [INFO] ADCParametersView:116 -                Rank 1 : true
2026-05-18 22:39:44,225 [INFO] ADCParametersView:116 -        *      Rank 2 : true
2026-05-18 22:39:44,225 [INFO] ADCParametersView:116 -                Rank 1 : true
2026-05-18 22:39:44,225 [INFO] ADCParametersView:116 -        *      Rank 2 : true
2026-05-18 22:39:44,225 [INFO] ADCParametersView:116 -                Rank 1 : true
2026-05-18 22:39:44,225 [INFO] ADCParametersView:116 -        *      Rank 2 : true
2026-05-18 22:39:44,225 [INFO] ADCParametersView:116 -                Rank 1 : true
2026-05-18 22:39:44,225 [INFO] ADCParametersView:116 -        *      Rank 2 : true
2026-05-18 22:39:44,225 [INFO] ADCParametersView:116 -                Rank 1 : true
2026-05-18 22:39:44,225 [INFO] ADCParametersView:116 -        *      Rank 2 : true
2026-05-18 22:39:44,225 [INFO] ADCParametersView:116 -                Rank 1 : true
2026-05-18 22:39:44,225 [INFO] ADCParametersView:116 -        *      Rank 2 : true
2026-05-18 22:39:44,227 [INFO] ADCParametersView:116 -                Rank 1 : true
2026-05-18 22:39:44,227 [INFO] ADCParametersView:116 -        *      Rank 2 : true
2026-05-18 22:39:44,227 [INFO] ADCParametersView:116 -                Rank 1 : true
2026-05-18 22:39:44,227 [INFO] ADCParametersView:116 -        *      Rank 2 : true
2026-05-18 22:39:44,227 [INFO] ADCParametersView:116 -                Rank 1 : true
2026-05-18 22:39:44,227 [INFO] ADCParametersView:116 -        *      Rank 2 : true
2026-05-18 22:39:44,227 [INFO] ADCParametersView:116 -                Rank 1 : true
2026-05-18 22:39:44,227 [INFO] ADCParametersView:116 -        *      Rank 2 : true
2026-05-18 22:39:44,227 [INFO] ADCParametersView:116 -                Rank 1 : true
2026-05-18 22:39:44,227 [INFO] ADCParametersView:116 -        *      Rank 2 : true
2026-05-18 22:39:44,227 [INFO] ADCParametersView:116 -                Rank 1 : true
2026-05-18 22:39:44,227 [INFO] ADCParametersView:116 -        *      Rank 2 : true
2026-05-18 22:39:44,227 [INFO] ADCParametersView:116 -                Rank 1 : true
2026-05-18 22:39:44,227 [INFO] ADCParametersView:116 -        *      Rank 2 : true
2026-05-18 22:39:44,227 [INFO] ADCParametersView:116 -                Rank 1 : true
2026-05-18 22:39:44,227 [INFO] ADCParametersView:116 -        *      Rank 2 : true
2026-05-18 22:39:44,227 [INFO] ADCParametersView:116 -                Rank 1 : true
2026-05-18 22:39:44,227 [INFO] ADCParametersView:116 -        *      Rank 2 : true
2026-05-18 22:39:44,227 [INFO] ADCParametersView:116 -                Rank 1 : true
2026-05-18 22:39:44,227 [INFO] ADCParametersView:116 -        *      Rank 2 : true
2026-05-18 22:39:44,227 [INFO] ADCParametersView:116 -                Rank 1 : true
2026-05-18 22:39:44,227 [INFO] ADCParametersView:116 -        *      Rank 2 : true
2026-05-18 22:39:44,227 [INFO] ADCParametersView:116 -                Rank 1 : true
2026-05-18 22:39:44,227 [INFO] ADCParametersView:116 -        *      Rank 2 : true
2026-05-18 22:39:44,227 [INFO] ADCParametersView:116 -        *      Rank 2 : true
2026-05-18 22:39:44,248 [INFO] ADCParametersView:116 -                Rank 1 : true
2026-05-18 22:39:44,249 [INFO] ADCParametersView:116 -                Rank 1 : true
2026-05-18 22:39:44,249 [INFO] ADCParametersView:116 -                Rank 2 : true
2026-05-18 22:39:56,669 [INFO] NvicIntPanel:101 - NVIC parent = com.st.microxplorer.plugins.ip.nvic.MultiNvicIntPanel[,0,0,0x0,invalid,layout=javax.swing.BoxLayout,alignmentX=0.0,alignmentY=0.0,border=,flags=9,maximumSize=,minimumSize=,preferredSize=]
2026-05-18 22:39:56,698 [INFO] ADCParametersView:116 -                Rank 1 : true
2026-05-18 22:39:56,699 [INFO] ADCParametersView:116 -                Rank 2 : true
2026-05-18 22:39:56,700 [INFO] ADCParametersView:116 -                Rank 1 : true
2026-05-18 22:39:56,700 [INFO] ADCParametersView:116 -                Rank 2 : true
2026-05-18 22:39:56,700 [INFO] ADCParametersView:116 -                Rank 1 : true
2026-05-18 22:39:56,700 [INFO] ADCParametersView:116 -                Rank 2 : true
2026-05-18 22:39:56,700 [INFO] ADCParametersView:116 -                Rank 1 : true
2026-05-18 22:39:56,700 [INFO] ADCParametersView:116 -                Rank 2 : true
2026-05-18 22:39:56,700 [INFO] ADCParametersView:116 -                Rank 1 : true
2026-05-18 22:39:56,700 [INFO] ADCParametersView:116 -                Rank 2 : true
2026-05-18 22:39:56,700 [INFO] ADCParametersView:116 -                Rank 1 : true
2026-05-18 22:39:56,700 [INFO] ADCParametersView:116 -                Rank 2 : true
2026-05-18 22:39:56,700 [INFO] ADCParametersView:116 -                Rank 1 : true
2026-05-18 22:39:56,700 [INFO] ADCParametersView:116 -                Rank 2 : true
2026-05-18 22:39:56,700 [INFO] ADCParametersView:116 -                Rank 1 : true
2026-05-18 22:39:56,700 [INFO] ADCParametersView:116 -                Rank 2 : true
2026-05-18 22:39:56,700 [INFO] ADCParametersView:116 -                Rank 1 : true
2026-05-18 22:39:56,701 [INFO] ADCParametersView:116 -                Rank 2 : true
2026-05-18 22:39:56,701 [INFO] ADCParametersView:116 -                Rank 1 : true
2026-05-18 22:39:56,701 [INFO] ADCParametersView:116 -                Rank 2 : true
2026-05-18 22:39:56,701 [INFO] ADCParametersView:116 -                Rank 1 : true
2026-05-18 22:39:56,701 [INFO] ADCParametersView:116 -                Rank 2 : true
2026-05-18 22:39:56,701 [INFO] ADCParametersView:116 -                Rank 1 : true
2026-05-18 22:39:56,701 [INFO] ADCParametersView:116 -                Rank 2 : true
2026-05-18 22:39:56,701 [INFO] ADCParametersView:116 -                Rank 1 : true
2026-05-18 22:39:56,701 [INFO] ADCParametersView:116 -                Rank 2 : true
2026-05-18 22:39:56,701 [INFO] ADCParametersView:116 -                Rank 1 : true
2026-05-18 22:39:56,701 [INFO] ADCParametersView:116 -                Rank 2 : true
2026-05-18 22:39:56,701 [INFO] ADCParametersView:116 -                Rank 1 : true
2026-05-18 22:39:56,701 [INFO] ADCParametersView:116 -                Rank 2 : true
2026-05-18 22:39:56,701 [INFO] ADCParametersView:116 -                Rank 1 : true
2026-05-18 22:39:56,701 [INFO] ADCParametersView:116 -                Rank 2 : true
2026-05-18 22:39:56,701 [INFO] ADCParametersView:116 -                Rank 1 : true
2026-05-18 22:39:56,701 [INFO] ADCParametersView:116 -                Rank 2 : true
2026-05-18 22:39:56,701 [INFO] ADCParametersView:116 -                Rank 1 : true
2026-05-18 22:39:56,701 [INFO] ADCParametersView:116 -                Rank 2 : true
2026-05-18 22:39:56,701 [INFO] ADCParametersView:116 -                Rank 1 : true
2026-05-18 22:39:56,701 [INFO] ADCParametersView:116 -                Rank 2 : true
2026-05-18 22:39:56,701 [INFO] ADCParametersView:116 -                Rank 2 : true
2026-05-18 22:39:56,725 [INFO] ADCParametersView:116 -                Rank 1 : true
2026-05-18 22:39:56,725 [INFO] ADCParametersView:116 -                Rank 1 : true
2026-05-18 22:39:56,725 [INFO] ADCParametersView:116 -                Rank 2 : true
2026-05-18 22:40:00,279 [INFO] NvicIntPanel:101 - NVIC parent = com.st.microxplorer.plugins.ip.nvic.MultiNvicIntPanel[,0,0,0x0,invalid,layout=javax.swing.BoxLayout,alignmentX=0.0,alignmentY=0.0,border=,flags=9,maximumSize=,minimumSize=,preferredSize=]
2026-05-18 22:40:00,309 [INFO] ADCParametersView:116 -                Rank 1 : true
2026-05-18 22:40:00,309 [INFO] ADCParametersView:116 -                Rank 2 : true
2026-05-18 22:40:00,310 [INFO] ADCParametersView:116 -                Rank 1 : true
2026-05-18 22:40:00,310 [INFO] ADCParametersView:116 -                Rank 2 : true
2026-05-18 22:40:00,310 [INFO] ADCParametersView:116 -                Rank 1 : true
2026-05-18 22:40:00,310 [INFO] ADCParametersView:116 -                Rank 2 : true
2026-05-18 22:40:00,310 [INFO] ADCParametersView:116 -                Rank 1 : true
2026-05-18 22:40:00,310 [INFO] ADCParametersView:116 -                Rank 2 : true
2026-05-18 22:40:00,310 [INFO] ADCParametersView:116 -                Rank 1 : true
2026-05-18 22:40:00,310 [INFO] ADCParametersView:116 -                Rank 2 : true
2026-05-18 22:40:00,310 [INFO] ADCParametersView:116 -                Rank 1 : true
2026-05-18 22:40:00,310 [INFO] ADCParametersView:116 -                Rank 2 : true
2026-05-18 22:40:00,311 [INFO] ADCParametersView:116 -                Rank 1 : true
2026-05-18 22:40:00,311 [INFO] ADCParametersView:116 -                Rank 2 : true
2026-05-18 22:40:00,311 [INFO] ADCParametersView:116 -                Rank 1 : true
2026-05-18 22:40:00,311 [INFO] ADCParametersView:116 -                Rank 2 : true
2026-05-18 22:40:00,311 [INFO] ADCParametersView:116 -                Rank 1 : true
2026-05-18 22:40:00,311 [INFO] ADCParametersView:116 -                Rank 2 : true
2026-05-18 22:40:00,311 [INFO] ADCParametersView:116 -                Rank 1 : true
2026-05-18 22:40:00,311 [INFO] ADCParametersView:116 -                Rank 2 : true
2026-05-18 22:40:00,311 [INFO] ADCParametersView:116 -                Rank 1 : true
2026-05-18 22:40:00,311 [INFO] ADCParametersView:116 -                Rank 2 : true
2026-05-18 22:40:00,311 [INFO] ADCParametersView:116 -                Rank 1 : true
2026-05-18 22:40:00,311 [INFO] ADCParametersView:116 -                Rank 2 : true
2026-05-18 22:40:00,311 [INFO] ADCParametersView:116 -                Rank 1 : true
2026-05-18 22:40:00,311 [INFO] ADCParametersView:116 -                Rank 2 : true
2026-05-18 22:40:00,311 [INFO] ADCParametersView:116 -                Rank 1 : true
2026-05-18 22:40:00,311 [INFO] ADCParametersView:116 -                Rank 2 : true
2026-05-18 22:40:00,311 [INFO] ADCParametersView:116 -                Rank 1 : true
2026-05-18 22:40:00,311 [INFO] ADCParametersView:116 -                Rank 2 : true
2026-05-18 22:40:00,311 [INFO] ADCParametersView:116 -                Rank 1 : true
2026-05-18 22:40:00,311 [INFO] ADCParametersView:116 -                Rank 2 : true
2026-05-18 22:40:00,311 [INFO] ADCParametersView:116 -                Rank 1 : true
2026-05-18 22:40:00,311 [INFO] ADCParametersView:116 -                Rank 2 : true
2026-05-18 22:40:00,311 [INFO] ADCParametersView:116 -                Rank 1 : true
2026-05-18 22:40:00,311 [INFO] ADCParametersView:116 -                Rank 2 : true
2026-05-18 22:40:00,311 [INFO] ADCParametersView:116 -                Rank 1 : true
2026-05-18 22:40:00,311 [INFO] ADCParametersView:116 -                Rank 2 : true
2026-05-18 22:40:00,311 [INFO] ADCParametersView:116 -                Rank 2 : true
2026-05-18 22:40:00,334 [INFO] ADCParametersView:116 -                Rank 1 : true
2026-05-18 22:40:00,334 [INFO] ADCParametersView:116 -                Rank 1 : true
2026-05-18 22:40:00,334 [INFO] ADCParametersView:116 -                Rank 2 : true
2026-05-18 22:40:26,926 [INFO] NvicIntPanel:101 - NVIC parent = com.st.microxplorer.plugins.ip.nvic.MultiNvicIntPanel[,0,0,0x0,invalid,layout=javax.swing.BoxLayout,alignmentX=0.0,alignmentY=0.0,border=,flags=9,maximumSize=,minimumSize=,preferredSize=]
2026-05-18 22:40:55,287 [INFO] NvicIntPanel:101 - NVIC parent = com.st.microxplorer.plugins.ip.nvic.MultiNvicIntPanel[,0,0,0x0,invalid,layout=javax.swing.BoxLayout,alignmentX=0.0,alignmentY=0.0,border=,flags=9,maximumSize=,minimumSize=,preferredSize=]
2026-05-18 22:41:09,801 [INFO] NvicIntPanel:101 - NVIC parent = com.st.microxplorer.plugins.ip.nvic.MultiNvicIntPanel[,0,0,0x0,invalid,layout=javax.swing.BoxLayout,alignmentX=0.0,alignmentY=0.0,border=,flags=9,maximumSize=,minimumSize=,preferredSize=]
2026-05-18 22:42:28,297 [INFO] UtilMem:75 - End SaveConfig() Used Memory: 1000784832 Bytes (1073741824)
2026-05-18 22:42:30,772 [INFO] UtilMem:75 - End SaveConfig() Used Memory: 1019659200 Bytes (1073741824)
2026-05-18 22:42:35,503 [INFO] UtilMem:75 - End SaveConfig() Used Memory: 783983600 Bytes (1073741824)
2026-05-18 22:42:35,980 [INFO] ProjectBuilder:2380 - IP not ready for code generation: Clock
2026-05-18 22:42:49,009 [INFO] BlockDiagram:2775 - set Specific Code input for plugin: NVIC
2026-05-18 22:42:49,009 [INFO] BlockDiagram:2775 - set Specific Code input for plugin: USART
2026-05-18 22:42:49,009 [INFO] BlockDiagram:2775 - set Specific Code input for plugin: DMA
2026-05-18 22:42:49,009 [INFO] BlockDiagram:2775 - set Specific Code input for plugin: SYS
2026-05-18 22:42:49,009 [INFO] BlockDiagram:2775 - set Specific Code input for plugin: GPIO
2026-05-18 22:42:49,009 [INFO] BlockDiagram:2775 - set Specific Code input for plugin: ADC
2026-05-18 22:42:49,009 [INFO] BlockDiagram:2775 - set Specific Code input for plugin: RCC
2026-05-18 22:42:49,010 [INFO] CodeGenerator:892 - code generatio: config db path: C:\ST\STM32CubeIDE_1.19.0\STM32CubeIDE\plugins\com.st.stm32cube.common.mx_6.15.0.202507011659\\db\
2026-05-18 22:42:49,069 [INFO] CodeEngine:265 - oldGeneratedFile, C:\Users\azaki\Documents\GitHub\Project-Nephros\new_double_thermistor\double_thermistor\MXTmpFiles\license.tmp_save
2026-05-18 22:42:49,249 [INFO] CodeEngine:289 - Generated code: C:\Users\azaki\Documents\GitHub\Project-Nephros\new_double_thermistor\double_thermistor\MXTmpFiles\license.tmp
2026-05-18 22:42:49,289 [INFO] CodeEngine:265 - oldGeneratedFile, C:\Users\azaki\Documents\GitHub\Project-Nephros\new_double_thermistor\double_thermistor\MXTmpFiles\gpio.tmp_save
2026-05-18 22:42:49,390 [INFO] CodeEngine:289 - Generated code: C:\Users\azaki\Documents\GitHub\Project-Nephros\new_double_thermistor\double_thermistor\MXTmpFiles\gpio.tmp
2026-05-18 22:42:49,592 [INFO] CodeEngine:265 - oldGeneratedFile, C:\Users\azaki\Documents\GitHub\Project-Nephros\new_double_thermistor\double_thermistor\MXTmpFiles\dma.tmp_save
2026-05-18 22:42:49,667 [INFO] CodeEngine:289 - Generated code: C:\Users\azaki\Documents\GitHub\Project-Nephros\new_double_thermistor\double_thermistor\MXTmpFiles\dma.tmp
2026-05-18 22:42:49,672 [INFO] CodeEngine:265 - oldGeneratedFile, C:\Users\azaki\Documents\GitHub\Project-Nephros\new_double_thermistor\double_thermistor\MXTmpFiles\dma_GV.tmp_save
2026-05-18 22:42:49,736 [INFO] CodeEngine:289 - Generated code: C:\Users\azaki\Documents\GitHub\Project-Nephros\new_double_thermistor\double_thermistor\MXTmpFiles\dma_GV.tmp
2026-05-18 22:42:49,749 [INFO] CodeEngine:265 - oldGeneratedFile, C:\Users\azaki\Documents\GitHub\Project-Nephros\new_double_thermistor\double_thermistor\Core\Src\stm32l4xx_it.c_save
2026-05-18 22:42:49,850 [INFO] CodeEngine:289 - Generated code: C:\Users\azaki\Documents\GitHub\Project-Nephros\new_double_thermistor\double_thermistor\Core\Src\stm32l4xx_it.c
2026-05-18 22:42:49,857 [INFO] CodeEngine:265 - oldGeneratedFile, C:\Users\azaki\Documents\GitHub\Project-Nephros\new_double_thermistor\double_thermistor\Core\Inc\stm32l4xx_it.h_save
2026-05-18 22:42:49,918 [INFO] CodeEngine:289 - Generated code: C:\Users\azaki\Documents\GitHub\Project-Nephros\new_double_thermistor\double_thermistor\Core\Inc\stm32l4xx_it.h
2026-05-18 22:42:49,932 [INFO] CodeEngine:265 - oldGeneratedFile, C:\Users\azaki\Documents\GitHub\Project-Nephros\new_double_thermistor\double_thermistor\Core\Src\stm32l4xx_hal_msp.c_save
2026-05-18 22:42:50,030 [INFO] CodeEngine:289 - Generated code: C:\Users\azaki\Documents\GitHub\Project-Nephros\new_double_thermistor\double_thermistor\Core\Src\stm32l4xx_hal_msp.c
2026-05-18 22:42:50,035 [INFO] CodeEngine:265 - oldGeneratedFile, C:\Users\azaki\Documents\GitHub\Project-Nephros\new_double_thermistor\double_thermistor\MXTmpFiles\system.tmp_save
2026-05-18 22:42:50,087 [INFO] CodeEngine:289 - Generated code: C:\Users\azaki\Documents\GitHub\Project-Nephros\new_double_thermistor\double_thermistor\MXTmpFiles\system.tmp
2026-05-18 22:42:50,098 [INFO] CodeEngine:321 - oldGeneratedFile, C:\Users\azaki\Documents\GitHub\Project-Nephros\new_double_thermistor\double_thermistor\Core\Inc\stm32l4xx_hal_conf.h_save
2026-05-18 22:42:50,157 [INFO] CodeEngine:345 - Generated code: C:\Users\azaki\Documents\GitHub\Project-Nephros\new_double_thermistor\double_thermistor\Core\Inc\stm32l4xx_hal_conf.h
2026-05-18 22:42:50,181 [INFO] ApiDbMcu:532 - Load IP Config File for ADC1
2026-05-18 22:42:50,191 [INFO] CodeEngine:265 - oldGeneratedFile, C:\Users\azaki\Documents\GitHub\Project-Nephros\new_double_thermistor\double_thermistor\Core\Inc\main.h_save
2026-05-18 22:42:50,250 [INFO] CodeEngine:289 - Generated code: C:\Users\azaki\Documents\GitHub\Project-Nephros\new_double_thermistor\double_thermistor\Core\Inc\main.h
2026-05-18 22:42:50,258 [INFO] CodeEngine:265 - oldGeneratedFile, C:\Users\azaki\Documents\GitHub\Project-Nephros\new_double_thermistor\double_thermistor\Core\Src\main.c_save
2026-05-18 22:42:50,359 [INFO] CodeEngine:289 - Generated code: C:\Users\azaki\Documents\GitHub\Project-Nephros\new_double_thermistor\double_thermistor\Core\Src\main.c
2026-05-18 22:42:50,778 [INFO] ProjectBuilder:3606 - Time for Copy HAL[1] : 254mS.
2026-05-18 22:42:50,782 [INFO] ProjectBuilder:5216 - Project Generator version: 4.7.0-B52
2026-05-18 22:42:50,841 [INFO] ConfigFileManager:1595 - The Die is : DIE435
2026-05-18 22:42:51,764 [INFO] ProjectBuilder:5496 - Time for Generating toolchain IDE Files: 982mS.
2026-05-18 22:42:51,765 [INFO] ProjectBuilder:3463 - Time for Copy CMSIS : 1mS.
2026-05-18 22:42:51,766 [INFO] ProjectBuilder:3463 - Time for Copy CMSIS : 0mS.
2026-05-18 22:43:04,244 [ERROR] LogOutputStream:75 - [STDERR_REDIRECT] Exception in thread "AWT-EventQueue-0" java.lang.ClassCastException: class sun.awt.windows.WEmbeddedFrame cannot be cast to class javax.swing.JFrame (sun.awt.windows.WEmbeddedFrame and javax.swing.JFrame are in module java.desktop of loader 'bootstrap')
2026-05-18 22:43:04,246 [ERROR] LogOutputStream:75 - [STDERR_REDIRECT] 	at com.st.microxplorer.plugins.clock.ClockConfigurationView.activatePlugin(ClockConfigurationView.java:424)
2026-05-18 22:43:04,248 [ERROR] LogOutputStream:75 - [STDERR_REDIRECT] 	at com.st.microxplorer.maingui.MainPanel$1.stateChanged(MainPanel.java:385)
2026-05-18 22:43:04,249 [ERROR] LogOutputStream:75 - [STDERR_REDIRECT] 	at java.desktop/javax.swing.JTabbedPane.fireStateChanged(JTabbedPane.java:446)
2026-05-18 22:43:04,251 [ERROR] LogOutputStream:75 - [STDERR_REDIRECT] 	at java.desktop/javax.swing.JTabbedPane$ModelListener.stateChanged(JTabbedPane.java:297)
2026-05-18 22:43:04,254 [ERROR] LogOutputStream:75 - [STDERR_REDIRECT] 	at java.desktop/javax.swing.DefaultSingleSelectionModel.fireStateChanged(DefaultSingleSelectionModel.java:148)
2026-05-18 22:43:04,256 [ERROR] LogOutputStream:75 - [STDERR_REDIRECT] 	at java.desktop/javax.swing.DefaultSingleSelectionModel.setSelectedIndex(DefaultSingleSelectionModel.java:79)
2026-05-18 22:43:04,257 [ERROR] LogOutputStream:75 - [STDERR_REDIRECT] 	at java.desktop/javax.swing.JTabbedPane.setSelectedIndexImpl(JTabbedPane.java:650)
2026-05-18 22:43:04,258 [ERROR] LogOutputStream:75 - [STDERR_REDIRECT] 	at java.desktop/javax.swing.JTabbedPane.setSelectedIndex(JTabbedPane.java:625)
2026-05-18 22:43:04,259 [ERROR] LogOutputStream:75 - [STDERR_REDIRECT] 	at java.desktop/javax.swing.plaf.basic.BasicTabbedPaneUI$Handler.mousePressed(BasicTabbedPaneUI.java:4140)
2026-05-18 22:43:04,260 [ERROR] LogOutputStream:75 - [STDERR_REDIRECT] 	at java.desktop/java.awt.Component.processMouseEvent(Component.java:6618)
2026-05-18 22:43:04,261 [ERROR] LogOutputStream:75 - [STDERR_REDIRECT] 	at java.desktop/javax.swing.JComponent.processMouseEvent(JComponent.java:3398)
2026-05-18 22:43:04,262 [ERROR] LogOutputStream:75 - [STDERR_REDIRECT] 	at java.desktop/java.awt.Component.processEvent(Component.java:6386)
2026-05-18 22:43:04,263 [ERROR] LogOutputStream:75 - [STDERR_REDIRECT] 	at java.desktop/java.awt.Container.processEvent(Container.java:2266)
2026-05-18 22:43:04,264 [ERROR] LogOutputStream:75 - [STDERR_REDIRECT] 	at java.desktop/java.awt.Component.dispatchEventImpl(Component.java:4996)
2026-05-18 22:43:04,264 [ERROR] LogOutputStream:75 - [STDERR_REDIRECT] 	at java.desktop/java.awt.Container.dispatchEventImpl(Container.java:2324)
2026-05-18 22:43:04,265 [ERROR] LogOutputStream:75 - [STDERR_REDIRECT] 	at java.desktop/java.awt.Component.dispatchEvent(Component.java:4828)
2026-05-18 22:43:04,266 [ERROR] LogOutputStream:75 - [STDERR_REDIRECT] 	at java.desktop/java.awt.LightweightDispatcher.retargetMouseEvent(Container.java:4948)
2026-05-18 22:43:04,267 [ERROR] LogOutputStream:75 - [STDERR_REDIRECT] 	at java.desktop/java.awt.LightweightDispatcher.processMouseEvent(Container.java:4572)
2026-05-18 22:43:04,267 [ERROR] LogOutputStream:75 - [STDERR_REDIRECT] 	at java.desktop/java.awt.LightweightDispatcher.dispatchEvent(Container.java:4516)
2026-05-18 22:43:04,268 [ERROR] LogOutputStream:75 - [STDERR_REDIRECT] 	at java.desktop/java.awt.Container.dispatchEventImpl(Container.java:2310)
2026-05-18 22:43:04,269 [ERROR] LogOutputStream:75 - [STDERR_REDIRECT] 	at java.desktop/java.awt.Component.dispatchEvent(Component.java:4828)
2026-05-18 22:43:04,269 [ERROR] LogOutputStream:75 - [STDERR_REDIRECT] 	at java.desktop/java.awt.EventQueue.dispatchEventImpl(EventQueue.java:775)
2026-05-18 22:43:04,270 [ERROR] LogOutputStream:75 - [STDERR_REDIRECT] 	at java.desktop/java.awt.EventQueue$4.run(EventQueue.java:720)
2026-05-18 22:43:04,271 [ERROR] LogOutputStream:75 - [STDERR_REDIRECT] 	at java.desktop/java.awt.EventQueue$4.run(EventQueue.java:714)
2026-05-18 22:43:04,271 [ERROR] LogOutputStream:75 - [STDERR_REDIRECT] 	at java.base/java.security.AccessController.doPrivileged(AccessController.java:400)
2026-05-18 22:43:04,272 [ERROR] LogOutputStream:75 - [STDERR_REDIRECT] 	at java.base/java.security.ProtectionDomain$JavaSecurityAccessImpl.doIntersectionPrivilege(ProtectionDomain.java:87)
2026-05-18 22:43:04,273 [ERROR] LogOutputStream:75 - [STDERR_REDIRECT] 	at java.base/java.security.ProtectionDomain$JavaSecurityAccessImpl.doIntersectionPrivilege(ProtectionDomain.java:98)
2026-05-18 22:43:04,274 [ERROR] LogOutputStream:75 - [STDERR_REDIRECT] 	at java.desktop/java.awt.EventQueue$5.run(EventQueue.java:747)
2026-05-18 22:43:04,275 [ERROR] LogOutputStream:75 - [STDERR_REDIRECT] 	at java.desktop/java.awt.EventQueue$5.run(EventQueue.java:745)
2026-05-18 22:43:04,285 [ERROR] LogOutputStream:75 - [STDERR_REDIRECT] 	at java.base/java.security.AccessController.doPrivileged(AccessController.java:400)
2026-05-18 22:43:04,286 [ERROR] LogOutputStream:75 - [STDERR_REDIRECT] 	at java.base/java.security.ProtectionDomain$JavaSecurityAccessImpl.doIntersectionPrivilege(ProtectionDomain.java:87)
2026-05-18 22:43:04,288 [ERROR] LogOutputStream:75 - [STDERR_REDIRECT] 	at java.desktop/java.awt.EventQueue.dispatchEvent(EventQueue.java:744)
2026-05-18 22:43:04,288 [ERROR] LogOutputStream:75 - [STDERR_REDIRECT] 	at java.desktop/java.awt.EventDispatchThread.pumpOneEventForFilters(EventDispatchThread.java:203)
2026-05-18 22:43:04,289 [ERROR] LogOutputStream:75 - [STDERR_REDIRECT] 	at java.desktop/java.awt.EventDispatchThread.pumpEventsForFilter(EventDispatchThread.java:124)
2026-05-18 22:43:04,290 [ERROR] LogOutputStream:75 - [STDERR_REDIRECT] 	at java.desktop/java.awt.EventDispatchThread.pumpEventsForHierarchy(EventDispatchThread.java:113)
2026-05-18 22:43:04,290 [ERROR] LogOutputStream:75 - [STDERR_REDIRECT] 	at java.desktop/java.awt.EventDispatchThread.pumpEvents(EventDispatchThread.java:109)
2026-05-18 22:43:04,291 [ERROR] LogOutputStream:75 - [STDERR_REDIRECT] 	at java.desktop/java.awt.EventDispatchThread.pumpEvents(EventDispatchThread.java:101)
2026-05-18 22:43:04,293 [ERROR] LogOutputStream:75 - [STDERR_REDIRECT] 	at java.desktop/java.awt.EventDispatchThread.run(EventDispatchThread.java:90)
2026-05-18 22:43:11,621 [INFO] UtilMem:75 - End SaveConfig() Used Memory: 858075120 Bytes (1073741824)
2026-05-18 22:43:11,689 [INFO] UtilMem:75 - End SaveConfig() Used Memory: 870131696 Bytes (1073741824)
2026-05-18 22:43:12,175 [INFO] UtilMem:75 - End SaveConfig() Used Memory: 896872432 Bytes (1073741824)
2026-05-18 22:43:12,350 [INFO] BlockDiagram:2775 - set Specific Code input for plugin: NVIC
2026-05-18 22:43:12,350 [INFO] BlockDiagram:2775 - set Specific Code input for plugin: USART
2026-05-18 22:43:12,350 [INFO] BlockDiagram:2775 - set Specific Code input for plugin: DMA
2026-05-18 22:43:12,350 [INFO] BlockDiagram:2775 - set Specific Code input for plugin: SYS
2026-05-18 22:43:12,350 [INFO] BlockDiagram:2775 - set Specific Code input for plugin: GPIO
2026-05-18 22:43:12,350 [INFO] BlockDiagram:2775 - set Specific Code input for plugin: ADC
2026-05-18 22:43:12,350 [INFO] BlockDiagram:2775 - set Specific Code input for plugin: RCC
2026-05-18 22:43:12,351 [INFO] CodeGenerator:892 - code generatio: config db path: C:\ST\STM32CubeIDE_1.19.0\STM32CubeIDE\plugins\com.st.stm32cube.common.mx_6.15.0.202507011659\\db\
2026-05-18 22:43:12,356 [INFO] Argument:325 - Argument : hdmavalue: null
2026-05-18 22:43:12,357 [INFO] Argument:327 - 	 sub Args: 
2026-05-18 22:43:12,357 [INFO] Argument:325 - Argument : Instancevalue: DMA1_Channel1
2026-05-18 22:43:12,357 [INFO] Argument:335 - Argument : Instancevalue: DMA1_Channel1
2026-05-18 22:43:12,357 [INFO] Argument:325 - Argument : Initvalue: null
2026-05-18 22:43:12,357 [INFO] Argument:327 - 	 sub Args: 
2026-05-18 22:43:12,357 [INFO] Argument:325 - Argument : Requestvalue: DMA_REQUEST_0
2026-05-18 22:43:12,357 [INFO] Argument:335 - Argument : Requestvalue: DMA_REQUEST_0
2026-05-18 22:43:12,357 [INFO] Argument:325 - Argument : Directionvalue: DMA_PERIPH_TO_MEMORY
2026-05-18 22:43:12,357 [INFO] Argument:335 - Argument : Directionvalue: DMA_PERIPH_TO_MEMORY
2026-05-18 22:43:12,357 [INFO] Argument:325 - Argument : PeriphIncvalue: DMA_PINC_DISABLE
2026-05-18 22:43:12,357 [INFO] Argument:335 - Argument : PeriphIncvalue: DMA_PINC_DISABLE
2026-05-18 22:43:12,357 [INFO] Argument:325 - Argument : MemIncvalue: DMA_MINC_ENABLE
2026-05-18 22:43:12,357 [INFO] Argument:335 - Argument : MemIncvalue: DMA_MINC_ENABLE
2026-05-18 22:43:12,357 [INFO] Argument:325 - Argument : PeriphDataAlignmentvalue: DMA_PDATAALIGN_HALFWORD
2026-05-18 22:43:12,357 [INFO] Argument:335 - Argument : PeriphDataAlignmentvalue: DMA_PDATAALIGN_HALFWORD
2026-05-18 22:43:12,357 [INFO] Argument:325 - Argument : MemDataAlignmentvalue: DMA_MDATAALIGN_HALFWORD
2026-05-18 22:43:12,357 [INFO] Argument:335 - Argument : MemDataAlignmentvalue: DMA_MDATAALIGN_HALFWORD
2026-05-18 22:43:12,357 [INFO] Argument:325 - Argument : Modevalue: DMA_CIRCULAR
2026-05-18 22:43:12,357 [INFO] Argument:335 - Argument : Modevalue: DMA_CIRCULAR
2026-05-18 22:43:12,357 [INFO] Argument:325 - Argument : Priorityvalue: DMA_PRIORITY_LOW
2026-05-18 22:43:12,357 [INFO] Argument:335 - Argument : Priorityvalue: DMA_PRIORITY_LOW
2026-05-18 22:43:12,357 [INFO] Argument:325 - Argument : Lockvalue: null
2026-05-18 22:43:12,357 [INFO] Argument:335 - Argument : Lockvalue: null
2026-05-18 22:43:12,357 [INFO] Argument:325 - Argument : Statevalue: null
2026-05-18 22:43:12,358 [INFO] Argument:335 - Argument : Statevalue: null
2026-05-18 22:43:12,358 [INFO] Argument:325 - Argument : Parentvalue: null
2026-05-18 22:43:12,358 [INFO] Argument:335 - Argument : Parentvalue: null
2026-05-18 22:43:12,358 [INFO] Argument:325 - Argument : XferCpltCallbackvalue: null
2026-05-18 22:43:12,358 [INFO] Argument:335 - Argument : XferCpltCallbackvalue: null
2026-05-18 22:43:12,358 [INFO] Argument:325 - Argument : XferHalfCpltCallbackvalue: null
2026-05-18 22:43:12,358 [INFO] Argument:335 - Argument : XferHalfCpltCallbackvalue: null
2026-05-18 22:43:12,358 [INFO] Argument:325 - Argument : XferErrorCallbackvalue: null
2026-05-18 22:43:12,358 [INFO] Argument:335 - Argument : XferErrorCallbackvalue: null
2026-05-18 22:43:12,358 [INFO] Argument:325 - Argument : XferAbortCallbackvalue: null
2026-05-18 22:43:12,358 [INFO] Argument:335 - Argument : XferAbortCallbackvalue: null
2026-05-18 22:43:12,358 [INFO] Argument:325 - Argument : ErrorCodevalue: null
2026-05-18 22:43:12,358 [INFO] Argument:335 - Argument : ErrorCodevalue: null
2026-05-18 22:43:12,358 [INFO] Argument:325 - Argument : DmaBaseAddressvalue: null
2026-05-18 22:43:12,358 [INFO] Argument:335 - Argument : DmaBaseAddressvalue: null
2026-05-18 22:43:12,358 [INFO] Argument:325 - Argument : ChannelIndexvalue: null
2026-05-18 22:43:12,358 [INFO] Argument:335 - Argument : ChannelIndexvalue: null
2026-05-18 22:43:12,358 [INFO] Argument:325 - Argument : hdmavalue: null
2026-05-18 22:43:12,358 [INFO] Argument:327 - 	 sub Args: 
2026-05-18 22:43:12,358 [INFO] Argument:325 - Argument : Instancevalue: DMA1_Channel1
2026-05-18 22:43:12,358 [INFO] Argument:335 - Argument : Instancevalue: DMA1_Channel1
2026-05-18 22:43:12,358 [INFO] Argument:325 - Argument : Initvalue: null
2026-05-18 22:43:12,358 [INFO] Argument:327 - 	 sub Args: 
2026-05-18 22:43:12,358 [INFO] Argument:325 - Argument : Requestvalue: DMA_REQUEST_0
2026-05-18 22:43:12,358 [INFO] Argument:335 - Argument : Requestvalue: DMA_REQUEST_0
2026-05-18 22:43:12,358 [INFO] Argument:325 - Argument : Directionvalue: DMA_PERIPH_TO_MEMORY
2026-05-18 22:43:12,358 [INFO] Argument:335 - Argument : Directionvalue: DMA_PERIPH_TO_MEMORY
2026-05-18 22:43:12,358 [INFO] Argument:325 - Argument : PeriphIncvalue: DMA_PINC_DISABLE
2026-05-18 22:43:12,358 [INFO] Argument:335 - Argument : PeriphIncvalue: DMA_PINC_DISABLE
2026-05-18 22:43:12,358 [INFO] Argument:325 - Argument : MemIncvalue: DMA_MINC_ENABLE
2026-05-18 22:43:12,358 [INFO] Argument:335 - Argument : MemIncvalue: DMA_MINC_ENABLE
2026-05-18 22:43:12,358 [INFO] Argument:325 - Argument : PeriphDataAlignmentvalue: DMA_PDATAALIGN_HALFWORD
2026-05-18 22:43:12,358 [INFO] Argument:335 - Argument : PeriphDataAlignmentvalue: DMA_PDATAALIGN_HALFWORD
2026-05-18 22:43:12,358 [INFO] Argument:325 - Argument : MemDataAlignmentvalue: DMA_MDATAALIGN_HALFWORD
2026-05-18 22:43:12,358 [INFO] Argument:335 - Argument : MemDataAlignmentvalue: DMA_MDATAALIGN_HALFWORD
2026-05-18 22:43:12,358 [INFO] Argument:325 - Argument : Modevalue: DMA_CIRCULAR
2026-05-18 22:43:12,358 [INFO] Argument:335 - Argument : Modevalue: DMA_CIRCULAR
2026-05-18 22:43:12,358 [INFO] Argument:325 - Argument : Priorityvalue: DMA_PRIORITY_LOW
2026-05-18 22:43:12,358 [INFO] Argument:335 - Argument : Priorityvalue: DMA_PRIORITY_LOW
2026-05-18 22:43:12,358 [INFO] Argument:325 - Argument : Lockvalue: null
2026-05-18 22:43:12,358 [INFO] Argument:335 - Argument : Lockvalue: null
2026-05-18 22:43:12,358 [INFO] Argument:325 - Argument : Statevalue: null
2026-05-18 22:43:12,358 [INFO] Argument:335 - Argument : Statevalue: null
2026-05-18 22:43:12,358 [INFO] Argument:325 - Argument : Parentvalue: null
2026-05-18 22:43:12,358 [INFO] Argument:335 - Argument : Parentvalue: null
2026-05-18 22:43:12,358 [INFO] Argument:325 - Argument : XferCpltCallbackvalue: null
2026-05-18 22:43:12,358 [INFO] Argument:335 - Argument : XferCpltCallbackvalue: null
2026-05-18 22:43:12,358 [INFO] Argument:325 - Argument : XferHalfCpltCallbackvalue: null
2026-05-18 22:43:12,358 [INFO] Argument:335 - Argument : XferHalfCpltCallbackvalue: null
2026-05-18 22:43:12,358 [INFO] Argument:325 - Argument : XferErrorCallbackvalue: null
2026-05-18 22:43:12,358 [INFO] Argument:335 - Argument : XferErrorCallbackvalue: null
2026-05-18 22:43:12,358 [INFO] Argument:325 - Argument : XferAbortCallbackvalue: null
2026-05-18 22:43:12,358 [INFO] Argument:335 - Argument : XferAbortCallbackvalue: null
2026-05-18 22:43:12,358 [INFO] Argument:325 - Argument : ErrorCodevalue: null
2026-05-18 22:43:12,358 [INFO] Argument:335 - Argument : ErrorCodevalue: null
2026-05-18 22:43:12,358 [INFO] Argument:325 - Argument : DmaBaseAddressvalue: null
2026-05-18 22:43:12,359 [INFO] Argument:335 - Argument : DmaBaseAddressvalue: null
2026-05-18 22:43:12,359 [INFO] Argument:325 - Argument : ChannelIndexvalue: null
2026-05-18 22:43:12,359 [INFO] Argument:335 - Argument : ChannelIndexvalue: null
2026-05-18 22:43:12,359 [INFO] Argument:325 - Argument : pSyncConfigvalue: null
2026-05-18 22:43:12,359 [INFO] Argument:327 - 	 sub Args: 
2026-05-18 22:43:12,359 [INFO] Argument:325 - Argument : SyncSignalIDvalue: null
2026-05-18 22:43:12,359 [INFO] Argument:335 - Argument : SyncSignalIDvalue: null
2026-05-18 22:43:12,359 [INFO] Argument:325 - Argument : SyncPolarityvalue: null
2026-05-18 22:43:12,359 [INFO] Argument:335 - Argument : SyncPolarityvalue: null
2026-05-18 22:43:12,359 [INFO] Argument:325 - Argument : SyncEnablevalue: null
2026-05-18 22:43:12,359 [INFO] Argument:335 - Argument : SyncEnablevalue: null
2026-05-18 22:43:12,359 [INFO] Argument:325 - Argument : EventEnablevalue: null
2026-05-18 22:43:12,359 [INFO] Argument:335 - Argument : EventEnablevalue: null
2026-05-18 22:43:12,359 [INFO] Argument:325 - Argument : RequestNumbervalue: null
2026-05-18 22:43:12,359 [INFO] Argument:335 - Argument : RequestNumbervalue: null
2026-05-18 22:43:12,419 [INFO] CodeEngine:265 - oldGeneratedFile, C:\Users\azaki\Documents\GitHub\Project-Nephros\new_double_thermistor\double_thermistor\MXTmpFiles\license.tmp_save
2026-05-18 22:43:12,472 [INFO] CodeEngine:289 - Generated code: C:\Users\azaki\Documents\GitHub\Project-Nephros\new_double_thermistor\double_thermistor\MXTmpFiles\license.tmp
2026-05-18 22:43:12,506 [INFO] CodeEngine:265 - oldGeneratedFile, C:\Users\azaki\Documents\GitHub\Project-Nephros\new_double_thermistor\double_thermistor\MXTmpFiles\gpio.tmp_save
2026-05-18 22:43:12,560 [INFO] CodeEngine:289 - Generated code: C:\Users\azaki\Documents\GitHub\Project-Nephros\new_double_thermistor\double_thermistor\MXTmpFiles\gpio.tmp
2026-05-18 22:43:12,651 [INFO] CodeEngine:265 - oldGeneratedFile, C:\Users\azaki\Documents\GitHub\Project-Nephros\new_double_thermistor\double_thermistor\MXTmpFiles\dma.tmp_save
2026-05-18 22:43:12,705 [INFO] CodeEngine:289 - Generated code: C:\Users\azaki\Documents\GitHub\Project-Nephros\new_double_thermistor\double_thermistor\MXTmpFiles\dma.tmp
2026-05-18 22:43:12,709 [INFO] CodeEngine:265 - oldGeneratedFile, C:\Users\azaki\Documents\GitHub\Project-Nephros\new_double_thermistor\double_thermistor\MXTmpFiles\dma_GV.tmp_save
2026-05-18 22:43:12,763 [INFO] CodeEngine:289 - Generated code: C:\Users\azaki\Documents\GitHub\Project-Nephros\new_double_thermistor\double_thermistor\MXTmpFiles\dma_GV.tmp
2026-05-18 22:43:12,775 [INFO] CodeEngine:265 - oldGeneratedFile, C:\Users\azaki\Documents\GitHub\Project-Nephros\new_double_thermistor\double_thermistor\Core\Src\stm32l4xx_it.c_save
2026-05-18 22:43:12,833 [INFO] CodeEngine:289 - Generated code: C:\Users\azaki\Documents\GitHub\Project-Nephros\new_double_thermistor\double_thermistor\Core\Src\stm32l4xx_it.c
2026-05-18 22:43:12,840 [INFO] CodeEngine:265 - oldGeneratedFile, C:\Users\azaki\Documents\GitHub\Project-Nephros\new_double_thermistor\double_thermistor\Core\Inc\stm32l4xx_it.h_save
2026-05-18 22:43:12,890 [INFO] CodeEngine:289 - Generated code: C:\Users\azaki\Documents\GitHub\Project-Nephros\new_double_thermistor\double_thermistor\Core\Inc\stm32l4xx_it.h
2026-05-18 22:43:12,903 [INFO] CodeEngine:265 - oldGeneratedFile, C:\Users\azaki\Documents\GitHub\Project-Nephros\new_double_thermistor\double_thermistor\Core\Src\stm32l4xx_hal_msp.c_save
2026-05-18 22:43:12,996 [INFO] CodeEngine:289 - Generated code: C:\Users\azaki\Documents\GitHub\Project-Nephros\new_double_thermistor\double_thermistor\Core\Src\stm32l4xx_hal_msp.c
2026-05-18 22:43:13,001 [INFO] CodeEngine:265 - oldGeneratedFile, C:\Users\azaki\Documents\GitHub\Project-Nephros\new_double_thermistor\double_thermistor\MXTmpFiles\system.tmp_save
2026-05-18 22:43:13,046 [INFO] CodeEngine:289 - Generated code: C:\Users\azaki\Documents\GitHub\Project-Nephros\new_double_thermistor\double_thermistor\MXTmpFiles\system.tmp
2026-05-18 22:43:13,057 [INFO] CodeEngine:321 - oldGeneratedFile, C:\Users\azaki\Documents\GitHub\Project-Nephros\new_double_thermistor\double_thermistor\Core\Inc\stm32l4xx_hal_conf.h_save
2026-05-18 22:43:13,117 [INFO] CodeEngine:345 - Generated code: C:\Users\azaki\Documents\GitHub\Project-Nephros\new_double_thermistor\double_thermistor\Core\Inc\stm32l4xx_hal_conf.h
2026-05-18 22:43:13,142 [INFO] CodeEngine:265 - oldGeneratedFile, C:\Users\azaki\Documents\GitHub\Project-Nephros\new_double_thermistor\double_thermistor\Core\Inc\main.h_save
2026-05-18 22:43:13,195 [INFO] CodeEngine:289 - Generated code: C:\Users\azaki\Documents\GitHub\Project-Nephros\new_double_thermistor\double_thermistor\Core\Inc\main.h
2026-05-18 22:43:13,200 [INFO] CodeEngine:265 - oldGeneratedFile, C:\Users\azaki\Documents\GitHub\Project-Nephros\new_double_thermistor\double_thermistor\Core\Src\main.c_save
2026-05-18 22:43:13,275 [INFO] CodeEngine:289 - Generated code: C:\Users\azaki\Documents\GitHub\Project-Nephros\new_double_thermistor\double_thermistor\Core\Src\main.c
2026-05-18 22:43:13,536 [INFO] ProjectBuilder:3606 - Time for Copy HAL[1] : 148mS.
2026-05-18 22:43:13,539 [INFO] ProjectBuilder:5216 - Project Generator version: 4.7.0-B52
2026-05-18 22:43:13,591 [INFO] ConfigFileManager:1595 - The Die is : DIE435
2026-05-18 22:43:14,291 [INFO] ProjectBuilder:5496 - Time for Generating toolchain IDE Files: 752mS.
2026-05-18 22:43:14,292 [INFO] ProjectBuilder:3463 - Time for Copy CMSIS : 1mS.
2026-05-18 22:43:14,295 [INFO] ProjectBuilder:3463 - Time for Copy CMSIS : 1mS.
2026-05-18 23:12:35,542 [INFO] ADCParametersView:116 -                Rank 1 : true
2026-05-18 23:12:35,542 [INFO] ADCParametersView:116 -                Rank 2 : true
2026-05-18 23:12:35,547 [INFO] ADCParametersView:116 -                Rank 1 : true
2026-05-18 23:12:35,547 [INFO] ADCParametersView:116 -                Rank 2 : true
2026-05-18 23:12:35,547 [INFO] ADCParametersView:116 -                Rank 1 : true
2026-05-18 23:12:35,547 [INFO] ADCParametersView:116 -                Rank 2 : true
2026-05-18 23:12:35,548 [INFO] ADCParametersView:116 -                Rank 1 : true
2026-05-18 23:12:35,548 [INFO] ADCParametersView:116 -                Rank 2 : true
2026-05-18 23:12:35,548 [INFO] ADCParametersView:116 -                Rank 1 : true
2026-05-18 23:12:35,548 [INFO] ADCParametersView:116 -                Rank 2 : true
2026-05-18 23:12:35,548 [INFO] ADCParametersView:116 -                Rank 1 : true
2026-05-18 23:12:35,548 [INFO] ADCParametersView:116 -                Rank 2 : true
2026-05-18 23:12:35,548 [INFO] ADCParametersView:116 -                Rank 1 : true
2026-05-18 23:12:35,548 [INFO] ADCParametersView:116 -                Rank 2 : true
2026-05-18 23:12:35,549 [INFO] ADCParametersView:116 -                Rank 1 : true
2026-05-18 23:12:35,549 [INFO] ADCParametersView:116 -                Rank 2 : true
2026-05-18 23:12:35,549 [INFO] ADCParametersView:116 -                Rank 1 : true
2026-05-18 23:12:35,549 [INFO] ADCParametersView:116 -                Rank 2 : true
2026-05-18 23:12:35,549 [INFO] ADCParametersView:116 -                Rank 1 : true
2026-05-18 23:12:35,549 [INFO] ADCParametersView:116 -                Rank 2 : true
2026-05-18 23:12:35,549 [INFO] ADCParametersView:116 -                Rank 1 : true
2026-05-18 23:12:35,550 [INFO] ADCParametersView:116 -                Rank 2 : true
2026-05-18 23:12:35,550 [INFO] ADCParametersView:116 -                Rank 1 : true
2026-05-18 23:12:35,550 [INFO] ADCParametersView:116 -                Rank 2 : true
2026-05-18 23:12:35,550 [INFO] ADCParametersView:116 -                Rank 1 : true
2026-05-18 23:12:35,550 [INFO] ADCParametersView:116 -                Rank 2 : true
2026-05-18 23:12:35,550 [INFO] ADCParametersView:116 -                Rank 1 : true
2026-05-18 23:12:35,550 [INFO] ADCParametersView:116 -                Rank 2 : true
2026-05-18 23:12:35,551 [INFO] ADCParametersView:116 -                Rank 1 : true
2026-05-18 23:12:35,551 [INFO] ADCParametersView:116 -                Rank 2 : true
2026-05-18 23:12:35,551 [INFO] ADCParametersView:116 -                Rank 1 : true
2026-05-18 23:12:35,551 [INFO] ADCParametersView:116 -                Rank 2 : true
2026-05-18 23:12:35,551 [INFO] ADCParametersView:116 -                Rank 1 : true
2026-05-18 23:12:35,551 [INFO] ADCParametersView:116 -                Rank 2 : true
2026-05-18 23:12:35,551 [INFO] ADCParametersView:116 -                Rank 1 : true
2026-05-18 23:12:35,551 [INFO] ADCParametersView:116 -                Rank 2 : true
2026-05-18 23:12:35,552 [INFO] ADCParametersView:116 -                Rank 1 : true
2026-05-18 23:12:35,552 [INFO] ADCParametersView:116 -                Rank 2 : true
2026-05-18 23:12:35,552 [INFO] ADCParametersView:116 -                Rank 2 : true
2026-05-18 23:12:35,604 [INFO] ADCParametersView:116 -                Rank 1 : true
2026-05-18 23:12:35,605 [INFO] ADCParametersView:116 -                Rank 1 : true
2026-05-18 23:12:35,605 [INFO] ADCParametersView:116 -                Rank 2 : true
2026-05-18 23:12:35,710 [INFO] ADCParametersView:116 -                Rank 1 : true
2026-05-18 23:12:35,711 [INFO] ADCParametersView:116 -                Rank 2 : true
2026-05-18 23:12:35,715 [INFO] ADCParametersView:116 -                Rank 1 : true
2026-05-18 23:12:35,716 [INFO] ADCParametersView:116 -                Rank 2 : true
2026-05-18 23:12:35,716 [INFO] ADCParametersView:116 -                Rank 1 : true
2026-05-18 23:12:35,716 [INFO] ADCParametersView:116 -                Rank 2 : true
2026-05-18 23:12:35,717 [INFO] ADCParametersView:116 -                Rank 1 : true
2026-05-18 23:12:35,717 [INFO] ADCParametersView:116 -                Rank 2 : true
2026-05-18 23:12:35,717 [INFO] ADCParametersView:116 -                Rank 1 : true
2026-05-18 23:12:35,717 [INFO] ADCParametersView:116 -                Rank 2 : true
2026-05-18 23:12:35,718 [INFO] ADCParametersView:116 -                Rank 1 : true
2026-05-18 23:12:35,718 [INFO] ADCParametersView:116 -                Rank 2 : true
2026-05-18 23:12:35,718 [INFO] ADCParametersView:116 -                Rank 1 : true
2026-05-18 23:12:35,718 [INFO] ADCParametersView:116 -                Rank 2 : true
2026-05-18 23:12:35,718 [INFO] ADCParametersView:116 -                Rank 1 : true
2026-05-18 23:12:35,718 [INFO] ADCParametersView:116 -                Rank 2 : true
2026-05-18 23:12:35,718 [INFO] ADCParametersView:116 -                Rank 1 : true
2026-05-18 23:12:35,718 [INFO] ADCParametersView:116 -                Rank 2 : true
2026-05-18 23:12:35,719 [INFO] ADCParametersView:116 -                Rank 1 : true
2026-05-18 23:12:35,719 [INFO] ADCParametersView:116 -                Rank 2 : true
2026-05-18 23:12:35,719 [INFO] ADCParametersView:116 -                Rank 1 : true
2026-05-18 23:12:35,719 [INFO] ADCParametersView:116 -                Rank 2 : true
2026-05-18 23:12:35,719 [INFO] ADCParametersView:116 -                Rank 1 : true
2026-05-18 23:12:35,719 [INFO] ADCParametersView:116 -                Rank 2 : true
2026-05-18 23:12:35,719 [INFO] ADCParametersView:116 -                Rank 1 : true
2026-05-18 23:12:35,719 [INFO] ADCParametersView:116 -                Rank 2 : true
2026-05-18 23:12:35,719 [INFO] ADCParametersView:116 -                Rank 1 : true
2026-05-18 23:12:35,720 [INFO] ADCParametersView:116 -                Rank 2 : true
2026-05-18 23:12:35,720 [INFO] ADCParametersView:116 -                Rank 1 : true
2026-05-18 23:12:35,720 [INFO] ADCParametersView:116 -                Rank 2 : true
2026-05-18 23:12:35,720 [INFO] ADCParametersView:116 -                Rank 1 : true
2026-05-18 23:12:35,720 [INFO] ADCParametersView:116 -                Rank 2 : true
2026-05-18 23:12:35,720 [INFO] ADCParametersView:116 -                Rank 1 : true
2026-05-18 23:12:35,720 [INFO] ADCParametersView:116 -                Rank 2 : true
2026-05-18 23:12:35,720 [INFO] ADCParametersView:116 -                Rank 1 : true
2026-05-18 23:12:35,720 [INFO] ADCParametersView:116 -                Rank 2 : true
2026-05-18 23:12:35,720 [INFO] ADCParametersView:116 -                Rank 1 : true
2026-05-18 23:12:35,721 [INFO] ADCParametersView:116 -                Rank 2 : true
2026-05-18 23:12:35,721 [INFO] ADCParametersView:116 -                Rank 2 : true
2026-05-18 23:12:35,772 [INFO] ADCParametersView:116 -                Rank 1 : true
2026-05-18 23:12:35,773 [INFO] ADCParametersView:116 -                Rank 1 : true
2026-05-18 23:12:35,773 [INFO] ADCParametersView:116 -                Rank 2 : true
2026-05-18 23:12:35,821 [INFO] NvicIntPanel:101 - NVIC parent = com.st.microxplorer.plugins.ip.nvic.MultiNvicIntPanel[,0,0,0x0,invalid,layout=javax.swing.BoxLayout,alignmentX=0.0,alignmentY=0.0,border=,flags=9,maximumSize=,minimumSize=,preferredSize=]
2026-05-18 23:12:37,501 [INFO] ADCParametersView:116 -                Rank 1 : true
2026-05-18 23:12:37,501 [INFO] ADCParametersView:116 -                Rank 2 : true
2026-05-18 23:12:37,504 [INFO] ADCParametersView:116 -                Rank 1 : true
2026-05-18 23:12:37,504 [INFO] ADCParametersView:116 -                Rank 2 : true
2026-05-18 23:12:37,504 [INFO] ADCParametersView:116 -                Rank 1 : true
2026-05-18 23:12:37,504 [INFO] ADCParametersView:116 -                Rank 2 : true
2026-05-18 23:12:37,504 [INFO] ADCParametersView:116 -                Rank 1 : true
2026-05-18 23:12:37,504 [INFO] ADCParametersView:116 -                Rank 2 : true
2026-05-18 23:12:37,504 [INFO] ADCParametersView:116 -                Rank 1 : true
2026-05-18 23:12:37,504 [INFO] ADCParametersView:116 -                Rank 2 : true
2026-05-18 23:12:37,504 [INFO] ADCParametersView:116 -                Rank 1 : true
2026-05-18 23:12:37,504 [INFO] ADCParametersView:116 -                Rank 2 : true
2026-05-18 23:12:37,504 [INFO] ADCParametersView:116 -                Rank 1 : true
2026-05-18 23:12:37,504 [INFO] ADCParametersView:116 -                Rank 2 : true
2026-05-18 23:12:37,504 [INFO] ADCParametersView:116 -                Rank 1 : true
2026-05-18 23:12:37,504 [INFO] ADCParametersView:116 -                Rank 2 : true
2026-05-18 23:12:37,504 [INFO] ADCParametersView:116 -                Rank 1 : true
2026-05-18 23:12:37,505 [INFO] ADCParametersView:116 -                Rank 2 : true
2026-05-18 23:12:37,505 [INFO] ADCParametersView:116 -                Rank 1 : true
2026-05-18 23:12:37,505 [INFO] ADCParametersView:116 -                Rank 2 : true
2026-05-18 23:12:37,505 [INFO] ADCParametersView:116 -                Rank 1 : true
2026-05-18 23:12:37,505 [INFO] ADCParametersView:116 -                Rank 2 : true
2026-05-18 23:12:37,505 [INFO] ADCParametersView:116 -                Rank 1 : true
2026-05-18 23:12:37,505 [INFO] ADCParametersView:116 -                Rank 2 : true
2026-05-18 23:12:37,505 [INFO] ADCParametersView:116 -                Rank 1 : true
2026-05-18 23:12:37,505 [INFO] ADCParametersView:116 -                Rank 2 : true
2026-05-18 23:12:37,505 [INFO] ADCParametersView:116 -                Rank 1 : true
2026-05-18 23:12:37,505 [INFO] ADCParametersView:116 -                Rank 2 : true
2026-05-18 23:12:37,505 [INFO] ADCParametersView:116 -                Rank 1 : true
2026-05-18 23:12:37,506 [INFO] ADCParametersView:116 -                Rank 2 : true
2026-05-18 23:12:37,506 [INFO] ADCParametersView:116 -                Rank 1 : true
2026-05-18 23:12:37,506 [INFO] ADCParametersView:116 -                Rank 2 : true
2026-05-18 23:12:37,506 [INFO] ADCParametersView:116 -                Rank 1 : true
2026-05-18 23:12:37,506 [INFO] ADCParametersView:116 -                Rank 2 : true
2026-05-18 23:12:37,506 [INFO] ADCParametersView:116 -                Rank 1 : true
2026-05-18 23:12:37,506 [INFO] ADCParametersView:116 -                Rank 2 : true
2026-05-18 23:12:37,506 [INFO] ADCParametersView:116 -                Rank 1 : true
2026-05-18 23:12:37,507 [INFO] ADCParametersView:116 -                Rank 2 : true
2026-05-18 23:12:37,507 [INFO] ADCParametersView:116 -                Rank 2 : true
2026-05-18 23:12:37,539 [INFO] ADCParametersView:116 -                Rank 1 : true
2026-05-18 23:12:37,539 [INFO] ADCParametersView:116 -                Rank 1 : true
2026-05-18 23:12:37,539 [INFO] ADCParametersView:116 -                Rank 2 : true
2026-05-18 23:12:47,637 [INFO] NvicIntPanel:101 - NVIC parent = com.st.microxplorer.plugins.ip.nvic.MultiNvicIntPanel[,0,0,0x0,invalid,layout=javax.swing.BoxLayout,alignmentX=0.0,alignmentY=0.0,border=,flags=9,maximumSize=,minimumSize=,preferredSize=]
2026-05-18 23:12:47,740 [INFO] ADCParametersView:116 -                Rank 1 : true
2026-05-18 23:12:47,740 [INFO] ADCParametersView:116 -                Rank 2 : true
2026-05-18 23:12:47,744 [INFO] ADCParametersView:116 -                Rank 1 : true
2026-05-18 23:12:47,744 [INFO] ADCParametersView:116 -                Rank 2 : true
2026-05-18 23:12:47,744 [INFO] ADCParametersView:116 -                Rank 1 : true
2026-05-18 23:12:47,744 [INFO] ADCParametersView:116 -                Rank 2 : true
2026-05-18 23:12:47,744 [INFO] ADCParametersView:116 -                Rank 1 : true
2026-05-18 23:12:47,744 [INFO] ADCParametersView:116 -                Rank 2 : true
2026-05-18 23:12:47,744 [INFO] ADCParametersView:116 -                Rank 1 : true
2026-05-18 23:12:47,744 [INFO] ADCParametersView:116 -                Rank 2 : true
2026-05-18 23:12:47,744 [INFO] ADCParametersView:116 -                Rank 1 : true
2026-05-18 23:12:47,744 [INFO] ADCParametersView:116 -                Rank 2 : true
2026-05-18 23:12:47,744 [INFO] ADCParametersView:116 -                Rank 1 : true
2026-05-18 23:12:47,744 [INFO] ADCParametersView:116 -                Rank 2 : true
2026-05-18 23:12:47,744 [INFO] ADCParametersView:116 -                Rank 1 : true
2026-05-18 23:12:47,744 [INFO] ADCParametersView:116 -                Rank 2 : true
2026-05-18 23:12:47,744 [INFO] ADCParametersView:116 -                Rank 1 : true
2026-05-18 23:12:47,744 [INFO] ADCParametersView:116 -                Rank 2 : true
2026-05-18 23:12:47,745 [INFO] ADCParametersView:116 -                Rank 1 : true
2026-05-18 23:12:47,745 [INFO] ADCParametersView:116 -                Rank 2 : true
2026-05-18 23:12:47,745 [INFO] ADCParametersView:116 -                Rank 1 : true
2026-05-18 23:12:47,745 [INFO] ADCParametersView:116 -                Rank 2 : true
2026-05-18 23:12:47,745 [INFO] ADCParametersView:116 -                Rank 1 : true
2026-05-18 23:12:47,745 [INFO] ADCParametersView:116 -                Rank 2 : true
2026-05-18 23:12:47,745 [INFO] ADCParametersView:116 -                Rank 1 : true
2026-05-18 23:12:47,745 [INFO] ADCParametersView:116 -                Rank 2 : true
2026-05-18 23:12:47,745 [INFO] ADCParametersView:116 -                Rank 1 : true
2026-05-18 23:12:47,745 [INFO] ADCParametersView:116 -                Rank 2 : true
2026-05-18 23:12:47,745 [INFO] ADCParametersView:116 -                Rank 1 : true
2026-05-18 23:12:47,745 [INFO] ADCParametersView:116 -                Rank 2 : true
2026-05-18 23:12:47,745 [INFO] ADCParametersView:116 -                Rank 1 : true
2026-05-18 23:12:47,745 [INFO] ADCParametersView:116 -                Rank 2 : true
2026-05-18 23:12:47,745 [INFO] ADCParametersView:116 -                Rank 1 : true
2026-05-18 23:12:47,745 [INFO] ADCParametersView:116 -                Rank 2 : true
2026-05-18 23:12:47,745 [INFO] ADCParametersView:116 -                Rank 1 : true
2026-05-18 23:12:47,745 [INFO] ADCParametersView:116 -                Rank 2 : true
2026-05-18 23:12:47,745 [INFO] ADCParametersView:116 -                Rank 1 : true
2026-05-18 23:12:47,745 [INFO] ADCParametersView:116 -                Rank 2 : true
2026-05-18 23:12:47,745 [INFO] ADCParametersView:116 -                Rank 2 : true
2026-05-18 23:12:47,777 [INFO] ADCParametersView:116 -                Rank 1 : true
2026-05-18 23:12:47,777 [INFO] ADCParametersView:116 -                Rank 1 : true
2026-05-18 23:12:47,777 [INFO] ADCParametersView:116 -                Rank 2 : true
2026-05-18 23:12:52,975 [INFO] NvicIntPanel:101 - NVIC parent = com.st.microxplorer.plugins.ip.nvic.MultiNvicIntPanel[,0,0,0x0,invalid,layout=javax.swing.BoxLayout,alignmentX=0.0,alignmentY=0.0,border=,flags=9,maximumSize=,minimumSize=,preferredSize=]
2026-05-18 23:12:53,072 [INFO] ADCParametersView:116 -                Rank 1 : true
2026-05-18 23:12:53,072 [INFO] ADCParametersView:116 -                Rank 2 : true
2026-05-18 23:12:53,076 [INFO] ADCParametersView:116 -                Rank 1 : true
2026-05-18 23:12:53,076 [INFO] ADCParametersView:116 -                Rank 2 : true
2026-05-18 23:12:53,076 [INFO] ADCParametersView:116 -                Rank 1 : true
2026-05-18 23:12:53,076 [INFO] ADCParametersView:116 -                Rank 2 : true
2026-05-18 23:12:53,076 [INFO] ADCParametersView:116 -                Rank 1 : true
2026-05-18 23:12:53,076 [INFO] ADCParametersView:116 -                Rank 2 : true
2026-05-18 23:12:53,077 [INFO] ADCParametersView:116 -                Rank 1 : true
2026-05-18 23:12:53,077 [INFO] ADCParametersView:116 -                Rank 2 : true
2026-05-18 23:12:53,077 [INFO] ADCParametersView:116 -                Rank 1 : true
2026-05-18 23:12:53,077 [INFO] ADCParametersView:116 -                Rank 2 : true
2026-05-18 23:12:53,077 [INFO] ADCParametersView:116 -                Rank 1 : true
2026-05-18 23:12:53,077 [INFO] ADCParametersView:116 -                Rank 2 : true
2026-05-18 23:12:53,077 [INFO] ADCParametersView:116 -                Rank 1 : true
2026-05-18 23:12:53,077 [INFO] ADCParametersView:116 -                Rank 2 : true
2026-05-18 23:12:53,077 [INFO] ADCParametersView:116 -                Rank 1 : true
2026-05-18 23:12:53,077 [INFO] ADCParametersView:116 -                Rank 2 : true
2026-05-18 23:12:53,077 [INFO] ADCParametersView:116 -                Rank 1 : true
2026-05-18 23:12:53,077 [INFO] ADCParametersView:116 -                Rank 2 : true
2026-05-18 23:12:53,077 [INFO] ADCParametersView:116 -                Rank 1 : true
2026-05-18 23:12:53,077 [INFO] ADCParametersView:116 -                Rank 2 : true
2026-05-18 23:12:53,077 [INFO] ADCParametersView:116 -                Rank 1 : true
2026-05-18 23:12:53,077 [INFO] ADCParametersView:116 -                Rank 2 : true
2026-05-18 23:12:53,077 [INFO] ADCParametersView:116 -                Rank 1 : true
2026-05-18 23:12:53,077 [INFO] ADCParametersView:116 -                Rank 2 : true
2026-05-18 23:12:53,077 [INFO] ADCParametersView:116 -                Rank 1 : true
2026-05-18 23:12:53,077 [INFO] ADCParametersView:116 -                Rank 2 : true
2026-05-18 23:12:53,077 [INFO] ADCParametersView:116 -                Rank 1 : true
2026-05-18 23:12:53,077 [INFO] ADCParametersView:116 -                Rank 2 : true
2026-05-18 23:12:53,077 [INFO] ADCParametersView:116 -                Rank 1 : true
2026-05-18 23:12:53,077 [INFO] ADCParametersView:116 -                Rank 2 : true
2026-05-18 23:12:53,077 [INFO] ADCParametersView:116 -                Rank 1 : true
2026-05-18 23:12:53,077 [INFO] ADCParametersView:116 -                Rank 2 : true
2026-05-18 23:12:53,078 [INFO] ADCParametersView:116 -                Rank 1 : true
2026-05-18 23:12:53,078 [INFO] ADCParametersView:116 -                Rank 2 : true
2026-05-18 23:12:53,078 [INFO] ADCParametersView:116 -                Rank 1 : true
2026-05-18 23:12:53,078 [INFO] ADCParametersView:116 -                Rank 2 : true
2026-05-18 23:12:53,078 [INFO] ADCParametersView:116 -                Rank 2 : true
2026-05-18 23:12:53,114 [INFO] ADCParametersView:116 -                Rank 1 : true
2026-05-18 23:12:53,115 [INFO] ADCParametersView:116 -                Rank 1 : true
2026-05-18 23:12:53,115 [INFO] ADCParametersView:116 -                Rank 2 : true
2026-05-18 23:13:09,179 [INFO] UtilMem:75 - End SaveConfig() Used Memory: 759968800 Bytes (1073741824)
2026-05-18 23:13:09,325 [INFO] UtilMem:75 - End SaveConfig() Used Memory: 772853624 Bytes (1073741824)
2026-05-18 23:13:09,875 [INFO] UtilMem:75 - End SaveConfig() Used Memory: 844903456 Bytes (1073741824)
2026-05-18 23:13:10,180 [INFO] BlockDiagram:2775 - set Specific Code input for plugin: NVIC
2026-05-18 23:13:10,180 [INFO] BlockDiagram:2775 - set Specific Code input for plugin: USART
2026-05-18 23:13:10,180 [INFO] BlockDiagram:2775 - set Specific Code input for plugin: DMA
2026-05-18 23:13:10,180 [INFO] BlockDiagram:2775 - set Specific Code input for plugin: SYS
2026-05-18 23:13:10,180 [INFO] BlockDiagram:2775 - set Specific Code input for plugin: GPIO
2026-05-18 23:13:10,181 [INFO] BlockDiagram:2775 - set Specific Code input for plugin: ADC
2026-05-18 23:13:10,181 [INFO] BlockDiagram:2775 - set Specific Code input for plugin: RCC
2026-05-18 23:13:10,182 [INFO] CodeGenerator:892 - code generatio: config db path: C:\ST\STM32CubeIDE_1.19.0\STM32CubeIDE\plugins\com.st.stm32cube.common.mx_6.15.0.202507011659\\db\
2026-05-18 23:13:10,187 [INFO] Argument:325 - Argument : hdmavalue: null
2026-05-18 23:13:10,188 [INFO] Argument:327 - 	 sub Args: 
2026-05-18 23:13:10,188 [INFO] Argument:325 - Argument : Instancevalue: DMA1_Channel1
2026-05-18 23:13:10,188 [INFO] Argument:335 - Argument : Instancevalue: DMA1_Channel1
2026-05-18 23:13:10,188 [INFO] Argument:325 - Argument : Initvalue: null
2026-05-18 23:13:10,188 [INFO] Argument:327 - 	 sub Args: 
2026-05-18 23:13:10,188 [INFO] Argument:325 - Argument : Requestvalue: DMA_REQUEST_0
2026-05-18 23:13:10,188 [INFO] Argument:335 - Argument : Requestvalue: DMA_REQUEST_0
2026-05-18 23:13:10,188 [INFO] Argument:325 - Argument : Directionvalue: DMA_PERIPH_TO_MEMORY
2026-05-18 23:13:10,188 [INFO] Argument:335 - Argument : Directionvalue: DMA_PERIPH_TO_MEMORY
2026-05-18 23:13:10,188 [INFO] Argument:325 - Argument : PeriphIncvalue: DMA_PINC_DISABLE
2026-05-18 23:13:10,188 [INFO] Argument:335 - Argument : PeriphIncvalue: DMA_PINC_DISABLE
2026-05-18 23:13:10,188 [INFO] Argument:325 - Argument : MemIncvalue: DMA_MINC_ENABLE
2026-05-18 23:13:10,188 [INFO] Argument:335 - Argument : MemIncvalue: DMA_MINC_ENABLE
2026-05-18 23:13:10,188 [INFO] Argument:325 - Argument : PeriphDataAlignmentvalue: DMA_PDATAALIGN_HALFWORD
2026-05-18 23:13:10,188 [INFO] Argument:335 - Argument : PeriphDataAlignmentvalue: DMA_PDATAALIGN_HALFWORD
2026-05-18 23:13:10,188 [INFO] Argument:325 - Argument : MemDataAlignmentvalue: DMA_MDATAALIGN_HALFWORD
2026-05-18 23:13:10,188 [INFO] Argument:335 - Argument : MemDataAlignmentvalue: DMA_MDATAALIGN_HALFWORD
2026-05-18 23:13:10,188 [INFO] Argument:325 - Argument : Modevalue: DMA_CIRCULAR
2026-05-18 23:13:10,188 [INFO] Argument:335 - Argument : Modevalue: DMA_CIRCULAR
2026-05-18 23:13:10,188 [INFO] Argument:325 - Argument : Priorityvalue: DMA_PRIORITY_LOW
2026-05-18 23:13:10,188 [INFO] Argument:335 - Argument : Priorityvalue: DMA_PRIORITY_LOW
2026-05-18 23:13:10,188 [INFO] Argument:325 - Argument : Lockvalue: null
2026-05-18 23:13:10,188 [INFO] Argument:335 - Argument : Lockvalue: null
2026-05-18 23:13:10,188 [INFO] Argument:325 - Argument : Statevalue: null
2026-05-18 23:13:10,188 [INFO] Argument:335 - Argument : Statevalue: null
2026-05-18 23:13:10,188 [INFO] Argument:325 - Argument : Parentvalue: null
2026-05-18 23:13:10,188 [INFO] Argument:335 - Argument : Parentvalue: null
2026-05-18 23:13:10,188 [INFO] Argument:325 - Argument : XferCpltCallbackvalue: null
2026-05-18 23:13:10,188 [INFO] Argument:335 - Argument : XferCpltCallbackvalue: null
2026-05-18 23:13:10,188 [INFO] Argument:325 - Argument : XferHalfCpltCallbackvalue: null
2026-05-18 23:13:10,188 [INFO] Argument:335 - Argument : XferHalfCpltCallbackvalue: null
2026-05-18 23:13:10,188 [INFO] Argument:325 - Argument : XferErrorCallbackvalue: null
2026-05-18 23:13:10,188 [INFO] Argument:335 - Argument : XferErrorCallbackvalue: null
2026-05-18 23:13:10,188 [INFO] Argument:325 - Argument : XferAbortCallbackvalue: null
2026-05-18 23:13:10,188 [INFO] Argument:335 - Argument : XferAbortCallbackvalue: null
2026-05-18 23:13:10,188 [INFO] Argument:325 - Argument : ErrorCodevalue: null
2026-05-18 23:13:10,188 [INFO] Argument:335 - Argument : ErrorCodevalue: null
2026-05-18 23:13:10,188 [INFO] Argument:325 - Argument : DmaBaseAddressvalue: null
2026-05-18 23:13:10,188 [INFO] Argument:335 - Argument : DmaBaseAddressvalue: null
2026-05-18 23:13:10,188 [INFO] Argument:325 - Argument : ChannelIndexvalue: null
2026-05-18 23:13:10,188 [INFO] Argument:335 - Argument : ChannelIndexvalue: null
2026-05-18 23:13:10,188 [INFO] Argument:325 - Argument : hdmavalue: null
2026-05-18 23:13:10,188 [INFO] Argument:327 - 	 sub Args: 
2026-05-18 23:13:10,188 [INFO] Argument:325 - Argument : Instancevalue: DMA1_Channel1
2026-05-18 23:13:10,188 [INFO] Argument:335 - Argument : Instancevalue: DMA1_Channel1
2026-05-18 23:13:10,188 [INFO] Argument:325 - Argument : Initvalue: null
2026-05-18 23:13:10,188 [INFO] Argument:327 - 	 sub Args: 
2026-05-18 23:13:10,188 [INFO] Argument:325 - Argument : Requestvalue: DMA_REQUEST_0
2026-05-18 23:13:10,188 [INFO] Argument:335 - Argument : Requestvalue: DMA_REQUEST_0
2026-05-18 23:13:10,188 [INFO] Argument:325 - Argument : Directionvalue: DMA_PERIPH_TO_MEMORY
2026-05-18 23:13:10,188 [INFO] Argument:335 - Argument : Directionvalue: DMA_PERIPH_TO_MEMORY
2026-05-18 23:13:10,188 [INFO] Argument:325 - Argument : PeriphIncvalue: DMA_PINC_DISABLE
2026-05-18 23:13:10,188 [INFO] Argument:335 - Argument : PeriphIncvalue: DMA_PINC_DISABLE
2026-05-18 23:13:10,188 [INFO] Argument:325 - Argument : MemIncvalue: DMA_MINC_ENABLE
2026-05-18 23:13:10,188 [INFO] Argument:335 - Argument : MemIncvalue: DMA_MINC_ENABLE
2026-05-18 23:13:10,188 [INFO] Argument:325 - Argument : PeriphDataAlignmentvalue: DMA_PDATAALIGN_HALFWORD
2026-05-18 23:13:10,188 [INFO] Argument:335 - Argument : PeriphDataAlignmentvalue: DMA_PDATAALIGN_HALFWORD
2026-05-18 23:13:10,188 [INFO] Argument:325 - Argument : MemDataAlignmentvalue: DMA_MDATAALIGN_HALFWORD
2026-05-18 23:13:10,188 [INFO] Argument:335 - Argument : MemDataAlignmentvalue: DMA_MDATAALIGN_HALFWORD
2026-05-18 23:13:10,188 [INFO] Argument:325 - Argument : Modevalue: DMA_CIRCULAR
2026-05-18 23:13:10,189 [INFO] Argument:335 - Argument : Modevalue: DMA_CIRCULAR
2026-05-18 23:13:10,189 [INFO] Argument:325 - Argument : Priorityvalue: DMA_PRIORITY_LOW
2026-05-18 23:13:10,189 [INFO] Argument:335 - Argument : Priorityvalue: DMA_PRIORITY_LOW
2026-05-18 23:13:10,189 [INFO] Argument:325 - Argument : Lockvalue: null
2026-05-18 23:13:10,189 [INFO] Argument:335 - Argument : Lockvalue: null
2026-05-18 23:13:10,189 [INFO] Argument:325 - Argument : Statevalue: null
2026-05-18 23:13:10,189 [INFO] Argument:335 - Argument : Statevalue: null
2026-05-18 23:13:10,189 [INFO] Argument:325 - Argument : Parentvalue: null
2026-05-18 23:13:10,189 [INFO] Argument:335 - Argument : Parentvalue: null
2026-05-18 23:13:10,189 [INFO] Argument:325 - Argument : XferCpltCallbackvalue: null
2026-05-18 23:13:10,189 [INFO] Argument:335 - Argument : XferCpltCallbackvalue: null
2026-05-18 23:13:10,189 [INFO] Argument:325 - Argument : XferHalfCpltCallbackvalue: null
2026-05-18 23:13:10,189 [INFO] Argument:335 - Argument : XferHalfCpltCallbackvalue: null
2026-05-18 23:13:10,189 [INFO] Argument:325 - Argument : XferErrorCallbackvalue: null
2026-05-18 23:13:10,189 [INFO] Argument:335 - Argument : XferErrorCallbackvalue: null
2026-05-18 23:13:10,189 [INFO] Argument:325 - Argument : XferAbortCallbackvalue: null
2026-05-18 23:13:10,189 [INFO] Argument:335 - Argument : XferAbortCallbackvalue: null
2026-05-18 23:13:10,189 [INFO] Argument:325 - Argument : ErrorCodevalue: null
2026-05-18 23:13:10,189 [INFO] Argument:335 - Argument : ErrorCodevalue: null
2026-05-18 23:13:10,189 [INFO] Argument:325 - Argument : DmaBaseAddressvalue: null
2026-05-18 23:13:10,189 [INFO] Argument:335 - Argument : DmaBaseAddressvalue: null
2026-05-18 23:13:10,189 [INFO] Argument:325 - Argument : ChannelIndexvalue: null
2026-05-18 23:13:10,189 [INFO] Argument:335 - Argument : ChannelIndexvalue: null
2026-05-18 23:13:10,189 [INFO] Argument:325 - Argument : pSyncConfigvalue: null
2026-05-18 23:13:10,189 [INFO] Argument:327 - 	 sub Args: 
2026-05-18 23:13:10,189 [INFO] Argument:325 - Argument : SyncSignalIDvalue: null
2026-05-18 23:13:10,189 [INFO] Argument:335 - Argument : SyncSignalIDvalue: null
2026-05-18 23:13:10,189 [INFO] Argument:325 - Argument : SyncPolarityvalue: null
2026-05-18 23:13:10,189 [INFO] Argument:335 - Argument : SyncPolarityvalue: null
2026-05-18 23:13:10,189 [INFO] Argument:325 - Argument : SyncEnablevalue: null
2026-05-18 23:13:10,189 [INFO] Argument:335 - Argument : SyncEnablevalue: null
2026-05-18 23:13:10,189 [INFO] Argument:325 - Argument : EventEnablevalue: null
2026-05-18 23:13:10,189 [INFO] Argument:335 - Argument : EventEnablevalue: null
2026-05-18 23:13:10,189 [INFO] Argument:325 - Argument : RequestNumbervalue: null
2026-05-18 23:13:10,189 [INFO] Argument:335 - Argument : RequestNumbervalue: null
2026-05-18 23:13:10,309 [INFO] CodeEngine:265 - oldGeneratedFile, C:\Users\azaki\Documents\GitHub\Project-Nephros\new_double_thermistor\double_thermistor\MXTmpFiles\license.tmp_save
2026-05-18 23:13:10,690 [INFO] CodeEngine:289 - Generated code: C:\Users\azaki\Documents\GitHub\Project-Nephros\new_double_thermistor\double_thermistor\MXTmpFiles\license.tmp
2026-05-18 23:13:10,743 [INFO] CodeEngine:265 - oldGeneratedFile, C:\Users\azaki\Documents\GitHub\Project-Nephros\new_double_thermistor\double_thermistor\MXTmpFiles\gpio.tmp_save
2026-05-18 23:13:10,978 [INFO] CodeEngine:289 - Generated code: C:\Users\azaki\Documents\GitHub\Project-Nephros\new_double_thermistor\double_thermistor\MXTmpFiles\gpio.tmp
2026-05-18 23:13:11,241 [INFO] CodeEngine:265 - oldGeneratedFile, C:\Users\azaki\Documents\GitHub\Project-Nephros\new_double_thermistor\double_thermistor\MXTmpFiles\dma.tmp_save
2026-05-18 23:13:11,371 [INFO] CodeEngine:289 - Generated code: C:\Users\azaki\Documents\GitHub\Project-Nephros\new_double_thermistor\double_thermistor\MXTmpFiles\dma.tmp
2026-05-18 23:13:11,378 [INFO] CodeEngine:265 - oldGeneratedFile, C:\Users\azaki\Documents\GitHub\Project-Nephros\new_double_thermistor\double_thermistor\MXTmpFiles\dma_GV.tmp_save
2026-05-18 23:13:11,501 [INFO] CodeEngine:289 - Generated code: C:\Users\azaki\Documents\GitHub\Project-Nephros\new_double_thermistor\double_thermistor\MXTmpFiles\dma_GV.tmp
2026-05-18 23:13:11,519 [INFO] CodeEngine:265 - oldGeneratedFile, C:\Users\azaki\Documents\GitHub\Project-Nephros\new_double_thermistor\double_thermistor\Core\Src\stm32l4xx_it.c_save
2026-05-18 23:13:11,786 [INFO] CodeEngine:289 - Generated code: C:\Users\azaki\Documents\GitHub\Project-Nephros\new_double_thermistor\double_thermistor\Core\Src\stm32l4xx_it.c
2026-05-18 23:13:11,794 [INFO] CodeEngine:265 - oldGeneratedFile, C:\Users\azaki\Documents\GitHub\Project-Nephros\new_double_thermistor\double_thermistor\Core\Inc\stm32l4xx_it.h_save
2026-05-18 23:13:11,891 [INFO] CodeEngine:289 - Generated code: C:\Users\azaki\Documents\GitHub\Project-Nephros\new_double_thermistor\double_thermistor\Core\Inc\stm32l4xx_it.h
2026-05-18 23:13:11,906 [INFO] CodeEngine:265 - oldGeneratedFile, C:\Users\azaki\Documents\GitHub\Project-Nephros\new_double_thermistor\double_thermistor\Core\Src\stm32l4xx_hal_msp.c_save
2026-05-18 23:13:12,042 [INFO] CodeEngine:289 - Generated code: C:\Users\azaki\Documents\GitHub\Project-Nephros\new_double_thermistor\double_thermistor\Core\Src\stm32l4xx_hal_msp.c
2026-05-18 23:13:12,047 [INFO] CodeEngine:265 - oldGeneratedFile, C:\Users\azaki\Documents\GitHub\Project-Nephros\new_double_thermistor\double_thermistor\MXTmpFiles\system.tmp_save
2026-05-18 23:13:12,111 [INFO] CodeEngine:289 - Generated code: C:\Users\azaki\Documents\GitHub\Project-Nephros\new_double_thermistor\double_thermistor\MXTmpFiles\system.tmp
2026-05-18 23:13:12,124 [INFO] CodeEngine:321 - oldGeneratedFile, C:\Users\azaki\Documents\GitHub\Project-Nephros\new_double_thermistor\double_thermistor\Core\Inc\stm32l4xx_hal_conf.h_save
2026-05-18 23:13:12,195 [INFO] CodeEngine:345 - Generated code: C:\Users\azaki\Documents\GitHub\Project-Nephros\new_double_thermistor\double_thermistor\Core\Inc\stm32l4xx_hal_conf.h
2026-05-18 23:13:12,225 [INFO] CodeEngine:265 - oldGeneratedFile, C:\Users\azaki\Documents\GitHub\Project-Nephros\new_double_thermistor\double_thermistor\Core\Inc\main.h_save
2026-05-18 23:13:12,317 [INFO] CodeEngine:289 - Generated code: C:\Users\azaki\Documents\GitHub\Project-Nephros\new_double_thermistor\double_thermistor\Core\Inc\main.h
2026-05-18 23:13:12,325 [INFO] CodeEngine:265 - oldGeneratedFile, C:\Users\azaki\Documents\GitHub\Project-Nephros\new_double_thermistor\double_thermistor\Core\Src\main.c_save
2026-05-18 23:13:12,428 [INFO] CodeEngine:289 - Generated code: C:\Users\azaki\Documents\GitHub\Project-Nephros\new_double_thermistor\double_thermistor\Core\Src\main.c
2026-05-18 23:13:12,718 [INFO] ProjectBuilder:3606 - Time for Copy HAL[1] : 170mS.
2026-05-18 23:13:12,721 [INFO] ProjectBuilder:5216 - Project Generator version: 4.7.0-B52
2026-05-18 23:13:12,788 [INFO] ConfigFileManager:1595 - The Die is : DIE435
2026-05-18 23:13:13,711 [INFO] ProjectBuilder:5496 - Time for Generating toolchain IDE Files: 990mS.
2026-05-18 23:13:13,713 [INFO] ProjectBuilder:3463 - Time for Copy CMSIS : 0mS.
2026-05-18 23:13:13,716 [INFO] ProjectBuilder:3463 - Time for Copy CMSIS : 0mS.
2026-05-18 23:37:35,970 [INFO] NvicIntPanel:101 - NVIC parent = com.st.microxplorer.plugins.ip.nvic.MultiNvicIntPanel[,0,0,0x0,invalid,layout=javax.swing.BoxLayout,alignmentX=0.0,alignmentY=0.0,border=,flags=9,maximumSize=,minimumSize=,preferredSize=]
2026-05-18 23:37:36,141 [INFO] ADCParametersView:116 -                Rank 1 : true
2026-05-18 23:37:36,142 [INFO] ADCParametersView:116 -                Rank 2 : true
2026-05-18 23:37:36,147 [INFO] ADCParametersView:116 -                Rank 1 : true
2026-05-18 23:37:36,147 [INFO] ADCParametersView:116 -                Rank 2 : true
2026-05-18 23:37:36,148 [INFO] ADCParametersView:116 -                Rank 1 : true
2026-05-18 23:37:36,148 [INFO] ADCParametersView:116 -                Rank 2 : true
2026-05-18 23:37:36,148 [INFO] ADCParametersView:116 -                Rank 1 : true
2026-05-18 23:37:36,148 [INFO] ADCParametersView:116 -                Rank 2 : true
2026-05-18 23:37:36,148 [INFO] ADCParametersView:116 -                Rank 1 : true
2026-05-18 23:37:36,148 [INFO] ADCParametersView:116 -                Rank 2 : true
2026-05-18 23:37:36,148 [INFO] ADCParametersView:116 -                Rank 1 : true
2026-05-18 23:37:36,149 [INFO] ADCParametersView:116 -                Rank 2 : true
2026-05-18 23:37:36,149 [INFO] ADCParametersView:116 -                Rank 1 : true
2026-05-18 23:37:36,149 [INFO] ADCParametersView:116 -                Rank 2 : true
2026-05-18 23:37:36,149 [INFO] ADCParametersView:116 -                Rank 1 : true
2026-05-18 23:37:36,149 [INFO] ADCParametersView:116 -                Rank 2 : true
2026-05-18 23:37:36,149 [INFO] ADCParametersView:116 -                Rank 1 : true
2026-05-18 23:37:36,149 [INFO] ADCParametersView:116 -                Rank 2 : true
2026-05-18 23:37:36,151 [INFO] ADCParametersView:116 -                Rank 1 : true
2026-05-18 23:37:36,151 [INFO] ADCParametersView:116 -                Rank 2 : true
2026-05-18 23:37:36,151 [INFO] ADCParametersView:116 -                Rank 1 : true
2026-05-18 23:37:36,151 [INFO] ADCParametersView:116 -                Rank 2 : true
2026-05-18 23:37:36,151 [INFO] ADCParametersView:116 -                Rank 1 : true
2026-05-18 23:37:36,151 [INFO] ADCParametersView:116 -                Rank 2 : true
2026-05-18 23:37:36,151 [INFO] ADCParametersView:116 -                Rank 1 : true
2026-05-18 23:37:36,151 [INFO] ADCParametersView:116 -                Rank 2 : true
2026-05-18 23:37:36,152 [INFO] ADCParametersView:116 -                Rank 1 : true
2026-05-18 23:37:36,152 [INFO] ADCParametersView:116 -                Rank 2 : true
2026-05-18 23:37:36,152 [INFO] ADCParametersView:116 -                Rank 1 : true
2026-05-18 23:37:36,152 [INFO] ADCParametersView:116 -                Rank 2 : true
2026-05-18 23:37:36,152 [INFO] ADCParametersView:116 -                Rank 1 : true
2026-05-18 23:37:36,152 [INFO] ADCParametersView:116 -                Rank 2 : true
2026-05-18 23:37:36,152 [INFO] ADCParametersView:116 -                Rank 1 : true
2026-05-18 23:37:36,153 [INFO] ADCParametersView:116 -                Rank 2 : true
2026-05-18 23:37:36,153 [INFO] ADCParametersView:116 -                Rank 1 : true
2026-05-18 23:37:36,153 [INFO] ADCParametersView:116 -                Rank 2 : true
2026-05-18 23:37:36,153 [INFO] ADCParametersView:116 -                Rank 1 : true
2026-05-18 23:37:36,153 [INFO] ADCParametersView:116 -                Rank 2 : true
2026-05-18 23:37:36,153 [INFO] ADCParametersView:116 -                Rank 2 : true
2026-05-18 23:37:36,222 [INFO] ADCParametersView:116 -                Rank 1 : true
2026-05-18 23:37:36,222 [INFO] ADCParametersView:116 -                Rank 1 : true
2026-05-18 23:37:36,222 [INFO] ADCParametersView:116 -                Rank 2 : true
2026-05-18 23:37:40,517 [INFO] NvicIntPanel:101 - NVIC parent = com.st.microxplorer.plugins.ip.nvic.MultiNvicIntPanel[,0,0,0x0,invalid,layout=javax.swing.BoxLayout,alignmentX=0.0,alignmentY=0.0,border=,flags=9,maximumSize=,minimumSize=,preferredSize=]
2026-05-18 23:37:40,667 [INFO] ADCParametersView:116 -                Rank 1 : true
2026-05-18 23:37:40,667 [INFO] ADCParametersView:116 -                Rank 2 : true
2026-05-18 23:37:40,673 [INFO] ADCParametersView:116 -                Rank 1 : true
2026-05-18 23:37:40,673 [INFO] ADCParametersView:116 -                Rank 2 : true
2026-05-18 23:37:40,673 [INFO] ADCParametersView:116 -                Rank 1 : true
2026-05-18 23:37:40,674 [INFO] ADCParametersView:116 -                Rank 2 : true
2026-05-18 23:37:40,674 [INFO] ADCParametersView:116 -                Rank 1 : true
2026-05-18 23:37:40,674 [INFO] ADCParametersView:116 -                Rank 2 : true
2026-05-18 23:37:40,674 [INFO] ADCParametersView:116 -                Rank 1 : true
2026-05-18 23:37:40,674 [INFO] ADCParametersView:116 -                Rank 2 : true
2026-05-18 23:37:40,674 [INFO] ADCParametersView:116 -                Rank 1 : true
2026-05-18 23:37:40,674 [INFO] ADCParametersView:116 -                Rank 2 : true
2026-05-18 23:37:40,674 [INFO] ADCParametersView:116 -                Rank 1 : true
2026-05-18 23:37:40,674 [INFO] ADCParametersView:116 -                Rank 2 : true
2026-05-18 23:37:40,674 [INFO] ADCParametersView:116 -                Rank 1 : true
2026-05-18 23:37:40,674 [INFO] ADCParametersView:116 -                Rank 2 : true
2026-05-18 23:37:40,674 [INFO] ADCParametersView:116 -                Rank 1 : true
2026-05-18 23:37:40,674 [INFO] ADCParametersView:116 -                Rank 2 : true
2026-05-18 23:37:40,674 [INFO] ADCParametersView:116 -                Rank 1 : true
2026-05-18 23:37:40,674 [INFO] ADCParametersView:116 -                Rank 2 : true
2026-05-18 23:37:40,674 [INFO] ADCParametersView:116 -                Rank 1 : true
2026-05-18 23:37:40,674 [INFO] ADCParametersView:116 -                Rank 2 : true
2026-05-18 23:37:40,674 [INFO] ADCParametersView:116 -                Rank 1 : true
2026-05-18 23:37:40,674 [INFO] ADCParametersView:116 -                Rank 2 : true
2026-05-18 23:37:40,674 [INFO] ADCParametersView:116 -                Rank 1 : true
2026-05-18 23:37:40,674 [INFO] ADCParametersView:116 -                Rank 2 : true
2026-05-18 23:37:40,674 [INFO] ADCParametersView:116 -                Rank 1 : true
2026-05-18 23:37:40,674 [INFO] ADCParametersView:116 -                Rank 2 : true
2026-05-18 23:37:40,674 [INFO] ADCParametersView:116 -                Rank 1 : true
2026-05-18 23:37:40,674 [INFO] ADCParametersView:116 -                Rank 2 : true
2026-05-18 23:37:40,674 [INFO] ADCParametersView:116 -                Rank 1 : true
2026-05-18 23:37:40,674 [INFO] ADCParametersView:116 -                Rank 2 : true
2026-05-18 23:37:40,674 [INFO] ADCParametersView:116 -                Rank 1 : true
2026-05-18 23:37:40,674 [INFO] ADCParametersView:116 -                Rank 2 : true
2026-05-18 23:37:40,674 [INFO] ADCParametersView:116 -                Rank 1 : true
2026-05-18 23:37:40,674 [INFO] ADCParametersView:116 -                Rank 2 : true
2026-05-18 23:37:40,674 [INFO] ADCParametersView:116 -                Rank 1 : true
2026-05-18 23:37:40,674 [INFO] ADCParametersView:116 -                Rank 2 : true
2026-05-18 23:37:40,674 [INFO] ADCParametersView:116 -                Rank 2 : true
2026-05-18 23:37:40,721 [INFO] ADCParametersView:116 -                Rank 1 : true
2026-05-18 23:37:40,721 [INFO] ADCParametersView:116 -                Rank 1 : true
2026-05-18 23:37:40,721 [INFO] ADCParametersView:116 -                Rank 2 : true
2026-05-18 23:37:58,797 [INFO] UtilMem:75 - End SaveConfig() Used Memory: 792753008 Bytes (1073741824)
2026-05-18 23:37:58,950 [INFO] UtilMem:75 - End SaveConfig() Used Memory: 806308408 Bytes (1073741824)
2026-05-18 23:37:59,492 [INFO] UtilMem:75 - End SaveConfig() Used Memory: 834093624 Bytes (1073741824)
2026-05-18 23:37:59,720 [INFO] BlockDiagram:2775 - set Specific Code input for plugin: NVIC
2026-05-18 23:37:59,720 [INFO] BlockDiagram:2775 - set Specific Code input for plugin: USART
2026-05-18 23:37:59,720 [INFO] BlockDiagram:2775 - set Specific Code input for plugin: DMA
2026-05-18 23:37:59,720 [INFO] BlockDiagram:2775 - set Specific Code input for plugin: SYS
2026-05-18 23:37:59,720 [INFO] BlockDiagram:2775 - set Specific Code input for plugin: GPIO
2026-05-18 23:37:59,720 [INFO] BlockDiagram:2775 - set Specific Code input for plugin: ADC
2026-05-18 23:37:59,720 [INFO] BlockDiagram:2775 - set Specific Code input for plugin: RCC
2026-05-18 23:37:59,721 [INFO] CodeGenerator:892 - code generatio: config db path: C:\ST\STM32CubeIDE_1.19.0\STM32CubeIDE\plugins\com.st.stm32cube.common.mx_6.15.0.202507011659\\db\
2026-05-18 23:37:59,725 [INFO] Argument:325 - Argument : hdmavalue: null
2026-05-18 23:37:59,726 [INFO] Argument:327 - 	 sub Args: 
2026-05-18 23:37:59,726 [INFO] Argument:325 - Argument : Instancevalue: DMA1_Channel1
2026-05-18 23:37:59,726 [INFO] Argument:335 - Argument : Instancevalue: DMA1_Channel1
2026-05-18 23:37:59,726 [INFO] Argument:325 - Argument : Initvalue: null
2026-05-18 23:37:59,726 [INFO] Argument:327 - 	 sub Args: 
2026-05-18 23:37:59,726 [INFO] Argument:325 - Argument : Requestvalue: DMA_REQUEST_0
2026-05-18 23:37:59,726 [INFO] Argument:335 - Argument : Requestvalue: DMA_REQUEST_0
2026-05-18 23:37:59,726 [INFO] Argument:325 - Argument : Directionvalue: DMA_PERIPH_TO_MEMORY
2026-05-18 23:37:59,726 [INFO] Argument:335 - Argument : Directionvalue: DMA_PERIPH_TO_MEMORY
2026-05-18 23:37:59,726 [INFO] Argument:325 - Argument : PeriphIncvalue: DMA_PINC_DISABLE
2026-05-18 23:37:59,726 [INFO] Argument:335 - Argument : PeriphIncvalue: DMA_PINC_DISABLE
2026-05-18 23:37:59,726 [INFO] Argument:325 - Argument : MemIncvalue: DMA_MINC_ENABLE
2026-05-18 23:37:59,726 [INFO] Argument:335 - Argument : MemIncvalue: DMA_MINC_ENABLE
2026-05-18 23:37:59,726 [INFO] Argument:325 - Argument : PeriphDataAlignmentvalue: DMA_PDATAALIGN_HALFWORD
2026-05-18 23:37:59,726 [INFO] Argument:335 - Argument : PeriphDataAlignmentvalue: DMA_PDATAALIGN_HALFWORD
2026-05-18 23:37:59,726 [INFO] Argument:325 - Argument : MemDataAlignmentvalue: DMA_MDATAALIGN_HALFWORD
2026-05-18 23:37:59,726 [INFO] Argument:335 - Argument : MemDataAlignmentvalue: DMA_MDATAALIGN_HALFWORD
2026-05-18 23:37:59,726 [INFO] Argument:325 - Argument : Modevalue: DMA_CIRCULAR
2026-05-18 23:37:59,726 [INFO] Argument:335 - Argument : Modevalue: DMA_CIRCULAR
2026-05-18 23:37:59,726 [INFO] Argument:325 - Argument : Priorityvalue: DMA_PRIORITY_LOW
2026-05-18 23:37:59,726 [INFO] Argument:335 - Argument : Priorityvalue: DMA_PRIORITY_LOW
2026-05-18 23:37:59,726 [INFO] Argument:325 - Argument : Lockvalue: null
2026-05-18 23:37:59,726 [INFO] Argument:335 - Argument : Lockvalue: null
2026-05-18 23:37:59,726 [INFO] Argument:325 - Argument : Statevalue: null
2026-05-18 23:37:59,726 [INFO] Argument:335 - Argument : Statevalue: null
2026-05-18 23:37:59,726 [INFO] Argument:325 - Argument : Parentvalue: null
2026-05-18 23:37:59,726 [INFO] Argument:335 - Argument : Parentvalue: null
2026-05-18 23:37:59,726 [INFO] Argument:325 - Argument : XferCpltCallbackvalue: null
2026-05-18 23:37:59,726 [INFO] Argument:335 - Argument : XferCpltCallbackvalue: null
2026-05-18 23:37:59,726 [INFO] Argument:325 - Argument : XferHalfCpltCallbackvalue: null
2026-05-18 23:37:59,726 [INFO] Argument:335 - Argument : XferHalfCpltCallbackvalue: null
2026-05-18 23:37:59,726 [INFO] Argument:325 - Argument : XferErrorCallbackvalue: null
2026-05-18 23:37:59,726 [INFO] Argument:335 - Argument : XferErrorCallbackvalue: null
2026-05-18 23:37:59,726 [INFO] Argument:325 - Argument : XferAbortCallbackvalue: null
2026-05-18 23:37:59,726 [INFO] Argument:335 - Argument : XferAbortCallbackvalue: null
2026-05-18 23:37:59,726 [INFO] Argument:325 - Argument : ErrorCodevalue: null
2026-05-18 23:37:59,726 [INFO] Argument:335 - Argument : ErrorCodevalue: null
2026-05-18 23:37:59,726 [INFO] Argument:325 - Argument : DmaBaseAddressvalue: null
2026-05-18 23:37:59,726 [INFO] Argument:335 - Argument : DmaBaseAddressvalue: null
2026-05-18 23:37:59,726 [INFO] Argument:325 - Argument : ChannelIndexvalue: null
2026-05-18 23:37:59,726 [INFO] Argument:335 - Argument : ChannelIndexvalue: null
2026-05-18 23:37:59,726 [INFO] Argument:325 - Argument : hdmavalue: null
2026-05-18 23:37:59,726 [INFO] Argument:327 - 	 sub Args: 
2026-05-18 23:37:59,727 [INFO] Argument:325 - Argument : Instancevalue: DMA1_Channel1
2026-05-18 23:37:59,727 [INFO] Argument:335 - Argument : Instancevalue: DMA1_Channel1
2026-05-18 23:37:59,727 [INFO] Argument:325 - Argument : Initvalue: null
2026-05-18 23:37:59,727 [INFO] Argument:327 - 	 sub Args: 
2026-05-18 23:37:59,727 [INFO] Argument:325 - Argument : Requestvalue: DMA_REQUEST_0
2026-05-18 23:37:59,727 [INFO] Argument:335 - Argument : Requestvalue: DMA_REQUEST_0
2026-05-18 23:37:59,727 [INFO] Argument:325 - Argument : Directionvalue: DMA_PERIPH_TO_MEMORY
2026-05-18 23:37:59,727 [INFO] Argument:335 - Argument : Directionvalue: DMA_PERIPH_TO_MEMORY
2026-05-18 23:37:59,727 [INFO] Argument:325 - Argument : PeriphIncvalue: DMA_PINC_DISABLE
2026-05-18 23:37:59,727 [INFO] Argument:335 - Argument : PeriphIncvalue: DMA_PINC_DISABLE
2026-05-18 23:37:59,727 [INFO] Argument:325 - Argument : MemIncvalue: DMA_MINC_ENABLE
2026-05-18 23:37:59,727 [INFO] Argument:335 - Argument : MemIncvalue: DMA_MINC_ENABLE
2026-05-18 23:37:59,727 [INFO] Argument:325 - Argument : PeriphDataAlignmentvalue: DMA_PDATAALIGN_HALFWORD
2026-05-18 23:37:59,727 [INFO] Argument:335 - Argument : PeriphDataAlignmentvalue: DMA_PDATAALIGN_HALFWORD
2026-05-18 23:37:59,727 [INFO] Argument:325 - Argument : MemDataAlignmentvalue: DMA_MDATAALIGN_HALFWORD
2026-05-18 23:37:59,727 [INFO] Argument:335 - Argument : MemDataAlignmentvalue: DMA_MDATAALIGN_HALFWORD
2026-05-18 23:37:59,727 [INFO] Argument:325 - Argument : Modevalue: DMA_CIRCULAR
2026-05-18 23:37:59,727 [INFO] Argument:335 - Argument : Modevalue: DMA_CIRCULAR
2026-05-18 23:37:59,727 [INFO] Argument:325 - Argument : Priorityvalue: DMA_PRIORITY_LOW
2026-05-18 23:37:59,727 [INFO] Argument:335 - Argument : Priorityvalue: DMA_PRIORITY_LOW
2026-05-18 23:37:59,727 [INFO] Argument:325 - Argument : Lockvalue: null
2026-05-18 23:37:59,727 [INFO] Argument:335 - Argument : Lockvalue: null
2026-05-18 23:37:59,727 [INFO] Argument:325 - Argument : Statevalue: null
2026-05-18 23:37:59,727 [INFO] Argument:335 - Argument : Statevalue: null
2026-05-18 23:37:59,727 [INFO] Argument:325 - Argument : Parentvalue: null
2026-05-18 23:37:59,727 [INFO] Argument:335 - Argument : Parentvalue: null
2026-05-18 23:37:59,727 [INFO] Argument:325 - Argument : XferCpltCallbackvalue: null
2026-05-18 23:37:59,727 [INFO] Argument:335 - Argument : XferCpltCallbackvalue: null
2026-05-18 23:37:59,727 [INFO] Argument:325 - Argument : XferHalfCpltCallbackvalue: null
2026-05-18 23:37:59,727 [INFO] Argument:335 - Argument : XferHalfCpltCallbackvalue: null
2026-05-18 23:37:59,727 [INFO] Argument:325 - Argument : XferErrorCallbackvalue: null
2026-05-18 23:37:59,727 [INFO] Argument:335 - Argument : XferErrorCallbackvalue: null
2026-05-18 23:37:59,727 [INFO] Argument:325 - Argument : XferAbortCallbackvalue: null
2026-05-18 23:37:59,727 [INFO] Argument:335 - Argument : XferAbortCallbackvalue: null
2026-05-18 23:37:59,727 [INFO] Argument:325 - Argument : ErrorCodevalue: null
2026-05-18 23:37:59,727 [INFO] Argument:335 - Argument : ErrorCodevalue: null
2026-05-18 23:37:59,727 [INFO] Argument:325 - Argument : DmaBaseAddressvalue: null
2026-05-18 23:37:59,727 [INFO] Argument:335 - Argument : DmaBaseAddressvalue: null
2026-05-18 23:37:59,727 [INFO] Argument:325 - Argument : ChannelIndexvalue: null
2026-05-18 23:37:59,727 [INFO] Argument:335 - Argument : ChannelIndexvalue: null
2026-05-18 23:37:59,727 [INFO] Argument:325 - Argument : pSyncConfigvalue: null
2026-05-18 23:37:59,727 [INFO] Argument:327 - 	 sub Args: 
2026-05-18 23:37:59,727 [INFO] Argument:325 - Argument : SyncSignalIDvalue: null
2026-05-18 23:37:59,727 [INFO] Argument:335 - Argument : SyncSignalIDvalue: null
2026-05-18 23:37:59,727 [INFO] Argument:325 - Argument : SyncPolarityvalue: null
2026-05-18 23:37:59,727 [INFO] Argument:335 - Argument : SyncPolarityvalue: null
2026-05-18 23:37:59,727 [INFO] Argument:325 - Argument : SyncEnablevalue: null
2026-05-18 23:37:59,727 [INFO] Argument:335 - Argument : SyncEnablevalue: null
2026-05-18 23:37:59,727 [INFO] Argument:325 - Argument : EventEnablevalue: null
2026-05-18 23:37:59,727 [INFO] Argument:335 - Argument : EventEnablevalue: null
2026-05-18 23:37:59,727 [INFO] Argument:325 - Argument : RequestNumbervalue: null
2026-05-18 23:37:59,727 [INFO] Argument:335 - Argument : RequestNumbervalue: null
2026-05-18 23:37:59,788 [INFO] CodeEngine:265 - oldGeneratedFile, C:\Users\azaki\Documents\GitHub\Project-Nephros\new_double_thermistor\double_thermistor\MXTmpFiles\license.tmp_save
2026-05-18 23:38:00,072 [INFO] CodeEngine:289 - Generated code: C:\Users\azaki\Documents\GitHub\Project-Nephros\new_double_thermistor\double_thermistor\MXTmpFiles\license.tmp
2026-05-18 23:38:00,114 [INFO] CodeEngine:265 - oldGeneratedFile, C:\Users\azaki\Documents\GitHub\Project-Nephros\new_double_thermistor\double_thermistor\MXTmpFiles\gpio.tmp_save
2026-05-18 23:38:00,292 [INFO] CodeEngine:289 - Generated code: C:\Users\azaki\Documents\GitHub\Project-Nephros\new_double_thermistor\double_thermistor\MXTmpFiles\gpio.tmp
2026-05-18 23:38:00,544 [INFO] CodeEngine:265 - oldGeneratedFile, C:\Users\azaki\Documents\GitHub\Project-Nephros\new_double_thermistor\double_thermistor\MXTmpFiles\dma.tmp_save
2026-05-18 23:38:00,660 [INFO] CodeEngine:289 - Generated code: C:\Users\azaki\Documents\GitHub\Project-Nephros\new_double_thermistor\double_thermistor\MXTmpFiles\dma.tmp
2026-05-18 23:38:00,665 [INFO] CodeEngine:265 - oldGeneratedFile, C:\Users\azaki\Documents\GitHub\Project-Nephros\new_double_thermistor\double_thermistor\MXTmpFiles\dma_GV.tmp_save
2026-05-18 23:38:00,767 [INFO] CodeEngine:289 - Generated code: C:\Users\azaki\Documents\GitHub\Project-Nephros\new_double_thermistor\double_thermistor\MXTmpFiles\dma_GV.tmp
2026-05-18 23:38:00,784 [INFO] CodeEngine:265 - oldGeneratedFile, C:\Users\azaki\Documents\GitHub\Project-Nephros\new_double_thermistor\double_thermistor\Core\Src\stm32l4xx_it.c_save
2026-05-18 23:38:01,042 [INFO] CodeEngine:289 - Generated code: C:\Users\azaki\Documents\GitHub\Project-Nephros\new_double_thermistor\double_thermistor\Core\Src\stm32l4xx_it.c
2026-05-18 23:38:01,050 [INFO] CodeEngine:265 - oldGeneratedFile, C:\Users\azaki\Documents\GitHub\Project-Nephros\new_double_thermistor\double_thermistor\Core\Inc\stm32l4xx_it.h_save
2026-05-18 23:38:01,120 [INFO] CodeEngine:289 - Generated code: C:\Users\azaki\Documents\GitHub\Project-Nephros\new_double_thermistor\double_thermistor\Core\Inc\stm32l4xx_it.h
2026-05-18 23:38:01,133 [INFO] CodeEngine:265 - oldGeneratedFile, C:\Users\azaki\Documents\GitHub\Project-Nephros\new_double_thermistor\double_thermistor\Core\Src\stm32l4xx_hal_msp.c_save
2026-05-18 23:38:01,262 [INFO] CodeEngine:289 - Generated code: C:\Users\azaki\Documents\GitHub\Project-Nephros\new_double_thermistor\double_thermistor\Core\Src\stm32l4xx_hal_msp.c
2026-05-18 23:38:01,268 [INFO] CodeEngine:265 - oldGeneratedFile, C:\Users\azaki\Documents\GitHub\Project-Nephros\new_double_thermistor\double_thermistor\MXTmpFiles\system.tmp_save
2026-05-18 23:38:01,325 [INFO] CodeEngine:289 - Generated code: C:\Users\azaki\Documents\GitHub\Project-Nephros\new_double_thermistor\double_thermistor\MXTmpFiles\system.tmp
2026-05-18 23:38:01,338 [INFO] CodeEngine:321 - oldGeneratedFile, C:\Users\azaki\Documents\GitHub\Project-Nephros\new_double_thermistor\double_thermistor\Core\Inc\stm32l4xx_hal_conf.h_save
2026-05-18 23:38:01,399 [INFO] CodeEngine:345 - Generated code: C:\Users\azaki\Documents\GitHub\Project-Nephros\new_double_thermistor\double_thermistor\Core\Inc\stm32l4xx_hal_conf.h
2026-05-18 23:38:01,429 [INFO] CodeEngine:265 - oldGeneratedFile, C:\Users\azaki\Documents\GitHub\Project-Nephros\new_double_thermistor\double_thermistor\Core\Inc\main.h_save
2026-05-18 23:38:01,558 [INFO] CodeEngine:289 - Generated code: C:\Users\azaki\Documents\GitHub\Project-Nephros\new_double_thermistor\double_thermistor\Core\Inc\main.h
2026-05-18 23:38:01,570 [INFO] CodeEngine:265 - oldGeneratedFile, C:\Users\azaki\Documents\GitHub\Project-Nephros\new_double_thermistor\double_thermistor\Core\Src\main.c_save
2026-05-18 23:38:01,756 [INFO] CodeEngine:289 - Generated code: C:\Users\azaki\Documents\GitHub\Project-Nephros\new_double_thermistor\double_thermistor\Core\Src\main.c
2026-05-18 23:38:02,099 [INFO] ProjectBuilder:3606 - Time for Copy HAL[1] : 182mS.
2026-05-18 23:38:02,103 [INFO] ProjectBuilder:5216 - Project Generator version: 4.7.0-B52
2026-05-18 23:38:02,167 [INFO] ConfigFileManager:1595 - The Die is : DIE435
2026-05-18 23:38:02,855 [INFO] ProjectBuilder:5496 - Time for Generating toolchain IDE Files: 751mS.
2026-05-18 23:38:02,856 [INFO] ProjectBuilder:3463 - Time for Copy CMSIS : 1mS.
2026-05-18 23:38:02,859 [INFO] ProjectBuilder:3463 - Time for Copy CMSIS : 0mS.
2026-05-18 23:38:56,148 [INFO] NvicIntPanel:101 - NVIC parent = com.st.microxplorer.plugins.ip.nvic.MultiNvicIntPanel[,0,0,0x0,invalid,layout=javax.swing.BoxLayout,alignmentX=0.0,alignmentY=0.0,border=,flags=9,maximumSize=,minimumSize=,preferredSize=]
2026-05-18 23:38:56,254 [INFO] ADCParametersView:116 -                Rank 1 : true
2026-05-18 23:38:56,254 [INFO] ADCParametersView:116 -                Rank 2 : true
2026-05-18 23:38:56,259 [INFO] ADCParametersView:116 -                Rank 1 : true
2026-05-18 23:38:56,259 [INFO] ADCParametersView:116 -                Rank 2 : true
2026-05-18 23:38:56,259 [INFO] ADCParametersView:116 -                Rank 1 : true
2026-05-18 23:38:56,259 [INFO] ADCParametersView:116 -                Rank 2 : true
2026-05-18 23:38:56,259 [INFO] ADCParametersView:116 -                Rank 1 : true
2026-05-18 23:38:56,259 [INFO] ADCParametersView:116 -                Rank 2 : true
2026-05-18 23:38:56,259 [INFO] ADCParametersView:116 -                Rank 1 : true
2026-05-18 23:38:56,259 [INFO] ADCParametersView:116 -                Rank 2 : true
2026-05-18 23:38:56,259 [INFO] ADCParametersView:116 -                Rank 1 : true
2026-05-18 23:38:56,259 [INFO] ADCParametersView:116 -                Rank 2 : true
2026-05-18 23:38:56,259 [INFO] ADCParametersView:116 -                Rank 1 : true
2026-05-18 23:38:56,259 [INFO] ADCParametersView:116 -                Rank 2 : true
2026-05-18 23:38:56,260 [INFO] ADCParametersView:116 -                Rank 1 : true
2026-05-18 23:38:56,260 [INFO] ADCParametersView:116 -                Rank 2 : true
2026-05-18 23:38:56,260 [INFO] ADCParametersView:116 -                Rank 1 : true
2026-05-18 23:38:56,260 [INFO] ADCParametersView:116 -                Rank 2 : true
2026-05-18 23:38:56,260 [INFO] ADCParametersView:116 -                Rank 1 : true
2026-05-18 23:38:56,260 [INFO] ADCParametersView:116 -                Rank 2 : true
2026-05-18 23:38:56,260 [INFO] ADCParametersView:116 -                Rank 1 : true
2026-05-18 23:38:56,260 [INFO] ADCParametersView:116 -                Rank 2 : true
2026-05-18 23:38:56,260 [INFO] ADCParametersView:116 -                Rank 1 : true
2026-05-18 23:38:56,260 [INFO] ADCParametersView:116 -                Rank 2 : true
2026-05-18 23:38:56,260 [INFO] ADCParametersView:116 -                Rank 1 : true
2026-05-18 23:38:56,260 [INFO] ADCParametersView:116 -                Rank 2 : true
2026-05-18 23:38:56,260 [INFO] ADCParametersView:116 -                Rank 1 : true
2026-05-18 23:38:56,260 [INFO] ADCParametersView:116 -                Rank 2 : true
2026-05-18 23:38:56,260 [INFO] ADCParametersView:116 -                Rank 1 : true
2026-05-18 23:38:56,260 [INFO] ADCParametersView:116 -                Rank 2 : true
2026-05-18 23:38:56,260 [INFO] ADCParametersView:116 -                Rank 1 : true
2026-05-18 23:38:56,260 [INFO] ADCParametersView:116 -                Rank 2 : true
2026-05-18 23:38:56,260 [INFO] ADCParametersView:116 -                Rank 1 : true
2026-05-18 23:38:56,260 [INFO] ADCParametersView:116 -                Rank 2 : true
2026-05-18 23:38:56,260 [INFO] ADCParametersView:116 -                Rank 1 : true
2026-05-18 23:38:56,260 [INFO] ADCParametersView:116 -                Rank 2 : true
2026-05-18 23:38:56,260 [INFO] ADCParametersView:116 -                Rank 1 : true
2026-05-18 23:38:56,260 [INFO] ADCParametersView:116 -                Rank 2 : true
2026-05-18 23:38:56,260 [INFO] ADCParametersView:116 -                Rank 2 : true
2026-05-18 23:38:56,297 [INFO] ADCParametersView:116 -                Rank 1 : true
2026-05-18 23:38:56,297 [INFO] ADCParametersView:116 -                Rank 1 : true
2026-05-18 23:38:56,297 [INFO] ADCParametersView:116 -                Rank 2 : true
2026-05-18 23:38:58,317 [INFO] NvicIntPanel:101 - NVIC parent = com.st.microxplorer.plugins.ip.nvic.MultiNvicIntPanel[,0,0,0x0,invalid,layout=javax.swing.BoxLayout,alignmentX=0.0,alignmentY=0.0,border=,flags=9,maximumSize=,minimumSize=,preferredSize=]
2026-05-18 23:38:58,379 [INFO] ADCParametersView:116 -                Rank 1 : true
2026-05-18 23:38:58,379 [INFO] ADCParametersView:116 -                Rank 2 : true
2026-05-18 23:38:58,381 [INFO] ADCParametersView:116 -                Rank 1 : true
2026-05-18 23:38:58,381 [INFO] ADCParametersView:116 -                Rank 2 : true
2026-05-18 23:38:58,381 [INFO] ADCParametersView:116 -                Rank 1 : true
2026-05-18 23:38:58,381 [INFO] ADCParametersView:116 -                Rank 2 : true
2026-05-18 23:38:58,381 [INFO] ADCParametersView:116 -                Rank 1 : true
2026-05-18 23:38:58,381 [INFO] ADCParametersView:116 -                Rank 2 : true
2026-05-18 23:38:58,381 [INFO] ADCParametersView:116 -                Rank 1 : true
2026-05-18 23:38:58,381 [INFO] ADCParametersView:116 -                Rank 2 : true
2026-05-18 23:38:58,382 [INFO] ADCParametersView:116 -                Rank 1 : true
2026-05-18 23:38:58,382 [INFO] ADCParametersView:116 -                Rank 2 : true
2026-05-18 23:38:58,382 [INFO] ADCParametersView:116 -                Rank 1 : true
2026-05-18 23:38:58,382 [INFO] ADCParametersView:116 -                Rank 2 : true
2026-05-18 23:38:58,382 [INFO] ADCParametersView:116 -                Rank 1 : true
2026-05-18 23:38:58,382 [INFO] ADCParametersView:116 -                Rank 2 : true
2026-05-18 23:38:58,382 [INFO] ADCParametersView:116 -                Rank 1 : true
2026-05-18 23:38:58,382 [INFO] ADCParametersView:116 -                Rank 2 : true
2026-05-18 23:38:58,382 [INFO] ADCParametersView:116 -                Rank 1 : true
2026-05-18 23:38:58,382 [INFO] ADCParametersView:116 -                Rank 2 : true
2026-05-18 23:38:58,382 [INFO] ADCParametersView:116 -                Rank 1 : true
2026-05-18 23:38:58,382 [INFO] ADCParametersView:116 -                Rank 2 : true
2026-05-18 23:38:58,382 [INFO] ADCParametersView:116 -                Rank 1 : true
2026-05-18 23:38:58,382 [INFO] ADCParametersView:116 -                Rank 2 : true
2026-05-18 23:38:58,382 [INFO] ADCParametersView:116 -                Rank 1 : true
2026-05-18 23:38:58,382 [INFO] ADCParametersView:116 -                Rank 2 : true
2026-05-18 23:38:58,382 [INFO] ADCParametersView:116 -                Rank 1 : true
2026-05-18 23:38:58,382 [INFO] ADCParametersView:116 -                Rank 2 : true
2026-05-18 23:38:58,382 [INFO] ADCParametersView:116 -                Rank 1 : true
2026-05-18 23:38:58,382 [INFO] ADCParametersView:116 -                Rank 2 : true
2026-05-18 23:38:58,382 [INFO] ADCParametersView:116 -                Rank 1 : true
2026-05-18 23:38:58,382 [INFO] ADCParametersView:116 -                Rank 2 : true
2026-05-18 23:38:58,382 [INFO] ADCParametersView:116 -                Rank 1 : true
2026-05-18 23:38:58,382 [INFO] ADCParametersView:116 -                Rank 2 : true
2026-05-18 23:38:58,382 [INFO] ADCParametersView:116 -                Rank 1 : true
2026-05-18 23:38:58,382 [INFO] ADCParametersView:116 -                Rank 2 : true
2026-05-18 23:38:58,382 [INFO] ADCParametersView:116 -                Rank 1 : true
2026-05-18 23:38:58,382 [INFO] ADCParametersView:116 -                Rank 2 : true
2026-05-18 23:38:58,382 [INFO] ADCParametersView:116 -                Rank 2 : true
2026-05-18 23:38:58,405 [INFO] ADCParametersView:116 -                Rank 1 : true
2026-05-18 23:38:58,405 [INFO] ADCParametersView:116 -                Rank 1 : true
2026-05-18 23:38:58,405 [INFO] ADCParametersView:116 -                Rank 2 : true
2026-05-18 23:39:12,666 [INFO] UtilMem:75 - End SaveConfig() Used Memory: 999764672 Bytes (1073741824)
2026-05-18 23:39:12,755 [INFO] UtilMem:75 - End SaveConfig() Used Memory: 715122376 Bytes (1073741824)
2026-05-18 23:39:13,265 [INFO] UtilMem:75 - End SaveConfig() Used Memory: 746579656 Bytes (1073741824)
2026-05-18 23:39:13,487 [INFO] BlockDiagram:2775 - set Specific Code input for plugin: NVIC
2026-05-18 23:39:13,487 [INFO] BlockDiagram:2775 - set Specific Code input for plugin: USART
2026-05-18 23:39:13,487 [INFO] BlockDiagram:2775 - set Specific Code input for plugin: DMA
2026-05-18 23:39:13,487 [INFO] BlockDiagram:2775 - set Specific Code input for plugin: SYS
2026-05-18 23:39:13,487 [INFO] BlockDiagram:2775 - set Specific Code input for plugin: GPIO
2026-05-18 23:39:13,488 [INFO] BlockDiagram:2775 - set Specific Code input for plugin: ADC
2026-05-18 23:39:13,488 [INFO] BlockDiagram:2775 - set Specific Code input for plugin: RCC
2026-05-18 23:39:13,489 [INFO] CodeGenerator:892 - code generatio: config db path: C:\ST\STM32CubeIDE_1.19.0\STM32CubeIDE\plugins\com.st.stm32cube.common.mx_6.15.0.202507011659\\db\
2026-05-18 23:39:13,495 [INFO] Argument:325 - Argument : hdmavalue: null
2026-05-18 23:39:13,495 [INFO] Argument:327 - 	 sub Args: 
2026-05-18 23:39:13,495 [INFO] Argument:325 - Argument : Instancevalue: DMA1_Channel1
2026-05-18 23:39:13,495 [INFO] Argument:335 - Argument : Instancevalue: DMA1_Channel1
2026-05-18 23:39:13,495 [INFO] Argument:325 - Argument : Initvalue: null
2026-05-18 23:39:13,495 [INFO] Argument:327 - 	 sub Args: 
2026-05-18 23:39:13,495 [INFO] Argument:325 - Argument : Requestvalue: DMA_REQUEST_0
2026-05-18 23:39:13,495 [INFO] Argument:335 - Argument : Requestvalue: DMA_REQUEST_0
2026-05-18 23:39:13,495 [INFO] Argument:325 - Argument : Directionvalue: DMA_PERIPH_TO_MEMORY
2026-05-18 23:39:13,495 [INFO] Argument:335 - Argument : Directionvalue: DMA_PERIPH_TO_MEMORY
2026-05-18 23:39:13,495 [INFO] Argument:325 - Argument : PeriphIncvalue: DMA_PINC_DISABLE
2026-05-18 23:39:13,495 [INFO] Argument:335 - Argument : PeriphIncvalue: DMA_PINC_DISABLE
2026-05-18 23:39:13,495 [INFO] Argument:325 - Argument : MemIncvalue: DMA_MINC_ENABLE
2026-05-18 23:39:13,495 [INFO] Argument:335 - Argument : MemIncvalue: DMA_MINC_ENABLE
2026-05-18 23:39:13,495 [INFO] Argument:325 - Argument : PeriphDataAlignmentvalue: DMA_PDATAALIGN_HALFWORD
2026-05-18 23:39:13,495 [INFO] Argument:335 - Argument : PeriphDataAlignmentvalue: DMA_PDATAALIGN_HALFWORD
2026-05-18 23:39:13,495 [INFO] Argument:325 - Argument : MemDataAlignmentvalue: DMA_MDATAALIGN_HALFWORD
2026-05-18 23:39:13,495 [INFO] Argument:335 - Argument : MemDataAlignmentvalue: DMA_MDATAALIGN_HALFWORD
2026-05-18 23:39:13,495 [INFO] Argument:325 - Argument : Modevalue: DMA_CIRCULAR
2026-05-18 23:39:13,495 [INFO] Argument:335 - Argument : Modevalue: DMA_CIRCULAR
2026-05-18 23:39:13,495 [INFO] Argument:325 - Argument : Priorityvalue: DMA_PRIORITY_LOW
2026-05-18 23:39:13,495 [INFO] Argument:335 - Argument : Priorityvalue: DMA_PRIORITY_LOW
2026-05-18 23:39:13,495 [INFO] Argument:325 - Argument : Lockvalue: null
2026-05-18 23:39:13,495 [INFO] Argument:335 - Argument : Lockvalue: null
2026-05-18 23:39:13,496 [INFO] Argument:325 - Argument : Statevalue: null
2026-05-18 23:39:13,496 [INFO] Argument:335 - Argument : Statevalue: null
2026-05-18 23:39:13,496 [INFO] Argument:325 - Argument : Parentvalue: null
2026-05-18 23:39:13,496 [INFO] Argument:335 - Argument : Parentvalue: null
2026-05-18 23:39:13,496 [INFO] Argument:325 - Argument : XferCpltCallbackvalue: null
2026-05-18 23:39:13,496 [INFO] Argument:335 - Argument : XferCpltCallbackvalue: null
2026-05-18 23:39:13,496 [INFO] Argument:325 - Argument : XferHalfCpltCallbackvalue: null
2026-05-18 23:39:13,496 [INFO] Argument:335 - Argument : XferHalfCpltCallbackvalue: null
2026-05-18 23:39:13,496 [INFO] Argument:325 - Argument : XferErrorCallbackvalue: null
2026-05-18 23:39:13,496 [INFO] Argument:335 - Argument : XferErrorCallbackvalue: null
2026-05-18 23:39:13,496 [INFO] Argument:325 - Argument : XferAbortCallbackvalue: null
2026-05-18 23:39:13,496 [INFO] Argument:335 - Argument : XferAbortCallbackvalue: null
2026-05-18 23:39:13,496 [INFO] Argument:325 - Argument : ErrorCodevalue: null
2026-05-18 23:39:13,496 [INFO] Argument:335 - Argument : ErrorCodevalue: null
2026-05-18 23:39:13,496 [INFO] Argument:325 - Argument : DmaBaseAddressvalue: null
2026-05-18 23:39:13,496 [INFO] Argument:335 - Argument : DmaBaseAddressvalue: null
2026-05-18 23:39:13,496 [INFO] Argument:325 - Argument : ChannelIndexvalue: null
2026-05-18 23:39:13,496 [INFO] Argument:335 - Argument : ChannelIndexvalue: null
2026-05-18 23:39:13,496 [INFO] Argument:325 - Argument : hdmavalue: null
2026-05-18 23:39:13,496 [INFO] Argument:327 - 	 sub Args: 
2026-05-18 23:39:13,496 [INFO] Argument:325 - Argument : Instancevalue: DMA1_Channel1
2026-05-18 23:39:13,496 [INFO] Argument:335 - Argument : Instancevalue: DMA1_Channel1
2026-05-18 23:39:13,496 [INFO] Argument:325 - Argument : Initvalue: null
2026-05-18 23:39:13,496 [INFO] Argument:327 - 	 sub Args: 
2026-05-18 23:39:13,496 [INFO] Argument:325 - Argument : Requestvalue: DMA_REQUEST_0
2026-05-18 23:39:13,496 [INFO] Argument:335 - Argument : Requestvalue: DMA_REQUEST_0
2026-05-18 23:39:13,496 [INFO] Argument:325 - Argument : Directionvalue: DMA_PERIPH_TO_MEMORY
2026-05-18 23:39:13,496 [INFO] Argument:335 - Argument : Directionvalue: DMA_PERIPH_TO_MEMORY
2026-05-18 23:39:13,496 [INFO] Argument:325 - Argument : PeriphIncvalue: DMA_PINC_DISABLE
2026-05-18 23:39:13,496 [INFO] Argument:335 - Argument : PeriphIncvalue: DMA_PINC_DISABLE
2026-05-18 23:39:13,496 [INFO] Argument:325 - Argument : MemIncvalue: DMA_MINC_ENABLE
2026-05-18 23:39:13,496 [INFO] Argument:335 - Argument : MemIncvalue: DMA_MINC_ENABLE
2026-05-18 23:39:13,496 [INFO] Argument:325 - Argument : PeriphDataAlignmentvalue: DMA_PDATAALIGN_HALFWORD
2026-05-18 23:39:13,496 [INFO] Argument:335 - Argument : PeriphDataAlignmentvalue: DMA_PDATAALIGN_HALFWORD
2026-05-18 23:39:13,496 [INFO] Argument:325 - Argument : MemDataAlignmentvalue: DMA_MDATAALIGN_HALFWORD
2026-05-18 23:39:13,496 [INFO] Argument:335 - Argument : MemDataAlignmentvalue: DMA_MDATAALIGN_HALFWORD
2026-05-18 23:39:13,496 [INFO] Argument:325 - Argument : Modevalue: DMA_CIRCULAR
2026-05-18 23:39:13,496 [INFO] Argument:335 - Argument : Modevalue: DMA_CIRCULAR
2026-05-18 23:39:13,496 [INFO] Argument:325 - Argument : Priorityvalue: DMA_PRIORITY_LOW
2026-05-18 23:39:13,496 [INFO] Argument:335 - Argument : Priorityvalue: DMA_PRIORITY_LOW
2026-05-18 23:39:13,496 [INFO] Argument:325 - Argument : Lockvalue: null
2026-05-18 23:39:13,496 [INFO] Argument:335 - Argument : Lockvalue: null
2026-05-18 23:39:13,496 [INFO] Argument:325 - Argument : Statevalue: null
2026-05-18 23:39:13,496 [INFO] Argument:335 - Argument : Statevalue: null
2026-05-18 23:39:13,496 [INFO] Argument:325 - Argument : Parentvalue: null
2026-05-18 23:39:13,496 [INFO] Argument:335 - Argument : Parentvalue: null
2026-05-18 23:39:13,496 [INFO] Argument:325 - Argument : XferCpltCallbackvalue: null
2026-05-18 23:39:13,496 [INFO] Argument:335 - Argument : XferCpltCallbackvalue: null
2026-05-18 23:39:13,496 [INFO] Argument:325 - Argument : XferHalfCpltCallbackvalue: null
2026-05-18 23:39:13,496 [INFO] Argument:335 - Argument : XferHalfCpltCallbackvalue: null
2026-05-18 23:39:13,496 [INFO] Argument:325 - Argument : XferErrorCallbackvalue: null
2026-05-18 23:39:13,496 [INFO] Argument:335 - Argument : XferErrorCallbackvalue: null
2026-05-18 23:39:13,496 [INFO] Argument:325 - Argument : XferAbortCallbackvalue: null
2026-05-18 23:39:13,496 [INFO] Argument:335 - Argument : XferAbortCallbackvalue: null
2026-05-18 23:39:13,496 [INFO] Argument:325 - Argument : ErrorCodevalue: null
2026-05-18 23:39:13,496 [INFO] Argument:335 - Argument : ErrorCodevalue: null
2026-05-18 23:39:13,496 [INFO] Argument:325 - Argument : DmaBaseAddressvalue: null
2026-05-18 23:39:13,496 [INFO] Argument:335 - Argument : DmaBaseAddressvalue: null
2026-05-18 23:39:13,496 [INFO] Argument:325 - Argument : ChannelIndexvalue: null
2026-05-18 23:39:13,496 [INFO] Argument:335 - Argument : ChannelIndexvalue: null
2026-05-18 23:39:13,496 [INFO] Argument:325 - Argument : pSyncConfigvalue: null
2026-05-18 23:39:13,496 [INFO] Argument:327 - 	 sub Args: 
2026-05-18 23:39:13,496 [INFO] Argument:325 - Argument : SyncSignalIDvalue: null
2026-05-18 23:39:13,496 [INFO] Argument:335 - Argument : SyncSignalIDvalue: null
2026-05-18 23:39:13,496 [INFO] Argument:325 - Argument : SyncPolarityvalue: null
2026-05-18 23:39:13,496 [INFO] Argument:335 - Argument : SyncPolarityvalue: null
2026-05-18 23:39:13,496 [INFO] Argument:325 - Argument : SyncEnablevalue: null
2026-05-18 23:39:13,496 [INFO] Argument:335 - Argument : SyncEnablevalue: null
2026-05-18 23:39:13,497 [INFO] Argument:325 - Argument : EventEnablevalue: null
2026-05-18 23:39:13,497 [INFO] Argument:335 - Argument : EventEnablevalue: null
2026-05-18 23:39:13,497 [INFO] Argument:325 - Argument : RequestNumbervalue: null
2026-05-18 23:39:13,497 [INFO] Argument:335 - Argument : RequestNumbervalue: null
2026-05-18 23:39:13,600 [INFO] CodeEngine:265 - oldGeneratedFile, C:\Users\azaki\Documents\GitHub\Project-Nephros\new_double_thermistor\double_thermistor\MXTmpFiles\license.tmp_save
2026-05-18 23:39:13,661 [INFO] CodeEngine:289 - Generated code: C:\Users\azaki\Documents\GitHub\Project-Nephros\new_double_thermistor\double_thermistor\MXTmpFiles\license.tmp
2026-05-18 23:39:13,691 [INFO] CodeEngine:265 - oldGeneratedFile, C:\Users\azaki\Documents\GitHub\Project-Nephros\new_double_thermistor\double_thermistor\MXTmpFiles\gpio.tmp_save
2026-05-18 23:39:13,752 [INFO] CodeEngine:289 - Generated code: C:\Users\azaki\Documents\GitHub\Project-Nephros\new_double_thermistor\double_thermistor\MXTmpFiles\gpio.tmp
2026-05-18 23:39:13,847 [INFO] CodeEngine:265 - oldGeneratedFile, C:\Users\azaki\Documents\GitHub\Project-Nephros\new_double_thermistor\double_thermistor\MXTmpFiles\dma.tmp_save
2026-05-18 23:39:13,903 [INFO] CodeEngine:289 - Generated code: C:\Users\azaki\Documents\GitHub\Project-Nephros\new_double_thermistor\double_thermistor\MXTmpFiles\dma.tmp
2026-05-18 23:39:13,908 [INFO] CodeEngine:265 - oldGeneratedFile, C:\Users\azaki\Documents\GitHub\Project-Nephros\new_double_thermistor\double_thermistor\MXTmpFiles\dma_GV.tmp_save
2026-05-18 23:39:13,960 [INFO] CodeEngine:289 - Generated code: C:\Users\azaki\Documents\GitHub\Project-Nephros\new_double_thermistor\double_thermistor\MXTmpFiles\dma_GV.tmp
2026-05-18 23:39:13,973 [INFO] CodeEngine:265 - oldGeneratedFile, C:\Users\azaki\Documents\GitHub\Project-Nephros\new_double_thermistor\double_thermistor\Core\Src\stm32l4xx_it.c_save
2026-05-18 23:39:14,033 [INFO] CodeEngine:289 - Generated code: C:\Users\azaki\Documents\GitHub\Project-Nephros\new_double_thermistor\double_thermistor\Core\Src\stm32l4xx_it.c
2026-05-18 23:39:14,040 [INFO] CodeEngine:265 - oldGeneratedFile, C:\Users\azaki\Documents\GitHub\Project-Nephros\new_double_thermistor\double_thermistor\Core\Inc\stm32l4xx_it.h_save
2026-05-18 23:39:14,090 [INFO] CodeEngine:289 - Generated code: C:\Users\azaki\Documents\GitHub\Project-Nephros\new_double_thermistor\double_thermistor\Core\Inc\stm32l4xx_it.h
2026-05-18 23:39:14,103 [INFO] CodeEngine:265 - oldGeneratedFile, C:\Users\azaki\Documents\GitHub\Project-Nephros\new_double_thermistor\double_thermistor\Core\Src\stm32l4xx_hal_msp.c_save
2026-05-18 23:39:14,184 [INFO] CodeEngine:289 - Generated code: C:\Users\azaki\Documents\GitHub\Project-Nephros\new_double_thermistor\double_thermistor\Core\Src\stm32l4xx_hal_msp.c
2026-05-18 23:39:14,189 [INFO] CodeEngine:265 - oldGeneratedFile, C:\Users\azaki\Documents\GitHub\Project-Nephros\new_double_thermistor\double_thermistor\MXTmpFiles\system.tmp_save
2026-05-18 23:39:14,237 [INFO] CodeEngine:289 - Generated code: C:\Users\azaki\Documents\GitHub\Project-Nephros\new_double_thermistor\double_thermistor\MXTmpFiles\system.tmp
2026-05-18 23:39:14,249 [INFO] CodeEngine:321 - oldGeneratedFile, C:\Users\azaki\Documents\GitHub\Project-Nephros\new_double_thermistor\double_thermistor\Core\Inc\stm32l4xx_hal_conf.h_save
2026-05-18 23:39:14,305 [INFO] CodeEngine:345 - Generated code: C:\Users\azaki\Documents\GitHub\Project-Nephros\new_double_thermistor\double_thermistor\Core\Inc\stm32l4xx_hal_conf.h
2026-05-18 23:39:14,331 [INFO] CodeEngine:265 - oldGeneratedFile, C:\Users\azaki\Documents\GitHub\Project-Nephros\new_double_thermistor\double_thermistor\Core\Inc\main.h_save
2026-05-18 23:39:14,386 [INFO] CodeEngine:289 - Generated code: C:\Users\azaki\Documents\GitHub\Project-Nephros\new_double_thermistor\double_thermistor\Core\Inc\main.h
2026-05-18 23:39:14,393 [INFO] CodeEngine:265 - oldGeneratedFile, C:\Users\azaki\Documents\GitHub\Project-Nephros\new_double_thermistor\double_thermistor\Core\Src\main.c_save
2026-05-18 23:39:14,486 [INFO] CodeEngine:289 - Generated code: C:\Users\azaki\Documents\GitHub\Project-Nephros\new_double_thermistor\double_thermistor\Core\Src\main.c
2026-05-18 23:39:14,762 [INFO] ProjectBuilder:3606 - Time for Copy HAL[1] : 137mS.
2026-05-18 23:39:14,765 [INFO] ProjectBuilder:5216 - Project Generator version: 4.7.0-B52
2026-05-18 23:39:14,825 [INFO] ConfigFileManager:1595 - The Die is : DIE435
2026-05-18 23:39:15,362 [INFO] ProjectBuilder:5496 - Time for Generating toolchain IDE Files: 597mS.
2026-05-18 23:39:15,364 [INFO] ProjectBuilder:3463 - Time for Copy CMSIS : 1mS.
2026-05-18 23:39:15,368 [INFO] ProjectBuilder:3463 - Time for Copy CMSIS : 0mS.
2026-05-18 23:51:20,019 [INFO] NvicIntPanel:101 - NVIC parent = com.st.microxplorer.plugins.ip.nvic.MultiNvicIntPanel[,0,0,0x0,invalid,layout=javax.swing.BoxLayout,alignmentX=0.0,alignmentY=0.0,border=,flags=9,maximumSize=,minimumSize=,preferredSize=]
2026-05-18 23:51:20,072 [INFO] ADCParametersView:116 -                Rank 1 : true
2026-05-18 23:51:20,072 [INFO] ADCParametersView:116 -                Rank 2 : true
2026-05-18 23:51:20,074 [INFO] ADCParametersView:116 -                Rank 1 : true
2026-05-18 23:51:20,074 [INFO] ADCParametersView:116 -                Rank 2 : true
2026-05-18 23:51:20,075 [INFO] ADCParametersView:116 -                Rank 1 : true
2026-05-18 23:51:20,075 [INFO] ADCParametersView:116 -                Rank 2 : true
2026-05-18 23:51:20,075 [INFO] ADCParametersView:116 -                Rank 1 : true
2026-05-18 23:51:20,075 [INFO] ADCParametersView:116 -                Rank 2 : true
2026-05-18 23:51:20,075 [INFO] ADCParametersView:116 -                Rank 1 : true
2026-05-18 23:51:20,075 [INFO] ADCParametersView:116 -                Rank 2 : true
2026-05-18 23:51:20,075 [INFO] ADCParametersView:116 -                Rank 1 : true
2026-05-18 23:51:20,075 [INFO] ADCParametersView:116 -                Rank 2 : true
2026-05-18 23:51:20,075 [INFO] ADCParametersView:116 -                Rank 1 : true
2026-05-18 23:51:20,075 [INFO] ADCParametersView:116 -                Rank 2 : true
2026-05-18 23:51:20,075 [INFO] ADCParametersView:116 -                Rank 1 : true
2026-05-18 23:51:20,075 [INFO] ADCParametersView:116 -                Rank 2 : true
2026-05-18 23:51:20,075 [INFO] ADCParametersView:116 -                Rank 1 : true
2026-05-18 23:51:20,075 [INFO] ADCParametersView:116 -                Rank 2 : true
2026-05-18 23:51:20,075 [INFO] ADCParametersView:116 -                Rank 1 : true
2026-05-18 23:51:20,075 [INFO] ADCParametersView:116 -                Rank 2 : true
2026-05-18 23:51:20,075 [INFO] ADCParametersView:116 -                Rank 1 : true
2026-05-18 23:51:20,075 [INFO] ADCParametersView:116 -                Rank 2 : true
2026-05-18 23:51:20,075 [INFO] ADCParametersView:116 -                Rank 1 : true
2026-05-18 23:51:20,075 [INFO] ADCParametersView:116 -                Rank 2 : true
2026-05-18 23:51:20,075 [INFO] ADCParametersView:116 -                Rank 1 : true
2026-05-18 23:51:20,075 [INFO] ADCParametersView:116 -                Rank 2 : true
2026-05-18 23:51:20,075 [INFO] ADCParametersView:116 -                Rank 1 : true
2026-05-18 23:51:20,075 [INFO] ADCParametersView:116 -                Rank 2 : true
2026-05-18 23:51:20,075 [INFO] ADCParametersView:116 -                Rank 1 : true
2026-05-18 23:51:20,075 [INFO] ADCParametersView:116 -                Rank 2 : true
2026-05-18 23:51:20,075 [INFO] ADCParametersView:116 -                Rank 1 : true
2026-05-18 23:51:20,075 [INFO] ADCParametersView:116 -                Rank 2 : true
2026-05-18 23:51:20,075 [INFO] ADCParametersView:116 -                Rank 1 : true
2026-05-18 23:51:20,075 [INFO] ADCParametersView:116 -                Rank 2 : true
2026-05-18 23:51:20,075 [INFO] ADCParametersView:116 -                Rank 1 : true
2026-05-18 23:51:20,075 [INFO] ADCParametersView:116 -                Rank 2 : true
2026-05-18 23:51:20,075 [INFO] ADCParametersView:116 -                Rank 1 : true
2026-05-18 23:51:20,075 [INFO] ADCParametersView:116 -                Rank 2 : true
2026-05-18 23:51:20,075 [INFO] ADCParametersView:116 -                Rank 2 : true
2026-05-18 23:51:20,101 [INFO] ADCParametersView:116 -                Rank 1 : true
2026-05-18 23:51:20,101 [INFO] ADCParametersView:116 -                Rank 1 : true
2026-05-18 23:51:20,101 [INFO] ADCParametersView:116 -                Rank 2 : true
2026-05-18 23:53:01,683 [INFO] NvicIntPanel:101 - NVIC parent = com.st.microxplorer.plugins.ip.nvic.MultiNvicIntPanel[,0,0,0x0,invalid,layout=javax.swing.BoxLayout,alignmentX=0.0,alignmentY=0.0,border=,flags=9,maximumSize=,minimumSize=,preferredSize=]
2026-05-18 23:53:50,082 [INFO] NvicIntPanel:101 - NVIC parent = com.st.microxplorer.plugins.ip.nvic.MultiNvicIntPanel[,0,0,0x0,invalid,layout=javax.swing.BoxLayout,alignmentX=0.0,alignmentY=0.0,border=,flags=9,maximumSize=,minimumSize=,preferredSize=]
2026-05-18 23:54:00,210 [INFO] ADCParametersView:116 -                Rank 1 : true
2026-05-18 23:54:00,210 [INFO] ADCParametersView:116 -                Rank 2 : true
2026-05-18 23:54:00,211 [INFO] ADCParametersView:116 -                Rank 1 : true
2026-05-18 23:54:00,211 [INFO] ADCParametersView:116 -                Rank 2 : true
2026-05-18 23:54:00,211 [INFO] ADCParametersView:116 -                Rank 1 : true
2026-05-18 23:54:00,211 [INFO] ADCParametersView:116 -                Rank 2 : true
2026-05-18 23:54:00,211 [INFO] ADCParametersView:116 -                Rank 1 : true
2026-05-18 23:54:00,211 [INFO] ADCParametersView:116 -                Rank 2 : true
2026-05-18 23:54:00,211 [INFO] ADCParametersView:116 -                Rank 1 : true
2026-05-18 23:54:00,211 [INFO] ADCParametersView:116 -                Rank 2 : true
2026-05-18 23:54:00,211 [INFO] ADCParametersView:116 -                Rank 1 : true
2026-05-18 23:54:00,211 [INFO] ADCParametersView:116 -                Rank 2 : true
2026-05-18 23:54:00,211 [INFO] ADCParametersView:116 -                Rank 1 : true
2026-05-18 23:54:00,211 [INFO] ADCParametersView:116 -                Rank 2 : true
2026-05-18 23:54:00,211 [INFO] ADCParametersView:116 -                Rank 1 : true
2026-05-18 23:54:00,211 [INFO] ADCParametersView:116 -                Rank 2 : true
2026-05-18 23:54:00,212 [INFO] ADCParametersView:116 -                Rank 1 : true
2026-05-18 23:54:00,212 [INFO] ADCParametersView:116 -                Rank 2 : true
2026-05-18 23:54:00,212 [INFO] ADCParametersView:116 -                Rank 1 : true
2026-05-18 23:54:00,212 [INFO] ADCParametersView:116 -                Rank 2 : true
2026-05-18 23:54:00,212 [INFO] ADCParametersView:116 -                Rank 1 : true
2026-05-18 23:54:00,212 [INFO] ADCParametersView:116 -                Rank 2 : true
2026-05-18 23:54:00,212 [INFO] ADCParametersView:116 -                Rank 1 : true
2026-05-18 23:54:00,212 [INFO] ADCParametersView:116 -                Rank 2 : true
2026-05-18 23:54:00,212 [INFO] ADCParametersView:116 -                Rank 1 : true
2026-05-18 23:54:00,212 [INFO] ADCParametersView:116 -                Rank 2 : true
2026-05-18 23:54:00,212 [INFO] ADCParametersView:116 -                Rank 1 : true
2026-05-18 23:54:00,212 [INFO] ADCParametersView:116 -                Rank 2 : true
2026-05-18 23:54:00,212 [INFO] ADCParametersView:116 -                Rank 1 : true
2026-05-18 23:54:00,212 [INFO] ADCParametersView:116 -                Rank 2 : true
2026-05-18 23:54:00,212 [INFO] ADCParametersView:116 -                Rank 1 : true
2026-05-18 23:54:00,212 [INFO] ADCParametersView:116 -                Rank 2 : true
2026-05-18 23:54:00,212 [INFO] ADCParametersView:116 -                Rank 1 : true
2026-05-18 23:54:00,212 [INFO] ADCParametersView:116 -                Rank 2 : true
2026-05-18 23:54:00,212 [INFO] ADCParametersView:116 -                Rank 1 : true
2026-05-18 23:54:00,212 [INFO] ADCParametersView:116 -                Rank 2 : true
2026-05-18 23:54:00,212 [INFO] ADCParametersView:116 -                Rank 1 : true
2026-05-18 23:54:00,212 [INFO] ADCParametersView:116 -                Rank 2 : true
2026-05-18 23:54:00,212 [INFO] ADCParametersView:116 -                Rank 2 : true
2026-05-18 23:54:00,236 [INFO] ADCParametersView:116 -                Rank 1 : true
2026-05-18 23:54:00,236 [INFO] ADCParametersView:116 -                Rank 1 : true
2026-05-18 23:54:00,236 [INFO] ADCParametersView:116 -                Rank 2 : true
2026-05-18 23:54:00,239 [INFO] ADCParametersView:116 -                Rank 1 : true
2026-05-18 23:54:00,239 [INFO] ADCParametersView:116 -                Rank 2 : true
2026-05-18 23:54:00,240 [INFO] ADCParametersView:116 -                Rank 1 : true
2026-05-18 23:54:00,240 [INFO] ADCParametersView:116 -                Rank 2 : true
2026-05-18 23:54:00,240 [INFO] ADCParametersView:116 -                Rank 1 : true
2026-05-18 23:54:00,240 [INFO] ADCParametersView:116 -                Rank 2 : true
2026-05-18 23:54:00,240 [INFO] ADCParametersView:116 -                Rank 1 : true
2026-05-18 23:54:00,240 [INFO] ADCParametersView:116 -                Rank 2 : true
2026-05-18 23:54:00,240 [INFO] ADCParametersView:116 -                Rank 1 : true
2026-05-18 23:54:00,240 [INFO] ADCParametersView:116 -                Rank 2 : true
2026-05-18 23:54:00,240 [INFO] ADCParametersView:116 -                Rank 1 : true
2026-05-18 23:54:00,240 [INFO] ADCParametersView:116 -                Rank 2 : true
2026-05-18 23:54:00,240 [INFO] ADCParametersView:116 -                Rank 1 : true
2026-05-18 23:54:00,240 [INFO] ADCParametersView:116 -                Rank 2 : true
2026-05-18 23:54:00,240 [INFO] ADCParametersView:116 -                Rank 1 : true
2026-05-18 23:54:00,240 [INFO] ADCParametersView:116 -                Rank 2 : true
2026-05-18 23:54:00,240 [INFO] ADCParametersView:116 -                Rank 1 : true
2026-05-18 23:54:00,240 [INFO] ADCParametersView:116 -                Rank 2 : true
2026-05-18 23:54:00,240 [INFO] ADCParametersView:116 -                Rank 1 : true
2026-05-18 23:54:00,240 [INFO] ADCParametersView:116 -                Rank 2 : true
2026-05-18 23:54:00,240 [INFO] ADCParametersView:116 -                Rank 1 : true
2026-05-18 23:54:00,240 [INFO] ADCParametersView:116 -                Rank 2 : true
2026-05-18 23:54:00,240 [INFO] ADCParametersView:116 -                Rank 1 : true
2026-05-18 23:54:00,240 [INFO] ADCParametersView:116 -                Rank 2 : true
2026-05-18 23:54:00,240 [INFO] ADCParametersView:116 -                Rank 1 : true
2026-05-18 23:54:00,240 [INFO] ADCParametersView:116 -                Rank 2 : true
2026-05-18 23:54:00,240 [INFO] ADCParametersView:116 -                Rank 1 : true
2026-05-18 23:54:00,240 [INFO] ADCParametersView:116 -                Rank 2 : true
2026-05-18 23:54:00,240 [INFO] ADCParametersView:116 -                Rank 1 : true
2026-05-18 23:54:00,240 [INFO] ADCParametersView:116 -                Rank 2 : true
2026-05-18 23:54:00,240 [INFO] ADCParametersView:116 -                Rank 1 : true
2026-05-18 23:54:00,240 [INFO] ADCParametersView:116 -                Rank 2 : true
2026-05-18 23:54:00,241 [INFO] ADCParametersView:116 -                Rank 1 : true
2026-05-18 23:54:00,241 [INFO] ADCParametersView:116 -                Rank 2 : true
2026-05-18 23:54:00,241 [INFO] ADCParametersView:116 -                Rank 1 : true
2026-05-18 23:54:00,241 [INFO] ADCParametersView:116 -                Rank 2 : true
2026-05-18 23:54:00,241 [INFO] ADCParametersView:116 -                Rank 1 : true
2026-05-18 23:54:00,241 [INFO] ADCParametersView:116 -                Rank 2 : true
2026-05-18 23:54:00,241 [INFO] ADCParametersView:116 -                Rank 2 : true
2026-05-18 23:54:00,266 [INFO] ADCParametersView:116 -                Rank 1 : true
2026-05-18 23:54:00,266 [INFO] ADCParametersView:116 -                Rank 1 : true
2026-05-18 23:54:00,266 [INFO] ADCParametersView:116 -                Rank 2 : true
2026-05-18 23:54:00,268 [INFO] ADCParametersView:116 -                Rank 1 : true
2026-05-18 23:54:00,268 [INFO] ADCParametersView:116 -                Rank 2 : true
2026-05-18 23:54:00,269 [INFO] ADCParametersView:116 -                Rank 1 : true
2026-05-18 23:54:00,269 [INFO] ADCParametersView:116 -                Rank 2 : true
2026-05-18 23:54:00,271 [INFO] ADCParametersView:116 -                Rank 1 : true
2026-05-18 23:54:00,271 [INFO] ADCParametersView:116 -                Rank 2 : true
2026-05-18 23:54:00,271 [INFO] ADCParametersView:116 -                Rank 1 : true
2026-05-18 23:54:00,271 [INFO] ADCParametersView:116 -                Rank 2 : true
2026-05-18 23:54:00,271 [INFO] ADCParametersView:116 -                Rank 1 : true
2026-05-18 23:54:00,271 [INFO] ADCParametersView:116 -                Rank 2 : true
2026-05-18 23:54:00,271 [INFO] ADCParametersView:116 -                Rank 1 : true
2026-05-18 23:54:00,271 [INFO] ADCParametersView:116 -                Rank 2 : true
2026-05-18 23:54:00,271 [INFO] ADCParametersView:116 -                Rank 1 : true
2026-05-18 23:54:00,271 [INFO] ADCParametersView:116 -                Rank 2 : true
2026-05-18 23:54:00,271 [INFO] ADCParametersView:116 -                Rank 1 : true
2026-05-18 23:54:00,271 [INFO] ADCParametersView:116 -                Rank 2 : true
2026-05-18 23:54:00,271 [INFO] ADCParametersView:116 -                Rank 1 : true
2026-05-18 23:54:00,271 [INFO] ADCParametersView:116 -                Rank 2 : true
2026-05-18 23:54:00,271 [INFO] ADCParametersView:116 -                Rank 1 : true
2026-05-18 23:54:00,271 [INFO] ADCParametersView:116 -                Rank 2 : true
2026-05-18 23:54:00,271 [INFO] ADCParametersView:116 -                Rank 1 : true
2026-05-18 23:54:00,271 [INFO] ADCParametersView:116 -                Rank 2 : true
2026-05-18 23:54:00,271 [INFO] ADCParametersView:116 -                Rank 1 : true
2026-05-18 23:54:00,271 [INFO] ADCParametersView:116 -                Rank 2 : true
2026-05-18 23:54:00,271 [INFO] ADCParametersView:116 -                Rank 1 : true
2026-05-18 23:54:00,271 [INFO] ADCParametersView:116 -                Rank 2 : true
2026-05-18 23:54:00,271 [INFO] ADCParametersView:116 -                Rank 1 : true
2026-05-18 23:54:00,271 [INFO] ADCParametersView:116 -                Rank 2 : true
2026-05-18 23:54:00,271 [INFO] ADCParametersView:116 -                Rank 1 : true
2026-05-18 23:54:00,271 [INFO] ADCParametersView:116 -                Rank 2 : true
2026-05-18 23:54:00,271 [INFO] ADCParametersView:116 -                Rank 1 : true
2026-05-18 23:54:00,271 [INFO] ADCParametersView:116 -                Rank 2 : true
2026-05-18 23:54:00,271 [INFO] ADCParametersView:116 -                Rank 1 : true
2026-05-18 23:54:00,271 [INFO] ADCParametersView:116 -                Rank 2 : true
2026-05-18 23:54:00,271 [INFO] ADCParametersView:116 -                Rank 1 : true
2026-05-18 23:54:00,272 [INFO] ADCParametersView:116 -                Rank 2 : true
2026-05-18 23:54:00,272 [INFO] ADCParametersView:116 -                Rank 1 : true
2026-05-18 23:54:00,272 [INFO] ADCParametersView:116 -                Rank 2 : true
2026-05-18 23:54:00,272 [INFO] ADCParametersView:116 -                Rank 2 : true
2026-05-18 23:54:00,297 [INFO] ADCParametersView:116 -                Rank 1 : true
2026-05-18 23:54:00,297 [INFO] ADCParametersView:116 -                Rank 1 : true
2026-05-18 23:54:00,297 [INFO] ADCParametersView:116 -                Rank 2 : true
2026-05-18 23:54:00,299 [INFO] ADCParametersView:116 -                Rank 1 : true
2026-05-18 23:54:00,299 [INFO] ADCParametersView:116 -                Rank 2 : true
2026-05-18 23:54:00,300 [INFO] ADCParametersView:116 -                Rank 1 : true
2026-05-18 23:54:00,300 [INFO] ADCParametersView:116 -                Rank 2 : true
2026-05-18 23:54:00,300 [INFO] ADCParametersView:116 -                Rank 1 : true
2026-05-18 23:54:00,300 [INFO] ADCParametersView:116 -                Rank 2 : true
2026-05-18 23:54:00,300 [INFO] ADCParametersView:116 -                Rank 1 : true
2026-05-18 23:54:00,300 [INFO] ADCParametersView:116 -                Rank 2 : true
2026-05-18 23:54:00,300 [INFO] ADCParametersView:116 -                Rank 1 : true
2026-05-18 23:54:00,300 [INFO] ADCParametersView:116 -                Rank 2 : true
2026-05-18 23:54:00,300 [INFO] ADCParametersView:116 -                Rank 1 : true
2026-05-18 23:54:00,300 [INFO] ADCParametersView:116 -                Rank 2 : true
2026-05-18 23:54:00,300 [INFO] ADCParametersView:116 -                Rank 1 : true
2026-05-18 23:54:00,300 [INFO] ADCParametersView:116 -                Rank 2 : true
2026-05-18 23:54:00,300 [INFO] ADCParametersView:116 -                Rank 1 : true
2026-05-18 23:54:00,300 [INFO] ADCParametersView:116 -                Rank 2 : true
2026-05-18 23:54:00,300 [INFO] ADCParametersView:116 -                Rank 1 : true
2026-05-18 23:54:00,300 [INFO] ADCParametersView:116 -                Rank 2 : true
2026-05-18 23:54:00,300 [INFO] ADCParametersView:116 -                Rank 1 : true
2026-05-18 23:54:00,300 [INFO] ADCParametersView:116 -                Rank 2 : true
2026-05-18 23:54:00,301 [INFO] ADCParametersView:116 -                Rank 1 : true
2026-05-18 23:54:00,301 [INFO] ADCParametersView:116 -                Rank 2 : true
2026-05-18 23:54:00,301 [INFO] ADCParametersView:116 -                Rank 1 : true
2026-05-18 23:54:00,301 [INFO] ADCParametersView:116 -                Rank 2 : true
2026-05-18 23:54:00,301 [INFO] ADCParametersView:116 -                Rank 1 : true
2026-05-18 23:54:00,301 [INFO] ADCParametersView:116 -                Rank 2 : true
2026-05-18 23:54:00,301 [INFO] ADCParametersView:116 -                Rank 1 : true
2026-05-18 23:54:00,301 [INFO] ADCParametersView:116 -                Rank 2 : true
2026-05-18 23:54:00,301 [INFO] ADCParametersView:116 -                Rank 1 : true
2026-05-18 23:54:00,301 [INFO] ADCParametersView:116 -                Rank 2 : true
2026-05-18 23:54:00,301 [INFO] ADCParametersView:116 -                Rank 1 : true
2026-05-18 23:54:00,301 [INFO] ADCParametersView:116 -                Rank 2 : true
2026-05-18 23:54:00,301 [INFO] ADCParametersView:116 -                Rank 1 : true
2026-05-18 23:54:00,301 [INFO] ADCParametersView:116 -                Rank 2 : true
2026-05-18 23:54:00,301 [INFO] ADCParametersView:116 -                Rank 1 : true
2026-05-18 23:54:00,301 [INFO] ADCParametersView:116 -                Rank 2 : true
2026-05-18 23:54:00,301 [INFO] ADCParametersView:116 -                Rank 1 : true
2026-05-18 23:54:00,301 [INFO] ADCParametersView:116 -                Rank 2 : true
2026-05-18 23:54:00,301 [INFO] ADCParametersView:116 -                Rank 2 : true
2026-05-18 23:54:00,324 [INFO] ADCParametersView:116 -                Rank 1 : true
2026-05-18 23:54:00,324 [INFO] ADCParametersView:116 -                Rank 1 : true
2026-05-18 23:54:00,324 [INFO] ADCParametersView:116 -                Rank 2 : true
2026-05-18 23:54:00,325 [INFO] ADCParametersView:116 -                Rank 1 : true
2026-05-18 23:54:00,325 [INFO] ADCParametersView:116 -                Rank 2 : true
2026-05-18 23:54:00,326 [INFO] ADCParametersView:116 -                Rank 1 : true
2026-05-18 23:54:00,326 [INFO] ADCParametersView:116 -                Rank 2 : true
2026-05-18 23:54:00,326 [INFO] ADCParametersView:116 -                Rank 1 : true
2026-05-18 23:54:00,326 [INFO] ADCParametersView:116 -                Rank 2 : true
2026-05-18 23:54:00,326 [INFO] ADCParametersView:116 -                Rank 1 : true
2026-05-18 23:54:00,326 [INFO] ADCParametersView:116 -                Rank 2 : true
2026-05-18 23:54:00,326 [INFO] ADCParametersView:116 -                Rank 1 : true
2026-05-18 23:54:00,326 [INFO] ADCParametersView:116 -                Rank 2 : true
2026-05-18 23:54:00,326 [INFO] ADCParametersView:116 -                Rank 1 : true
2026-05-18 23:54:00,326 [INFO] ADCParametersView:116 -                Rank 2 : true
2026-05-18 23:54:00,326 [INFO] ADCParametersView:116 -                Rank 1 : true
2026-05-18 23:54:00,326 [INFO] ADCParametersView:116 -                Rank 2 : true
2026-05-18 23:54:00,326 [INFO] ADCParametersView:116 -                Rank 1 : true
2026-05-18 23:54:00,326 [INFO] ADCParametersView:116 -                Rank 2 : true
2026-05-18 23:54:00,326 [INFO] ADCParametersView:116 -                Rank 1 : true
2026-05-18 23:54:00,326 [INFO] ADCParametersView:116 -                Rank 2 : true
2026-05-18 23:54:00,326 [INFO] ADCParametersView:116 -                Rank 1 : true
2026-05-18 23:54:00,326 [INFO] ADCParametersView:116 -                Rank 2 : true
2026-05-18 23:54:00,326 [INFO] ADCParametersView:116 -                Rank 1 : true
2026-05-18 23:54:00,326 [INFO] ADCParametersView:116 -                Rank 2 : true
2026-05-18 23:54:00,326 [INFO] ADCParametersView:116 -                Rank 1 : true
2026-05-18 23:54:00,326 [INFO] ADCParametersView:116 -                Rank 2 : true
2026-05-18 23:54:00,326 [INFO] ADCParametersView:116 -                Rank 1 : true
2026-05-18 23:54:00,326 [INFO] ADCParametersView:116 -                Rank 2 : true
2026-05-18 23:54:00,326 [INFO] ADCParametersView:116 -                Rank 1 : true
2026-05-18 23:54:00,326 [INFO] ADCParametersView:116 -                Rank 2 : true
2026-05-18 23:54:00,328 [INFO] ADCParametersView:116 -                Rank 1 : true
2026-05-18 23:54:00,328 [INFO] ADCParametersView:116 -                Rank 2 : true
2026-05-18 23:54:00,328 [INFO] ADCParametersView:116 -                Rank 1 : true
2026-05-18 23:54:00,328 [INFO] ADCParametersView:116 -                Rank 2 : true
2026-05-18 23:54:00,328 [INFO] ADCParametersView:116 -                Rank 1 : true
2026-05-18 23:54:00,328 [INFO] ADCParametersView:116 -                Rank 2 : true
2026-05-18 23:54:00,328 [INFO] ADCParametersView:116 -                Rank 1 : true
2026-05-18 23:54:00,328 [INFO] ADCParametersView:116 -                Rank 2 : true
2026-05-18 23:54:00,328 [INFO] ADCParametersView:116 -                Rank 1 : true
2026-05-18 23:54:00,328 [INFO] ADCParametersView:116 -                Rank 2 : true
2026-05-18 23:54:00,328 [INFO] ADCParametersView:116 -                Rank 2 : true
2026-05-18 23:54:00,354 [INFO] ADCParametersView:116 -                Rank 1 : true
2026-05-18 23:54:00,354 [INFO] ADCParametersView:116 -                Rank 1 : true
2026-05-18 23:54:00,354 [INFO] ADCParametersView:116 -                Rank 2 : true
2026-05-18 23:54:00,356 [INFO] ADCParametersView:116 -                Rank 1 : true
2026-05-18 23:54:00,356 [INFO] ADCParametersView:116 -                Rank 2 : true
2026-05-18 23:54:00,357 [INFO] ADCParametersView:116 -                Rank 1 : true
2026-05-18 23:54:00,357 [INFO] ADCParametersView:116 -                Rank 2 : true
2026-05-18 23:54:00,358 [INFO] ADCParametersView:116 -                Rank 1 : true
2026-05-18 23:54:00,358 [INFO] ADCParametersView:116 -                Rank 2 : true
2026-05-18 23:54:00,358 [INFO] ADCParametersView:116 -                Rank 1 : true
2026-05-18 23:54:00,358 [INFO] ADCParametersView:116 -                Rank 2 : true
2026-05-18 23:54:00,358 [INFO] ADCParametersView:116 -                Rank 1 : true
2026-05-18 23:54:00,358 [INFO] ADCParametersView:116 -                Rank 2 : true
2026-05-18 23:54:00,358 [INFO] ADCParametersView:116 -                Rank 1 : true
2026-05-18 23:54:00,358 [INFO] ADCParametersView:116 -                Rank 2 : true
2026-05-18 23:54:00,358 [INFO] ADCParametersView:116 -                Rank 1 : true
2026-05-18 23:54:00,358 [INFO] ADCParametersView:116 -                Rank 2 : true
2026-05-18 23:54:00,358 [INFO] ADCParametersView:116 -                Rank 1 : true
2026-05-18 23:54:00,358 [INFO] ADCParametersView:116 -                Rank 2 : true
2026-05-18 23:54:00,358 [INFO] ADCParametersView:116 -                Rank 1 : true
2026-05-18 23:54:00,358 [INFO] ADCParametersView:116 -                Rank 2 : true
2026-05-18 23:54:00,358 [INFO] ADCParametersView:116 -                Rank 1 : true
2026-05-18 23:54:00,358 [INFO] ADCParametersView:116 -                Rank 2 : true
2026-05-18 23:54:00,358 [INFO] ADCParametersView:116 -                Rank 1 : true
2026-05-18 23:54:00,358 [INFO] ADCParametersView:116 -                Rank 2 : true
2026-05-18 23:54:00,358 [INFO] ADCParametersView:116 -                Rank 1 : true
2026-05-18 23:54:00,358 [INFO] ADCParametersView:116 -                Rank 2 : true
2026-05-18 23:54:00,358 [INFO] ADCParametersView:116 -                Rank 1 : true
2026-05-18 23:54:00,358 [INFO] ADCParametersView:116 -                Rank 2 : true
2026-05-18 23:54:00,358 [INFO] ADCParametersView:116 -                Rank 1 : true
2026-05-18 23:54:00,358 [INFO] ADCParametersView:116 -                Rank 2 : true
2026-05-18 23:54:00,358 [INFO] ADCParametersView:116 -                Rank 1 : true
2026-05-18 23:54:00,358 [INFO] ADCParametersView:116 -                Rank 2 : true
2026-05-18 23:54:00,358 [INFO] ADCParametersView:116 -                Rank 1 : true
2026-05-18 23:54:00,358 [INFO] ADCParametersView:116 -                Rank 2 : true
2026-05-18 23:54:00,358 [INFO] ADCParametersView:116 -                Rank 1 : true
2026-05-18 23:54:00,358 [INFO] ADCParametersView:116 -                Rank 2 : true
2026-05-18 23:54:00,358 [INFO] ADCParametersView:116 -                Rank 1 : true
2026-05-18 23:54:00,358 [INFO] ADCParametersView:116 -                Rank 2 : true
2026-05-18 23:54:00,358 [INFO] ADCParametersView:116 -                Rank 1 : true
2026-05-18 23:54:00,358 [INFO] ADCParametersView:116 -                Rank 2 : true
2026-05-18 23:54:00,358 [INFO] ADCParametersView:116 -                Rank 2 : true
2026-05-18 23:54:00,383 [INFO] ADCParametersView:116 -                Rank 1 : true
2026-05-18 23:54:00,383 [INFO] ADCParametersView:116 -                Rank 1 : true
2026-05-18 23:54:00,383 [INFO] ADCParametersView:116 -                Rank 2 : true
2026-05-18 23:54:00,386 [INFO] ADCParametersView:116 -                Rank 1 : true
2026-05-18 23:54:00,386 [INFO] ADCParametersView:116 -                Rank 2 : true
2026-05-18 23:54:00,387 [INFO] ADCParametersView:116 -                Rank 1 : true
2026-05-18 23:54:00,387 [INFO] ADCParametersView:116 -                Rank 2 : true
2026-05-18 23:54:00,388 [INFO] ADCParametersView:116 -                Rank 1 : true
2026-05-18 23:54:00,388 [INFO] ADCParametersView:116 -                Rank 2 : true
2026-05-18 23:54:00,388 [INFO] ADCParametersView:116 -                Rank 1 : true
2026-05-18 23:54:00,388 [INFO] ADCParametersView:116 -                Rank 2 : true
2026-05-18 23:54:00,388 [INFO] ADCParametersView:116 -                Rank 1 : true
2026-05-18 23:54:00,388 [INFO] ADCParametersView:116 -                Rank 2 : true
2026-05-18 23:54:00,388 [INFO] ADCParametersView:116 -                Rank 1 : true
2026-05-18 23:54:00,388 [INFO] ADCParametersView:116 -                Rank 2 : true
2026-05-18 23:54:00,388 [INFO] ADCParametersView:116 -                Rank 1 : true
2026-05-18 23:54:00,388 [INFO] ADCParametersView:116 -                Rank 2 : true
2026-05-18 23:54:00,388 [INFO] ADCParametersView:116 -                Rank 1 : true
2026-05-18 23:54:00,388 [INFO] ADCParametersView:116 -                Rank 2 : true
2026-05-18 23:54:00,388 [INFO] ADCParametersView:116 -                Rank 1 : true
2026-05-18 23:54:00,388 [INFO] ADCParametersView:116 -                Rank 2 : true
2026-05-18 23:54:00,388 [INFO] ADCParametersView:116 -                Rank 1 : true
2026-05-18 23:54:00,388 [INFO] ADCParametersView:116 -                Rank 2 : true
2026-05-18 23:54:00,388 [INFO] ADCParametersView:116 -                Rank 1 : true
2026-05-18 23:54:00,388 [INFO] ADCParametersView:116 -                Rank 2 : true
2026-05-18 23:54:00,388 [INFO] ADCParametersView:116 -                Rank 1 : true
2026-05-18 23:54:00,388 [INFO] ADCParametersView:116 -                Rank 2 : true
2026-05-18 23:54:00,388 [INFO] ADCParametersView:116 -                Rank 1 : true
2026-05-18 23:54:00,388 [INFO] ADCParametersView:116 -                Rank 2 : true
2026-05-18 23:54:00,388 [INFO] ADCParametersView:116 -                Rank 1 : true
2026-05-18 23:54:00,388 [INFO] ADCParametersView:116 -                Rank 2 : true
2026-05-18 23:54:00,388 [INFO] ADCParametersView:116 -                Rank 1 : true
2026-05-18 23:54:00,388 [INFO] ADCParametersView:116 -                Rank 2 : true
2026-05-18 23:54:00,388 [INFO] ADCParametersView:116 -                Rank 1 : true
2026-05-18 23:54:00,388 [INFO] ADCParametersView:116 -                Rank 2 : true
2026-05-18 23:54:00,388 [INFO] ADCParametersView:116 -                Rank 1 : true
2026-05-18 23:54:00,388 [INFO] ADCParametersView:116 -                Rank 2 : true
2026-05-18 23:54:00,388 [INFO] ADCParametersView:116 -                Rank 1 : true
2026-05-18 23:54:00,388 [INFO] ADCParametersView:116 -                Rank 2 : true
2026-05-18 23:54:00,388 [INFO] ADCParametersView:116 -                Rank 1 : true
2026-05-18 23:54:00,388 [INFO] ADCParametersView:116 -                Rank 2 : true
2026-05-18 23:54:00,388 [INFO] ADCParametersView:116 -                Rank 2 : true
2026-05-18 23:54:00,413 [INFO] ADCParametersView:116 -                Rank 1 : true
2026-05-18 23:54:00,414 [INFO] ADCParametersView:116 -                Rank 1 : true
2026-05-18 23:54:00,414 [INFO] ADCParametersView:116 -                Rank 2 : true
2026-05-18 23:54:00,416 [INFO] ADCParametersView:116 -                Rank 1 : true
2026-05-18 23:54:00,416 [INFO] ADCParametersView:116 -                Rank 2 : true
2026-05-18 23:54:00,417 [INFO] ADCParametersView:116 -                Rank 1 : true
2026-05-18 23:54:00,417 [INFO] ADCParametersView:116 -                Rank 2 : true
2026-05-18 23:54:00,417 [INFO] ADCParametersView:116 -                Rank 1 : true
2026-05-18 23:54:00,417 [INFO] ADCParametersView:116 -                Rank 2 : true
2026-05-18 23:54:00,417 [INFO] ADCParametersView:116 -                Rank 1 : true
2026-05-18 23:54:00,417 [INFO] ADCParametersView:116 -                Rank 2 : true
2026-05-18 23:54:00,417 [INFO] ADCParametersView:116 -                Rank 1 : true
2026-05-18 23:54:00,417 [INFO] ADCParametersView:116 -                Rank 2 : true
2026-05-18 23:54:00,417 [INFO] ADCParametersView:116 -                Rank 1 : true
2026-05-18 23:54:00,417 [INFO] ADCParametersView:116 -                Rank 2 : true
2026-05-18 23:54:00,417 [INFO] ADCParametersView:116 -                Rank 1 : true
2026-05-18 23:54:00,417 [INFO] ADCParametersView:116 -                Rank 2 : true
2026-05-18 23:54:00,417 [INFO] ADCParametersView:116 -                Rank 1 : true
2026-05-18 23:54:00,417 [INFO] ADCParametersView:116 -                Rank 2 : true
2026-05-18 23:54:00,417 [INFO] ADCParametersView:116 -                Rank 1 : true
2026-05-18 23:54:00,417 [INFO] ADCParametersView:116 -                Rank 2 : true
2026-05-18 23:54:00,417 [INFO] ADCParametersView:116 -                Rank 1 : true
2026-05-18 23:54:00,417 [INFO] ADCParametersView:116 -                Rank 2 : true
2026-05-18 23:54:00,417 [INFO] ADCParametersView:116 -                Rank 1 : true
2026-05-18 23:54:00,417 [INFO] ADCParametersView:116 -                Rank 2 : true
2026-05-18 23:54:00,417 [INFO] ADCParametersView:116 -                Rank 1 : true
2026-05-18 23:54:00,418 [INFO] ADCParametersView:116 -                Rank 2 : true
2026-05-18 23:54:00,418 [INFO] ADCParametersView:116 -                Rank 1 : true
2026-05-18 23:54:00,418 [INFO] ADCParametersView:116 -                Rank 2 : true
2026-05-18 23:54:00,418 [INFO] ADCParametersView:116 -                Rank 1 : true
2026-05-18 23:54:00,418 [INFO] ADCParametersView:116 -                Rank 2 : true
2026-05-18 23:54:00,418 [INFO] ADCParametersView:116 -                Rank 1 : true
2026-05-18 23:54:00,418 [INFO] ADCParametersView:116 -                Rank 2 : true
2026-05-18 23:54:00,418 [INFO] ADCParametersView:116 -                Rank 1 : true
2026-05-18 23:54:00,418 [INFO] ADCParametersView:116 -                Rank 2 : true
2026-05-18 23:54:00,418 [INFO] ADCParametersView:116 -                Rank 1 : true
2026-05-18 23:54:00,418 [INFO] ADCParametersView:116 -                Rank 2 : true
2026-05-18 23:54:00,418 [INFO] ADCParametersView:116 -                Rank 1 : true
2026-05-18 23:54:00,418 [INFO] ADCParametersView:116 -                Rank 2 : true
2026-05-18 23:54:00,418 [INFO] ADCParametersView:116 -                Rank 1 : true
2026-05-18 23:54:00,418 [INFO] ADCParametersView:116 -                Rank 2 : true
2026-05-18 23:54:00,418 [INFO] ADCParametersView:116 -                Rank 2 : true
2026-05-18 23:54:00,443 [INFO] ADCParametersView:116 -                Rank 1 : true
2026-05-18 23:54:00,443 [INFO] ADCParametersView:116 -                Rank 1 : true
2026-05-18 23:54:00,443 [INFO] ADCParametersView:116 -                Rank 2 : true
2026-05-18 23:54:00,445 [INFO] ADCParametersView:116 -                Rank 1 : true
2026-05-18 23:54:00,445 [INFO] ADCParametersView:116 -                Rank 2 : true
2026-05-18 23:54:00,446 [INFO] ADCParametersView:116 -                Rank 1 : true
2026-05-18 23:54:00,446 [INFO] ADCParametersView:116 -                Rank 2 : true
2026-05-18 23:54:00,446 [INFO] ADCParametersView:116 -                Rank 1 : true
2026-05-18 23:54:00,446 [INFO] ADCParametersView:116 -                Rank 2 : true
2026-05-18 23:54:00,446 [INFO] ADCParametersView:116 -                Rank 1 : true
2026-05-18 23:54:00,446 [INFO] ADCParametersView:116 -                Rank 2 : true
2026-05-18 23:54:00,446 [INFO] ADCParametersView:116 -                Rank 1 : true
2026-05-18 23:54:00,446 [INFO] ADCParametersView:116 -                Rank 2 : true
2026-05-18 23:54:00,446 [INFO] ADCParametersView:116 -                Rank 1 : true
2026-05-18 23:54:00,446 [INFO] ADCParametersView:116 -                Rank 2 : true
2026-05-18 23:54:00,446 [INFO] ADCParametersView:116 -                Rank 1 : true
2026-05-18 23:54:00,446 [INFO] ADCParametersView:116 -                Rank 2 : true
2026-05-18 23:54:00,446 [INFO] ADCParametersView:116 -                Rank 1 : true
2026-05-18 23:54:00,446 [INFO] ADCParametersView:116 -                Rank 2 : true
2026-05-18 23:54:00,446 [INFO] ADCParametersView:116 -                Rank 1 : true
2026-05-18 23:54:00,446 [INFO] ADCParametersView:116 -                Rank 2 : true
2026-05-18 23:54:00,446 [INFO] ADCParametersView:116 -                Rank 1 : true
2026-05-18 23:54:00,446 [INFO] ADCParametersView:116 -                Rank 2 : true
2026-05-18 23:54:00,446 [INFO] ADCParametersView:116 -                Rank 1 : true
2026-05-18 23:54:00,446 [INFO] ADCParametersView:116 -                Rank 2 : true
2026-05-18 23:54:00,446 [INFO] ADCParametersView:116 -                Rank 1 : true
2026-05-18 23:54:00,446 [INFO] ADCParametersView:116 -                Rank 2 : true
2026-05-18 23:54:00,446 [INFO] ADCParametersView:116 -                Rank 1 : true
2026-05-18 23:54:00,446 [INFO] ADCParametersView:116 -                Rank 2 : true
2026-05-18 23:54:00,446 [INFO] ADCParametersView:116 -                Rank 1 : true
2026-05-18 23:54:00,446 [INFO] ADCParametersView:116 -                Rank 2 : true
2026-05-18 23:54:00,447 [INFO] ADCParametersView:116 -                Rank 1 : true
2026-05-18 23:54:00,447 [INFO] ADCParametersView:116 -                Rank 2 : true
2026-05-18 23:54:00,447 [INFO] ADCParametersView:116 -                Rank 1 : true
2026-05-18 23:54:00,447 [INFO] ADCParametersView:116 -                Rank 2 : true
2026-05-18 23:54:00,447 [INFO] ADCParametersView:116 -                Rank 1 : true
2026-05-18 23:54:00,447 [INFO] ADCParametersView:116 -                Rank 2 : true
2026-05-18 23:54:00,447 [INFO] ADCParametersView:116 -                Rank 1 : true
2026-05-18 23:54:00,447 [INFO] ADCParametersView:116 -                Rank 2 : true
2026-05-18 23:54:00,447 [INFO] ADCParametersView:116 -                Rank 1 : true
2026-05-18 23:54:00,447 [INFO] ADCParametersView:116 -                Rank 2 : true
2026-05-18 23:54:00,447 [INFO] ADCParametersView:116 -                Rank 2 : true
2026-05-18 23:54:00,479 [INFO] ADCParametersView:116 -                Rank 1 : true
2026-05-18 23:54:00,480 [INFO] ADCParametersView:116 -                Rank 1 : true
2026-05-18 23:54:00,480 [INFO] ADCParametersView:116 -                Rank 2 : true
2026-05-18 23:54:00,482 [INFO] ADCParametersView:116 -                Rank 1 : true
2026-05-18 23:54:00,482 [INFO] ADCParametersView:116 -                Rank 2 : true
2026-05-18 23:54:00,482 [INFO] ADCParametersView:116 -                Rank 1 : true
2026-05-18 23:54:00,482 [INFO] ADCParametersView:116 -                Rank 2 : true
2026-05-18 23:54:00,482 [INFO] ADCParametersView:116 -                Rank 1 : true
2026-05-18 23:54:00,482 [INFO] ADCParametersView:116 -                Rank 2 : true
2026-05-18 23:54:00,482 [INFO] ADCParametersView:116 -                Rank 1 : true
2026-05-18 23:54:00,482 [INFO] ADCParametersView:116 -                Rank 2 : true
2026-05-18 23:54:00,482 [INFO] ADCParametersView:116 -                Rank 1 : true
2026-05-18 23:54:00,482 [INFO] ADCParametersView:116 -                Rank 2 : true
2026-05-18 23:54:00,482 [INFO] ADCParametersView:116 -                Rank 1 : true
2026-05-18 23:54:00,482 [INFO] ADCParametersView:116 -                Rank 2 : true
2026-05-18 23:54:00,482 [INFO] ADCParametersView:116 -                Rank 1 : true
2026-05-18 23:54:00,482 [INFO] ADCParametersView:116 -                Rank 2 : true
2026-05-18 23:54:00,482 [INFO] ADCParametersView:116 -                Rank 1 : true
2026-05-18 23:54:00,483 [INFO] ADCParametersView:116 -                Rank 2 : true
2026-05-18 23:54:00,483 [INFO] ADCParametersView:116 -                Rank 1 : true
2026-05-18 23:54:00,483 [INFO] ADCParametersView:116 -                Rank 2 : true
2026-05-18 23:54:00,483 [INFO] ADCParametersView:116 -                Rank 1 : true
2026-05-18 23:54:00,483 [INFO] ADCParametersView:116 -                Rank 2 : true
2026-05-18 23:54:00,483 [INFO] ADCParametersView:116 -                Rank 1 : true
2026-05-18 23:54:00,483 [INFO] ADCParametersView:116 -                Rank 2 : true
2026-05-18 23:54:00,483 [INFO] ADCParametersView:116 -                Rank 1 : true
2026-05-18 23:54:00,483 [INFO] ADCParametersView:116 -                Rank 2 : true
2026-05-18 23:54:00,483 [INFO] ADCParametersView:116 -                Rank 1 : true
2026-05-18 23:54:00,483 [INFO] ADCParametersView:116 -                Rank 2 : true
2026-05-18 23:54:00,483 [INFO] ADCParametersView:116 -                Rank 1 : true
2026-05-18 23:54:00,483 [INFO] ADCParametersView:116 -                Rank 2 : true
2026-05-18 23:54:00,483 [INFO] ADCParametersView:116 -                Rank 1 : true
2026-05-18 23:54:00,483 [INFO] ADCParametersView:116 -                Rank 2 : true
2026-05-18 23:54:00,483 [INFO] ADCParametersView:116 -                Rank 1 : true
2026-05-18 23:54:00,483 [INFO] ADCParametersView:116 -                Rank 2 : true
2026-05-18 23:54:00,483 [INFO] ADCParametersView:116 -                Rank 1 : true
2026-05-18 23:54:00,483 [INFO] ADCParametersView:116 -                Rank 2 : true
2026-05-18 23:54:00,483 [INFO] ADCParametersView:116 -                Rank 1 : true
2026-05-18 23:54:00,483 [INFO] ADCParametersView:116 -                Rank 2 : true
2026-05-18 23:54:00,483 [INFO] ADCParametersView:116 -                Rank 1 : true
2026-05-18 23:54:00,483 [INFO] ADCParametersView:116 -                Rank 2 : true
2026-05-18 23:54:00,483 [INFO] ADCParametersView:116 -                Rank 2 : true
2026-05-18 23:54:00,504 [INFO] ADCParametersView:116 -                Rank 1 : true
2026-05-18 23:54:00,504 [INFO] ADCParametersView:116 -                Rank 1 : true
2026-05-18 23:54:00,504 [INFO] ADCParametersView:116 -                Rank 2 : true
2026-05-18 23:54:55,738 [INFO] ADCParametersView:116 -                Rank 1 : true
2026-05-18 23:54:55,738 [INFO] ADCParametersView:116 -                Rank 2 : true
2026-05-18 23:54:55,739 [INFO] ADCParametersView:116 -                Rank 1 : true
2026-05-18 23:54:55,739 [INFO] ADCParametersView:116 -                Rank 2 : true
2026-05-18 23:54:55,739 [INFO] ADCParametersView:116 -                Rank 1 : true
2026-05-18 23:54:55,739 [INFO] ADCParametersView:116 -                Rank 2 : true
2026-05-18 23:54:55,739 [INFO] ADCParametersView:116 -                Rank 1 : true
2026-05-18 23:54:55,739 [INFO] ADCParametersView:116 -                Rank 2 : true
2026-05-18 23:54:55,740 [INFO] ADCParametersView:116 -                Rank 1 : true
2026-05-18 23:54:55,740 [INFO] ADCParametersView:116 -                Rank 2 : true
2026-05-18 23:54:55,740 [INFO] ADCParametersView:116 -                Rank 1 : true
2026-05-18 23:54:55,740 [INFO] ADCParametersView:116 -                Rank 2 : true
2026-05-18 23:54:55,740 [INFO] ADCParametersView:116 -                Rank 1 : true
2026-05-18 23:54:55,740 [INFO] ADCParametersView:116 -                Rank 2 : true
2026-05-18 23:54:55,740 [INFO] ADCParametersView:116 -                Rank 1 : true
2026-05-18 23:54:55,740 [INFO] ADCParametersView:116 -                Rank 2 : true
2026-05-18 23:54:55,740 [INFO] ADCParametersView:116 -                Rank 1 : true
2026-05-18 23:54:55,740 [INFO] ADCParametersView:116 -                Rank 2 : true
2026-05-18 23:54:55,740 [INFO] ADCParametersView:116 -                Rank 1 : true
2026-05-18 23:54:55,740 [INFO] ADCParametersView:116 -                Rank 2 : true
2026-05-18 23:54:55,740 [INFO] ADCParametersView:116 -                Rank 1 : true
2026-05-18 23:54:55,740 [INFO] ADCParametersView:116 -                Rank 2 : true
2026-05-18 23:54:55,740 [INFO] ADCParametersView:116 -                Rank 1 : true
2026-05-18 23:54:55,740 [INFO] ADCParametersView:116 -                Rank 2 : true
2026-05-18 23:54:55,740 [INFO] ADCParametersView:116 -                Rank 1 : true
2026-05-18 23:54:55,740 [INFO] ADCParametersView:116 -                Rank 2 : true
2026-05-18 23:54:55,740 [INFO] ADCParametersView:116 -                Rank 1 : true
2026-05-18 23:54:55,740 [INFO] ADCParametersView:116 -                Rank 2 : true
2026-05-18 23:54:55,741 [INFO] ADCParametersView:116 -                Rank 1 : true
2026-05-18 23:54:55,741 [INFO] ADCParametersView:116 -                Rank 2 : true
2026-05-18 23:54:55,741 [INFO] ADCParametersView:116 -                Rank 1 : true
2026-05-18 23:54:55,741 [INFO] ADCParametersView:116 -                Rank 2 : true
2026-05-18 23:54:55,741 [INFO] ADCParametersView:116 -                Rank 1 : true
2026-05-18 23:54:55,741 [INFO] ADCParametersView:116 -                Rank 2 : true
2026-05-18 23:54:55,741 [INFO] ADCParametersView:116 -                Rank 1 : true
2026-05-18 23:54:55,741 [INFO] ADCParametersView:116 -                Rank 2 : true
2026-05-18 23:54:55,741 [INFO] ADCParametersView:116 -                Rank 1 : true
2026-05-18 23:54:55,741 [INFO] ADCParametersView:116 -                Rank 2 : true
2026-05-18 23:54:55,741 [INFO] ADCParametersView:116 -                Rank 2 : true
2026-05-18 23:54:55,792 [INFO] ADCParametersView:116 -                Rank 1 : true
2026-05-18 23:54:55,792 [INFO] ADCParametersView:116 -                Rank 1 : true
2026-05-18 23:54:55,792 [INFO] ADCParametersView:116 -                Rank 2 : true
2026-05-18 23:54:55,794 [INFO] ADCParametersView:116 -                Rank 1 : true
2026-05-18 23:54:55,794 [INFO] ADCParametersView:116 -                Rank 2 : true
2026-05-18 23:54:55,796 [INFO] ADCParametersView:116 -                Rank 1 : true
2026-05-18 23:54:55,796 [INFO] ADCParametersView:116 -                Rank 2 : true
2026-05-18 23:54:55,796 [INFO] ADCParametersView:116 -                Rank 1 : true
2026-05-18 23:54:55,796 [INFO] ADCParametersView:116 -                Rank 2 : true
2026-05-18 23:54:55,796 [INFO] ADCParametersView:116 -                Rank 1 : true
2026-05-18 23:54:55,796 [INFO] ADCParametersView:116 -                Rank 2 : true
2026-05-18 23:54:55,796 [INFO] ADCParametersView:116 -                Rank 1 : true
2026-05-18 23:54:55,796 [INFO] ADCParametersView:116 -                Rank 2 : true
2026-05-18 23:54:55,796 [INFO] ADCParametersView:116 -                Rank 1 : true
2026-05-18 23:54:55,796 [INFO] ADCParametersView:116 -                Rank 2 : true
2026-05-18 23:54:55,796 [INFO] ADCParametersView:116 -                Rank 1 : true
2026-05-18 23:54:55,796 [INFO] ADCParametersView:116 -                Rank 2 : true
2026-05-18 23:54:55,796 [INFO] ADCParametersView:116 -                Rank 1 : true
2026-05-18 23:54:55,796 [INFO] ADCParametersView:116 -                Rank 2 : true
2026-05-18 23:54:55,796 [INFO] ADCParametersView:116 -                Rank 1 : true
2026-05-18 23:54:55,796 [INFO] ADCParametersView:116 -                Rank 2 : true
2026-05-18 23:54:55,796 [INFO] ADCParametersView:116 -                Rank 1 : true
2026-05-18 23:54:55,796 [INFO] ADCParametersView:116 -                Rank 2 : true
2026-05-18 23:54:55,796 [INFO] ADCParametersView:116 -                Rank 1 : true
2026-05-18 23:54:55,796 [INFO] ADCParametersView:116 -                Rank 2 : true
2026-05-18 23:54:55,797 [INFO] ADCParametersView:116 -                Rank 1 : true
2026-05-18 23:54:55,797 [INFO] ADCParametersView:116 -                Rank 2 : true
2026-05-18 23:54:55,797 [INFO] ADCParametersView:116 -                Rank 1 : true
2026-05-18 23:54:55,797 [INFO] ADCParametersView:116 -                Rank 2 : true
2026-05-18 23:54:55,797 [INFO] ADCParametersView:116 -                Rank 1 : true
2026-05-18 23:54:55,797 [INFO] ADCParametersView:116 -                Rank 2 : true
2026-05-18 23:54:55,797 [INFO] ADCParametersView:116 -                Rank 1 : true
2026-05-18 23:54:55,797 [INFO] ADCParametersView:116 -                Rank 2 : true
2026-05-18 23:54:55,797 [INFO] ADCParametersView:116 -                Rank 1 : true
2026-05-18 23:54:55,797 [INFO] ADCParametersView:116 -                Rank 2 : true
2026-05-18 23:54:55,797 [INFO] ADCParametersView:116 -                Rank 1 : true
2026-05-18 23:54:55,797 [INFO] ADCParametersView:116 -                Rank 2 : true
2026-05-18 23:54:55,797 [INFO] ADCParametersView:116 -                Rank 1 : true
2026-05-18 23:54:55,797 [INFO] ADCParametersView:116 -                Rank 2 : true
2026-05-18 23:54:55,797 [INFO] ADCParametersView:116 -                Rank 1 : true
2026-05-18 23:54:55,797 [INFO] ADCParametersView:116 -                Rank 2 : true
2026-05-18 23:54:55,797 [INFO] ADCParametersView:116 -                Rank 2 : true
2026-05-18 23:54:55,830 [INFO] ADCParametersView:116 -                Rank 1 : true
2026-05-18 23:54:55,830 [INFO] ADCParametersView:116 -                Rank 1 : true
2026-05-18 23:54:55,830 [INFO] ADCParametersView:116 -                Rank 2 : true
2026-05-18 23:54:55,832 [INFO] ADCParametersView:116 -                Rank 1 : true
2026-05-18 23:54:55,833 [INFO] ADCParametersView:116 -                Rank 2 : true
2026-05-18 23:54:55,834 [INFO] ADCParametersView:116 -                Rank 1 : true
2026-05-18 23:54:55,834 [INFO] ADCParametersView:116 -                Rank 2 : true
2026-05-18 23:54:55,834 [INFO] ADCParametersView:116 -                Rank 1 : true
2026-05-18 23:54:55,834 [INFO] ADCParametersView:116 -                Rank 2 : true
2026-05-18 23:54:55,834 [INFO] ADCParametersView:116 -                Rank 1 : true
2026-05-18 23:54:55,834 [INFO] ADCParametersView:116 -                Rank 2 : true
2026-05-18 23:54:55,834 [INFO] ADCParametersView:116 -                Rank 1 : true
2026-05-18 23:54:55,834 [INFO] ADCParametersView:116 -                Rank 2 : true
2026-05-18 23:54:55,834 [INFO] ADCParametersView:116 -                Rank 1 : true
2026-05-18 23:54:55,834 [INFO] ADCParametersView:116 -                Rank 2 : true
2026-05-18 23:54:55,834 [INFO] ADCParametersView:116 -                Rank 1 : true
2026-05-18 23:54:55,834 [INFO] ADCParametersView:116 -                Rank 2 : true
2026-05-18 23:54:55,834 [INFO] ADCParametersView:116 -                Rank 1 : true
2026-05-18 23:54:55,834 [INFO] ADCParametersView:116 -                Rank 2 : true
2026-05-18 23:54:55,834 [INFO] ADCParametersView:116 -                Rank 1 : true
2026-05-18 23:54:55,834 [INFO] ADCParametersView:116 -                Rank 2 : true
2026-05-18 23:54:55,834 [INFO] ADCParametersView:116 -                Rank 1 : true
2026-05-18 23:54:55,834 [INFO] ADCParametersView:116 -                Rank 2 : true
2026-05-18 23:54:55,834 [INFO] ADCParametersView:116 -                Rank 1 : true
2026-05-18 23:54:55,834 [INFO] ADCParametersView:116 -                Rank 2 : true
2026-05-18 23:54:55,834 [INFO] ADCParametersView:116 -                Rank 1 : true
2026-05-18 23:54:55,834 [INFO] ADCParametersView:116 -                Rank 2 : true
2026-05-18 23:54:55,834 [INFO] ADCParametersView:116 -                Rank 1 : true
2026-05-18 23:54:55,834 [INFO] ADCParametersView:116 -                Rank 2 : true
2026-05-18 23:54:55,834 [INFO] ADCParametersView:116 -                Rank 1 : true
2026-05-18 23:54:55,835 [INFO] ADCParametersView:116 -                Rank 2 : true
2026-05-18 23:54:55,835 [INFO] ADCParametersView:116 -                Rank 1 : true
2026-05-18 23:54:55,835 [INFO] ADCParametersView:116 -                Rank 2 : true
2026-05-18 23:54:55,835 [INFO] ADCParametersView:116 -                Rank 1 : true
2026-05-18 23:54:55,835 [INFO] ADCParametersView:116 -                Rank 2 : true
2026-05-18 23:54:55,835 [INFO] ADCParametersView:116 -                Rank 1 : true
2026-05-18 23:54:55,835 [INFO] ADCParametersView:116 -                Rank 2 : true
2026-05-18 23:54:55,835 [INFO] ADCParametersView:116 -                Rank 1 : true
2026-05-18 23:54:55,835 [INFO] ADCParametersView:116 -                Rank 2 : true
2026-05-18 23:54:55,835 [INFO] ADCParametersView:116 -                Rank 1 : true
2026-05-18 23:54:55,835 [INFO] ADCParametersView:116 -                Rank 2 : true
2026-05-18 23:54:55,835 [INFO] ADCParametersView:116 -                Rank 2 : true
2026-05-18 23:54:55,860 [INFO] ADCParametersView:116 -                Rank 1 : true
2026-05-18 23:54:55,860 [INFO] ADCParametersView:116 -                Rank 1 : true
2026-05-18 23:54:55,860 [INFO] ADCParametersView:116 -                Rank 2 : true
2026-05-18 23:54:55,862 [INFO] ADCParametersView:116 -                Rank 1 : true
2026-05-18 23:54:55,862 [INFO] ADCParametersView:116 -                Rank 2 : true
2026-05-18 23:54:55,863 [INFO] ADCParametersView:116 -                Rank 1 : true
2026-05-18 23:54:55,863 [INFO] ADCParametersView:116 -                Rank 2 : true
2026-05-18 23:54:55,863 [INFO] ADCParametersView:116 -                Rank 1 : true
2026-05-18 23:54:55,863 [INFO] ADCParametersView:116 -                Rank 2 : true
2026-05-18 23:54:55,863 [INFO] ADCParametersView:116 -                Rank 1 : true
2026-05-18 23:54:55,863 [INFO] ADCParametersView:116 -                Rank 2 : true
2026-05-18 23:54:55,863 [INFO] ADCParametersView:116 -                Rank 1 : true
2026-05-18 23:54:55,863 [INFO] ADCParametersView:116 -                Rank 2 : true
2026-05-18 23:54:55,863 [INFO] ADCParametersView:116 -                Rank 1 : true
2026-05-18 23:54:55,863 [INFO] ADCParametersView:116 -                Rank 2 : true
2026-05-18 23:54:55,864 [INFO] ADCParametersView:116 -                Rank 1 : true
2026-05-18 23:54:55,864 [INFO] ADCParametersView:116 -                Rank 2 : true
2026-05-18 23:54:55,864 [INFO] ADCParametersView:116 -                Rank 1 : true
2026-05-18 23:54:55,864 [INFO] ADCParametersView:116 -                Rank 2 : true
2026-05-18 23:54:55,864 [INFO] ADCParametersView:116 -                Rank 1 : true
2026-05-18 23:54:55,864 [INFO] ADCParametersView:116 -                Rank 2 : true
2026-05-18 23:54:55,864 [INFO] ADCParametersView:116 -                Rank 1 : true
2026-05-18 23:54:55,864 [INFO] ADCParametersView:116 -                Rank 2 : true
2026-05-18 23:54:55,864 [INFO] ADCParametersView:116 -                Rank 1 : true
2026-05-18 23:54:55,864 [INFO] ADCParametersView:116 -                Rank 2 : true
2026-05-18 23:54:55,864 [INFO] ADCParametersView:116 -                Rank 1 : true
2026-05-18 23:54:55,864 [INFO] ADCParametersView:116 -                Rank 2 : true
2026-05-18 23:54:55,864 [INFO] ADCParametersView:116 -                Rank 1 : true
2026-05-18 23:54:55,864 [INFO] ADCParametersView:116 -                Rank 2 : true
2026-05-18 23:54:55,864 [INFO] ADCParametersView:116 -                Rank 1 : true
2026-05-18 23:54:55,864 [INFO] ADCParametersView:116 -                Rank 2 : true
2026-05-18 23:54:55,864 [INFO] ADCParametersView:116 -                Rank 1 : true
2026-05-18 23:54:55,864 [INFO] ADCParametersView:116 -                Rank 2 : true
2026-05-18 23:54:55,864 [INFO] ADCParametersView:116 -                Rank 1 : true
2026-05-18 23:54:55,864 [INFO] ADCParametersView:116 -                Rank 2 : true
2026-05-18 23:54:55,864 [INFO] ADCParametersView:116 -                Rank 1 : true
2026-05-18 23:54:55,864 [INFO] ADCParametersView:116 -                Rank 2 : true
2026-05-18 23:54:55,864 [INFO] ADCParametersView:116 -                Rank 1 : true
2026-05-18 23:54:55,864 [INFO] ADCParametersView:116 -                Rank 2 : true
2026-05-18 23:54:55,864 [INFO] ADCParametersView:116 -                Rank 1 : true
2026-05-18 23:54:55,864 [INFO] ADCParametersView:116 -                Rank 2 : true
2026-05-18 23:54:55,864 [INFO] ADCParametersView:116 -                Rank 2 : true
2026-05-18 23:54:55,891 [INFO] ADCParametersView:116 -                Rank 1 : true
2026-05-18 23:54:55,891 [INFO] ADCParametersView:116 -                Rank 1 : true
2026-05-18 23:54:55,891 [INFO] ADCParametersView:116 -                Rank 2 : true
2026-05-18 23:54:55,893 [INFO] ADCParametersView:116 -                Rank 1 : true
2026-05-18 23:54:55,893 [INFO] ADCParametersView:116 -                Rank 2 : true
2026-05-18 23:54:55,894 [INFO] ADCParametersView:116 -                Rank 1 : true
2026-05-18 23:54:55,894 [INFO] ADCParametersView:116 -                Rank 2 : true
2026-05-18 23:54:55,894 [INFO] ADCParametersView:116 -                Rank 1 : true
2026-05-18 23:54:55,894 [INFO] ADCParametersView:116 -                Rank 2 : true
2026-05-18 23:54:55,894 [INFO] ADCParametersView:116 -                Rank 1 : true
2026-05-18 23:54:55,894 [INFO] ADCParametersView:116 -                Rank 2 : true
2026-05-18 23:54:55,894 [INFO] ADCParametersView:116 -                Rank 1 : true
2026-05-18 23:54:55,894 [INFO] ADCParametersView:116 -                Rank 2 : true
2026-05-18 23:54:55,894 [INFO] ADCParametersView:116 -                Rank 1 : true
2026-05-18 23:54:55,894 [INFO] ADCParametersView:116 -                Rank 2 : true
2026-05-18 23:54:55,894 [INFO] ADCParametersView:116 -                Rank 1 : true
2026-05-18 23:54:55,894 [INFO] ADCParametersView:116 -                Rank 2 : true
2026-05-18 23:54:55,894 [INFO] ADCParametersView:116 -                Rank 1 : true
2026-05-18 23:54:55,894 [INFO] ADCParametersView:116 -                Rank 2 : true
2026-05-18 23:54:55,894 [INFO] ADCParametersView:116 -                Rank 1 : true
2026-05-18 23:54:55,895 [INFO] ADCParametersView:116 -                Rank 2 : true
2026-05-18 23:54:55,895 [INFO] ADCParametersView:116 -                Rank 1 : true
2026-05-18 23:54:55,895 [INFO] ADCParametersView:116 -                Rank 2 : true
2026-05-18 23:54:55,895 [INFO] ADCParametersView:116 -                Rank 1 : true
2026-05-18 23:54:55,895 [INFO] ADCParametersView:116 -                Rank 2 : true
2026-05-18 23:54:55,895 [INFO] ADCParametersView:116 -                Rank 1 : true
2026-05-18 23:54:55,895 [INFO] ADCParametersView:116 -                Rank 2 : true
2026-05-18 23:54:55,895 [INFO] ADCParametersView:116 -                Rank 1 : true
2026-05-18 23:54:55,895 [INFO] ADCParametersView:116 -                Rank 2 : true
2026-05-18 23:54:55,895 [INFO] ADCParametersView:116 -                Rank 1 : true
2026-05-18 23:54:55,895 [INFO] ADCParametersView:116 -                Rank 2 : true
2026-05-18 23:54:55,895 [INFO] ADCParametersView:116 -                Rank 1 : true
2026-05-18 23:54:55,895 [INFO] ADCParametersView:116 -                Rank 2 : true
2026-05-18 23:54:55,895 [INFO] ADCParametersView:116 -                Rank 1 : true
2026-05-18 23:54:55,895 [INFO] ADCParametersView:116 -                Rank 2 : true
2026-05-18 23:54:55,895 [INFO] ADCParametersView:116 -                Rank 1 : true
2026-05-18 23:54:55,895 [INFO] ADCParametersView:116 -                Rank 2 : true
2026-05-18 23:54:55,895 [INFO] ADCParametersView:116 -                Rank 1 : true
2026-05-18 23:54:55,895 [INFO] ADCParametersView:116 -                Rank 2 : true
2026-05-18 23:54:55,895 [INFO] ADCParametersView:116 -                Rank 1 : true
2026-05-18 23:54:55,895 [INFO] ADCParametersView:116 -                Rank 2 : true
2026-05-18 23:54:55,895 [INFO] ADCParametersView:116 -                Rank 2 : true
2026-05-18 23:54:55,919 [INFO] ADCParametersView:116 -                Rank 1 : true
2026-05-18 23:54:55,919 [INFO] ADCParametersView:116 -                Rank 1 : true
2026-05-18 23:54:55,919 [INFO] ADCParametersView:116 -                Rank 2 : true
2026-05-18 23:54:55,921 [INFO] ADCParametersView:116 -                Rank 1 : true
2026-05-18 23:54:55,921 [INFO] ADCParametersView:116 -                Rank 2 : true
2026-05-18 23:54:55,922 [INFO] ADCParametersView:116 -                Rank 1 : true
2026-05-18 23:54:55,922 [INFO] ADCParametersView:116 -                Rank 2 : true
2026-05-18 23:54:55,922 [INFO] ADCParametersView:116 -                Rank 1 : true
2026-05-18 23:54:55,922 [INFO] ADCParametersView:116 -                Rank 2 : true
2026-05-18 23:54:55,922 [INFO] ADCParametersView:116 -                Rank 1 : true
2026-05-18 23:54:55,922 [INFO] ADCParametersView:116 -                Rank 2 : true
2026-05-18 23:54:55,922 [INFO] ADCParametersView:116 -                Rank 1 : true
2026-05-18 23:54:55,922 [INFO] ADCParametersView:116 -                Rank 2 : true
2026-05-18 23:54:55,923 [INFO] ADCParametersView:116 -                Rank 1 : true
2026-05-18 23:54:55,923 [INFO] ADCParametersView:116 -                Rank 2 : true
2026-05-18 23:54:55,923 [INFO] ADCParametersView:116 -                Rank 1 : true
2026-05-18 23:54:55,923 [INFO] ADCParametersView:116 -                Rank 2 : true
2026-05-18 23:54:55,923 [INFO] ADCParametersView:116 -                Rank 1 : true
2026-05-18 23:54:55,923 [INFO] ADCParametersView:116 -                Rank 2 : true
2026-05-18 23:54:55,923 [INFO] ADCParametersView:116 -                Rank 1 : true
2026-05-18 23:54:55,923 [INFO] ADCParametersView:116 -                Rank 2 : true
2026-05-18 23:54:55,923 [INFO] ADCParametersView:116 -                Rank 1 : true
2026-05-18 23:54:55,923 [INFO] ADCParametersView:116 -                Rank 2 : true
2026-05-18 23:54:55,923 [INFO] ADCParametersView:116 -                Rank 1 : true
2026-05-18 23:54:55,923 [INFO] ADCParametersView:116 -                Rank 2 : true
2026-05-18 23:54:55,923 [INFO] ADCParametersView:116 -                Rank 1 : true
2026-05-18 23:54:55,923 [INFO] ADCParametersView:116 -                Rank 2 : true
2026-05-18 23:54:55,923 [INFO] ADCParametersView:116 -                Rank 1 : true
2026-05-18 23:54:55,923 [INFO] ADCParametersView:116 -                Rank 2 : true
2026-05-18 23:54:55,923 [INFO] ADCParametersView:116 -                Rank 1 : true
2026-05-18 23:54:55,923 [INFO] ADCParametersView:116 -                Rank 2 : true
2026-05-18 23:54:55,923 [INFO] ADCParametersView:116 -                Rank 1 : true
2026-05-18 23:54:55,923 [INFO] ADCParametersView:116 -                Rank 2 : true
2026-05-18 23:54:55,923 [INFO] ADCParametersView:116 -                Rank 1 : true
2026-05-18 23:54:55,923 [INFO] ADCParametersView:116 -                Rank 2 : true
2026-05-18 23:54:55,923 [INFO] ADCParametersView:116 -                Rank 1 : true
2026-05-18 23:54:55,923 [INFO] ADCParametersView:116 -                Rank 2 : true
2026-05-18 23:54:55,923 [INFO] ADCParametersView:116 -                Rank 1 : true
2026-05-18 23:54:55,923 [INFO] ADCParametersView:116 -                Rank 2 : true
2026-05-18 23:54:55,923 [INFO] ADCParametersView:116 -                Rank 1 : true
2026-05-18 23:54:55,923 [INFO] ADCParametersView:116 -                Rank 2 : true
2026-05-18 23:54:55,923 [INFO] ADCParametersView:116 -                Rank 2 : true
2026-05-18 23:54:55,946 [INFO] ADCParametersView:116 -                Rank 1 : true
2026-05-18 23:54:55,946 [INFO] ADCParametersView:116 -                Rank 1 : true
2026-05-18 23:54:55,946 [INFO] ADCParametersView:116 -                Rank 2 : true
2026-05-18 23:54:55,948 [INFO] ADCParametersView:116 -                Rank 1 : true
2026-05-18 23:54:55,948 [INFO] ADCParametersView:116 -                Rank 2 : true
2026-05-18 23:54:55,948 [INFO] ADCParametersView:116 -                Rank 1 : true
2026-05-18 23:54:55,948 [INFO] ADCParametersView:116 -                Rank 2 : true
2026-05-18 23:54:55,948 [INFO] ADCParametersView:116 -                Rank 1 : true
2026-05-18 23:54:55,948 [INFO] ADCParametersView:116 -                Rank 2 : true
2026-05-18 23:54:55,948 [INFO] ADCParametersView:116 -                Rank 1 : true
2026-05-18 23:54:55,948 [INFO] ADCParametersView:116 -                Rank 2 : true
2026-05-18 23:54:55,949 [INFO] ADCParametersView:116 -                Rank 1 : true
2026-05-18 23:54:55,949 [INFO] ADCParametersView:116 -                Rank 2 : true
2026-05-18 23:54:55,949 [INFO] ADCParametersView:116 -                Rank 1 : true
2026-05-18 23:54:55,949 [INFO] ADCParametersView:116 -                Rank 2 : true
2026-05-18 23:54:55,949 [INFO] ADCParametersView:116 -                Rank 1 : true
2026-05-18 23:54:55,949 [INFO] ADCParametersView:116 -                Rank 2 : true
2026-05-18 23:54:55,949 [INFO] ADCParametersView:116 -                Rank 1 : true
2026-05-18 23:54:55,949 [INFO] ADCParametersView:116 -                Rank 2 : true
2026-05-18 23:54:55,949 [INFO] ADCParametersView:116 -                Rank 1 : true
2026-05-18 23:54:55,949 [INFO] ADCParametersView:116 -                Rank 2 : true
2026-05-18 23:54:55,949 [INFO] ADCParametersView:116 -                Rank 1 : true
2026-05-18 23:54:55,949 [INFO] ADCParametersView:116 -                Rank 2 : true
2026-05-18 23:54:55,949 [INFO] ADCParametersView:116 -                Rank 1 : true
2026-05-18 23:54:55,949 [INFO] ADCParametersView:116 -                Rank 2 : true
2026-05-18 23:54:55,949 [INFO] ADCParametersView:116 -                Rank 1 : true
2026-05-18 23:54:55,949 [INFO] ADCParametersView:116 -                Rank 2 : true
2026-05-18 23:54:55,949 [INFO] ADCParametersView:116 -                Rank 1 : true
2026-05-18 23:54:55,949 [INFO] ADCParametersView:116 -                Rank 2 : true
2026-05-18 23:54:55,949 [INFO] ADCParametersView:116 -                Rank 1 : true
2026-05-18 23:54:55,949 [INFO] ADCParametersView:116 -                Rank 2 : true
2026-05-18 23:54:55,949 [INFO] ADCParametersView:116 -                Rank 1 : true
2026-05-18 23:54:55,949 [INFO] ADCParametersView:116 -                Rank 2 : true
2026-05-18 23:54:55,949 [INFO] ADCParametersView:116 -                Rank 1 : true
2026-05-18 23:54:55,949 [INFO] ADCParametersView:116 -                Rank 2 : true
2026-05-18 23:54:55,949 [INFO] ADCParametersView:116 -                Rank 1 : true
2026-05-18 23:54:55,949 [INFO] ADCParametersView:116 -                Rank 2 : true
2026-05-18 23:54:55,949 [INFO] ADCParametersView:116 -                Rank 1 : true
2026-05-18 23:54:55,949 [INFO] ADCParametersView:116 -                Rank 2 : true
2026-05-18 23:54:55,949 [INFO] ADCParametersView:116 -                Rank 1 : true
2026-05-18 23:54:55,949 [INFO] ADCParametersView:116 -                Rank 2 : true
2026-05-18 23:54:55,949 [INFO] ADCParametersView:116 -                Rank 2 : true
2026-05-18 23:54:55,972 [INFO] ADCParametersView:116 -                Rank 1 : true
2026-05-18 23:54:55,972 [INFO] ADCParametersView:116 -                Rank 1 : true
2026-05-18 23:54:55,972 [INFO] ADCParametersView:116 -                Rank 2 : true
2026-05-18 23:54:55,973 [INFO] ADCParametersView:116 -                Rank 1 : true
2026-05-18 23:54:55,974 [INFO] ADCParametersView:116 -                Rank 2 : true
2026-05-18 23:54:55,974 [INFO] ADCParametersView:116 -                Rank 1 : true
2026-05-18 23:54:55,974 [INFO] ADCParametersView:116 -                Rank 2 : true
2026-05-18 23:54:55,974 [INFO] ADCParametersView:116 -                Rank 1 : true
2026-05-18 23:54:55,974 [INFO] ADCParametersView:116 -                Rank 2 : true
2026-05-18 23:54:55,974 [INFO] ADCParametersView:116 -                Rank 1 : true
2026-05-18 23:54:55,974 [INFO] ADCParametersView:116 -                Rank 2 : true
2026-05-18 23:54:55,974 [INFO] ADCParametersView:116 -                Rank 1 : true
2026-05-18 23:54:55,974 [INFO] ADCParametersView:116 -                Rank 2 : true
2026-05-18 23:54:55,974 [INFO] ADCParametersView:116 -                Rank 1 : true
2026-05-18 23:54:55,974 [INFO] ADCParametersView:116 -                Rank 2 : true
2026-05-18 23:54:55,974 [INFO] ADCParametersView:116 -                Rank 1 : true
2026-05-18 23:54:55,974 [INFO] ADCParametersView:116 -                Rank 2 : true
2026-05-18 23:54:55,974 [INFO] ADCParametersView:116 -                Rank 1 : true
2026-05-18 23:54:55,974 [INFO] ADCParametersView:116 -                Rank 2 : true
2026-05-18 23:54:55,974 [INFO] ADCParametersView:116 -                Rank 1 : true
2026-05-18 23:54:55,974 [INFO] ADCParametersView:116 -                Rank 2 : true
2026-05-18 23:54:55,974 [INFO] ADCParametersView:116 -                Rank 1 : true
2026-05-18 23:54:55,974 [INFO] ADCParametersView:116 -                Rank 2 : true
2026-05-18 23:54:55,974 [INFO] ADCParametersView:116 -                Rank 1 : true
2026-05-18 23:54:55,974 [INFO] ADCParametersView:116 -                Rank 2 : true
2026-05-18 23:54:55,974 [INFO] ADCParametersView:116 -                Rank 1 : true
2026-05-18 23:54:55,974 [INFO] ADCParametersView:116 -                Rank 2 : true
2026-05-18 23:54:55,974 [INFO] ADCParametersView:116 -                Rank 1 : true
2026-05-18 23:54:55,974 [INFO] ADCParametersView:116 -                Rank 2 : true
2026-05-18 23:54:55,974 [INFO] ADCParametersView:116 -                Rank 1 : true
2026-05-18 23:54:55,974 [INFO] ADCParametersView:116 -                Rank 2 : true
2026-05-18 23:54:55,974 [INFO] ADCParametersView:116 -                Rank 1 : true
2026-05-18 23:54:55,974 [INFO] ADCParametersView:116 -                Rank 2 : true
2026-05-18 23:54:55,974 [INFO] ADCParametersView:116 -                Rank 1 : true
2026-05-18 23:54:55,974 [INFO] ADCParametersView:116 -                Rank 2 : true
2026-05-18 23:54:55,974 [INFO] ADCParametersView:116 -                Rank 1 : true
2026-05-18 23:54:55,974 [INFO] ADCParametersView:116 -                Rank 2 : true
2026-05-18 23:54:55,974 [INFO] ADCParametersView:116 -                Rank 1 : true
2026-05-18 23:54:55,974 [INFO] ADCParametersView:116 -                Rank 2 : true
2026-05-18 23:54:55,974 [INFO] ADCParametersView:116 -                Rank 1 : true
2026-05-18 23:54:55,976 [INFO] ADCParametersView:116 -                Rank 2 : true
2026-05-18 23:54:55,976 [INFO] ADCParametersView:116 -                Rank 2 : true
2026-05-18 23:54:55,997 [INFO] ADCParametersView:116 -                Rank 1 : true
2026-05-18 23:54:55,998 [INFO] ADCParametersView:116 -                Rank 1 : true
2026-05-18 23:54:55,998 [INFO] ADCParametersView:116 -                Rank 2 : true
2026-05-18 23:54:55,999 [INFO] ADCParametersView:116 -                Rank 1 : true
2026-05-18 23:54:55,999 [INFO] ADCParametersView:116 -                Rank 2 : true
2026-05-18 23:54:56,000 [INFO] ADCParametersView:116 -                Rank 1 : true
2026-05-18 23:54:56,000 [INFO] ADCParametersView:116 -                Rank 2 : true
2026-05-18 23:54:56,000 [INFO] ADCParametersView:116 -                Rank 1 : true
2026-05-18 23:54:56,000 [INFO] ADCParametersView:116 -                Rank 2 : true
2026-05-18 23:54:56,000 [INFO] ADCParametersView:116 -                Rank 1 : true
2026-05-18 23:54:56,000 [INFO] ADCParametersView:116 -                Rank 2 : true
2026-05-18 23:54:56,000 [INFO] ADCParametersView:116 -                Rank 1 : true
2026-05-18 23:54:56,000 [INFO] ADCParametersView:116 -                Rank 2 : true
2026-05-18 23:54:56,000 [INFO] ADCParametersView:116 -                Rank 1 : true
2026-05-18 23:54:56,000 [INFO] ADCParametersView:116 -                Rank 2 : true
2026-05-18 23:54:56,000 [INFO] ADCParametersView:116 -                Rank 1 : true
2026-05-18 23:54:56,000 [INFO] ADCParametersView:116 -                Rank 2 : true
2026-05-18 23:54:56,000 [INFO] ADCParametersView:116 -                Rank 1 : true
2026-05-18 23:54:56,000 [INFO] ADCParametersView:116 -                Rank 2 : true
2026-05-18 23:54:56,000 [INFO] ADCParametersView:116 -                Rank 1 : true
2026-05-18 23:54:56,000 [INFO] ADCParametersView:116 -                Rank 2 : true
2026-05-18 23:54:56,000 [INFO] ADCParametersView:116 -                Rank 1 : true
2026-05-18 23:54:56,000 [INFO] ADCParametersView:116 -                Rank 2 : true
2026-05-18 23:54:56,000 [INFO] ADCParametersView:116 -                Rank 1 : true
2026-05-18 23:54:56,000 [INFO] ADCParametersView:116 -                Rank 2 : true
2026-05-18 23:54:56,000 [INFO] ADCParametersView:116 -                Rank 1 : true
2026-05-18 23:54:56,000 [INFO] ADCParametersView:116 -                Rank 2 : true
2026-05-18 23:54:56,000 [INFO] ADCParametersView:116 -                Rank 1 : true
2026-05-18 23:54:56,002 [INFO] ADCParametersView:116 -                Rank 2 : true
2026-05-18 23:54:56,002 [INFO] ADCParametersView:116 -                Rank 1 : true
2026-05-18 23:54:56,002 [INFO] ADCParametersView:116 -                Rank 2 : true
2026-05-18 23:54:56,002 [INFO] ADCParametersView:116 -                Rank 1 : true
2026-05-18 23:54:56,002 [INFO] ADCParametersView:116 -                Rank 2 : true
2026-05-18 23:54:56,002 [INFO] ADCParametersView:116 -                Rank 1 : true
2026-05-18 23:54:56,002 [INFO] ADCParametersView:116 -                Rank 2 : true
2026-05-18 23:54:56,002 [INFO] ADCParametersView:116 -                Rank 1 : true
2026-05-18 23:54:56,002 [INFO] ADCParametersView:116 -                Rank 2 : true
2026-05-18 23:54:56,002 [INFO] ADCParametersView:116 -                Rank 1 : true
2026-05-18 23:54:56,002 [INFO] ADCParametersView:116 -                Rank 2 : true
2026-05-18 23:54:56,002 [INFO] ADCParametersView:116 -                Rank 1 : true
2026-05-18 23:54:56,002 [INFO] ADCParametersView:116 -                Rank 2 : true
2026-05-18 23:54:56,002 [INFO] ADCParametersView:116 -                Rank 2 : true
2026-05-18 23:54:56,027 [INFO] ADCParametersView:116 -                Rank 1 : true
2026-05-18 23:54:56,028 [INFO] ADCParametersView:116 -                Rank 1 : true
2026-05-18 23:54:56,028 [INFO] ADCParametersView:116 -                Rank 2 : true
2026-05-18 23:54:56,030 [INFO] ADCParametersView:116 -                Rank 1 : true
2026-05-18 23:54:56,030 [INFO] ADCParametersView:116 -                Rank 2 : true
2026-05-18 23:54:56,031 [INFO] ADCParametersView:116 -                Rank 1 : true
2026-05-18 23:54:56,031 [INFO] ADCParametersView:116 -                Rank 2 : true
2026-05-18 23:54:56,031 [INFO] ADCParametersView:116 -                Rank 1 : true
2026-05-18 23:54:56,031 [INFO] ADCParametersView:116 -                Rank 2 : true
2026-05-18 23:54:56,031 [INFO] ADCParametersView:116 -                Rank 1 : true
2026-05-18 23:54:56,031 [INFO] ADCParametersView:116 -                Rank 2 : true
2026-05-18 23:54:56,031 [INFO] ADCParametersView:116 -                Rank 1 : true
2026-05-18 23:54:56,031 [INFO] ADCParametersView:116 -                Rank 2 : true
2026-05-18 23:54:56,031 [INFO] ADCParametersView:116 -                Rank 1 : true
2026-05-18 23:54:56,031 [INFO] ADCParametersView:116 -                Rank 2 : true
2026-05-18 23:54:56,031 [INFO] ADCParametersView:116 -                Rank 1 : true
2026-05-18 23:54:56,031 [INFO] ADCParametersView:116 -                Rank 2 : true
2026-05-18 23:54:56,031 [INFO] ADCParametersView:116 -                Rank 1 : true
2026-05-18 23:54:56,031 [INFO] ADCParametersView:116 -                Rank 2 : true
2026-05-18 23:54:56,031 [INFO] ADCParametersView:116 -                Rank 1 : true
2026-05-18 23:54:56,032 [INFO] ADCParametersView:116 -                Rank 2 : true
2026-05-18 23:54:56,032 [INFO] ADCParametersView:116 -                Rank 1 : true
2026-05-18 23:54:56,032 [INFO] ADCParametersView:116 -                Rank 2 : true
2026-05-18 23:54:56,032 [INFO] ADCParametersView:116 -                Rank 1 : true
2026-05-18 23:54:56,032 [INFO] ADCParametersView:116 -                Rank 2 : true
2026-05-18 23:54:56,032 [INFO] ADCParametersView:116 -                Rank 1 : true
2026-05-18 23:54:56,032 [INFO] ADCParametersView:116 -                Rank 2 : true
2026-05-18 23:54:56,032 [INFO] ADCParametersView:116 -                Rank 1 : true
2026-05-18 23:54:56,032 [INFO] ADCParametersView:116 -                Rank 2 : true
2026-05-18 23:54:56,032 [INFO] ADCParametersView:116 -                Rank 1 : true
2026-05-18 23:54:56,032 [INFO] ADCParametersView:116 -                Rank 2 : true
2026-05-18 23:54:56,032 [INFO] ADCParametersView:116 -                Rank 1 : true
2026-05-18 23:54:56,032 [INFO] ADCParametersView:116 -                Rank 2 : true
2026-05-18 23:54:56,032 [INFO] ADCParametersView:116 -                Rank 1 : true
2026-05-18 23:54:56,032 [INFO] ADCParametersView:116 -                Rank 2 : true
2026-05-18 23:54:56,032 [INFO] ADCParametersView:116 -                Rank 1 : true
2026-05-18 23:54:56,032 [INFO] ADCParametersView:116 -                Rank 2 : true
2026-05-18 23:54:56,032 [INFO] ADCParametersView:116 -                Rank 1 : true
2026-05-18 23:54:56,032 [INFO] ADCParametersView:116 -                Rank 2 : true
2026-05-18 23:54:56,032 [INFO] ADCParametersView:116 -                Rank 1 : true
2026-05-18 23:54:56,032 [INFO] ADCParametersView:116 -                Rank 2 : true
2026-05-18 23:54:56,032 [INFO] ADCParametersView:116 -                Rank 2 : true
2026-05-18 23:54:56,060 [INFO] ADCParametersView:116 -                Rank 1 : true
2026-05-18 23:54:56,060 [INFO] ADCParametersView:116 -                Rank 1 : true
2026-05-18 23:54:56,060 [INFO] ADCParametersView:116 -                Rank 2 : true
2026-05-18 23:55:24,919 [INFO] NvicIntPanel:101 - NVIC parent = com.st.microxplorer.plugins.ip.nvic.MultiNvicIntPanel[,0,0,0x0,invalid,layout=javax.swing.BoxLayout,alignmentX=0.0,alignmentY=0.0,border=,flags=9,maximumSize=,minimumSize=,preferredSize=]
2026-05-18 23:55:24,960 [INFO] ADCParametersView:116 -                Rank 1 : true
2026-05-18 23:55:24,960 [INFO] ADCParametersView:116 -                Rank 2 : true
2026-05-18 23:55:24,961 [INFO] ADCParametersView:116 -                Rank 1 : true
2026-05-18 23:55:24,961 [INFO] ADCParametersView:116 -                Rank 2 : true
2026-05-18 23:55:24,961 [INFO] ADCParametersView:116 -                Rank 1 : true
2026-05-18 23:55:24,961 [INFO] ADCParametersView:116 -                Rank 2 : true
2026-05-18 23:55:24,961 [INFO] ADCParametersView:116 -                Rank 1 : true
2026-05-18 23:55:24,961 [INFO] ADCParametersView:116 -                Rank 2 : true
2026-05-18 23:55:24,961 [INFO] ADCParametersView:116 -                Rank 1 : true
2026-05-18 23:55:24,961 [INFO] ADCParametersView:116 -                Rank 2 : true
2026-05-18 23:55:24,961 [INFO] ADCParametersView:116 -                Rank 1 : true
2026-05-18 23:55:24,961 [INFO] ADCParametersView:116 -                Rank 2 : true
2026-05-18 23:55:24,961 [INFO] ADCParametersView:116 -                Rank 1 : true
2026-05-18 23:55:24,961 [INFO] ADCParametersView:116 -                Rank 2 : true
2026-05-18 23:55:24,961 [INFO] ADCParametersView:116 -                Rank 1 : true
2026-05-18 23:55:24,961 [INFO] ADCParametersView:116 -                Rank 2 : true
2026-05-18 23:55:24,961 [INFO] ADCParametersView:116 -                Rank 1 : true
2026-05-18 23:55:24,961 [INFO] ADCParametersView:116 -                Rank 2 : true
2026-05-18 23:55:24,961 [INFO] ADCParametersView:116 -                Rank 1 : true
2026-05-18 23:55:24,962 [INFO] ADCParametersView:116 -                Rank 2 : true
2026-05-18 23:55:24,962 [INFO] ADCParametersView:116 -                Rank 1 : true
2026-05-18 23:55:24,962 [INFO] ADCParametersView:116 -                Rank 2 : true
2026-05-18 23:55:24,962 [INFO] ADCParametersView:116 -                Rank 1 : true
2026-05-18 23:55:24,962 [INFO] ADCParametersView:116 -                Rank 2 : true
2026-05-18 23:55:24,962 [INFO] ADCParametersView:116 -                Rank 1 : true
2026-05-18 23:55:24,962 [INFO] ADCParametersView:116 -                Rank 2 : true
2026-05-18 23:55:24,962 [INFO] ADCParametersView:116 -                Rank 1 : true
2026-05-18 23:55:24,962 [INFO] ADCParametersView:116 -                Rank 2 : true
2026-05-18 23:55:24,962 [INFO] ADCParametersView:116 -                Rank 1 : true
2026-05-18 23:55:24,962 [INFO] ADCParametersView:116 -                Rank 2 : true
2026-05-18 23:55:24,962 [INFO] ADCParametersView:116 -                Rank 1 : true
2026-05-18 23:55:24,962 [INFO] ADCParametersView:116 -                Rank 2 : true
2026-05-18 23:55:24,962 [INFO] ADCParametersView:116 -                Rank 1 : true
2026-05-18 23:55:24,962 [INFO] ADCParametersView:116 -                Rank 2 : true
2026-05-18 23:55:24,962 [INFO] ADCParametersView:116 -                Rank 1 : true
2026-05-18 23:55:24,962 [INFO] ADCParametersView:116 -                Rank 2 : true
2026-05-18 23:55:24,962 [INFO] ADCParametersView:116 -                Rank 1 : true
2026-05-18 23:55:24,962 [INFO] ADCParametersView:116 -                Rank 2 : true
2026-05-18 23:55:24,962 [INFO] ADCParametersView:116 -                Rank 2 : true
2026-05-18 23:55:24,984 [INFO] ADCParametersView:116 -                Rank 1 : true
2026-05-18 23:55:24,984 [INFO] ADCParametersView:116 -                Rank 1 : true
2026-05-18 23:55:24,984 [INFO] ADCParametersView:116 -                Rank 2 : true
2026-05-18 23:55:32,094 [INFO] NvicIntPanel:101 - NVIC parent = com.st.microxplorer.plugins.ip.nvic.MultiNvicIntPanel[,0,0,0x0,invalid,layout=javax.swing.BoxLayout,alignmentX=0.0,alignmentY=0.0,border=,flags=9,maximumSize=,minimumSize=,preferredSize=]
2026-05-18 23:55:32,125 [INFO] ADCParametersView:116 -                Rank 1 : true
2026-05-18 23:55:32,125 [INFO] ADCParametersView:116 -                Rank 2 : true
2026-05-18 23:55:32,127 [INFO] ADCParametersView:116 -                Rank 1 : true
2026-05-18 23:55:32,127 [INFO] ADCParametersView:116 -                Rank 2 : true
2026-05-18 23:55:32,127 [INFO] ADCParametersView:116 -                Rank 1 : true
2026-05-18 23:55:32,127 [INFO] ADCParametersView:116 -                Rank 2 : true
2026-05-18 23:55:32,127 [INFO] ADCParametersView:116 -                Rank 1 : true
2026-05-18 23:55:32,127 [INFO] ADCParametersView:116 -                Rank 2 : true
2026-05-18 23:55:32,127 [INFO] ADCParametersView:116 -                Rank 1 : true
2026-05-18 23:55:32,127 [INFO] ADCParametersView:116 -                Rank 2 : true
2026-05-18 23:55:32,127 [INFO] ADCParametersView:116 -                Rank 1 : true
2026-05-18 23:55:32,127 [INFO] ADCParametersView:116 -                Rank 2 : true
2026-05-18 23:55:32,127 [INFO] ADCParametersView:116 -                Rank 1 : true
2026-05-18 23:55:32,127 [INFO] ADCParametersView:116 -                Rank 2 : true
2026-05-18 23:55:32,127 [INFO] ADCParametersView:116 -                Rank 1 : true
2026-05-18 23:55:32,127 [INFO] ADCParametersView:116 -                Rank 2 : true
2026-05-18 23:55:32,127 [INFO] ADCParametersView:116 -                Rank 1 : true
2026-05-18 23:55:32,127 [INFO] ADCParametersView:116 -                Rank 2 : true
2026-05-18 23:55:32,127 [INFO] ADCParametersView:116 -                Rank 1 : true
2026-05-18 23:55:32,127 [INFO] ADCParametersView:116 -                Rank 2 : true
2026-05-18 23:55:32,127 [INFO] ADCParametersView:116 -                Rank 1 : true
2026-05-18 23:55:32,128 [INFO] ADCParametersView:116 -                Rank 2 : true
2026-05-18 23:55:32,128 [INFO] ADCParametersView:116 -                Rank 1 : true
2026-05-18 23:55:32,128 [INFO] ADCParametersView:116 -                Rank 2 : true
2026-05-18 23:55:32,128 [INFO] ADCParametersView:116 -                Rank 1 : true
2026-05-18 23:55:32,128 [INFO] ADCParametersView:116 -                Rank 2 : true
2026-05-18 23:55:32,128 [INFO] ADCParametersView:116 -                Rank 1 : true
2026-05-18 23:55:32,128 [INFO] ADCParametersView:116 -                Rank 2 : true
2026-05-18 23:55:32,128 [INFO] ADCParametersView:116 -                Rank 1 : true
2026-05-18 23:55:32,128 [INFO] ADCParametersView:116 -                Rank 2 : true
2026-05-18 23:55:32,128 [INFO] ADCParametersView:116 -                Rank 1 : true
2026-05-18 23:55:32,128 [INFO] ADCParametersView:116 -                Rank 2 : true
2026-05-18 23:55:32,128 [INFO] ADCParametersView:116 -                Rank 1 : true
2026-05-18 23:55:32,128 [INFO] ADCParametersView:116 -                Rank 2 : true
2026-05-18 23:55:32,128 [INFO] ADCParametersView:116 -                Rank 1 : true
2026-05-18 23:55:32,128 [INFO] ADCParametersView:116 -                Rank 2 : true
2026-05-18 23:55:32,128 [INFO] ADCParametersView:116 -                Rank 1 : true
2026-05-18 23:55:32,128 [INFO] ADCParametersView:116 -                Rank 2 : true
2026-05-18 23:55:32,128 [INFO] ADCParametersView:116 -                Rank 2 : true
2026-05-18 23:55:32,149 [INFO] ADCParametersView:116 -                Rank 1 : true
2026-05-18 23:55:32,150 [INFO] ADCParametersView:116 -                Rank 1 : true
2026-05-18 23:55:32,150 [INFO] ADCParametersView:116 -                Rank 2 : true
2026-05-18 23:57:42,586 [INFO] UtilMem:75 - End SaveConfig() Used Memory: 863350504 Bytes (1073741824)
2026-05-18 23:57:42,697 [INFO] UtilMem:75 - End SaveConfig() Used Memory: 881176296 Bytes (1073741824)
2026-05-18 23:57:43,476 [INFO] UtilMem:75 - End SaveConfig() Used Memory: 910536424 Bytes (1073741824)
2026-05-18 23:57:43,712 [INFO] BlockDiagram:2775 - set Specific Code input for plugin: NVIC
2026-05-18 23:57:43,712 [INFO] BlockDiagram:2775 - set Specific Code input for plugin: USART
2026-05-18 23:57:43,712 [INFO] BlockDiagram:2775 - set Specific Code input for plugin: DMA
2026-05-18 23:57:43,712 [INFO] BlockDiagram:2775 - set Specific Code input for plugin: SYS
2026-05-18 23:57:43,712 [INFO] BlockDiagram:2775 - set Specific Code input for plugin: GPIO
2026-05-18 23:57:43,712 [INFO] BlockDiagram:2775 - set Specific Code input for plugin: ADC
2026-05-18 23:57:43,712 [INFO] BlockDiagram:2775 - set Specific Code input for plugin: RCC
2026-05-18 23:57:43,713 [INFO] CodeGenerator:892 - code generatio: config db path: C:\ST\STM32CubeIDE_1.19.0\STM32CubeIDE\plugins\com.st.stm32cube.common.mx_6.15.0.202507011659\\db\
2026-05-18 23:57:43,720 [INFO] Argument:325 - Argument : hdmavalue: null
2026-05-18 23:57:43,720 [INFO] Argument:327 - 	 sub Args: 
2026-05-18 23:57:43,721 [INFO] Argument:325 - Argument : Instancevalue: DMA1_Channel1
2026-05-18 23:57:43,721 [INFO] Argument:335 - Argument : Instancevalue: DMA1_Channel1
2026-05-18 23:57:43,721 [INFO] Argument:325 - Argument : Initvalue: null
2026-05-18 23:57:43,721 [INFO] Argument:327 - 	 sub Args: 
2026-05-18 23:57:43,721 [INFO] Argument:325 - Argument : Requestvalue: DMA_REQUEST_0
2026-05-18 23:57:43,721 [INFO] Argument:335 - Argument : Requestvalue: DMA_REQUEST_0
2026-05-18 23:57:43,721 [INFO] Argument:325 - Argument : Directionvalue: DMA_PERIPH_TO_MEMORY
2026-05-18 23:57:43,721 [INFO] Argument:335 - Argument : Directionvalue: DMA_PERIPH_TO_MEMORY
2026-05-18 23:57:43,721 [INFO] Argument:325 - Argument : PeriphIncvalue: DMA_PINC_DISABLE
2026-05-18 23:57:43,721 [INFO] Argument:335 - Argument : PeriphIncvalue: DMA_PINC_DISABLE
2026-05-18 23:57:43,721 [INFO] Argument:325 - Argument : MemIncvalue: DMA_MINC_ENABLE
2026-05-18 23:57:43,721 [INFO] Argument:335 - Argument : MemIncvalue: DMA_MINC_ENABLE
2026-05-18 23:57:43,721 [INFO] Argument:325 - Argument : PeriphDataAlignmentvalue: DMA_PDATAALIGN_HALFWORD
2026-05-18 23:57:43,721 [INFO] Argument:335 - Argument : PeriphDataAlignmentvalue: DMA_PDATAALIGN_HALFWORD
2026-05-18 23:57:43,721 [INFO] Argument:325 - Argument : MemDataAlignmentvalue: DMA_MDATAALIGN_HALFWORD
2026-05-18 23:57:43,721 [INFO] Argument:335 - Argument : MemDataAlignmentvalue: DMA_MDATAALIGN_HALFWORD
2026-05-18 23:57:43,721 [INFO] Argument:325 - Argument : Modevalue: DMA_CIRCULAR
2026-05-18 23:57:43,721 [INFO] Argument:335 - Argument : Modevalue: DMA_CIRCULAR
2026-05-18 23:57:43,721 [INFO] Argument:325 - Argument : Priorityvalue: DMA_PRIORITY_LOW
2026-05-18 23:57:43,721 [INFO] Argument:335 - Argument : Priorityvalue: DMA_PRIORITY_LOW
2026-05-18 23:57:43,721 [INFO] Argument:325 - Argument : Lockvalue: null
2026-05-18 23:57:43,721 [INFO] Argument:335 - Argument : Lockvalue: null
2026-05-18 23:57:43,721 [INFO] Argument:325 - Argument : Statevalue: null
2026-05-18 23:57:43,721 [INFO] Argument:335 - Argument : Statevalue: null
2026-05-18 23:57:43,721 [INFO] Argument:325 - Argument : Parentvalue: null
2026-05-18 23:57:43,722 [INFO] Argument:335 - Argument : Parentvalue: null
2026-05-18 23:57:43,722 [INFO] Argument:325 - Argument : XferCpltCallbackvalue: null
2026-05-18 23:57:43,722 [INFO] Argument:335 - Argument : XferCpltCallbackvalue: null
2026-05-18 23:57:43,722 [INFO] Argument:325 - Argument : XferHalfCpltCallbackvalue: null
2026-05-18 23:57:43,722 [INFO] Argument:335 - Argument : XferHalfCpltCallbackvalue: null
2026-05-18 23:57:43,722 [INFO] Argument:325 - Argument : XferErrorCallbackvalue: null
2026-05-18 23:57:43,722 [INFO] Argument:335 - Argument : XferErrorCallbackvalue: null
2026-05-18 23:57:43,722 [INFO] Argument:325 - Argument : XferAbortCallbackvalue: null
2026-05-18 23:57:43,722 [INFO] Argument:335 - Argument : XferAbortCallbackvalue: null
2026-05-18 23:57:43,722 [INFO] Argument:325 - Argument : ErrorCodevalue: null
2026-05-18 23:57:43,722 [INFO] Argument:335 - Argument : ErrorCodevalue: null
2026-05-18 23:57:43,722 [INFO] Argument:325 - Argument : DmaBaseAddressvalue: null
2026-05-18 23:57:43,722 [INFO] Argument:335 - Argument : DmaBaseAddressvalue: null
2026-05-18 23:57:43,722 [INFO] Argument:325 - Argument : ChannelIndexvalue: null
2026-05-18 23:57:43,722 [INFO] Argument:335 - Argument : ChannelIndexvalue: null
2026-05-18 23:57:43,722 [INFO] Argument:325 - Argument : hdmavalue: null
2026-05-18 23:57:43,722 [INFO] Argument:327 - 	 sub Args: 
2026-05-18 23:57:43,722 [INFO] Argument:325 - Argument : Instancevalue: DMA1_Channel1
2026-05-18 23:57:43,722 [INFO] Argument:335 - Argument : Instancevalue: DMA1_Channel1
2026-05-18 23:57:43,722 [INFO] Argument:325 - Argument : Initvalue: null
2026-05-18 23:57:43,722 [INFO] Argument:327 - 	 sub Args: 
2026-05-18 23:57:43,722 [INFO] Argument:325 - Argument : Requestvalue: DMA_REQUEST_0
2026-05-18 23:57:43,722 [INFO] Argument:335 - Argument : Requestvalue: DMA_REQUEST_0
2026-05-18 23:57:43,722 [INFO] Argument:325 - Argument : Directionvalue: DMA_PERIPH_TO_MEMORY
2026-05-18 23:57:43,723 [INFO] Argument:335 - Argument : Directionvalue: DMA_PERIPH_TO_MEMORY
2026-05-18 23:57:43,723 [INFO] Argument:325 - Argument : PeriphIncvalue: DMA_PINC_DISABLE
2026-05-18 23:57:43,723 [INFO] Argument:335 - Argument : PeriphIncvalue: DMA_PINC_DISABLE
2026-05-18 23:57:43,723 [INFO] Argument:325 - Argument : MemIncvalue: DMA_MINC_ENABLE
2026-05-18 23:57:43,723 [INFO] Argument:335 - Argument : MemIncvalue: DMA_MINC_ENABLE
2026-05-18 23:57:43,723 [INFO] Argument:325 - Argument : PeriphDataAlignmentvalue: DMA_PDATAALIGN_HALFWORD
2026-05-18 23:57:43,723 [INFO] Argument:335 - Argument : PeriphDataAlignmentvalue: DMA_PDATAALIGN_HALFWORD
2026-05-18 23:57:43,723 [INFO] Argument:325 - Argument : MemDataAlignmentvalue: DMA_MDATAALIGN_HALFWORD
2026-05-18 23:57:43,723 [INFO] Argument:335 - Argument : MemDataAlignmentvalue: DMA_MDATAALIGN_HALFWORD
2026-05-18 23:57:43,723 [INFO] Argument:325 - Argument : Modevalue: DMA_CIRCULAR
2026-05-18 23:57:43,723 [INFO] Argument:335 - Argument : Modevalue: DMA_CIRCULAR
2026-05-18 23:57:43,723 [INFO] Argument:325 - Argument : Priorityvalue: DMA_PRIORITY_LOW
2026-05-18 23:57:43,723 [INFO] Argument:335 - Argument : Priorityvalue: DMA_PRIORITY_LOW
2026-05-18 23:57:43,723 [INFO] Argument:325 - Argument : Lockvalue: null
2026-05-18 23:57:43,723 [INFO] Argument:335 - Argument : Lockvalue: null
2026-05-18 23:57:43,723 [INFO] Argument:325 - Argument : Statevalue: null
2026-05-18 23:57:43,723 [INFO] Argument:335 - Argument : Statevalue: null
2026-05-18 23:57:43,723 [INFO] Argument:325 - Argument : Parentvalue: null
2026-05-18 23:57:43,723 [INFO] Argument:335 - Argument : Parentvalue: null
2026-05-18 23:57:43,723 [INFO] Argument:325 - Argument : XferCpltCallbackvalue: null
2026-05-18 23:57:43,723 [INFO] Argument:335 - Argument : XferCpltCallbackvalue: null
2026-05-18 23:57:43,723 [INFO] Argument:325 - Argument : XferHalfCpltCallbackvalue: null
2026-05-18 23:57:43,723 [INFO] Argument:335 - Argument : XferHalfCpltCallbackvalue: null
2026-05-18 23:57:43,723 [INFO] Argument:325 - Argument : XferErrorCallbackvalue: null
2026-05-18 23:57:43,723 [INFO] Argument:335 - Argument : XferErrorCallbackvalue: null
2026-05-18 23:57:43,723 [INFO] Argument:325 - Argument : XferAbortCallbackvalue: null
2026-05-18 23:57:43,723 [INFO] Argument:335 - Argument : XferAbortCallbackvalue: null
2026-05-18 23:57:43,723 [INFO] Argument:325 - Argument : ErrorCodevalue: null
2026-05-18 23:57:43,723 [INFO] Argument:335 - Argument : ErrorCodevalue: null
2026-05-18 23:57:43,723 [INFO] Argument:325 - Argument : DmaBaseAddressvalue: null
2026-05-18 23:57:43,723 [INFO] Argument:335 - Argument : DmaBaseAddressvalue: null
2026-05-18 23:57:43,723 [INFO] Argument:325 - Argument : ChannelIndexvalue: null
2026-05-18 23:57:43,723 [INFO] Argument:335 - Argument : ChannelIndexvalue: null
2026-05-18 23:57:43,723 [INFO] Argument:325 - Argument : pSyncConfigvalue: null
2026-05-18 23:57:43,723 [INFO] Argument:327 - 	 sub Args: 
2026-05-18 23:57:43,723 [INFO] Argument:325 - Argument : SyncSignalIDvalue: null
2026-05-18 23:57:43,723 [INFO] Argument:335 - Argument : SyncSignalIDvalue: null
2026-05-18 23:57:43,723 [INFO] Argument:325 - Argument : SyncPolarityvalue: null
2026-05-18 23:57:43,723 [INFO] Argument:335 - Argument : SyncPolarityvalue: null
2026-05-18 23:57:43,723 [INFO] Argument:325 - Argument : SyncEnablevalue: null
2026-05-18 23:57:43,723 [INFO] Argument:335 - Argument : SyncEnablevalue: null
2026-05-18 23:57:43,723 [INFO] Argument:325 - Argument : EventEnablevalue: null
2026-05-18 23:57:43,723 [INFO] Argument:335 - Argument : EventEnablevalue: null
2026-05-18 23:57:43,723 [INFO] Argument:325 - Argument : RequestNumbervalue: null
2026-05-18 23:57:43,723 [INFO] Argument:335 - Argument : RequestNumbervalue: null
2026-05-18 23:57:43,814 [INFO] CodeEngine:265 - oldGeneratedFile, C:\Users\azaki\Documents\GitHub\Project-Nephros\new_double_thermistor\double_thermistor\MXTmpFiles\license.tmp_save
2026-05-18 23:57:43,909 [INFO] CodeEngine:289 - Generated code: C:\Users\azaki\Documents\GitHub\Project-Nephros\new_double_thermistor\double_thermistor\MXTmpFiles\license.tmp
2026-05-18 23:57:43,942 [INFO] CodeEngine:265 - oldGeneratedFile, C:\Users\azaki\Documents\GitHub\Project-Nephros\new_double_thermistor\double_thermistor\MXTmpFiles\gpio.tmp_save
2026-05-18 23:57:44,035 [INFO] CodeEngine:289 - Generated code: C:\Users\azaki\Documents\GitHub\Project-Nephros\new_double_thermistor\double_thermistor\MXTmpFiles\gpio.tmp
2026-05-18 23:57:44,167 [INFO] CodeEngine:265 - oldGeneratedFile, C:\Users\azaki\Documents\GitHub\Project-Nephros\new_double_thermistor\double_thermistor\MXTmpFiles\dma.tmp_save
2026-05-18 23:57:44,226 [INFO] CodeEngine:289 - Generated code: C:\Users\azaki\Documents\GitHub\Project-Nephros\new_double_thermistor\double_thermistor\MXTmpFiles\dma.tmp
2026-05-18 23:57:44,231 [INFO] CodeEngine:265 - oldGeneratedFile, C:\Users\azaki\Documents\GitHub\Project-Nephros\new_double_thermistor\double_thermistor\MXTmpFiles\dma_GV.tmp_save
2026-05-18 23:57:44,281 [INFO] CodeEngine:289 - Generated code: C:\Users\azaki\Documents\GitHub\Project-Nephros\new_double_thermistor\double_thermistor\MXTmpFiles\dma_GV.tmp
2026-05-18 23:57:44,295 [INFO] CodeEngine:265 - oldGeneratedFile, C:\Users\azaki\Documents\GitHub\Project-Nephros\new_double_thermistor\double_thermistor\Core\Src\stm32l4xx_it.c_save
2026-05-18 23:57:44,418 [INFO] CodeEngine:289 - Generated code: C:\Users\azaki\Documents\GitHub\Project-Nephros\new_double_thermistor\double_thermistor\Core\Src\stm32l4xx_it.c
2026-05-18 23:57:44,424 [INFO] CodeEngine:265 - oldGeneratedFile, C:\Users\azaki\Documents\GitHub\Project-Nephros\new_double_thermistor\double_thermistor\Core\Inc\stm32l4xx_it.h_save
2026-05-18 23:57:44,479 [INFO] CodeEngine:289 - Generated code: C:\Users\azaki\Documents\GitHub\Project-Nephros\new_double_thermistor\double_thermistor\Core\Inc\stm32l4xx_it.h
2026-05-18 23:57:44,492 [INFO] CodeEngine:265 - oldGeneratedFile, C:\Users\azaki\Documents\GitHub\Project-Nephros\new_double_thermistor\double_thermistor\Core\Src\stm32l4xx_hal_msp.c_save
2026-05-18 23:57:44,599 [INFO] CodeEngine:289 - Generated code: C:\Users\azaki\Documents\GitHub\Project-Nephros\new_double_thermistor\double_thermistor\Core\Src\stm32l4xx_hal_msp.c
2026-05-18 23:57:44,607 [INFO] CodeEngine:265 - oldGeneratedFile, C:\Users\azaki\Documents\GitHub\Project-Nephros\new_double_thermistor\double_thermistor\MXTmpFiles\system.tmp_save
2026-05-18 23:57:44,657 [INFO] CodeEngine:289 - Generated code: C:\Users\azaki\Documents\GitHub\Project-Nephros\new_double_thermistor\double_thermistor\MXTmpFiles\system.tmp
2026-05-18 23:57:44,670 [INFO] CodeEngine:321 - oldGeneratedFile, C:\Users\azaki\Documents\GitHub\Project-Nephros\new_double_thermistor\double_thermistor\Core\Inc\stm32l4xx_hal_conf.h_save
2026-05-18 23:57:44,729 [INFO] CodeEngine:345 - Generated code: C:\Users\azaki\Documents\GitHub\Project-Nephros\new_double_thermistor\double_thermistor\Core\Inc\stm32l4xx_hal_conf.h
2026-05-18 23:57:44,758 [INFO] CodeEngine:265 - oldGeneratedFile, C:\Users\azaki\Documents\GitHub\Project-Nephros\new_double_thermistor\double_thermistor\Core\Inc\main.h_save
2026-05-18 23:57:44,827 [INFO] CodeEngine:289 - Generated code: C:\Users\azaki\Documents\GitHub\Project-Nephros\new_double_thermistor\double_thermistor\Core\Inc\main.h
2026-05-18 23:57:44,832 [INFO] CodeEngine:265 - oldGeneratedFile, C:\Users\azaki\Documents\GitHub\Project-Nephros\new_double_thermistor\double_thermistor\Core\Src\main.c_save
2026-05-18 23:57:44,932 [INFO] CodeEngine:289 - Generated code: C:\Users\azaki\Documents\GitHub\Project-Nephros\new_double_thermistor\double_thermistor\Core\Src\main.c
2026-05-18 23:57:45,214 [INFO] ProjectBuilder:3606 - Time for Copy HAL[1] : 157mS.
2026-05-18 23:57:45,217 [INFO] ProjectBuilder:5216 - Project Generator version: 4.7.0-B52
2026-05-18 23:57:45,276 [INFO] ConfigFileManager:1595 - The Die is : DIE435
2026-05-18 23:57:46,054 [INFO] ProjectBuilder:5496 - Time for Generating toolchain IDE Files: 836mS.
2026-05-18 23:57:46,054 [INFO] ProjectBuilder:3463 - Time for Copy CMSIS : 0mS.
2026-05-18 23:57:46,057 [INFO] ProjectBuilder:3463 - Time for Copy CMSIS : 0mS.
