2026-10-07 18:11:46,398 [INFO] Activator:176 - 


2026-10-07 18:11:46,402 [INFO] Activator:177 - !SESSION log4j initialized
2026-10-07 18:11:51,164 [INFO] LogOutputStream:77 - [STDOUT_REDIRECT] 
2026-10-07 18:11:54,824 [INFO] ApplicationProperties:184 - Using Application install path: C:\ST\STM32CubeIDE_1.19.0\STM32CubeIDE\plugins\com.st.stm32cube.common.mx_6.15.0.202507011659
2026-10-07 18:11:54,853 [INFO] DbMcusXml:78 - Set database path to: C:\ST\STM32CubeIDE_1.19.0\STM32CubeIDE\plugins\com.st.stm32cube.common.mx_6.15.0.202507011659\\db\/mcu/
2026-10-07 18:11:54,854 [INFO] ApiDb:274 - Set plugin database path to: C:\ST\STM32CubeIDE_1.19.0\STM32CubeIDE\plugins\com.st.stm32cube.common.mx_6.15.0.202507011659\\db\/plugins/boardmanager/
2026-10-07 18:11:54,873 [WARN] ApiDb:259 - Overriding images path with different value:  => C:\ST\STM32CubeIDE_1.19.0\STM32CubeIDE\plugins\com.st.stm32cube.common.mx_6.15.0.202507011659\\db\/plugins/mcufinder/images/
2026-10-07 18:11:54,886 [INFO] ApiDb:250 - Set database path to: C:\Users\zawad\.stmcufinder\plugins\mcufinder//mcu/
2026-10-07 18:11:54,888 [INFO] DbMcusAds:125 - Set database path to: C:\Users\zawad\.stmcufinder\plugins\mcufinder//mcu/
2026-10-07 18:11:54,893 [INFO] CrossReferenceDbSqlite:203 - Set database path to: C:\Users\zawad\.stmcufinder\plugins\mcufinder//mcu/cs/
2026-10-07 18:11:55,107 [INFO] RulesReader:64 - Compatibility file has been processed (317 Rules)
2026-10-07 18:11:55,295 [INFO] DbMcusXml:78 - Set database path to: C:\ST\STM32CubeIDE_1.19.0\STM32CubeIDE\plugins\com.st.stm32cube.common.mx_6.15.0.202507011659\\db\/mcu/
2026-10-07 18:11:55,295 [INFO] ApiDb:274 - Set plugin database path to: C:\ST\STM32CubeIDE_1.19.0\STM32CubeIDE\plugins\com.st.stm32cube.common.mx_6.15.0.202507011659\\db\/plugins/boardmanager/
2026-10-07 18:11:55,295 [INFO] ApiDb:261 - Set plugin images path to: C:\ST\STM32CubeIDE_1.19.0\STM32CubeIDE\plugins\com.st.stm32cube.common.mx_6.15.0.202507011659\\db\/plugins/mcufinder/images/
2026-10-07 18:11:55,296 [WARN] DbFile:41 - Overriding database path with different value: C:\Users\zawad\.stmcufinder\plugins\mcufinder/ => C:\Users\zawad\.stmcufinder\plugins\mcufinder
2026-10-07 18:11:55,296 [INFO] ApiDb:250 - Set database path to: C:\Users\zawad\.stmcufinder\plugins\mcufinder//mcu/
2026-10-07 18:11:55,296 [WARN] DbFile:41 - Overriding database path with different value: C:\Users\zawad\.stmcufinder\plugins\mcufinder/ => C:\Users\zawad\.stmcufinder\plugins\mcufinder
2026-10-07 18:11:55,296 [INFO] DbMcusAds:125 - Set database path to: C:\Users\zawad\.stmcufinder\plugins\mcufinder//mcu/
2026-10-07 18:11:55,297 [WARN] DbFile:41 - Overriding database path with different value: C:\Users\zawad\.stmcufinder\plugins\mcufinder/ => C:\Users\zawad\.stmcufinder\plugins\mcufinder
2026-10-07 18:11:55,297 [WARN] DbFile:41 - Overriding database path with different value: C:\Users\zawad\.stmcufinder\plugins\mcufinder/ => C:\Users\zawad\.stmcufinder\plugins\mcufinder
2026-10-07 18:11:55,297 [INFO] CrossReferenceDbSqlite:203 - Set database path to: C:\Users\zawad\.stmcufinder\plugins\mcufinder//mcu/cs/
2026-10-07 18:11:55,420 [INFO] MainPanel:274 - HeapMemory: 268435456
2026-10-07 18:11:55,571 [INFO] DbMcusXml:78 - Set database path to: C:\ST\STM32CubeIDE_1.19.0\STM32CubeIDE\plugins\com.st.stm32cube.common.mx_6.15.0.202507011659\\db\/mcu/
2026-10-07 18:11:55,571 [INFO] ApiDb:274 - Set plugin database path to: C:\ST\STM32CubeIDE_1.19.0\STM32CubeIDE\plugins\com.st.stm32cube.common.mx_6.15.0.202507011659\\db\/plugins/boardmanager/
2026-10-07 18:11:55,571 [INFO] ApiDb:261 - Set plugin images path to: C:\ST\STM32CubeIDE_1.19.0\STM32CubeIDE\plugins\com.st.stm32cube.common.mx_6.15.0.202507011659\\db\/plugins/mcufinder/images/
2026-10-07 18:11:55,572 [WARN] DbFile:41 - Overriding database path with different value: C:\Users\zawad\.stmcufinder\plugins\mcufinder/ => C:\Users\zawad\.stmcufinder\plugins\mcufinder
2026-10-07 18:11:55,572 [INFO] ApiDb:250 - Set database path to: C:\Users\zawad\.stmcufinder\plugins\mcufinder//mcu/
2026-10-07 18:11:55,572 [WARN] DbFile:41 - Overriding database path with different value: C:\Users\zawad\.stmcufinder\plugins\mcufinder/ => C:\Users\zawad\.stmcufinder\plugins\mcufinder
2026-10-07 18:11:55,573 [INFO] DbMcusAds:125 - Set database path to: C:\Users\zawad\.stmcufinder\plugins\mcufinder//mcu/
2026-10-07 18:11:55,573 [WARN] DbFile:41 - Overriding database path with different value: C:\Users\zawad\.stmcufinder\plugins\mcufinder/ => C:\Users\zawad\.stmcufinder\plugins\mcufinder
2026-10-07 18:11:55,573 [WARN] DbFile:41 - Overriding database path with different value: C:\Users\zawad\.stmcufinder\plugins\mcufinder/ => C:\Users\zawad\.stmcufinder\plugins\mcufinder
2026-10-07 18:11:55,573 [INFO] CrossReferenceDbSqlite:203 - Set database path to: C:\Users\zawad\.stmcufinder\plugins\mcufinder//mcu/cs/
2026-10-07 18:11:55,621 [INFO] ApplicationProperties:184 - Using Application install path: C:\ST\STM32CubeIDE_1.19.0\STM32CubeIDE\plugins\com.st.stm32cube.common.mx_6.15.0.202507011659
2026-10-07 18:11:55,624 [INFO] PluginManage:196 - Search for loadable plugins [exclusion list=, ]
2026-10-07 18:11:55,626 [INFO] PluginManage:310 - Check plugin analytics
2026-10-07 18:11:56,067 [INFO] AnalyticsPlugin:253 - Accepted Software Licenses: 
2026-10-07 18:11:56,068 [INFO] AnalyticsPlugin:255 - Accepted CMSIS Pack Licenses: 
2026-10-07 18:11:56,068 [INFO] AnalyticsPlugin:257 - Accepted Firmware Licenses: FW.L4.1.18.0
2026-10-07 18:11:56,078 [INFO] PluginManage:359 - Loaded plugin analytics (category:tool,tabindex:-1)
2026-10-07 18:11:56,079 [INFO] PluginManage:310 - Check plugin cadmodel
2026-10-07 18:11:56,091 [INFO] CADModel:105 - Init CAD model plugin
2026-10-07 18:11:56,091 [INFO] PluginManage:359 - Loaded plugin cadmodel (category:power,tabindex:5)
2026-10-07 18:11:56,092 [INFO] PluginManage:310 - Check plugin clock
2026-10-07 18:11:56,111 [INFO] PluginManage:359 - Loaded plugin clock (category:base,tabindex:2)
2026-10-07 18:11:56,112 [INFO] PluginManage:310 - Check plugin ddr
2026-10-07 18:11:56,116 [INFO] PluginManage:359 - Loaded plugin ddr (category:tool,tabindex:6)
2026-10-07 18:11:56,117 [INFO] PluginManage:310 - Check plugin filemanager
2026-10-07 18:11:56,415 [INFO] PluginManage:359 - Loaded plugin filemanager (category:base,tabindex:10)
2026-10-07 18:11:56,415 [INFO] PluginManage:310 - Check plugin ipmanager
2026-10-07 18:11:56,429 [INFO] PluginManage:359 - Loaded plugin ipmanager (category:base,tabindex:5)
2026-10-07 18:11:56,430 [INFO] PluginManage:310 - Check plugin lpbam
2026-10-07 18:11:56,445 [INFO] PluginManage:359 - Loaded plugin lpbam (category:base,tabindex:0)
2026-10-07 18:11:56,445 [INFO] PluginManage:310 - Check plugin memorymap
2026-10-07 18:11:56,470 [INFO] PluginManage:359 - Loaded plugin memorymap (category:base,tabindex:4)
2026-10-07 18:11:56,471 [INFO] PluginManage:310 - Check plugin pinoutandconfiguration
2026-10-07 18:11:56,486 [INFO] PluginManage:359 - Loaded plugin pinoutandconfiguration (category:base,tabindex:1)
2026-10-07 18:11:56,486 [INFO] PluginManage:310 - Check plugin pinoutconfig
2026-10-07 18:11:56,651 [WARN] SupportedApi:132 - Cannot load RTOS API schema: s4s-elt-must-match.1: The content of 'definitions' must match (annotation?, (simpleType | complexType)?, (unique | key | keyref)*)). A problem was found starting at: attribute.
2026-10-07 18:11:56,858 [INFO] PluginManage:359 - Loaded plugin pinoutconfig (category:base,tabindex:0)
2026-10-07 18:11:56,859 [INFO] PluginManage:310 - Check plugin power
2026-10-07 18:11:56,870 [INFO] PluginManage:359 - Loaded plugin power (category:power,tabindex:4)
2026-10-07 18:11:56,870 [INFO] PluginManage:310 - Check plugin projectmanager
2026-10-07 18:11:56,896 [INFO] PluginManage:359 - Loaded plugin projectmanager (category:projectmanager,tabindex:4)
2026-10-07 18:11:56,896 [INFO] PluginManage:310 - Check plugin rif
2026-10-07 18:11:56,908 [INFO] PluginManage:359 - Loaded plugin rif (category:base,tabindex:3)
2026-10-07 18:11:56,909 [INFO] PluginManage:310 - Check plugin thirdparty
2026-10-07 18:11:57,129 [INFO] PluginManage:359 - Loaded plugin thirdparty (category:base,tabindex:-1)
2026-10-07 18:11:57,130 [INFO] PluginManage:310 - Check plugin tools
2026-10-07 18:11:57,129 [WARN] IntegrityCheckThread:84 - waiting for thirdparty lock release [integrity check]
2026-10-07 18:11:57,130 [INFO] IntegrityCheckThread:86 - entering critical section [integrity check]
2026-10-07 18:11:57,131 [INFO] ThirdPartyUpdaterWithRetryManager:70 - Updater plugin not ready yet. [1/15]
2026-10-07 18:11:57,135 [INFO] PluginManage:359 - Loaded plugin tools (category:base,tabindex:7)
2026-10-07 18:11:57,135 [INFO] PluginManage:310 - Check plugin tutovideos
2026-10-07 18:11:57,502 [INFO] PluginManage:359 - Loaded plugin tutovideos (category:base,tabindex:-1)
2026-10-07 18:11:57,502 [INFO] PluginManage:310 - Check plugin updater
2026-10-07 18:11:57,541 [INFO] PluginManage:359 - Loaded plugin updater (category:base,tabindex:12)
2026-10-07 18:11:57,543 [INFO] PluginManage:310 - Check plugin userauth
2026-10-07 18:11:57,548 [INFO] UserAuth:118 - Init User Auth plugin
2026-10-07 18:11:57,549 [INFO] PluginManage:359 - Loaded plugin userauth (category:base,tabindex:14)
2026-10-07 18:11:57,550 [INFO] PluginManage:283 - PluginManage : Loaded plugins [18]
2026-10-07 18:11:57,919 [INFO] PinOutPanel:1589 - setPackage(No Configuration,No Configuration)
2026-10-07 18:11:58,069 [INFO] CADModel:165 - CPN selected for project level
2026-10-07 18:11:58,069 [INFO] CADModel:114 - Register for checkConnection events
2026-10-07 18:11:58,098 [INFO] IPUIPlugin:80 - create IPUIPlugin
2026-10-07 18:11:58,098 [INFO] PluginManager:220 - loadIPPluginJar : add adc
2026-10-07 18:11:58,102 [INFO] IPUIPlugin:80 - create IPUIPlugin
2026-10-07 18:11:58,102 [INFO] PluginManager:220 - loadIPPluginJar : add aes
2026-10-07 18:11:58,107 [INFO] IPUIPlugin:80 - create IPUIPlugin
2026-10-07 18:11:58,108 [INFO] PluginManager:220 - loadIPPluginJar : add can
2026-10-07 18:11:58,112 [INFO] IPUIPlugin:80 - create IPUIPlugin
2026-10-07 18:11:58,112 [INFO] PluginManager:220 - loadIPPluginJar : add comp
2026-10-07 18:11:58,117 [INFO] IPUIPlugin:80 - create IPUIPlugin
2026-10-07 18:11:58,117 [INFO] PluginManager:220 - loadIPPluginJar : add cryp
2026-10-07 18:11:58,121 [INFO] IPUIPlugin:80 - create IPUIPlugin
2026-10-07 18:11:58,121 [INFO] PluginManager:220 - loadIPPluginJar : add ddr_ctrl_phy
2026-10-07 18:11:58,127 [INFO] IPUIPlugin:80 - create IPUIPlugin
2026-10-07 18:11:58,127 [INFO] PluginManager:220 - loadIPPluginJar : add dfsdm
2026-10-07 18:11:58,135 [INFO] IPUIPlugin:80 - create IPUIPlugin
2026-10-07 18:11:58,136 [INFO] PluginManager:220 - loadIPPluginJar : add dma
2026-10-07 18:11:58,140 [INFO] IPUIPlugin:80 - create IPUIPlugin
2026-10-07 18:11:58,141 [INFO] PluginManager:220 - loadIPPluginJar : add dma3
2026-10-07 18:11:58,145 [INFO] IPUIPlugin:80 - create IPUIPlugin
2026-10-07 18:11:58,145 [INFO] PluginManager:220 - loadIPPluginJar : add extmemmanager
2026-10-07 18:11:58,147 [INFO] IPUIPlugin:80 - create IPUIPlugin
2026-10-07 18:11:58,147 [INFO] PluginManager:220 - loadIPPluginJar : add fatfs
2026-10-07 18:11:58,156 [INFO] IPUIPlugin:80 - create IPUIPlugin
2026-10-07 18:11:58,156 [INFO] PluginManager:220 - loadIPPluginJar : add fmc
2026-10-07 18:11:58,169 [INFO] IPUIPlugin:80 - create IPUIPlugin
2026-10-07 18:11:58,169 [INFO] PluginManager:220 - loadIPPluginJar : add freertos
2026-10-07 18:11:58,172 [INFO] IPUIPlugin:80 - create IPUIPlugin
2026-10-07 18:11:58,172 [INFO] PluginManager:220 - loadIPPluginJar : add genericplugin
2026-10-07 18:11:58,176 [INFO] IPUIPlugin:80 - create IPUIPlugin
2026-10-07 18:11:58,176 [INFO] PluginManager:220 - loadIPPluginJar : add gfxmmu
2026-10-07 18:11:58,185 [INFO] IPUIPlugin:80 - create IPUIPlugin
2026-10-07 18:11:58,185 [INFO] PluginManager:220 - loadIPPluginJar : add gic
2026-10-07 18:11:58,192 [INFO] IPUIPlugin:80 - create IPUIPlugin
2026-10-07 18:11:58,193 [INFO] PluginManager:220 - loadIPPluginJar : add gpio
2026-10-07 18:11:58,198 [INFO] IPUIPlugin:80 - create IPUIPlugin
2026-10-07 18:11:58,198 [INFO] PluginManager:220 - loadIPPluginJar : add gtzc
2026-10-07 18:11:58,202 [INFO] IPUIPlugin:80 - create IPUIPlugin
2026-10-07 18:11:58,202 [INFO] PluginManager:220 - loadIPPluginJar : add hash
2026-10-07 18:11:58,207 [INFO] IPUIPlugin:80 - create IPUIPlugin
2026-10-07 18:11:58,208 [INFO] PluginManager:220 - loadIPPluginJar : add i2c
2026-10-07 18:11:58,212 [INFO] IPUIPlugin:80 - create IPUIPlugin
2026-10-07 18:11:58,213 [INFO] PluginManager:220 - loadIPPluginJar : add i2s
2026-10-07 18:11:58,217 [INFO] IPUIPlugin:80 - create IPUIPlugin
2026-10-07 18:11:58,217 [INFO] PluginManager:220 - loadIPPluginJar : add i3c
2026-10-07 18:11:58,223 [INFO] IPUIPlugin:80 - create IPUIPlugin
2026-10-07 18:11:58,224 [INFO] PluginManager:220 - loadIPPluginJar : add ipddr
2026-10-07 18:11:58,235 [INFO] IPUIPlugin:80 - create IPUIPlugin
2026-10-07 18:11:58,236 [INFO] PluginManager:220 - loadIPPluginJar : add linkedlist
2026-10-07 18:11:58,243 [INFO] IPUIPlugin:80 - create IPUIPlugin
2026-10-07 18:11:58,244 [INFO] PluginManager:220 - loadIPPluginJar : add lorawan
2026-10-07 18:11:58,246 [INFO] IPUIPlugin:80 - create IPUIPlugin
2026-10-07 18:11:58,247 [INFO] PluginManager:220 - loadIPPluginJar : add ltdc
2026-10-07 18:11:58,255 [INFO] IPUIPlugin:80 - create IPUIPlugin
2026-10-07 18:11:58,255 [INFO] PluginManager:220 - loadIPPluginJar : add mdma
2026-10-07 18:11:58,262 [INFO] IPUIPlugin:80 - create IPUIPlugin
2026-10-07 18:11:58,262 [INFO] PluginManager:220 - loadIPPluginJar : add nvic
2026-10-07 18:11:58,268 [INFO] IPUIPlugin:80 - create IPUIPlugin
2026-10-07 18:11:58,268 [INFO] PluginManager:220 - loadIPPluginJar : add opamp
2026-10-07 18:11:58,274 [INFO] IPUIPlugin:80 - create IPUIPlugin
2026-10-07 18:11:58,274 [INFO] PluginManager:220 - loadIPPluginJar : add openamp
2026-10-07 18:11:58,280 [INFO] IPUIPlugin:80 - create IPUIPlugin
2026-10-07 18:11:58,280 [INFO] PluginManager:220 - loadIPPluginJar : add pdm2pcm
2026-10-07 18:11:58,291 [INFO] IPUIPlugin:80 - create IPUIPlugin
2026-10-07 18:11:58,295 [INFO] PluginManager:220 - loadIPPluginJar : add plateformsettings
2026-10-07 18:11:58,298 [INFO] IPUIPlugin:80 - create IPUIPlugin
2026-10-07 18:11:58,298 [INFO] PluginManager:220 - loadIPPluginJar : add quadspi
2026-10-07 18:11:58,301 [INFO] IPUIPlugin:80 - create IPUIPlugin
2026-10-07 18:11:58,304 [INFO] PluginManager:220 - loadIPPluginJar : add radio
2026-10-07 18:11:58,309 [INFO] IPUIPlugin:80 - create IPUIPlugin
2026-10-07 18:11:58,310 [INFO] PluginManager:220 - loadIPPluginJar : add resmgrutility
2026-10-07 18:11:58,315 [INFO] IPUIPlugin:80 - create IPUIPlugin
2026-10-07 18:11:58,316 [INFO] PluginManager:220 - loadIPPluginJar : add sai
2026-10-07 18:11:58,320 [INFO] IPUIPlugin:80 - create IPUIPlugin
2026-10-07 18:11:58,320 [INFO] PluginManager:220 - loadIPPluginJar : add spi
2026-10-07 18:11:58,330 [INFO] IPUIPlugin:80 - create IPUIPlugin
2026-10-07 18:11:58,330 [INFO] PluginManager:220 - loadIPPluginJar : add stm32_wpan
2026-10-07 18:11:58,333 [INFO] IPUIPlugin:80 - create IPUIPlugin
2026-10-07 18:11:58,333 [INFO] PluginManager:220 - loadIPPluginJar : add tim
2026-10-07 18:11:58,339 [INFO] IPUIPlugin:80 - create IPUIPlugin
2026-10-07 18:11:58,339 [INFO] PluginManager:220 - loadIPPluginJar : add touchsensing
2026-10-07 18:11:58,342 [INFO] IPUIPlugin:80 - create IPUIPlugin
2026-10-07 18:11:58,342 [INFO] PluginManager:220 - loadIPPluginJar : add tracer_emb
2026-10-07 18:11:58,345 [INFO] IPUIPlugin:80 - create IPUIPlugin
2026-10-07 18:11:58,346 [INFO] PluginManager:220 - loadIPPluginJar : add ts
2026-10-07 18:11:58,348 [INFO] IPUIPlugin:80 - create IPUIPlugin
2026-10-07 18:11:58,348 [INFO] PluginManager:220 - loadIPPluginJar : add tsc
2026-10-07 18:11:58,351 [INFO] IPUIPlugin:80 - create IPUIPlugin
2026-10-07 18:11:58,351 [INFO] PluginManager:220 - loadIPPluginJar : add ucpd
2026-10-07 18:11:58,354 [INFO] IPUIPlugin:80 - create IPUIPlugin
2026-10-07 18:11:58,354 [INFO] PluginManager:220 - loadIPPluginJar : add usart
2026-10-07 18:11:58,359 [INFO] IPUIPlugin:80 - create IPUIPlugin
2026-10-07 18:11:58,361 [INFO] PluginManager:220 - loadIPPluginJar : add usbx
2026-10-07 18:11:58,531 [FATAL] Updater:351 - Updater called before beeing initialized
2026-10-07 18:11:58,579 [INFO] RulesReader:64 - Compatibility file has been processed (317 Rules)
2026-10-07 18:11:58,607 [INFO] RulesReader:64 - Compatibility file has been processed (317 Rules)
2026-10-07 18:11:58,624 [INFO] CADModel:165 - CPN selected for project level
2026-10-07 18:11:58,625 [INFO] CADModel:114 - Register for checkConnection events
2026-10-07 18:11:58,625 [FATAL] Updater:351 - Updater called before beeing initialized
2026-10-07 18:11:58,625 [ERROR] CADModel:125 - Updater not yet initialized, retry later 
2026-10-07 18:11:58,935 [FATAL] Updater:351 - Updater called before beeing initialized
2026-10-07 18:11:58,938 [INFO] CADModel:165 - CPN selected for project level
2026-10-07 18:11:58,938 [INFO] CADModel:114 - Register for checkConnection events
2026-10-07 18:11:58,938 [FATAL] Updater:351 - Updater called before beeing initialized
2026-10-07 18:11:58,938 [ERROR] CADModel:125 - Updater not yet initialized, retry later 
2026-10-07 18:11:58,944 [FATAL] Updater:351 - Updater called before beeing initialized
2026-10-07 18:11:59,167 [FATAL] Updater:351 - Updater called before beeing initialized
2026-10-07 18:11:59,174 [INFO] DbMcusAds:53 - JSON generation date=Tue Oct 06 18:34:19 AEDT 2026 (1791272059231)
2026-10-07 18:11:59,175 [FATAL] Updater:351 - Updater called before beeing initialized
2026-10-07 18:11:59,238 [WARN] DetailPanel:346 - Failed to get advertising image, set to default
2026-10-07 18:11:59,395 [FATAL] Updater:351 - Updater called before beeing initialized
2026-10-07 18:11:59,398 [FATAL] Updater:351 - Updater called before beeing initialized
2026-10-07 18:11:59,398 [FATAL] Updater:351 - Updater called before beeing initialized
2026-10-07 18:11:59,399 [WARN] DetailPanel:346 - Failed to get advertising image, set to default
2026-10-07 18:11:59,400 [FATAL] Updater:351 - Updater called before beeing initialized
2026-10-07 18:11:59,488 [ERROR] Updater:1198 - MainUpdater not yet initialized. External WinMGr cannot be set.
2026-10-07 18:11:59,492 [INFO] Updater:1134 - Updater Version found : 6.15.0
2026-10-07 18:11:59,521 [INFO] ApplicationProperties:184 - Using Application install path: C:\ST\STM32CubeIDE_1.19.0\STM32CubeIDE\plugins\com.st.stm32cube.common.mx_6.15.0.202507011659
2026-10-07 18:12:00,133 [INFO] ThirdPartyUpdaterWithRetryManager:70 - Updater plugin not ready yet. [2/15]
2026-10-07 18:12:01,105 [ERROR] LogOutputStream:75 - [STDERR_REDIRECT] Oct 07, 2026 6:12:01 PM java.util.prefs.WindowsPreferences <init>
2026-10-07 18:12:01,108 [ERROR] LogOutputStream:75 - [STDERR_REDIRECT] WARNING: Could not open/create prefs root node Software\JavaSoft\Prefs at root 0xffffffff80000002. Windows RegCreateKeyEx(...) returned error code 5.
2026-10-07 18:12:01,108 [ERROR] LogOutputStream:75 - [STDERR_REDIRECT] 
2026-10-07 18:12:01,739 [INFO] MainUpdater:2872 - connection check result : 10
2026-10-07 18:12:01,740 [INFO] MainUpdater:289 - Updater Check For Update Now.
2026-10-07 18:12:01,740 [INFO] MicroXplorer:498 - Change Database Version : DB.6.0.150
2026-10-07 18:12:01,753 [INFO] McuFinderGlobals:63 - Set McuFinder mode to 2 (CubeIDE integrated)
2026-10-07 18:12:01,754 [INFO] UserAuth:487 - Internet connection configuration mode: 1
2026-10-07 18:12:01,811 [INFO] JxBrowserEngine:152 - Initiate JxBrowser Engine with user profile folder
2026-10-07 18:12:02,011 [INFO] CheckServerUpdateThread:120 - End of CheckServer Thread
2026-10-07 18:12:03,020 [INFO] WebApp:169 - Instantiating new browser for Auth
2026-10-07 18:12:03,748 [WARN] PackLoader:240 - Cannot read IP mode file for STMicroelectronics.X-CUBE-AZRTOS-H7.3.5.0
2026-10-07 18:12:03,782 [WARN] PackLoader:240 - Cannot read IP mode file for STMicroelectronics.FP-ATR-ASTRA1.2.0.3
2026-10-07 18:12:03,822 [ERROR] Engine:466 - C:\Users\zawad\.stm32cubemx\thirdparties\pdsc\STMicroelectronics.X-CUBE-SMBUS.2.1.1.pdsc: PDSC version is not supported
2026-10-07 18:12:03,878 [WARN] PackLoader:240 - Cannot read IP mode file for STMicroelectronics.X-CUBE-AZRTOS-F7.1.1.0
2026-10-07 18:12:03,906 [WARN] PackLoader:240 - Cannot read IP mode file for STMicroelectronics.X-CUBE-FREERTOS.1.6.0
2026-10-07 18:12:03,918 [WARN] PackLoader:240 - Cannot read IP mode file for STMicroelectronics.FP-SNS-MOTENV1.5.1.0
2026-10-07 18:12:03,970 [WARN] PackLoader:240 - Cannot read IP mode file for STMicroelectronics.X-CUBE-AZRTOS-H7RS.1.3.0
2026-10-07 18:12:04,000 [WARN] PackLoader:240 - Cannot read IP mode file for WES.I-CUBE-Cesium.1.4.0
2026-10-07 18:12:04,014 [WARN] PackLoader:240 - Cannot read IP mode file for STMicroelectronics.X-CUBE-DISPLAY.3.0.0
2026-10-07 18:12:04,033 [WARN] PackLoader:240 - Cannot read IP mode file for STMicroelectronics.X-CUBE-GNSS1.7.1.1
2026-10-07 18:12:04,042 [WARN] PackLoader:240 - Cannot read IP mode file for STMicroelectronics.FP-SNS-MOTENVWB1.1.5.0
2026-10-07 18:12:04,052 [WARN] PackLoader:240 - Cannot read IP mode file for STMicroelectronics.X-CUBE-NFC10.1.0.0
2026-10-07 18:12:04,063 [WARN] PackLoader:240 - Cannot read IP mode file for STMicroelectronics.X-CUBE-ST60.1.1.0
2026-10-07 18:12:04,075 [WARN] PackLoader:240 - Cannot read IP mode file for emotas.I-CUBE-CANOPEN.1.3.0
2026-10-07 18:12:04,084 [WARN] PackLoader:240 - Cannot read IP mode file for wolfSSL.I-CUBE-wolfSSL.5.9.2
2026-10-07 18:12:04,089 [ERROR] Engine:466 - C:\Users\zawad\.stm32cubemx\thirdparties\pdsc\STMicroelectronics.X-CUBE-WBA.1.1.0.pdsc: PDSC version is not supported
2026-10-07 18:12:04,098 [WARN] PackLoader:240 - Cannot read IP mode file for STMicroelectronics.FP-SNS-STBOX1.2.1.0
2026-10-07 18:12:04,109 [WARN] PackLoader:240 - Cannot read IP mode file for STMicroelectronics.FP-SNS-SMARTAG2.1.2.0
2026-10-07 18:12:04,117 [WARN] PackLoader:240 - Cannot read IP mode file for STMicroelectronics.FP-SNS-FLIGHT1.5.1.0
2026-10-07 18:12:04,131 [INFO] LogOutputStream:77 - [STDOUT_REDIRECT] 1 : Invalid condition id : UX_CORESTACK_Condition cause : null
2026-10-07 18:12:04,132 [INFO] LogOutputStream:77 - [STDOUT_REDIRECT] 1 : Invalid condition id : UX_CORESTACK_Condition cause : null
2026-10-07 18:12:04,136 [INFO] LogOutputStream:77 - [STDOUT_REDIRECT] 1 : Invalid condition id : UX_CORESTACK_Condition cause : null
2026-10-07 18:12:04,138 [INFO] LogOutputStream:77 - [STDOUT_REDIRECT] 1 : Invalid condition id : UX_CORESTACK_Condition cause : null
2026-10-07 18:12:04,142 [INFO] LogOutputStream:77 - [STDOUT_REDIRECT] 1 : Invalid condition id : UX_CORESTACK_Condition cause : null
2026-10-07 18:12:04,148 [WARN] PackLoader:240 - Cannot read IP mode file for STMicroelectronics.X-CUBE-AZRTOS-WL.2.0.0
2026-10-07 18:12:04,161 [WARN] PackLoader:240 - Cannot read IP mode file for STMicroelectronics.X-CUBE-BLE2.3.3.0
2026-10-07 18:12:04,243 [WARN] PackLoader:240 - Cannot read IP mode file for Infineon.AIROC-Wi-Fi-Bluetooth-STM32.1.8.0
2026-10-07 18:12:04,258 [WARN] PackLoader:240 - Cannot read IP mode file for STMicroelectronics.X-CUBE-NFC9.1.0.0
2026-10-07 18:12:04,268 [WARN] PackLoader:240 - Cannot read IP mode file for STMicroelectronics.X-CUBE-BLE1.7.1.0
2026-10-07 18:12:04,275 [WARN] PackLoader:240 - Cannot read IP mode file for wolfSSL.I-CUBE-wolfMQTT.1.19.2
2026-10-07 18:12:04,293 [WARN] PackLoader:240 - Cannot read IP mode file for STMicroelectronics.X-CUBE-EEPRMA1.5.2.0
2026-10-07 18:12:04,318 [WARN] PackLoader:240 - Cannot read IP mode file for STMicroelectronics.X-CUBE-AZRTOS-G0.1.1.0
2026-10-07 18:12:04,347 [WARN] PackLoader:240 - Cannot read IP mode file for STMicroelectronics.X-CUBE-NFC4.3.0.0
2026-10-07 18:12:04,366 [WARN] PackLoader:240 - Cannot read IP mode file for EmbeddedOffice.I-CUBE-FS-RTOS.1.0.1
2026-10-07 18:12:04,378 [WARN] PackLoader:240 - Cannot read IP mode file for wolfSSL.I-CUBE-wolfTPM.3.8.0
2026-10-07 18:12:04,393 [WARN] PackLoader:240 - Cannot read IP mode file for STMicroelectronics.X-CUBE-TCPP.4.2.0
2026-10-07 18:12:04,408 [WARN] PackLoader:240 - Cannot read IP mode file for RealThread.X-CUBE-RT-Thread_Nano.4.1.1
2026-10-07 18:12:04,417 [WARN] PackLoader:240 - Cannot read IP mode file for STMicroelectronics.FP-ATR-SIGFOX1.3.2.0
2026-10-07 18:12:04,427 [WARN] PackLoader:240 - Cannot read IP mode file for ITTIA_DB.I-CUBE-ITTIADB.8.9.0
2026-10-07 18:12:04,435 [WARN] PackLoader:240 - Cannot read IP mode file for Cesanta.I-CUBE-Mongoose.7.21.7
2026-10-07 18:12:04,445 [WARN] PackLoader:240 - Cannot read IP mode file for STMicroelectronics.X-CUBE-NFC6.3.2.0
2026-10-07 18:12:04,457 [WARN] PackLoader:240 - Cannot read IP mode file for STMicroelectronics.X-CUBE-AI.10.2.1
2026-10-07 18:12:04,499 [WARN] PackLoader:240 - Cannot read IP mode file for SEGGER.I-CUBE-embOS.1.3.1
2026-10-07 18:12:04,547 [ERROR] Engine:466 - C:\Users\zawad\.stm32cubemx\thirdparties\pdsc\STMicroelectronics.FP-SNS-STAIOTCFT.2.0.0.pdsc: PDSC version is not supported
2026-10-07 18:12:04,556 [WARN] PackLoader:240 - Cannot read IP mode file for STMicroelectronics.X-CUBE-NFC13.1.0.0
2026-10-07 18:12:04,566 [WARN] PackLoader:240 - Cannot read IP mode file for STMicroelectronics.X-CUBE-PM33A1.1.0.0
2026-10-07 18:12:04,595 [WARN] PackLoader:240 - Cannot read IP mode file for STMicroelectronics.X-CUBE-AZRTOS-F4.1.1.0
2026-10-07 18:12:04,606 [WARN] PackLoader:240 - Cannot read IP mode file for STMicroelectronics.X-CUBE-ISPU.2.1.0
2026-10-07 18:12:04,633 [WARN] PackLoader:240 - Cannot read IP mode file for STMicroelectronics.X-CUBE-IPS.3.2.0
2026-10-07 18:12:04,655 [WARN] PackLoader:240 - Cannot read IP mode file for STMicroelectronics.eDS-WB_DPC_TT-BIDIR.2.1.1
2026-10-07 18:12:04,669 [WARN] PackLoader:240 - Cannot read IP mode file for STMicroelectronics.X-CUBE-NFC12.1.0.0
2026-10-07 18:12:04,700 [WARN] PackLoader:240 - Cannot read IP mode file for STMicroelectronics.X-CUBE-AZRTOS-L5.2.0.0
2026-10-07 18:12:04,721 [WARN] PackLoader:240 - Cannot read IP mode file for STMicroelectronics.X-CUBE-ALGOBUILD.1.5.0
2026-10-07 18:12:04,736 [WARN] PackLoader:240 - Cannot read IP mode file for STMicroelectronics.eDS-WB_DPC_VIENNA.1.2.0
2026-10-07 18:12:04,848 [WARN] PackLoader:240 - Cannot read IP mode file for STMicroelectronics.X-CUBE-MEMS1.13.0.0
2026-10-07 18:12:05,095 [WARN] PackLoader:240 - Cannot read IP mode file for STMicroelectronics.eDS-WB_DPC_3PH2L-BIDIR.1.1.1
2026-10-07 18:12:05,100 [ERROR] Engine:466 - C:\Users\zawad\.stm32cubemx\thirdparties\pdsc\STMicroelectronics.X-CUBE-ST67W61.1.3.0.pdsc: PDSC version is not supported
2026-10-07 18:12:05,110 [INFO] WebApp:463 - Apply proxy settings
2026-10-07 18:12:05,110 [INFO] WebApp:548 - Chromium requires no authentication
2026-10-07 18:12:05,115 [WARN] PackLoader:240 - Cannot read IP mode file for STMicroelectronics.X-CUBE-TOUCHGFX.4.26.1
2026-10-07 18:12:05,124 [WARN] PackLoader:240 - Cannot read IP mode file for STMicroelectronics.X-CUBE-DPower.1.3.0
2026-10-07 18:12:05,148 [WARN] ConditionMgr:438 - getConditionDescription Invalid condition id : LAN8742 Phy interface Condition cause : null
2026-10-07 18:12:05,149 [WARN] PackLoader:240 - Cannot read IP mode file for STMicroelectronics.X-CUBE-AZRTOS-L4.2.0.0
2026-10-07 18:12:05,150 [WARN] ConditionMgr:1044 - genDependencies : Invalid condition id : LAN8742 Phy interface Condition cause : null
2026-10-07 18:12:05,150 [WARN] ConditionMgr:1044 - genDependencies : Invalid condition id : LAN8742 Phy interface Condition cause : null
2026-10-07 18:12:05,152 [WARN] ConditionMgr:1044 - genDependencies : Invalid condition id : LAN8742 Phy interface Condition cause : null
2026-10-07 18:12:05,166 [WARN] PackLoader:240 - Cannot read IP mode file for STMicroelectronics.X-CUBE-SFXS2LP1.4.0.0
2026-10-07 18:12:05,176 [WARN] PackLoader:240 - Cannot read IP mode file for STMicroelectronics.X-CUBE-WB05N.2.1.0
2026-10-07 18:12:05,189 [INFO] WebApp:491 - Direct internet connection detected
2026-10-07 18:12:05,193 [WARN] ConditionMgr:438 - getConditionDescription Invalid condition id : UX DEVICE CLASS RTOS Condition cause : null
2026-10-07 18:12:05,194 [WARN] ConditionMgr:438 - getConditionDescription Invalid condition id : UX DEVICE CLASS RTOS Condition cause : null
2026-10-07 18:12:05,198 [WARN] PackLoader:240 - Cannot read IP mode file for STMicroelectronics.X-CUBE-AZRTOS-WB.2.0.0
2026-10-07 18:12:05,199 [WARN] ConditionMgr:1044 - genDependencies : Invalid condition id : UX DEVICE CLASS RTOS Condition cause : null
2026-10-07 18:12:05,199 [WARN] ConditionMgr:1044 - genDependencies : Invalid condition id : UX DEVICE CLASS RTOS Condition cause : null
2026-10-07 18:12:05,199 [WARN] ConditionMgr:1044 - genDependencies : Invalid condition id : UX DEVICE CLASS RTOS Condition cause : null
2026-10-07 18:12:05,201 [WARN] ConditionMgr:1044 - genDependencies : Invalid condition id : UX DEVICE CLASS RTOS Condition cause : null
2026-10-07 18:12:05,201 [WARN] ConditionMgr:1044 - genDependencies : Invalid condition id : UX DEVICE CLASS RTOS Condition cause : null
2026-10-07 18:12:05,212 [WARN] ConditionMgr:438 - getConditionDescription Invalid condition id : Cortex-A Device cause : null
2026-10-07 18:12:05,230 [WARN] ConditionMgr:1044 - genDependencies : Invalid condition id : Cortex-A Device cause : null
2026-10-07 18:12:05,230 [WARN] ConditionMgr:1044 - genDependencies : Invalid condition id : Cortex-A Device cause : null
2026-10-07 18:12:05,230 [WARN] ConditionMgr:1044 - genDependencies : Invalid condition id : Cortex-A Device cause : null
2026-10-07 18:12:05,240 [WARN] PackLoader:240 - Cannot read IP mode file for STMicroelectronics.X-CUBE-STSE01.2.0.0
2026-10-07 18:12:05,259 [WARN] PackLoader:240 - Cannot read IP mode file for STMicroelectronics.X-CUBE-SUBG2.5.0.0
2026-10-07 18:12:05,284 [WARN] PackLoader:240 - Cannot read IP mode file for STMicroelectronics.X-CUBE-AZRTOS-G4.2.0.0
2026-10-07 18:12:05,293 [WARN] PackLoader:240 - Cannot read IP mode file for wolfSSL.I-CUBE-wolfSSH.1.4.20
2026-10-07 18:12:05,300 [WARN] PackLoader:240 - Cannot read IP mode file for STMicroelectronics.X-CUBE-NFC7.2.0.0
2026-10-07 18:12:05,307 [ERROR] Engine:466 - C:\Users\zawad\.stm32cubemx\thirdparties\pdsc\STMicroelectronics.X-CUBE-BLEMGR.4.2.0.pdsc: PDSC version is not supported
2026-10-07 18:12:05,315 [WARN] PackLoader:240 - Cannot read IP mode file for STMicroelectronics.X-CUBE-ALS.1.0.2
2026-10-07 18:12:05,329 [WARN] PackLoader:240 - Cannot read IP mode file for STMicroelectronics.X-CUBE-TOF1.3.4.3
2026-10-07 18:12:05,343 [INFO] ThirdParty:978 - Integrity check success = true
2026-10-07 18:12:05,343 [INFO] IntegrityCheckThread:100 - exiting critical section [integrity check]
2026-10-07 18:12:05,344 [INFO] IntegrityCheckThread:103 - End integrity checks thread
2026-10-07 18:12:05,481 [INFO] WebApp:900 - Register for checkConnection events
2026-10-07 18:12:05,481 [INFO] WebApp:463 - Apply proxy settings
2026-10-07 18:12:05,481 [INFO] WebApp:548 - Chromium requires no authentication
2026-10-07 18:12:05,482 [INFO] WebApp:491 - Direct internet connection detected
2026-10-07 18:12:05,718 [INFO] WebApp:191 - Connection restablished
2026-10-07 18:12:06,204 [INFO] WebApp:225 - Starting web application
2026-10-07 18:12:06,204 [INFO] WebApp:593 - Web application path used C:\ST\STM32CubeIDE_1.19.0\STM32CubeIDE\plugins\com.st.stm32cube.common.mx_6.15.0.202507011659\db\plugins\mcufinder\reactClient1\index.html
2026-10-07 18:12:06,414 [INFO] UserAuth:487 - Internet connection configuration mode: 1
2026-10-07 18:12:06,987 [ERROR] LogOutputStream:75 - [STDERR_REDIRECT] [Fatal Error] :1:1: Premature end of file.
2026-10-07 18:12:06,988 [ERROR] LogOutputStream:75 - [STDERR_REDIRECT] 
2026-10-07 18:12:07,515 [ERROR] LogOutputStream:75 - [STDERR_REDIRECT] [Fatal Error] :1:1: Premature end of file.
2026-10-07 18:12:07,515 [ERROR] LogOutputStream:75 - [STDERR_REDIRECT] 
2026-10-07 18:12:08,522 [ERROR] LogOutputStream:75 - [STDERR_REDIRECT] [Fatal Error] :1:1: Premature end of file.
2026-10-07 18:12:08,523 [ERROR] LogOutputStream:75 - [STDERR_REDIRECT] 
2026-10-07 18:12:09,519 [ERROR] LogOutputStream:75 - [STDERR_REDIRECT] [Fatal Error] :1:1: Premature end of file.
2026-10-07 18:12:09,519 [ERROR] LogOutputStream:75 - [STDERR_REDIRECT] 
2026-10-07 18:12:10,521 [ERROR] LogOutputStream:75 - [STDERR_REDIRECT] [Fatal Error] :1:1: Premature end of file.
2026-10-07 18:12:10,522 [ERROR] LogOutputStream:75 - [STDERR_REDIRECT] 
2026-10-07 18:12:11,517 [ERROR] LogOutputStream:75 - [STDERR_REDIRECT] [Fatal Error] :1:1: Premature end of file.
2026-10-07 18:12:11,517 [ERROR] LogOutputStream:75 - [STDERR_REDIRECT] 
2026-10-07 18:12:12,514 [ERROR] LogOutputStream:75 - [STDERR_REDIRECT] [Fatal Error] :1:1: Premature end of file.
2026-10-07 18:12:12,515 [ERROR] LogOutputStream:75 - [STDERR_REDIRECT] 
2026-10-07 18:12:13,513 [ERROR] LogOutputStream:75 - [STDERR_REDIRECT] [Fatal Error] :1:1: Premature end of file.
2026-10-07 18:12:13,513 [ERROR] LogOutputStream:75 - [STDERR_REDIRECT] 
2026-10-07 18:12:14,514 [ERROR] LogOutputStream:75 - [STDERR_REDIRECT] [Fatal Error] :1:1: Premature end of file.
2026-10-07 18:12:14,514 [ERROR] LogOutputStream:75 - [STDERR_REDIRECT] 
2026-10-07 18:12:15,517 [ERROR] LogOutputStream:75 - [STDERR_REDIRECT] [Fatal Error] :1:1: Premature end of file.
2026-10-07 18:12:15,518 [ERROR] LogOutputStream:75 - [STDERR_REDIRECT] 
2026-10-07 18:12:16,528 [ERROR] LogOutputStream:75 - [STDERR_REDIRECT] [Fatal Error] :1:1: Premature end of file.
2026-10-07 18:12:16,531 [ERROR] LogOutputStream:75 - [STDERR_REDIRECT] 
2026-10-07 18:12:17,523 [ERROR] LogOutputStream:75 - [STDERR_REDIRECT] [Fatal Error] :1:1: Premature end of file.
2026-10-07 18:12:17,523 [ERROR] LogOutputStream:75 - [STDERR_REDIRECT] 
2026-10-07 18:12:18,524 [ERROR] LogOutputStream:75 - [STDERR_REDIRECT] [Fatal Error] :1:1: Premature end of file.
2026-10-07 18:12:18,525 [ERROR] LogOutputStream:75 - [STDERR_REDIRECT] 
2026-10-07 18:12:19,566 [ERROR] LogOutputStream:75 - [STDERR_REDIRECT] [Fatal Error] :1:1: Premature end of file.
2026-10-07 18:12:19,568 [ERROR] LogOutputStream:75 - [STDERR_REDIRECT] 
2026-10-07 18:12:20,520 [ERROR] LogOutputStream:75 - [STDERR_REDIRECT] [Fatal Error] :1:1: Premature end of file.
2026-10-07 18:12:20,522 [ERROR] LogOutputStream:75 - [STDERR_REDIRECT] 
2026-10-07 18:12:21,531 [ERROR] LogOutputStream:75 - [STDERR_REDIRECT] [Fatal Error] :1:1: Premature end of file.
2026-10-07 18:12:21,532 [ERROR] LogOutputStream:75 - [STDERR_REDIRECT] 
2026-10-07 18:12:22,525 [ERROR] LogOutputStream:75 - [STDERR_REDIRECT] [Fatal Error] :1:1: Premature end of file.
2026-10-07 18:12:22,526 [ERROR] LogOutputStream:75 - [STDERR_REDIRECT] 
2026-10-07 18:12:23,531 [ERROR] LogOutputStream:75 - [STDERR_REDIRECT] [Fatal Error] :1:1: Premature end of file.
2026-10-07 18:12:23,533 [ERROR] LogOutputStream:75 - [STDERR_REDIRECT] 
2026-10-07 18:12:24,515 [ERROR] LogOutputStream:75 - [STDERR_REDIRECT] [Fatal Error] :1:1: Premature end of file.
2026-10-07 18:12:24,516 [ERROR] LogOutputStream:75 - [STDERR_REDIRECT] 
2026-10-07 18:12:25,516 [ERROR] LogOutputStream:75 - [STDERR_REDIRECT] [Fatal Error] :1:1: Premature end of file.
2026-10-07 18:12:25,516 [ERROR] LogOutputStream:75 - [STDERR_REDIRECT] 
2026-10-07 18:12:26,516 [ERROR] LogOutputStream:75 - [STDERR_REDIRECT] [Fatal Error] :1:1: Premature end of file.
2026-10-07 18:12:26,516 [ERROR] LogOutputStream:75 - [STDERR_REDIRECT] 
2026-10-07 18:12:27,517 [ERROR] LogOutputStream:75 - [STDERR_REDIRECT] [Fatal Error] :1:1: Premature end of file.
2026-10-07 18:12:27,518 [ERROR] LogOutputStream:75 - [STDERR_REDIRECT] 
2026-10-07 18:12:28,514 [ERROR] LogOutputStream:75 - [STDERR_REDIRECT] [Fatal Error] :1:1: Premature end of file.
2026-10-07 18:12:28,515 [ERROR] LogOutputStream:75 - [STDERR_REDIRECT] 
2026-10-07 18:12:29,519 [ERROR] LogOutputStream:75 - [STDERR_REDIRECT] [Fatal Error] :1:1: Premature end of file.
2026-10-07 18:12:29,520 [ERROR] LogOutputStream:75 - [STDERR_REDIRECT] 
2026-10-07 18:12:30,521 [ERROR] LogOutputStream:75 - [STDERR_REDIRECT] [Fatal Error] :1:1: Premature end of file.
2026-10-07 18:12:30,521 [ERROR] LogOutputStream:75 - [STDERR_REDIRECT] 
2026-10-07 18:12:31,515 [ERROR] LogOutputStream:75 - [STDERR_REDIRECT] [Fatal Error] :1:1: Premature end of file.
2026-10-07 18:12:31,516 [ERROR] LogOutputStream:75 - [STDERR_REDIRECT] 
2026-10-07 18:12:32,526 [ERROR] LogOutputStream:75 - [STDERR_REDIRECT] [Fatal Error] :1:1: Premature end of file.
2026-10-07 18:12:32,527 [ERROR] LogOutputStream:75 - [STDERR_REDIRECT] 
2026-10-07 18:12:33,519 [ERROR] LogOutputStream:75 - [STDERR_REDIRECT] [Fatal Error] :1:1: Premature end of file.
2026-10-07 18:12:33,520 [ERROR] LogOutputStream:75 - [STDERR_REDIRECT] 
2026-10-07 18:12:34,514 [ERROR] LogOutputStream:75 - [STDERR_REDIRECT] [Fatal Error] :1:1: Premature end of file.
2026-10-07 18:12:34,514 [ERROR] LogOutputStream:75 - [STDERR_REDIRECT] 
2026-10-07 18:12:34,700 [INFO] McuFinderGlobals:63 - Set McuFinder mode to 2 (CubeIDE integrated)
2026-10-07 18:12:35,515 [ERROR] LogOutputStream:75 - [STDERR_REDIRECT] [Fatal Error] :1:1: Premature end of file.
2026-10-07 18:12:35,516 [ERROR] LogOutputStream:75 - [STDERR_REDIRECT] 
2026-10-07 18:12:36,515 [ERROR] LogOutputStream:75 - [STDERR_REDIRECT] [Fatal Error] :1:1: Premature end of file.
2026-10-07 18:12:36,515 [ERROR] LogOutputStream:75 - [STDERR_REDIRECT] 
2026-10-07 18:12:36,869 [INFO] MainUpdater:2872 - connection check result : 10
2026-10-07 18:12:36,870 [INFO] MainUpdater:2872 - connection check result : 10
2026-10-07 18:12:36,931 [INFO] MicroXplorer:468 - Change Database Path : 
2026-10-07 18:12:36,932 [INFO] MicroXplorer:498 - Change Database Version : DB.6.0.150
2026-10-07 18:12:36,940 [WARN] ThirdParty:871 - waiting for thirdparty lock release [close project]
2026-10-07 18:12:36,940 [INFO] ThirdParty:873 - entering critical section [close project]
2026-10-07 18:12:36,943 [INFO] ThirdParty:883 - exiting critical section [close project]
2026-10-07 18:12:36,947 [INFO] PinOutPanel:1589 - setPackage(No Configuration,No Configuration)
2026-10-07 18:12:36,951 [INFO] UtilMem:75 - Begin LoadConfig() Used Memory: 346852568 Bytes (383778816)
2026-10-07 18:12:36,955 [INFO] MicroXplorer:468 - Change Database Path : 
2026-10-07 18:12:36,955 [INFO] MicroXplorer:498 - Change Database Version : DB.6.0.150
2026-10-07 18:12:36,955 [INFO] OpenFileManager:355 - Change cursor
2026-10-07 18:12:37,014 [INFO] Mcu:2029 - Initializing MCU STM32L432K(B-C)Ux STM32L432KCUx STM32L432KCU3
2026-10-07 18:12:37,517 [ERROR] LogOutputStream:75 - [STDERR_REDIRECT] [Fatal Error] :1:1: Premature end of file.
2026-10-07 18:12:37,518 [ERROR] LogOutputStream:75 - [STDERR_REDIRECT] 
2026-10-07 18:12:38,522 [ERROR] LogOutputStream:75 - [STDERR_REDIRECT] [Fatal Error] :1:1: Premature end of file.
2026-10-07 18:12:38,522 [ERROR] LogOutputStream:75 - [STDERR_REDIRECT] 
2026-10-07 18:12:39,317 [INFO] Context:786 - Trying to add GPIOservice into a context  which must be forbidden
2026-10-07 18:12:39,527 [ERROR] LogOutputStream:75 - [STDERR_REDIRECT] [Fatal Error] :1:1: Premature end of file.
2026-10-07 18:12:39,528 [ERROR] LogOutputStream:75 - [STDERR_REDIRECT] 
2026-10-07 18:12:40,167 [INFO] ImportTextPane:234 - (OptionalMessage_ERROR) Pin18 (VP_RIF_VS_RIF1) cannot be retrieved for this MCU
2026-10-07 18:12:40,374 [INFO] RtosManager:558 - Registered RTOS mode: class=CMSIS, group=RTOS, mode=CMSIS_V1, owner=FREERTOS
2026-10-07 18:12:40,374 [INFO] RtosManager:558 - Registered RTOS mode: class=CMSIS, group=RTOS2, mode=CMSIS_V2, owner=FREERTOS
2026-10-07 18:12:40,375 [INFO] RtosManager:558 - Registered RTOS mode: class=RTOS, group=Core, mode=CMSIS_V1, owner=FREERTOS
2026-10-07 18:12:40,375 [INFO] RtosManager:558 - Registered RTOS mode: class=RTOS, group=Core, mode=CMSIS_V2, owner=FREERTOS
2026-10-07 18:12:40,375 [WARN] ModelIntegratedComponent:184 - Missing modes for component STMicroelectronics:FreeRTOS:0.0.1:STMicroelectronics:RTOS:FreeRTOS:Core:::10.2.0:
2026-10-07 18:12:40,523 [ERROR] LogOutputStream:75 - [STDERR_REDIRECT] [Fatal Error] :1:1: Premature end of file.
2026-10-07 18:12:40,525 [ERROR] LogOutputStream:75 - [STDERR_REDIRECT] 
2026-10-07 18:12:40,542 [WARN] ModelIntegratedComponent:63 - No mode defined for component null
2026-10-07 18:12:40,542 [WARN] ModelIntegratedComponent:63 - No mode defined for component null
2026-10-07 18:12:40,543 [WARN] ModelIntegratedComponent:63 - No mode defined for component null
2026-10-07 18:12:40,543 [WARN] ModelIntegratedComponent:63 - No mode defined for component null
2026-10-07 18:12:40,543 [WARN] ModelIntegratedComponent:63 - No mode defined for component null
2026-10-07 18:12:40,543 [WARN] ModelIntegratedComponent:63 - No mode defined for component null
2026-10-07 18:12:40,543 [WARN] ModelIntegratedComponent:63 - No mode defined for component null
2026-10-07 18:12:40,543 [WARN] ModelIntegratedComponent:63 - No mode defined for component null
2026-10-07 18:12:40,543 [WARN] ModelIntegratedComponent:63 - No mode defined for component null
2026-10-07 18:12:40,543 [WARN] ModelIntegratedComponent:63 - No mode defined for component null
2026-10-07 18:12:40,543 [WARN] ModelIntegratedComponent:63 - No mode defined for component null
2026-10-07 18:12:40,544 [WARN] ModelIntegratedComponent:63 - No mode defined for component null
2026-10-07 18:12:40,544 [WARN] ModelIntegratedComponent:63 - No mode defined for component null
2026-10-07 18:12:40,544 [WARN] ModelIntegratedComponent:63 - No mode defined for component null
2026-10-07 18:12:40,544 [WARN] ModelIntegratedComponent:63 - No mode defined for component null
2026-10-07 18:12:40,544 [WARN] ModelIntegratedComponent:63 - No mode defined for component null
2026-10-07 18:12:40,544 [WARN] ModelIntegratedComponent:63 - No mode defined for component null
2026-10-07 18:12:40,544 [WARN] ModelIntegratedComponent:63 - No mode defined for component null
2026-10-07 18:12:40,544 [WARN] ModelIntegratedComponent:63 - No mode defined for component null
2026-10-07 18:12:40,544 [WARN] ModelIntegratedComponent:63 - No mode defined for component null
2026-10-07 18:12:40,544 [WARN] ModelIntegratedComponent:63 - No mode defined for component null
2026-10-07 18:12:40,544 [WARN] ModelIntegratedComponent:63 - No mode defined for component null
2026-10-07 18:12:40,545 [WARN] ModelIntegratedComponent:63 - No mode defined for component null
2026-10-07 18:12:40,545 [WARN] ModelIntegratedComponent:63 - No mode defined for component null
2026-10-07 18:12:40,545 [WARN] ModelIntegratedComponent:63 - No mode defined for component null
2026-10-07 18:12:40,545 [WARN] ModelIntegratedComponent:63 - No mode defined for component null
2026-10-07 18:12:40,545 [WARN] ModelIntegratedComponent:63 - No mode defined for component null
2026-10-07 18:12:40,545 [WARN] ModelIntegratedComponent:63 - No mode defined for component null
2026-10-07 18:12:40,545 [WARN] ModelIntegratedComponent:63 - No mode defined for component null
2026-10-07 18:12:40,545 [WARN] ModelIntegratedComponent:63 - No mode defined for component null
2026-10-07 18:12:40,545 [WARN] ModelIntegratedComponent:63 - No mode defined for component null
2026-10-07 18:12:40,545 [WARN] ModelIntegratedComponent:63 - No mode defined for component null
2026-10-07 18:12:40,545 [WARN] ModelIntegratedComponent:63 - No mode defined for component null
2026-10-07 18:12:40,545 [WARN] ModelIntegratedComponent:63 - No mode defined for component null
2026-10-07 18:12:40,546 [WARN] ModelIntegratedComponent:63 - No mode defined for component null
2026-10-07 18:12:40,546 [WARN] ModelPack:524 - Component already loaded: STMicroelectronics:HAL Drivers:0.0.0:STMicroelectronics:Device:STMicro_Driver:XSPI:HAL::0.0.1:HAL_XSPI
2026-10-07 18:12:40,598 [INFO] ThirdPartyModel:298 - Start build external matchings
2026-10-07 18:12:41,121 [INFO] ThirdPartyModel:316 - End build external matchings
2026-10-07 18:12:41,161 [INFO] ImportTextPane:234 - (OptionalMessage_ERROR) IP (ADC1) : Parameter (CommonPathInternal) has invalid value (null|null|null|null)
2026-10-07 18:12:41,161 [INFO] ImportTextPane:234 - (OptionalMessage_ERROR) IP (DMA) : Parameter (Instance) has Id (ADC1) currently not set
2026-10-07 18:12:41,161 [INFO] ImportTextPane:234 - (OptionalMessage_ERROR) IP (DMA) : Parameter (Request) has Id (ADC1) currently not set
2026-10-07 18:12:41,162 [INFO] ImportTextPane:234 - (OptionalMessage_ERROR) IP (DMA) : Parameter (Direction) has Id (ADC1) currently not set
2026-10-07 18:12:41,162 [INFO] ImportTextPane:234 - (OptionalMessage_ERROR) IP (DMA) : Parameter (PeriphInc) has Id (ADC1) currently not set
2026-10-07 18:12:41,162 [INFO] ImportTextPane:234 - (OptionalMessage_ERROR) IP (DMA) : Parameter (MemInc) has Id (ADC1) currently not set
2026-10-07 18:12:41,163 [INFO] ImportTextPane:234 - (OptionalMessage_ERROR) IP (DMA) : Parameter (PeriphDataAlignment) has Id (ADC1) currently not set
2026-10-07 18:12:41,164 [INFO] ImportTextPane:234 - (OptionalMessage_ERROR) IP (DMA) : Parameter (MemDataAlignment) has Id (ADC1) currently not set
2026-10-07 18:12:41,164 [INFO] ImportTextPane:234 - (OptionalMessage_ERROR) IP (DMA) : Parameter (Mode) has Id (ADC1) currently not set
2026-10-07 18:12:41,164 [INFO] ImportTextPane:234 - (OptionalMessage_ERROR) IP (DMA) : Parameter (Priority) has Id (ADC1) currently not set
2026-10-07 18:12:41,167 [INFO] ImportTextPane:234 - (OptionalMessage_ERROR) IP (RCC) : Invalid parameter (48CLKFreq_Value)
2026-10-07 18:12:41,168 [INFO] ImportTextPane:234 - (OptionalMessage_ERROR) IP (RCC) : Invalid parameter (FamilyName)
2026-10-07 18:12:41,168 [INFO] ImportTextPane:234 - (OptionalMessage_ERROR) IP (RCC) : Invalid parameter (HSI16_VALUE)
2026-10-07 18:12:41,168 [INFO] ImportTextPane:234 - (OptionalMessage_ERROR) IP (RCC) : Invalid parameter (LPTIMFreq_Value)
2026-10-07 18:12:41,169 [INFO] ImportTextPane:234 - (OptionalMessage_ERROR) IP (RCC) : Invalid parameter (LPUARTFreq_Value)
2026-10-07 18:12:41,169 [INFO] ImportTextPane:234 - (OptionalMessage_ERROR) IP (RCC) : Invalid parameter (MCOPinFreq_Value)
2026-10-07 18:12:41,169 [INFO] ImportTextPane:234 - (OptionalMessage_ERROR) IP (RCC) : Invalid parameter (PLLCLKFreq_Value)
2026-10-07 18:12:41,169 [INFO] ImportTextPane:234 - (OptionalMessage_ERROR) IP (RCC) : Invalid parameter (PLLMUL)
2026-10-07 18:12:41,170 [INFO] ImportTextPane:234 - (OptionalMessage_ERROR) IP (RCC) : Invalid parameter (RTCHSEDivFreq_Value)
2026-10-07 18:12:41,171 [INFO] ImportTextPane:234 - (OptionalMessage_ERROR) IP (RCC) : Invalid parameter (TIMFreq_Value)
2026-10-07 18:12:41,171 [INFO] ImportTextPane:234 - (OptionalMessage_ERROR) IP (RCC) : Invalid parameter (TimerFreq_Value)
2026-10-07 18:12:41,171 [INFO] ImportTextPane:234 - (OptionalMessage_ERROR) IP (RCC) : Parameter (USBFreq_Value) has invalid value (32000000)
2026-10-07 18:12:41,524 [ERROR] LogOutputStream:75 - [STDERR_REDIRECT] [Fatal Error] :1:1: Premature end of file.
2026-10-07 18:12:41,525 [ERROR] LogOutputStream:75 - [STDERR_REDIRECT] 
2026-10-07 18:12:41,693 [INFO] ApiDb:581 - Connected to CubeFinder SQLite database (C:\Users\zawad\.stmcufinder\plugins\mcufinder\mcu\cube-finder-db.db)
2026-10-07 18:12:41,856 [INFO] ApiDb:668 - CubeFinder database Data Model version=2.1
2026-10-07 18:12:41,857 [INFO] ApiDb:669 - CubeFinder database Configuration version=3.0.42
2026-10-07 18:12:41,858 [INFO] ApiDb:670 - CubeFinder database generation date=2026-09-14 (1789384678)
2026-10-07 18:12:41,858 [INFO] ApiDb:671 - CubeFinder database FW Pack versions=[FP-ATR-ASTRA1_V2.0.0, FP-SNS-FLIGHT1_V5.1.0, FP-SNS-MOTENV1_V5.1.0, FP-SNS-MOTENVWB1_V1.5.0, FP-SNS-SMARTAG2_V1.2.0, FP-SNS-STBOX1_V2.1.0, STM32Cube_FW_C0_V1.4.1, STM32Cube_FW_F4_V1.28.3, STM32Cube_FW_F7_V1.17.4, STM32Cube_FW_G0_V1.6.3, STM32Cube_FW_G4_V1.6.2, STM32Cube_FW_H5_V1.7.0, STM32Cube_FW_H7RS_V1.3.0, STM32Cube_FW_H7_V1.13.0, STM32Cube_FW_L0_V1.12.2, STM32Cube_FW_L4_V1.18.2, STM32Cube_FW_L5_V1.6.0, STM32Cube_FW_N6_V1.4.1, STM32Cube_FW_U0_V1.3.0, STM32Cube_FW_U3_V1.4.0, STM32Cube_FW_U5_V1.9.0, STM32Cube_FW_WB0_V1.5.0, STM32Cube_FW_WBA_V1.10.0, STM32Cube_FW_WB_V1.24.0, STM32Cube_FW_WL3_V1.5.0, STM32Cube_FW_WL_V1.6.0, X-CUBE-ALGOBUILD_V1.5.0, X-CUBE-ALS_V1.0.2, X-CUBE-AZRTOS-F4_V1.1.0, X-CUBE-AZRTOS-F7_V1.1.0, X-CUBE-AZRTOS-G0_V1.1.0, X-CUBE-AZRTOS-G4_V2.0.0, X-CUBE-AZRTOS-H7RS_V1.3.0, X-CUBE-AZRTOS-H7_V3.5.0, X-CUBE-AZRTOS-L4_V2.0.0, X-CUBE-AZRTOS-L5_V2.0.0, X-CUBE-AZRTOS-WB_V2.0.0, X-CUBE-AZRTOS-WL_V2.0.0, X-CUBE-BLE1_V7.1.0, X-CUBE-BLE2_V3.3.0, X-CUBE-BLEMGR_V4.2.0, X-CUBE-EEPRMA1_V5.2.0, X-CUBE-FREERTOS_V1.6.0, X-CUBE-GNSS1_V7.1.1, X-CUBE-MEMS1_V13.0.0, X-CUBE-NFC4_V3.0.0, X-CUBE-NFC7_V2.0.0, X-CUBE-SFXS2LP1_V4.0.0, X-CUBE-ST67W61_V1.3.0, X-CUBE-SUBG2_V5.0.0, X-CUBE-TOF1_V3.4.3, X_CUBE_WBA_V1.1.0]
2026-10-07 18:12:42,019 [INFO] DbBoardsSqlite:226 - include board P-NUCLEO-WB55-NUCLEO as a kit item of type 'Nucleo-64'
2026-10-07 18:12:42,020 [INFO] DbBoardsSqlite:226 - include board P-NUCLEO-WB55-USBDONGLE as a kit item of type 'Nucleo USB Dongle'
2026-10-07 18:12:42,021 [INFO] DbBoardsSqlite:226 - include board STEVAL-IDP005V1 as a kit item of type 'Evaluation Board'
2026-10-07 18:12:42,021 [INFO] DbBoardsSqlite:226 - include board STEVAL-IDP005V2 as a kit item of type 'Evaluation Board'
2026-10-07 18:12:42,213 [INFO] ApiDb:240 - Found 880 in-development CPN: [B-G473E-ZEST1S, B-WB1M-WPAN1, B-WBA5M-WPAN, B-WL5M-SUBG1, NUCLEO-C031C6, NUCLEO-C051C8, NUCLEO-C071RB, NUCLEO-C092RC, NUCLEO-H503RB, NUCLEO-H533RE, NUCLEO-H563ZI, NUCLEO-H7S3L8, NUCLEO-N657X0-Q, NUCLEO-U031R8, NUCLEO-U083RC, NUCLEO-U385RG-Q, NUCLEO-U545RE-Q, NUCLEO-U5A5ZJ-Q, NUCLEO-WB05KZ, NUCLEO-WB07CC, NUCLEO-WB09KE, NUCLEO-WBA52CG, NUCLEO-WBA55CG, NUCLEO-WL33CC1, NUCLEO-WL33CC2, STEVAL-PROTEUS1, STEVAL-SMARTAG2, STEVAL-STWINBX1, STM320518-EVAL, STM32C0116-DK, STM32C011D6Y3TR, STM32C011D6Y6TR, STM32C011F4P3, STM32C011F4P6, STM32C011F4U3, STM32C011F4U6TR, STM32C011F6P3, STM32C011F6P6, STM32C011F6U3, STM32C011F6U6TR, STM32C011J4M3, STM32C011J4M6, STM32C011J6M3, STM32C011J6M6, STM32C0316-DK, STM32C031C4T3, STM32C031C4T6, STM32C031C4U3, STM32C031C4U6, STM32C031C6T3, STM32C031C6T6, STM32C031C6U3, STM32C031C6U6, STM32C031F4P3, STM32C031F4P6, STM32C031F6P3, STM32C031F6P6, STM32C031G4U3, STM32C031G4U6, STM32C031G6U3, STM32C031G6U6, STM32C031K4T3, STM32C031K4T6, STM32C031K4U3, STM32C031K4U6, STM32C031K6T3, STM32C031K6T6, STM32C031K6U3, STM32C031K6U6, STM32C051C6T6, STM32C051C6U6, STM32C051C8T6, STM32C051C8U6, STM32C051D8Y6TR, STM32C051F6P6, STM32C051F8P6, STM32C051G6U6, STM32C051G8U6, STM32C051K6T6, STM32C051K6U6, STM32C051K8T6, STM32C071C8T6, STM32C071C8T6N, STM32C071C8U6, STM32C071C8U6N, STM32C071CBT6, STM32C071CBT6N, STM32C071CBU6, STM32C071CBU6N, STM32C071F8P6, STM32C071F8P6N, STM32C071FBP6, STM32C071FBP6N, STM32C071FBY6TR, STM32C071G8U6, STM32C071G8U6N, STM32C071GBU6, STM32C071GBU6N, STM32C071K8T6, STM32C071K8T6N, STM32C071K8U6, STM32C071K8U6N, STM32C071KBT6, STM32C071KBT6N, STM32C071KBU6, STM32C071KBU6N, STM32C071R8T6, STM32C071R8T6N, STM32C071RBI6N, STM32C071RBT6, STM32C071RBT6N, STM32C091CBT6, STM32C091CBU6, STM32C091CCT6, STM32C091CCU6, STM32C091ECY6TR, STM32C091FBP6, STM32C091FCP6, STM32C091GBU6, STM32C091GCU6, STM32C091KBT6, STM32C091KBU6, STM32C091KCT6, STM32C091KCU6, STM32C091RBT6, STM32C091RCI6, STM32C091RCT6, STM32C092CBT6, STM32C092CBU6, STM32C092CCT6, STM32C092CCU6, STM32C092ECY6TR, STM32C092FBP6, STM32C092FCP6, STM32C092GBU6, STM32C092GCU6, STM32C092KBT6, STM32C092KBU6, STM32C092KCT6, STM32C092KCU6, STM32C092RBT6, STM32C092RCI6, STM32C092RCT6, STM32G071K8TXN, STM32G071K8UXN, STM32G081GBU6N, STM32G081KBT6N, STM32G081KBUXN, STM32G0B1CCT6N, STM32G0B1KCT6, STM32G0B1NEY6TR, STM32G0B1RCT6N, STM32G0C1CCT6, STM32G0C1CCT6N, STM32G0C1CCU6N, STM32G0C1CET6N, STM32G0C1CEU6N, STM32G0C1KCT6, STM32G0C1NEY6TR, STM32G0C1RCI6N, STM32G0C1RCT6N, STM32G0C1REI6N, STM32G0C1RET6N, STM32G0C1VCI6, STM32G0C1VEI6, STM32G411C6T3, STM32G411C6T6, STM32G411C6U3, STM32G411C6U6, STM32G411C8T3, STM32G411C8T6, STM32G411C8U3, STM32G411C8U6, STM32G411CBT3, STM32G411CBT6, STM32G411CBU3, STM32G411CBU6, STM32G411K6T3, STM32G411K6T6, STM32G411K6U3, STM32G411K6U6, STM32G411K8T3, STM32G411K8T6, STM32G411K8U3, STM32G411K8U6, STM32G411KBT3, STM32G411KBT6, STM32G411KBU3, STM32G411KBU6, STM32G411M6T3, STM32G411M6T6, STM32G411M8T3, STM32G411M8T6, STM32G411MBT3, STM32G411MBT6, STM32G411R6T3, STM32G411R6T6, STM32G411R8T3, STM32G411R8T6, STM32G411RBT3, STM32G411RBT6, STM32G414CBT3, STM32G414CBT6, STM32G414CBU3, STM32G414CBU6, STM32G414CCT3, STM32G414CCT6, STM32G414CCU3, STM32G414CCU6, STM32G414MBT3, STM32G414MBT6, STM32G414MCT3, STM32G414MCT6, STM32G414RBT3, STM32G414RBT6, STM32G414RCT3, STM32G414RCT6, STM32G414VBT3, STM32G414VBT6, STM32G414VCT3, STM32G414VCT6, STM32G431CBT3Z, STM32G431RBT3Z, STM32G471CCT6, STM32G471CCU6, STM32G471CET3, STM32G471CET6, STM32G471CEU3, STM32G471CEU6, STM32G471MCT6, STM32G471MET3, STM32G471MET6, STM32G471MEY6TR, STM32G471QCT6, STM32G471QET3, STM32G471RCT6, STM32G471RET3, STM32G471RET6, STM32G471VCH6, STM32G471VCI6, STM32G471VCT6, STM32G471VEH3, STM32G471VEH6, STM32G471VEI3, STM32G471VEI6, STM32G471VET3, STM32G471VET6, STM32G473QET3Z, STM32G473RET3Z, STM32G474CCT6, STM32G491RET3Z, STM32H503CBT6, STM32H503CBU6, STM32H503EBY6TR, STM32H503KBU6, STM32H503RBT6, STM32H523CCT6, STM32H523CCU6, STM32H523CET6, STM32H523CEU6, STM32H523HEY6TR, STM32H523RCT6, STM32H523RET6, STM32H523VCI6, STM32H523VCT6, STM32H523VEI6, STM32H523VET6, STM32H523ZCJ6, STM32H523ZCT6, STM32H523ZEJ6, STM32H523ZET6, STM32H533CET6, STM32H533CEU6, STM32H533HEY6TR, STM32H533RET6, STM32H533VEI6, STM32H533VET6, STM32H533ZEJ6, STM32H533ZET6, STM32H562AGI6, STM32H562AII6, STM32H562IGK6, STM32H562IGT6, STM32H562IIK6, STM32H562IIT6, STM32H562RGT6, STM32H562RGV6, STM32H562RIT6, STM32H562RIV6, STM32H562VGT6, STM32H562VIT6, STM32H562ZGT6, STM32H562ZIT6, STM32H563AGI6, STM32H563AII3Q, STM32H563AII6, STM32H563IGK6, STM32H563IGT6, STM32H563IIK3Q, STM32H563IIK6, STM32H563IIT3Q, STM32H563IIT6, STM32H563MIY3QTR, STM32H563RGT6, STM32H563RGV6, STM32H563RIT6, STM32H563RIV6, STM32H563VGT6, STM32H563VIT3Q, STM32H563VIT6, STM32H563ZGT6, STM32H563ZIT3Q, STM32H563ZIT6, STM32H573AII3Q, STM32H573AII6, STM32H573I-DK, STM32H573IIK3Q, STM32H573IIK6, STM32H573IIT3Q, STM32H573IIT6, STM32H573MIY3QTR, STM32H573RIT6, STM32H573RIV6, STM32H573VIT3Q, STM32H573VIT6, STM32H573ZIT3Q, STM32H573ZIT6, STM32H7R3A8I6, STM32H7R3I8K6, STM32H7R3I8T6, STM32H7R3L8H6, STM32H7R3L8H6H, STM32H7R3R8V6, STM32H7R3V8H6, STM32H7R3V8T6, STM32H7R3V8Y6TR, STM32H7R3Z8J6, STM32H7R3Z8T6, STM32H7R7A8I6, STM32H7R7I8K6, STM32H7R7I8T6, STM32H7R7L8H6, STM32H7R7L8H6H, STM32H7R7Z8J6, STM32H7S3A8I6, STM32H7S3I8K6, STM32H7S3I8T6, STM32H7S3L8H6, STM32H7S3L8H6H, STM32H7S3R8V6, STM32H7S3V8H6, STM32H7S3V8T6, STM32H7S3V8Y6TR, STM32H7S3Z8J6, STM32H7S3Z8T6, STM32H7S78-DK, STM32H7S7A8I6, STM32H7S7I8K6, STM32H7S7I8T6, STM32H7S7L8H6, STM32H7S7L8H6H, STM32H7S7Z8J6, STM32L4R5QGI6STR, STM32MP131AAE3, STM32MP131AAF3, STM32MP131AAG3, STM32MP131CAE3, STM32MP131CAF3, STM32MP131CAG3, STM32MP131DAE7, STM32MP131DAF7, STM32MP131DAG7, STM32MP131FAE7, STM32MP131FAF7, STM32MP131FAG7, STM32MP133AAE3, STM32MP133AAF3, STM32MP133AAG3, STM32MP133CAE3, STM32MP133CAF3, STM32MP133CAG3, STM32MP133DAE7, STM32MP133DAF7, STM32MP133DAG7, STM32MP133FAE7, STM32MP133FAF7, STM32MP133FAG7, STM32MP135AAE3, STM32MP135AAF3, STM32MP135AAG3, STM32MP135CAE3, STM32MP135CAF3, STM32MP135CAG3, STM32MP135DAE7, STM32MP135DAF7, STM32MP135DAG7, STM32MP135F-DK, STM32MP135FAE7, STM32MP135FAF7, STM32MP135FAF7T, STM32MP135FAF7U, STM32MP135FAG7, STM32MP211AAL3, STM32MP211AAM3, STM32MP211AAN3, STM32MP211AAO3, STM32MP211CAL3, STM32MP211CAM3, STM32MP211CAN3, STM32MP211CAO3, STM32MP211DAL3, STM32MP211DAM3, STM32MP211DAN3, STM32MP211DAO3, STM32MP211FAL3, STM32MP211FAM3, STM32MP211FAN3, STM32MP211FAO3, STM32MP213AAL3, STM32MP213AAM3, STM32MP213AAN3, STM32MP213AAO3, STM32MP213CAL3, STM32MP213CAM3, STM32MP213CAN3, STM32MP213CAO3, STM32MP213DAL3, STM32MP213DAM3, STM32MP213DAN3, STM32MP213DAO3, STM32MP213FAL3, STM32MP213FAM3, STM32MP213FAN3, STM32MP213FAO3, STM32MP215AAL3, STM32MP215AAM3, STM32MP215AAN3, STM32MP215AAO3, STM32MP215CAL3, STM32MP215CAM3, STM32MP215CAN3, STM32MP215CAO3, STM32MP215DAL3, STM32MP215DAM3, STM32MP215DAN3, STM32MP215DAO3, STM32MP215F-DK, STM32MP215FAL3, STM32MP215FAM3, STM32MP215FAN3, STM32MP215FAO3, STM32MP231AAJ3, STM32MP231AAK3, STM32MP231AAL3, STM32MP231CAJ3, STM32MP231CAK3, STM32MP231CAL3, STM32MP231DAJ3, STM32MP231DAK3, STM32MP231DAL3, STM32MP231FAJ3, STM32MP231FAK3, STM32MP231FAL3, STM32MP233AAJ3, STM32MP233AAK3, STM32MP233AAL3, STM32MP233CAJ3, STM32MP233CAK3, STM32MP233CAL3, STM32MP233DAJ3, STM32MP233DAK3, STM32MP233DAL3, STM32MP233FAJ3, STM32MP233FAK3, STM32MP233FAL3, STM32MP235AAJ3, STM32MP235AAK3, STM32MP235AAL3, STM32MP235CAJ3, STM32MP235CAK3, STM32MP235CAL3, STM32MP235DAJ3, STM32MP235DAK3, STM32MP235DAL3, STM32MP235FAJ3, STM32MP235FAK3, STM32MP235FAL3, STM32MP251AAI3, STM32MP251AAK3, STM32MP251AAL3, STM32MP251CAI3, STM32MP251CAK3, STM32MP251CAL3, STM32MP251DAI3, STM32MP251DAK3, STM32MP251DAL3, STM32MP251FAI3, STM32MP251FAK3, STM32MP251FAL3, STM32MP253AAI3, STM32MP253AAK3, STM32MP253AAL3, STM32MP253CAI3, STM32MP253CAK3, STM32MP253CAL3, STM32MP253DAI3, STM32MP253DAK3, STM32MP253DAL3, STM32MP253FAI3, STM32MP253FAK3, STM32MP253FAL3, STM32MP255AAI3, STM32MP255AAK3, STM32MP255AAL3, STM32MP255CAI3, STM32MP255CAK3, STM32MP255CAL3, STM32MP255DAI3, STM32MP255DAK3, STM32MP255DAL3, STM32MP255FAI3, STM32MP255FAK3, STM32MP255FAL3, STM32MP257AAI3, STM32MP257AAK3, STM32MP257AAL3, STM32MP257CAI3, STM32MP257CAK3, STM32MP257CAL3, STM32MP257DAI3, STM32MP257DAK3, STM32MP257DAL3, STM32MP257F-DK, STM32MP257F-EV1, STM32MP257FAI3, STM32MP257FAK3, STM32MP257FAL3, STM32N645A0H3Q, STM32N645B0H3Q, STM32N645I0H3Q, STM32N645L0H3Q, STM32N645X0H3Q, STM32N645Z0H3Q, STM32N647A0H3Q, STM32N647B0H3Q, STM32N647I0H3Q, STM32N647L0H3Q, STM32N647X0H3Q, STM32N647Z0H3Q, STM32N655A0H3Q, STM32N655B0H3Q, STM32N655I0H3Q, STM32N655L0H3Q, STM32N655X0H3Q, STM32N655Z0H3Q, STM32N6570-DK, STM32N657A0H3Q, STM32N657B0H3Q, STM32N657I0H3Q, STM32N657L0H3Q, STM32N657X0H3Q, STM32N657Z0H3Q, STM32U031C6T6, STM32U031C6U6, STM32U031C8T6, STM32U031C8U6, STM32U031F4P6, STM32U031F6P6, STM32U031F8P6, STM32U031G6Y6TR, STM32U031G8Y6TR, STM32U031K4U6, STM32U031K6U6, STM32U031K8U6, STM32U031R6I6, STM32U031R6T6, STM32U031R8I6, STM32U031R8T6, STM32U073C8T6, STM32U073C8U6, STM32U073CBT6, STM32U073CBU6, STM32U073CCT6, STM32U073CCU6, STM32U073H8Y6TR, STM32U073HBY6TR, STM32U073HCY6TR, STM32U073K8U6, STM32U073KBU6, STM32U073KCU6, STM32U073M8I6, STM32U073M8T6, STM32U073MBI6, STM32U073MBT6, STM32U073MCI6, STM32U073MCT6, STM32U073R8I6, STM32U073R8T6, STM32U073RBI6, STM32U073RBT6, STM32U073RCI6, STM32U073RCT6, STM32U083C-DK, STM32U083CCT6, STM32U083CCU6, STM32U083HCY6TR, STM32U083KCU6, STM32U083MCI6, STM32U083MCT6, STM32U083RCI6, STM32U083RCT6, STM32U375CET6, STM32U375CET6Q, STM32U375CEU6, STM32U375CEU6Q, STM32U375CEY6QTR, STM32U375CGT6, STM32U375CGT6Q, STM32U375CGU6, STM32U375CGU6Q, STM32U375CGY6QTR, STM32U375KEU6, STM32U375KGU6, STM32U375REI6, STM32U375REI6Q, STM32U375RET6, STM32U375RET6Q, STM32U375REY6GTR, STM32U375REY6QTR, STM32U375RGI6, STM32U375RGI6Q, STM32U375RGT6, STM32U375RGT6Q, STM32U375RGY6GTR, STM32U375RGY6QTR, STM32U375VEI6, STM32U375VEI6Q, STM32U375VET6, STM32U375VET6Q, STM32U375VGI6, STM32U375VGI6Q, STM32U375VGT6, STM32U375VGT6Q, STM32U385CGT6, STM32U385CGT6Q, STM32U385CGU6, STM32U385CGU6Q, STM32U385CGY6QTR, STM32U385KGU6, STM32U385RGI6, STM32U385RGI6Q, STM32U385RGT6, STM32U385RGT6Q, STM32U385RGY6GTR, STM32U385RGY6QTR, STM32U385VGI6, STM32U385VGI6Q, STM32U385VGT6, STM32U385VGT6Q, STM32U535CBT6, STM32U535CBT6Q, STM32U535CBU6, STM32U535CBU6Q, STM32U535CCT6, STM32U535CCT6Q, STM32U535CCU6, STM32U535CCU6Q, STM32U535CET6, STM32U535CET6Q, STM32U535CEU6, STM32U535CEU6Q, STM32U535JEY6QTR, STM32U535NCY6QTR, STM32U535NEY6QTR, STM32U535RBI6, STM32U535RBI6Q, STM32U535RBT6, STM32U535RBT6Q, STM32U535RCI6, STM32U535RCI6Q, STM32U535RCT6, STM32U535RCT6Q, STM32U535REI6, STM32U535REI6Q, STM32U535RET6, STM32U535RET6Q, STM32U535VCI6, STM32U535VCI6Q, STM32U535VCT6, STM32U535VCT6Q, STM32U535VEI6, STM32U535VEI6Q, STM32U535VET6, STM32U535VET6Q, STM32U545CET6, STM32U545CET6Q, STM32U545CEU6, STM32U545CEU6Q, STM32U545JEY6QTR, STM32U545NEY6QTR, STM32U545REI6, STM32U545REI6Q, STM32U545RET6, STM32U545RET6Q, STM32U545VEI6, STM32U545VEI6Q, STM32U545VET6, STM32U545VET6Q, STM32U595AIH6, STM32U595AIH6Q, STM32U595AJH6, STM32U595AJH6Q, STM32U595QII6, STM32U595QII6Q, STM32U595QJI6, STM32U595QJI6Q, STM32U595RIT6, STM32U595RIT6Q, STM32U595RJT6, STM32U595RJT6Q, STM32U595VIT6, STM32U595VIT6Q, STM32U595VJT6, STM32U595VJT6Q, STM32U595ZIT6, STM32U595ZIT6Q, STM32U595ZIY6QTR, STM32U595ZJT6, STM32U595ZJT6Q, STM32U595ZJY6QTR, STM32U599BJY6QTR, STM32U599NIH6Q, STM32U599NJH6Q, STM32U599VIT6Q, STM32U599VJT6, STM32U599VJT6Q, STM32U599ZIT6Q, STM32U599ZIY6QTR, STM32U599ZJT6Q, STM32U599ZJY6QTR, STM32U5A5AJH6, STM32U5A5AJH6Q, STM32U5A5QII3Q , STM32U5A5QJI6, STM32U5A5QJI6Q, STM32U5A5RJT6, STM32U5A5RJT6Q, STM32U5A5VJT6, STM32U5A5VJT6Q, STM32U5A5ZJT6, STM32U5A5ZJT6Q, STM32U5A5ZJY6QTR, STM32U5A9BJY6QTR, STM32U5A9J-DK, STM32U5A9NJH6Q, STM32U5A9VJT6Q, STM32U5A9ZJT6Q, STM32U5A9ZJY6QTR, STM32U5F7VIT6, STM32U5F7VIT6Q, STM32U5F7VJT6, STM32U5F7VJT6Q, STM32U5F9BJY6QTR, STM32U5F9NJH6Q, STM32U5F9VIT6Q, STM32U5F9VJT6Q, STM32U5F9ZIJ6QTR, STM32U5F9ZIT6Q, STM32U5F9ZJJ6QTR, STM32U5F9ZJT6Q, STM32U5G7VJT6, STM32U5G7VJT6Q, STM32U5G9BJY6QTR, STM32U5G9J-DK1, STM32U5G9J-DK2, STM32U5G9NJH6Q, STM32U5G9VJT6Q, STM32U5G9ZJJ6QTR, STM32U5G9ZJT6Q, STM32WB05KZV6TR, STM32WB05KZV7TR, STM32WB05TZF6TR, STM32WB05TZF7TR, STM32WB06CCF6TR, STM32WB06CCF7TR, STM32WB06CCV6TR, STM32WB06CCV7TR, STM32WB06KCV6TR, STM32WB06KCV7TR, STM32WB07CCF6TR, STM32WB07CCF7TR, STM32WB07CCV6TR, STM32WB07CCV7TR, STM32WB07KCV6TR, STM32WB07KCV7TR, STM32WB09KEV6TR, STM32WB09KEV7TR, STM32WB09TEF6TR, STM32WB09TEF7TR, STM32WB1MMCH6, STM32WBA50KGU6, STM32WBA50KGU6TR, STM32WBA52CEU6, STM32WBA52CEU6TR, STM32WBA52CEU7, STM32WBA52CEU7TR, STM32WBA52CGU6, STM32WBA52CGU6TR, STM32WBA52CGU6U, STM32WBA52CGU7, STM32WBA52CGU7TR, STM32WBA52KEU6, STM32WBA52KEU6TR, STM32WBA52KGU6, STM32WBA52KGU6TR, STM32WBA54CEU6, STM32WBA54CEU6TR, STM32WBA54CEU7, STM32WBA54CEU7TR, STM32WBA54CGU6, STM32WBA54CGU6TR, STM32WBA54CGU7, STM32WBA54CGU7TR, STM32WBA54KEU6, STM32WBA54KEU6TR, STM32WBA54KEU7, STM32WBA54KEU7TR, STM32WBA54KGU6, STM32WBA54KGU6TR, STM32WBA54KGU7, STM32WBA54KGU7TR, STM32WBA55CEU6, STM32WBA55CEU6TR, STM32WBA55CEU7, STM32WBA55CEU7TR, STM32WBA55CGU6, STM32WBA55CGU6TR, STM32WBA55CGU6U, STM32WBA55CGU7, STM32WBA55CGU7TR, STM32WBA55G-DK1, STM32WBA55HEF6, STM32WBA55HEF7, STM32WBA55HGF6, STM32WBA55HGF7, STM32WBA55UEI6, STM32WBA55UEI6TR, STM32WBA55UEI7, STM32WBA55UEI7TR, STM32WBA55UGI6, STM32WBA55UGI6TR, STM32WBA55UGI7, STM32WBA55UGI7TR, STM32WBA5MMGH6TR, STM32WBA62MGF6, STM32WBA62MIF6, STM32WBA65MGF7, STM32WBA65MIF6, STM32WBA65MIF7, STM32WL30K8V6, STM32WL30KBV6, STM32WL31C8V6, STM32WL31CBV6, STM32WL31K8V6, STM32WL31KBV6, STM32WL33C8V6, STM32WL33C8V6X, STM32WL33CBV6, STM32WL33CBV6X, STM32WL33CCV6, STM32WL33CCV6A, STM32WL33CCV6X, STM32WL33K8V7, STM32WL33K8V7X, STM32WL33KBV7 , STM32WL33KBV7X, STM32WL33KCV7, STM32WL33KCV7X, STM32WL5MOCH6, STM32WL5MOCH6TR]
2026-10-07 18:12:42,225 [INFO] ApiDb:668 - CubeFinder database Data Model version=2.1
2026-10-07 18:12:42,225 [INFO] ApiDb:669 - CubeFinder database Configuration version=3.0.42
2026-10-07 18:12:42,226 [INFO] ApiDb:670 - CubeFinder database generation date=2026-09-14 (1789384678)
2026-10-07 18:12:42,226 [INFO] ApiDb:671 - CubeFinder database FW Pack versions=[FP-ATR-ASTRA1_V2.0.0, FP-SNS-FLIGHT1_V5.1.0, FP-SNS-MOTENV1_V5.1.0, FP-SNS-MOTENVWB1_V1.5.0, FP-SNS-SMARTAG2_V1.2.0, FP-SNS-STBOX1_V2.1.0, STM32Cube_FW_C0_V1.4.1, STM32Cube_FW_F4_V1.28.3, STM32Cube_FW_F7_V1.17.4, STM32Cube_FW_G0_V1.6.3, STM32Cube_FW_G4_V1.6.2, STM32Cube_FW_H5_V1.7.0, STM32Cube_FW_H7RS_V1.3.0, STM32Cube_FW_H7_V1.13.0, STM32Cube_FW_L0_V1.12.2, STM32Cube_FW_L4_V1.18.2, STM32Cube_FW_L5_V1.6.0, STM32Cube_FW_N6_V1.4.1, STM32Cube_FW_U0_V1.3.0, STM32Cube_FW_U3_V1.4.0, STM32Cube_FW_U5_V1.9.0, STM32Cube_FW_WB0_V1.5.0, STM32Cube_FW_WBA_V1.10.0, STM32Cube_FW_WB_V1.24.0, STM32Cube_FW_WL3_V1.5.0, STM32Cube_FW_WL_V1.6.0, X-CUBE-ALGOBUILD_V1.5.0, X-CUBE-ALS_V1.0.2, X-CUBE-AZRTOS-F4_V1.1.0, X-CUBE-AZRTOS-F7_V1.1.0, X-CUBE-AZRTOS-G0_V1.1.0, X-CUBE-AZRTOS-G4_V2.0.0, X-CUBE-AZRTOS-H7RS_V1.3.0, X-CUBE-AZRTOS-H7_V3.5.0, X-CUBE-AZRTOS-L4_V2.0.0, X-CUBE-AZRTOS-L5_V2.0.0, X-CUBE-AZRTOS-WB_V2.0.0, X-CUBE-AZRTOS-WL_V2.0.0, X-CUBE-BLE1_V7.1.0, X-CUBE-BLE2_V3.3.0, X-CUBE-BLEMGR_V4.2.0, X-CUBE-EEPRMA1_V5.2.0, X-CUBE-FREERTOS_V1.6.0, X-CUBE-GNSS1_V7.1.1, X-CUBE-MEMS1_V13.0.0, X-CUBE-NFC4_V3.0.0, X-CUBE-NFC7_V2.0.0, X-CUBE-SFXS2LP1_V4.0.0, X-CUBE-ST67W61_V1.3.0, X-CUBE-SUBG2_V5.0.0, X-CUBE-TOF1_V3.4.3, X_CUBE_WBA_V1.1.0]
2026-10-07 18:12:42,521 [ERROR] LogOutputStream:75 - [STDERR_REDIRECT] [Fatal Error] :1:1: Premature end of file.
2026-10-07 18:12:42,522 [ERROR] LogOutputStream:75 - [STDERR_REDIRECT] 
2026-10-07 18:12:43,515 [ERROR] LogOutputStream:75 - [STDERR_REDIRECT] [Fatal Error] :1:1: Premature end of file.
2026-10-07 18:12:43,515 [ERROR] LogOutputStream:75 - [STDERR_REDIRECT] 
2026-10-07 18:12:44,519 [ERROR] LogOutputStream:75 - [STDERR_REDIRECT] [Fatal Error] :1:1: Premature end of file.
2026-10-07 18:12:44,519 [ERROR] LogOutputStream:75 - [STDERR_REDIRECT] 
2026-10-07 18:12:45,531 [ERROR] LogOutputStream:75 - [STDERR_REDIRECT] [Fatal Error] :1:1: Premature end of file.
2026-10-07 18:12:45,532 [ERROR] LogOutputStream:75 - [STDERR_REDIRECT] 
2026-10-07 18:12:46,531 [ERROR] LogOutputStream:75 - [STDERR_REDIRECT] [Fatal Error] :1:1: Premature end of file.
2026-10-07 18:12:46,532 [ERROR] LogOutputStream:75 - [STDERR_REDIRECT] 
2026-10-07 18:12:47,537 [ERROR] LogOutputStream:75 - [STDERR_REDIRECT] [Fatal Error] :1:1: Premature end of file.
2026-10-07 18:12:47,538 [ERROR] LogOutputStream:75 - [STDERR_REDIRECT] 
2026-10-07 18:12:47,646 [INFO] ApiDb:240 - Found 880 in-development CPN: [B-G473E-ZEST1S, B-WB1M-WPAN1, B-WBA5M-WPAN, B-WL5M-SUBG1, NUCLEO-C031C6, NUCLEO-C051C8, NUCLEO-C071RB, NUCLEO-C092RC, NUCLEO-H503RB, NUCLEO-H533RE, NUCLEO-H563ZI, NUCLEO-H7S3L8, NUCLEO-N657X0-Q, NUCLEO-U031R8, NUCLEO-U083RC, NUCLEO-U385RG-Q, NUCLEO-U545RE-Q, NUCLEO-U5A5ZJ-Q, NUCLEO-WB05KZ, NUCLEO-WB07CC, NUCLEO-WB09KE, NUCLEO-WBA52CG, NUCLEO-WBA55CG, NUCLEO-WL33CC1, NUCLEO-WL33CC2, STEVAL-PROTEUS1, STEVAL-SMARTAG2, STEVAL-STWINBX1, STM320518-EVAL, STM32C0116-DK, STM32C011D6Y3TR, STM32C011D6Y6TR, STM32C011F4P3, STM32C011F4P6, STM32C011F4U3, STM32C011F4U6TR, STM32C011F6P3, STM32C011F6P6, STM32C011F6U3, STM32C011F6U6TR, STM32C011J4M3, STM32C011J4M6, STM32C011J6M3, STM32C011J6M6, STM32C0316-DK, STM32C031C4T3, STM32C031C4T6, STM32C031C4U3, STM32C031C4U6, STM32C031C6T3, STM32C031C6T6, STM32C031C6U3, STM32C031C6U6, STM32C031F4P3, STM32C031F4P6, STM32C031F6P3, STM32C031F6P6, STM32C031G4U3, STM32C031G4U6, STM32C031G6U3, STM32C031G6U6, STM32C031K4T3, STM32C031K4T6, STM32C031K4U3, STM32C031K4U6, STM32C031K6T3, STM32C031K6T6, STM32C031K6U3, STM32C031K6U6, STM32C051C6T6, STM32C051C6U6, STM32C051C8T6, STM32C051C8U6, STM32C051D8Y6TR, STM32C051F6P6, STM32C051F8P6, STM32C051G6U6, STM32C051G8U6, STM32C051K6T6, STM32C051K6U6, STM32C051K8T6, STM32C071C8T6, STM32C071C8T6N, STM32C071C8U6, STM32C071C8U6N, STM32C071CBT6, STM32C071CBT6N, STM32C071CBU6, STM32C071CBU6N, STM32C071F8P6, STM32C071F8P6N, STM32C071FBP6, STM32C071FBP6N, STM32C071FBY6TR, STM32C071G8U6, STM32C071G8U6N, STM32C071GBU6, STM32C071GBU6N, STM32C071K8T6, STM32C071K8T6N, STM32C071K8U6, STM32C071K8U6N, STM32C071KBT6, STM32C071KBT6N, STM32C071KBU6, STM32C071KBU6N, STM32C071R8T6, STM32C071R8T6N, STM32C071RBI6N, STM32C071RBT6, STM32C071RBT6N, STM32C091CBT6, STM32C091CBU6, STM32C091CCT6, STM32C091CCU6, STM32C091ECY6TR, STM32C091FBP6, STM32C091FCP6, STM32C091GBU6, STM32C091GCU6, STM32C091KBT6, STM32C091KBU6, STM32C091KCT6, STM32C091KCU6, STM32C091RBT6, STM32C091RCI6, STM32C091RCT6, STM32C092CBT6, STM32C092CBU6, STM32C092CCT6, STM32C092CCU6, STM32C092ECY6TR, STM32C092FBP6, STM32C092FCP6, STM32C092GBU6, STM32C092GCU6, STM32C092KBT6, STM32C092KBU6, STM32C092KCT6, STM32C092KCU6, STM32C092RBT6, STM32C092RCI6, STM32C092RCT6, STM32G071K8TXN, STM32G071K8UXN, STM32G081GBU6N, STM32G081KBT6N, STM32G081KBUXN, STM32G0B1CCT6N, STM32G0B1KCT6, STM32G0B1NEY6TR, STM32G0B1RCT6N, STM32G0C1CCT6, STM32G0C1CCT6N, STM32G0C1CCU6N, STM32G0C1CET6N, STM32G0C1CEU6N, STM32G0C1KCT6, STM32G0C1NEY6TR, STM32G0C1RCI6N, STM32G0C1RCT6N, STM32G0C1REI6N, STM32G0C1RET6N, STM32G0C1VCI6, STM32G0C1VEI6, STM32G411C6T3, STM32G411C6T6, STM32G411C6U3, STM32G411C6U6, STM32G411C8T3, STM32G411C8T6, STM32G411C8U3, STM32G411C8U6, STM32G411CBT3, STM32G411CBT6, STM32G411CBU3, STM32G411CBU6, STM32G411K6T3, STM32G411K6T6, STM32G411K6U3, STM32G411K6U6, STM32G411K8T3, STM32G411K8T6, STM32G411K8U3, STM32G411K8U6, STM32G411KBT3, STM32G411KBT6, STM32G411KBU3, STM32G411KBU6, STM32G411M6T3, STM32G411M6T6, STM32G411M8T3, STM32G411M8T6, STM32G411MBT3, STM32G411MBT6, STM32G411R6T3, STM32G411R6T6, STM32G411R8T3, STM32G411R8T6, STM32G411RBT3, STM32G411RBT6, STM32G414CBT3, STM32G414CBT6, STM32G414CBU3, STM32G414CBU6, STM32G414CCT3, STM32G414CCT6, STM32G414CCU3, STM32G414CCU6, STM32G414MBT3, STM32G414MBT6, STM32G414MCT3, STM32G414MCT6, STM32G414RBT3, STM32G414RBT6, STM32G414RCT3, STM32G414RCT6, STM32G414VBT3, STM32G414VBT6, STM32G414VCT3, STM32G414VCT6, STM32G431CBT3Z, STM32G431RBT3Z, STM32G471CCT6, STM32G471CCU6, STM32G471CET3, STM32G471CET6, STM32G471CEU3, STM32G471CEU6, STM32G471MCT6, STM32G471MET3, STM32G471MET6, STM32G471MEY6TR, STM32G471QCT6, STM32G471QET3, STM32G471RCT6, STM32G471RET3, STM32G471RET6, STM32G471VCH6, STM32G471VCI6, STM32G471VCT6, STM32G471VEH3, STM32G471VEH6, STM32G471VEI3, STM32G471VEI6, STM32G471VET3, STM32G471VET6, STM32G473QET3Z, STM32G473RET3Z, STM32G474CCT6, STM32G491RET3Z, STM32H503CBT6, STM32H503CBU6, STM32H503EBY6TR, STM32H503KBU6, STM32H503RBT6, STM32H523CCT6, STM32H523CCU6, STM32H523CET6, STM32H523CEU6, STM32H523HEY6TR, STM32H523RCT6, STM32H523RET6, STM32H523VCI6, STM32H523VCT6, STM32H523VEI6, STM32H523VET6, STM32H523ZCJ6, STM32H523ZCT6, STM32H523ZEJ6, STM32H523ZET6, STM32H533CET6, STM32H533CEU6, STM32H533HEY6TR, STM32H533RET6, STM32H533VEI6, STM32H533VET6, STM32H533ZEJ6, STM32H533ZET6, STM32H562AGI6, STM32H562AII6, STM32H562IGK6, STM32H562IGT6, STM32H562IIK6, STM32H562IIT6, STM32H562RGT6, STM32H562RGV6, STM32H562RIT6, STM32H562RIV6, STM32H562VGT6, STM32H562VIT6, STM32H562ZGT6, STM32H562ZIT6, STM32H563AGI6, STM32H563AII3Q, STM32H563AII6, STM32H563IGK6, STM32H563IGT6, STM32H563IIK3Q, STM32H563IIK6, STM32H563IIT3Q, STM32H563IIT6, STM32H563MIY3QTR, STM32H563RGT6, STM32H563RGV6, STM32H563RIT6, STM32H563RIV6, STM32H563VGT6, STM32H563VIT3Q, STM32H563VIT6, STM32H563ZGT6, STM32H563ZIT3Q, STM32H563ZIT6, STM32H573AII3Q, STM32H573AII6, STM32H573I-DK, STM32H573IIK3Q, STM32H573IIK6, STM32H573IIT3Q, STM32H573IIT6, STM32H573MIY3QTR, STM32H573RIT6, STM32H573RIV6, STM32H573VIT3Q, STM32H573VIT6, STM32H573ZIT3Q, STM32H573ZIT6, STM32H7R3A8I6, STM32H7R3I8K6, STM32H7R3I8T6, STM32H7R3L8H6, STM32H7R3L8H6H, STM32H7R3R8V6, STM32H7R3V8H6, STM32H7R3V8T6, STM32H7R3V8Y6TR, STM32H7R3Z8J6, STM32H7R3Z8T6, STM32H7R7A8I6, STM32H7R7I8K6, STM32H7R7I8T6, STM32H7R7L8H6, STM32H7R7L8H6H, STM32H7R7Z8J6, STM32H7S3A8I6, STM32H7S3I8K6, STM32H7S3I8T6, STM32H7S3L8H6, STM32H7S3L8H6H, STM32H7S3R8V6, STM32H7S3V8H6, STM32H7S3V8T6, STM32H7S3V8Y6TR, STM32H7S3Z8J6, STM32H7S3Z8T6, STM32H7S78-DK, STM32H7S7A8I6, STM32H7S7I8K6, STM32H7S7I8T6, STM32H7S7L8H6, STM32H7S7L8H6H, STM32H7S7Z8J6, STM32L4R5QGI6STR, STM32MP131AAE3, STM32MP131AAF3, STM32MP131AAG3, STM32MP131CAE3, STM32MP131CAF3, STM32MP131CAG3, STM32MP131DAE7, STM32MP131DAF7, STM32MP131DAG7, STM32MP131FAE7, STM32MP131FAF7, STM32MP131FAG7, STM32MP133AAE3, STM32MP133AAF3, STM32MP133AAG3, STM32MP133CAE3, STM32MP133CAF3, STM32MP133CAG3, STM32MP133DAE7, STM32MP133DAF7, STM32MP133DAG7, STM32MP133FAE7, STM32MP133FAF7, STM32MP133FAG7, STM32MP135AAE3, STM32MP135AAF3, STM32MP135AAG3, STM32MP135CAE3, STM32MP135CAF3, STM32MP135CAG3, STM32MP135DAE7, STM32MP135DAF7, STM32MP135DAG7, STM32MP135F-DK, STM32MP135FAE7, STM32MP135FAF7, STM32MP135FAF7T, STM32MP135FAF7U, STM32MP135FAG7, STM32MP211AAL3, STM32MP211AAM3, STM32MP211AAN3, STM32MP211AAO3, STM32MP211CAL3, STM32MP211CAM3, STM32MP211CAN3, STM32MP211CAO3, STM32MP211DAL3, STM32MP211DAM3, STM32MP211DAN3, STM32MP211DAO3, STM32MP211FAL3, STM32MP211FAM3, STM32MP211FAN3, STM32MP211FAO3, STM32MP213AAL3, STM32MP213AAM3, STM32MP213AAN3, STM32MP213AAO3, STM32MP213CAL3, STM32MP213CAM3, STM32MP213CAN3, STM32MP213CAO3, STM32MP213DAL3, STM32MP213DAM3, STM32MP213DAN3, STM32MP213DAO3, STM32MP213FAL3, STM32MP213FAM3, STM32MP213FAN3, STM32MP213FAO3, STM32MP215AAL3, STM32MP215AAM3, STM32MP215AAN3, STM32MP215AAO3, STM32MP215CAL3, STM32MP215CAM3, STM32MP215CAN3, STM32MP215CAO3, STM32MP215DAL3, STM32MP215DAM3, STM32MP215DAN3, STM32MP215DAO3, STM32MP215F-DK, STM32MP215FAL3, STM32MP215FAM3, STM32MP215FAN3, STM32MP215FAO3, STM32MP231AAJ3, STM32MP231AAK3, STM32MP231AAL3, STM32MP231CAJ3, STM32MP231CAK3, STM32MP231CAL3, STM32MP231DAJ3, STM32MP231DAK3, STM32MP231DAL3, STM32MP231FAJ3, STM32MP231FAK3, STM32MP231FAL3, STM32MP233AAJ3, STM32MP233AAK3, STM32MP233AAL3, STM32MP233CAJ3, STM32MP233CAK3, STM32MP233CAL3, STM32MP233DAJ3, STM32MP233DAK3, STM32MP233DAL3, STM32MP233FAJ3, STM32MP233FAK3, STM32MP233FAL3, STM32MP235AAJ3, STM32MP235AAK3, STM32MP235AAL3, STM32MP235CAJ3, STM32MP235CAK3, STM32MP235CAL3, STM32MP235DAJ3, STM32MP235DAK3, STM32MP235DAL3, STM32MP235FAJ3, STM32MP235FAK3, STM32MP235FAL3, STM32MP251AAI3, STM32MP251AAK3, STM32MP251AAL3, STM32MP251CAI3, STM32MP251CAK3, STM32MP251CAL3, STM32MP251DAI3, STM32MP251DAK3, STM32MP251DAL3, STM32MP251FAI3, STM32MP251FAK3, STM32MP251FAL3, STM32MP253AAI3, STM32MP253AAK3, STM32MP253AAL3, STM32MP253CAI3, STM32MP253CAK3, STM32MP253CAL3, STM32MP253DAI3, STM32MP253DAK3, STM32MP253DAL3, STM32MP253FAI3, STM32MP253FAK3, STM32MP253FAL3, STM32MP255AAI3, STM32MP255AAK3, STM32MP255AAL3, STM32MP255CAI3, STM32MP255CAK3, STM32MP255CAL3, STM32MP255DAI3, STM32MP255DAK3, STM32MP255DAL3, STM32MP255FAI3, STM32MP255FAK3, STM32MP255FAL3, STM32MP257AAI3, STM32MP257AAK3, STM32MP257AAL3, STM32MP257CAI3, STM32MP257CAK3, STM32MP257CAL3, STM32MP257DAI3, STM32MP257DAK3, STM32MP257DAL3, STM32MP257F-DK, STM32MP257F-EV1, STM32MP257FAI3, STM32MP257FAK3, STM32MP257FAL3, STM32N645A0H3Q, STM32N645B0H3Q, STM32N645I0H3Q, STM32N645L0H3Q, STM32N645X0H3Q, STM32N645Z0H3Q, STM32N647A0H3Q, STM32N647B0H3Q, STM32N647I0H3Q, STM32N647L0H3Q, STM32N647X0H3Q, STM32N647Z0H3Q, STM32N655A0H3Q, STM32N655B0H3Q, STM32N655I0H3Q, STM32N655L0H3Q, STM32N655X0H3Q, STM32N655Z0H3Q, STM32N6570-DK, STM32N657A0H3Q, STM32N657B0H3Q, STM32N657I0H3Q, STM32N657L0H3Q, STM32N657X0H3Q, STM32N657Z0H3Q, STM32U031C6T6, STM32U031C6U6, STM32U031C8T6, STM32U031C8U6, STM32U031F4P6, STM32U031F6P6, STM32U031F8P6, STM32U031G6Y6TR, STM32U031G8Y6TR, STM32U031K4U6, STM32U031K6U6, STM32U031K8U6, STM32U031R6I6, STM32U031R6T6, STM32U031R8I6, STM32U031R8T6, STM32U073C8T6, STM32U073C8U6, STM32U073CBT6, STM32U073CBU6, STM32U073CCT6, STM32U073CCU6, STM32U073H8Y6TR, STM32U073HBY6TR, STM32U073HCY6TR, STM32U073K8U6, STM32U073KBU6, STM32U073KCU6, STM32U073M8I6, STM32U073M8T6, STM32U073MBI6, STM32U073MBT6, STM32U073MCI6, STM32U073MCT6, STM32U073R8I6, STM32U073R8T6, STM32U073RBI6, STM32U073RBT6, STM32U073RCI6, STM32U073RCT6, STM32U083C-DK, STM32U083CCT6, STM32U083CCU6, STM32U083HCY6TR, STM32U083KCU6, STM32U083MCI6, STM32U083MCT6, STM32U083RCI6, STM32U083RCT6, STM32U375CET6, STM32U375CET6Q, STM32U375CEU6, STM32U375CEU6Q, STM32U375CEY6QTR, STM32U375CGT6, STM32U375CGT6Q, STM32U375CGU6, STM32U375CGU6Q, STM32U375CGY6QTR, STM32U375KEU6, STM32U375KGU6, STM32U375REI6, STM32U375REI6Q, STM32U375RET6, STM32U375RET6Q, STM32U375REY6GTR, STM32U375REY6QTR, STM32U375RGI6, STM32U375RGI6Q, STM32U375RGT6, STM32U375RGT6Q, STM32U375RGY6GTR, STM32U375RGY6QTR, STM32U375VEI6, STM32U375VEI6Q, STM32U375VET6, STM32U375VET6Q, STM32U375VGI6, STM32U375VGI6Q, STM32U375VGT6, STM32U375VGT6Q, STM32U385CGT6, STM32U385CGT6Q, STM32U385CGU6, STM32U385CGU6Q, STM32U385CGY6QTR, STM32U385KGU6, STM32U385RGI6, STM32U385RGI6Q, STM32U385RGT6, STM32U385RGT6Q, STM32U385RGY6GTR, STM32U385RGY6QTR, STM32U385VGI6, STM32U385VGI6Q, STM32U385VGT6, STM32U385VGT6Q, STM32U535CBT6, STM32U535CBT6Q, STM32U535CBU6, STM32U535CBU6Q, STM32U535CCT6, STM32U535CCT6Q, STM32U535CCU6, STM32U535CCU6Q, STM32U535CET6, STM32U535CET6Q, STM32U535CEU6, STM32U535CEU6Q, STM32U535JEY6QTR, STM32U535NCY6QTR, STM32U535NEY6QTR, STM32U535RBI6, STM32U535RBI6Q, STM32U535RBT6, STM32U535RBT6Q, STM32U535RCI6, STM32U535RCI6Q, STM32U535RCT6, STM32U535RCT6Q, STM32U535REI6, STM32U535REI6Q, STM32U535RET6, STM32U535RET6Q, STM32U535VCI6, STM32U535VCI6Q, STM32U535VCT6, STM32U535VCT6Q, STM32U535VEI6, STM32U535VEI6Q, STM32U535VET6, STM32U535VET6Q, STM32U545CET6, STM32U545CET6Q, STM32U545CEU6, STM32U545CEU6Q, STM32U545JEY6QTR, STM32U545NEY6QTR, STM32U545REI6, STM32U545REI6Q, STM32U545RET6, STM32U545RET6Q, STM32U545VEI6, STM32U545VEI6Q, STM32U545VET6, STM32U545VET6Q, STM32U595AIH6, STM32U595AIH6Q, STM32U595AJH6, STM32U595AJH6Q, STM32U595QII6, STM32U595QII6Q, STM32U595QJI6, STM32U595QJI6Q, STM32U595RIT6, STM32U595RIT6Q, STM32U595RJT6, STM32U595RJT6Q, STM32U595VIT6, STM32U595VIT6Q, STM32U595VJT6, STM32U595VJT6Q, STM32U595ZIT6, STM32U595ZIT6Q, STM32U595ZIY6QTR, STM32U595ZJT6, STM32U595ZJT6Q, STM32U595ZJY6QTR, STM32U599BJY6QTR, STM32U599NIH6Q, STM32U599NJH6Q, STM32U599VIT6Q, STM32U599VJT6, STM32U599VJT6Q, STM32U599ZIT6Q, STM32U599ZIY6QTR, STM32U599ZJT6Q, STM32U599ZJY6QTR, STM32U5A5AJH6, STM32U5A5AJH6Q, STM32U5A5QII3Q , STM32U5A5QJI6, STM32U5A5QJI6Q, STM32U5A5RJT6, STM32U5A5RJT6Q, STM32U5A5VJT6, STM32U5A5VJT6Q, STM32U5A5ZJT6, STM32U5A5ZJT6Q, STM32U5A5ZJY6QTR, STM32U5A9BJY6QTR, STM32U5A9J-DK, STM32U5A9NJH6Q, STM32U5A9VJT6Q, STM32U5A9ZJT6Q, STM32U5A9ZJY6QTR, STM32U5F7VIT6, STM32U5F7VIT6Q, STM32U5F7VJT6, STM32U5F7VJT6Q, STM32U5F9BJY6QTR, STM32U5F9NJH6Q, STM32U5F9VIT6Q, STM32U5F9VJT6Q, STM32U5F9ZIJ6QTR, STM32U5F9ZIT6Q, STM32U5F9ZJJ6QTR, STM32U5F9ZJT6Q, STM32U5G7VJT6, STM32U5G7VJT6Q, STM32U5G9BJY6QTR, STM32U5G9J-DK1, STM32U5G9J-DK2, STM32U5G9NJH6Q, STM32U5G9VJT6Q, STM32U5G9ZJJ6QTR, STM32U5G9ZJT6Q, STM32WB05KZV6TR, STM32WB05KZV7TR, STM32WB05TZF6TR, STM32WB05TZF7TR, STM32WB06CCF6TR, STM32WB06CCF7TR, STM32WB06CCV6TR, STM32WB06CCV7TR, STM32WB06KCV6TR, STM32WB06KCV7TR, STM32WB07CCF6TR, STM32WB07CCF7TR, STM32WB07CCV6TR, STM32WB07CCV7TR, STM32WB07KCV6TR, STM32WB07KCV7TR, STM32WB09KEV6TR, STM32WB09KEV7TR, STM32WB09TEF6TR, STM32WB09TEF7TR, STM32WB1MMCH6, STM32WBA50KGU6, STM32WBA50KGU6TR, STM32WBA52CEU6, STM32WBA52CEU6TR, STM32WBA52CEU7, STM32WBA52CEU7TR, STM32WBA52CGU6, STM32WBA52CGU6TR, STM32WBA52CGU6U, STM32WBA52CGU7, STM32WBA52CGU7TR, STM32WBA52KEU6, STM32WBA52KEU6TR, STM32WBA52KGU6, STM32WBA52KGU6TR, STM32WBA54CEU6, STM32WBA54CEU6TR, STM32WBA54CEU7, STM32WBA54CEU7TR, STM32WBA54CGU6, STM32WBA54CGU6TR, STM32WBA54CGU7, STM32WBA54CGU7TR, STM32WBA54KEU6, STM32WBA54KEU6TR, STM32WBA54KEU7, STM32WBA54KEU7TR, STM32WBA54KGU6, STM32WBA54KGU6TR, STM32WBA54KGU7, STM32WBA54KGU7TR, STM32WBA55CEU6, STM32WBA55CEU6TR, STM32WBA55CEU7, STM32WBA55CEU7TR, STM32WBA55CGU6, STM32WBA55CGU6TR, STM32WBA55CGU6U, STM32WBA55CGU7, STM32WBA55CGU7TR, STM32WBA55G-DK1, STM32WBA55HEF6, STM32WBA55HEF7, STM32WBA55HGF6, STM32WBA55HGF7, STM32WBA55UEI6, STM32WBA55UEI6TR, STM32WBA55UEI7, STM32WBA55UEI7TR, STM32WBA55UGI6, STM32WBA55UGI6TR, STM32WBA55UGI7, STM32WBA55UGI7TR, STM32WBA5MMGH6TR, STM32WBA62MGF6, STM32WBA62MIF6, STM32WBA65MGF7, STM32WBA65MIF6, STM32WBA65MIF7, STM32WL30K8V6, STM32WL30KBV6, STM32WL31C8V6, STM32WL31CBV6, STM32WL31K8V6, STM32WL31KBV6, STM32WL33C8V6, STM32WL33C8V6X, STM32WL33CBV6, STM32WL33CBV6X, STM32WL33CCV6, STM32WL33CCV6A, STM32WL33CCV6X, STM32WL33K8V7, STM32WL33K8V7X, STM32WL33KBV7 , STM32WL33KBV7X, STM32WL33KCV7, STM32WL33KCV7X, STM32WL5MOCH6, STM32WL5MOCH6TR]
2026-10-07 18:12:47,655 [INFO] DbMcus:218 - Found 5314 MCUs, 5126 are supported
2026-10-07 18:12:47,656 [INFO] ApiDb:423 - Load user favorites file C:\Users\zawad/.stm32cubeide/favorites.mcus.txt: 0 item(s)
2026-10-07 18:12:47,656 [INFO] ApiDb:427 - User favorites MCUs=[]
2026-10-07 18:12:47,657 [INFO] DbMcus:224 - Set 0 / 0 favorites MCUs
2026-10-07 18:12:48,554 [ERROR] LogOutputStream:75 - [STDERR_REDIRECT] [Fatal Error] :1:1: Premature end of file.
2026-10-07 18:12:48,555 [ERROR] LogOutputStream:75 - [STDERR_REDIRECT] 
2026-10-07 18:12:48,911 [INFO] BoardInfo:889 - No configuration file found for board NUCLEO-H553ZG
2026-10-07 18:12:48,914 [INFO] DbBoards:161 - Board is not supported: NUCLEO-H553ZG
2026-10-07 18:12:48,922 [INFO] BoardInfo:889 - No configuration file found for board NUCLEO-H5E5ZJ
2026-10-07 18:12:48,925 [INFO] DbBoards:161 - Board is not supported: NUCLEO-H5E5ZJ
2026-10-07 18:12:49,079 [INFO] BoardInfo:889 - No configuration file found for board NUCLEO-U3C5ZI-Q
2026-10-07 18:12:49,081 [INFO] DbBoards:161 - Board is not supported: NUCLEO-U3C5ZI-Q
2026-10-07 18:12:49,120 [INFO] BoardInfo:889 - No configuration file found for board NUCLEO-WBA25CE1
2026-10-07 18:12:49,122 [INFO] DbBoards:161 - Board is not supported: NUCLEO-WBA25CE1
2026-10-07 18:12:49,153 [INFO] BoardInfo:889 - No configuration file found for board NUCLEO-WL3RKB1
2026-10-07 18:12:49,156 [INFO] DbBoards:161 - Board is not supported: NUCLEO-WL3RKB1
2026-10-07 18:12:49,158 [INFO] BoardInfo:889 - No configuration file found for board NUCLEO-WL3RKB2
2026-10-07 18:12:49,160 [INFO] DbBoards:161 - Board is not supported: NUCLEO-WL3RKB2
2026-10-07 18:12:49,181 [INFO] BoardInfo:889 - No configuration file found for board P-NUCLEO-WB55
2026-10-07 18:12:49,183 [INFO] DbBoards:161 - Kit is not supported: P-NUCLEO-WB55
2026-10-07 18:12:49,198 [INFO] BoardInfo:889 - No configuration file found for board STEVAL-BFA001V1B
2026-10-07 18:12:49,202 [INFO] DbBoards:161 - Kit is not supported: STEVAL-BFA001V1B
2026-10-07 18:12:49,204 [INFO] BoardInfo:889 - No configuration file found for board STEVAL-BFA001V2B
2026-10-07 18:12:49,206 [INFO] DbBoards:161 - Kit is not supported: STEVAL-BFA001V2B
2026-10-07 18:12:49,482 [INFO] BoardInfo:889 - No configuration file found for board STM32H5F5J-DK
2026-10-07 18:12:49,485 [INFO] DbBoards:161 - Board is not supported: STM32H5F5J-DK
2026-10-07 18:12:49,547 [ERROR] LogOutputStream:75 - [STDERR_REDIRECT] [Fatal Error] :1:1: Premature end of file.
2026-10-07 18:12:49,548 [ERROR] LogOutputStream:75 - [STDERR_REDIRECT] 
2026-10-07 18:12:49,734 [INFO] DbBoards:168 - Found 219 boards, 209 are supported
2026-10-07 18:12:49,734 [INFO] DbBoards:169 - Found 219 boards, 43 of them is supported for  Bsp
2026-10-07 18:12:49,739 [INFO] ApiDb:423 - Load user favorites file C:\Users\zawad/.stm32cubeide/favorites.boards.txt: 1 item(s)
2026-10-07 18:12:49,739 [INFO] ApiDb:427 - User favorites Boards=[NUCLEO-L432KC]
2026-10-07 18:12:49,739 [INFO] DbBoards:198 - Set 1 / 1 favorites Boards
2026-10-07 18:12:49,789 [INFO] UtilMem:75 - End LoadConfig() Used Memory: 334736864 Bytes (643825664)
2026-10-07 18:12:50,025 [WARN] ThirdParty:833 - waiting for thirdparty lock release [change project]
2026-10-07 18:12:50,025 [INFO] ThirdParty:835 - entering critical section [change project]
2026-10-07 18:12:50,026 [INFO] ThirdParty:1030 - CMSIS Pack Vendor :STMicroelectronics X-CUBE-AZRTOS-H7 3.5.0
2026-10-07 18:12:50,026 [INFO] ThirdParty:1030 - CMSIS Pack Vendor :STMicroelectronics X-CUBE-PM33A1 1.0.0
2026-10-07 18:12:50,026 [INFO] ThirdParty:1030 - CMSIS Pack Vendor :STMicroelectronics USBPD 4.1
2026-10-07 18:12:50,026 [INFO] ThirdParty:1030 - CMSIS Pack Vendor :STMicroelectronics X-CUBE-NFC9 1.0.0
2026-10-07 18:12:50,026 [INFO] ThirdParty:1030 - CMSIS Pack Vendor :STMicroelectronics USB_HOST 2.0.0
2026-10-07 18:12:50,026 [INFO] ThirdParty:1030 - CMSIS Pack Vendor :STMicroelectronics FP-ATR-ASTRA1 2.0.3
2026-10-07 18:12:50,026 [INFO] ThirdParty:1030 - CMSIS Pack Vendor :STMicroelectronics X-CUBE-AZRTOS-F4 1.1.0
2026-10-07 18:12:50,026 [INFO] ThirdParty:1030 - CMSIS Pack Vendor :STMicroelectronics LIBJPEG 8.0.0
2026-10-07 18:12:50,026 [INFO] ThirdParty:1030 - CMSIS Pack Vendor :STMicroelectronics X-CUBE-BLE1 7.1.0
2026-10-07 18:12:50,026 [INFO] ThirdParty:1030 - CMSIS Pack Vendor :wolfSSL I-CUBE-wolfMQTT 1.19.2
2026-10-07 18:12:50,026 [INFO] ThirdParty:1030 - CMSIS Pack Vendor :STMicroelectronics USB_DEVICE 3.0.0
2026-10-07 18:12:50,026 [INFO] ThirdParty:1030 - CMSIS Pack Vendor :STMicroelectronics X-CUBE-ISPU 2.1.0
2026-10-07 18:12:50,027 [INFO] ThirdParty:1030 - CMSIS Pack Vendor :STMicroelectronics X-CUBE-EEPRMA1 5.2.0
2026-10-07 18:12:50,027 [INFO] ThirdParty:1030 - CMSIS Pack Vendor :STMicroelectronics X-CUBE-IPS 3.2.0
2026-10-07 18:12:50,027 [INFO] ThirdParty:1030 - CMSIS Pack Vendor :STMicroelectronics eDS-WB_DPC_TT-BIDIR 2.1.1
2026-10-07 18:12:50,027 [INFO] ThirdParty:1030 - CMSIS Pack Vendor :STMicroelectronics X-CUBE-AZRTOS-WB 2.0.0
2026-10-07 18:12:50,027 [INFO] ThirdParty:1030 - CMSIS Pack Vendor :STMicroelectronics X-CUBE-NFC12 1.0.0
2026-10-07 18:12:50,027 [INFO] ThirdParty:1030 - CMSIS Pack Vendor :STMicroelectronics X-CUBE-AZRTOS-F7 1.1.0
2026-10-07 18:12:50,027 [INFO] ThirdParty:1030 - CMSIS Pack Vendor :STMicroelectronics X-CUBE-AZRTOS-L5 2.0.0
2026-10-07 18:12:50,027 [INFO] ThirdParty:1030 - CMSIS Pack Vendor :STMicroelectronics USB_DEVICE 2.0.0
2026-10-07 18:12:50,027 [INFO] ThirdParty:1030 - CMSIS Pack Vendor :STMicroelectronics X-CUBE-FREERTOS 1.6.0
2026-10-07 18:12:50,027 [INFO] ThirdParty:1030 - CMSIS Pack Vendor :quantropi X-CUBE-qispace-sdk-base 2.1.0
2026-10-07 18:12:50,027 [INFO] ThirdParty:1030 - CMSIS Pack Vendor :STMicroelectronics X-CUBE-STSE01 2.0.0
2026-10-07 18:12:50,027 [INFO] ThirdParty:1030 - CMSIS Pack Vendor :STMicroelectronics X-CUBE-ALGOBUILD 1.5.0
2026-10-07 18:12:50,027 [INFO] ThirdParty:1030 - CMSIS Pack Vendor :STMicroelectronics FP-SNS-MOTENV1 5.1.0
2026-10-07 18:12:50,027 [INFO] ThirdParty:1030 - CMSIS Pack Vendor :STMicroelectronics FreeRTOS 0.0.1
2026-10-07 18:12:50,027 [INFO] ThirdParty:1030 - CMSIS Pack Vendor :STMicroelectronics X-CUBE-AZRTOS-H7RS 1.3.0
2026-10-07 18:12:50,027 [INFO] ThirdParty:1030 - CMSIS Pack Vendor :STMicroelectronics X-CUBE-AZRTOS-G0 1.1.0
2026-10-07 18:12:50,027 [INFO] ThirdParty:1030 - CMSIS Pack Vendor :STMicroelectronics X-CUBE-NFC4 3.0.0
2026-10-07 18:12:50,027 [INFO] ThirdParty:1030 - CMSIS Pack Vendor :STMicroelectronics X-CUBE-SUBG2 5.0.0
2026-10-07 18:12:50,027 [INFO] ThirdParty:1030 - CMSIS Pack Vendor :STMicroelectronics STM32_WPAN 1.0.0
2026-10-07 18:12:50,028 [INFO] ThirdParty:1030 - CMSIS Pack Vendor :STMicroelectronics eDS-WB_DPC_VIENNA 1.2.0
2026-10-07 18:12:50,028 [INFO] ThirdParty:1030 - CMSIS Pack Vendor :EmbeddedOffice I-CUBE-FS-RTOS 1.0.1
2026-10-07 18:12:50,028 [INFO] ThirdParty:1030 - CMSIS Pack Vendor :STMicroelectronics lwIP 2.0.3
2026-10-07 18:12:50,028 [INFO] ThirdParty:1030 - CMSIS Pack Vendor :WES I-CUBE-Cesium 1.4.0
2026-10-07 18:12:50,028 [INFO] ThirdParty:1030 - CMSIS Pack Vendor :STMicroelectronics X-CUBE-MEMS1 13.0.0
2026-10-07 18:12:50,028 [INFO] ThirdParty:1030 - CMSIS Pack Vendor :STMicroelectronics eDS-WB_DPC_3PH2L-BIDIR 1.1.1
2026-10-07 18:12:50,028 [INFO] ThirdParty:1030 - CMSIS Pack Vendor :STMicroelectronics USB_HOST 1.0.0
2026-10-07 18:12:50,028 [INFO] ThirdParty:1030 - CMSIS Pack Vendor :STMicroelectronics X-CUBE-AZRTOS-G4 2.0.0
2026-10-07 18:12:50,028 [INFO] ThirdParty:1030 - CMSIS Pack Vendor :STMicroelectronics PDM2PCM 3.1.0
2026-10-07 18:12:50,028 [INFO] ThirdParty:1030 - CMSIS Pack Vendor :STMicroelectronics PDM2PCM 3.3.0
2026-10-07 18:12:50,028 [INFO] ThirdParty:1030 - CMSIS Pack Vendor :wolfSSL I-CUBE-wolfTPM 3.8.0
2026-10-07 18:12:50,028 [INFO] ThirdParty:1030 - CMSIS Pack Vendor :STMicroelectronics X-CUBE-DISPLAY 3.0.0
2026-10-07 18:12:50,028 [INFO] ThirdParty:1030 - CMSIS Pack Vendor :wolfSSL I-CUBE-wolfSSH 1.4.20
2026-10-07 18:12:50,028 [INFO] ThirdParty:1030 - CMSIS Pack Vendor :STMicroelectronics X-CUBE-NFC7 2.0.0
2026-10-07 18:12:50,028 [INFO] ThirdParty:1030 - CMSIS Pack Vendor :STMicroelectronics X-CUBE-GNSS1 7.1.1
2026-10-07 18:12:50,028 [INFO] ThirdParty:1030 - CMSIS Pack Vendor :STMicroelectronics FP-SNS-MOTENVWB1 1.5.0
2026-10-07 18:12:50,028 [INFO] ThirdParty:1030 - CMSIS Pack Vendor :STMicroelectronics X-CUBE-TCPP 4.2.0
2026-10-07 18:12:50,028 [INFO] ThirdParty:1030 - CMSIS Pack Vendor :RealThread X-CUBE-RT-Thread_Nano 4.1.1
2026-10-07 18:12:50,028 [INFO] ThirdParty:1030 - CMSIS Pack Vendor :STMicroelectronics FP-ATR-SIGFOX1 3.2.0
2026-10-07 18:12:50,029 [INFO] ThirdParty:1030 - CMSIS Pack Vendor :STMicroelectronics X-CUBE-NFC10 1.0.0
2026-10-07 18:12:50,029 [INFO] ThirdParty:1030 - CMSIS Pack Vendor :STMicroelectronics HAL Drivers 0.0.0
2026-10-07 18:12:50,029 [INFO] ThirdParty:1030 - CMSIS Pack Vendor :STMicroelectronics MBEDTLS 2.16.2
2026-10-07 18:12:50,029 [INFO] ThirdParty:1030 - CMSIS Pack Vendor :STMicroelectronics X-CUBE-ST60 1.1.0
2026-10-07 18:12:50,029 [INFO] ThirdParty:1030 - CMSIS Pack Vendor :STMicroelectronics X-CUBE-ALS 1.0.2
2026-10-07 18:12:50,029 [INFO] ThirdParty:1030 - CMSIS Pack Vendor :emotas I-CUBE-CANOPEN 1.3.0
2026-10-07 18:12:50,029 [INFO] ThirdParty:1030 - CMSIS Pack Vendor :wolfSSL I-CUBE-wolfSSL 5.9.2
2026-10-07 18:12:50,029 [INFO] ThirdParty:1030 - CMSIS Pack Vendor :STMicroelectronics MBEDTLS 2.14.1
2026-10-07 18:12:50,029 [INFO] ThirdParty:1030 - CMSIS Pack Vendor :ITTIA_DB I-CUBE-ITTIADB 8.9.0
2026-10-07 18:12:50,029 [INFO] ThirdParty:1030 - CMSIS Pack Vendor :Cesanta I-CUBE-Mongoose 7.21.7
2026-10-07 18:12:50,030 [INFO] ThirdParty:1030 - CMSIS Pack Vendor :STMicroelectronics X-CUBE-TOUCHGFX 4.26.1
2026-10-07 18:12:50,030 [INFO] ThirdParty:1030 - CMSIS Pack Vendor :STMicroelectronics X-CUBE-NFC6 3.2.0
2026-10-07 18:12:50,030 [INFO] ThirdParty:1030 - CMSIS Pack Vendor :STMicroelectronics FP-SNS-STBOX1 2.1.0
2026-10-07 18:12:50,030 [INFO] ThirdParty:1030 - CMSIS Pack Vendor :STMicroelectronics X-CUBE-AI 10.2.1
2026-10-07 18:12:50,030 [INFO] ThirdParty:1030 - CMSIS Pack Vendor :STMicroelectronics ThreadX 1.0.0
2026-10-07 18:12:50,030 [INFO] ThirdParty:1030 - CMSIS Pack Vendor :STMicroelectronics FP-SNS-SMARTAG2 1.2.0
2026-10-07 18:12:50,030 [INFO] ThirdParty:1030 - CMSIS Pack Vendor :STMicroelectronics FP-SNS-FLIGHT1 5.1.0
2026-10-07 18:12:50,030 [INFO] ThirdParty:1030 - CMSIS Pack Vendor :STMicroelectronics X-CUBE-AZRTOS-WL 2.0.0
2026-10-07 18:12:50,030 [INFO] ThirdParty:1030 - CMSIS Pack Vendor :SEGGER I-CUBE-embOS 1.3.1
2026-10-07 18:12:50,030 [INFO] ThirdParty:1030 - CMSIS Pack Vendor :STMicroelectronics X-CUBE-DPower 1.3.0
2026-10-07 18:12:50,030 [INFO] ThirdParty:1030 - CMSIS Pack Vendor :STMicroelectronics USB_DEVICE 1.0.0
2026-10-07 18:12:50,030 [INFO] ThirdParty:1030 - CMSIS Pack Vendor :STMicroelectronics X-CUBE-AZRTOS-L4 2.0.0
2026-10-07 18:12:50,030 [INFO] ThirdParty:1030 - CMSIS Pack Vendor :STMicroelectronics ThreadX 0.0.2
2026-10-07 18:12:50,030 [INFO] ThirdParty:1030 - CMSIS Pack Vendor :STMicroelectronics lwIP 2.1.2
2026-10-07 18:12:50,031 [INFO] ThirdParty:1030 - CMSIS Pack Vendor :STMicroelectronics X-CUBE-SFXS2LP1 4.0.0
2026-10-07 18:12:50,031 [INFO] ThirdParty:1030 - CMSIS Pack Vendor :STMicroelectronics X-CUBE-BLE2 3.3.0
2026-10-07 18:12:50,031 [INFO] ThirdParty:1030 - CMSIS Pack Vendor :Avnet-IOTCONNECT X-CUBE-iotc-st67-sdk 1.0.0
2026-10-07 18:12:50,031 [INFO] ThirdParty:1030 - CMSIS Pack Vendor :STMicroelectronics X-CUBE-TOF1 3.4.3
2026-10-07 18:12:50,031 [INFO] ThirdParty:1030 - CMSIS Pack Vendor :Infineon AIROC-Wi-Fi-Bluetooth-STM32 1.8.0
2026-10-07 18:12:50,031 [INFO] ThirdParty:1030 - CMSIS Pack Vendor :STMicroelectronics X-CUBE-NFC13 1.0.0
2026-10-07 18:12:50,031 [INFO] ThirdParty:1030 - CMSIS Pack Vendor :STMicroelectronics PDM2PCM 3.2.0
2026-10-07 18:12:50,032 [INFO] ThirdParty:1030 - CMSIS Pack Vendor :STMicroelectronics X-CUBE-WB05N 2.1.0
2026-10-07 18:12:50,032 [INFO] ThirdParty:841 - exiting critical section [change project]
2026-10-07 18:12:50,534 [ERROR] LogOutputStream:75 - [STDERR_REDIRECT] [Fatal Error] :1:1: Premature end of file.
2026-10-07 18:12:50,535 [ERROR] LogOutputStream:75 - [STDERR_REDIRECT] 
2026-10-07 18:12:50,792 [INFO] PinOutPanel:1589 - setPackage(No Configuration,No Configuration)
2026-10-07 18:12:50,799 [INFO] PinOutPanel:1589 - setPackage(STM32L432KCUx,UFQFPN32)
2026-10-07 18:12:51,557 [ERROR] LogOutputStream:75 - [STDERR_REDIRECT] [Fatal Error] :1:1: Premature end of file.
2026-10-07 18:12:51,559 [ERROR] LogOutputStream:75 - [STDERR_REDIRECT] 
2026-10-07 18:12:52,178 [INFO] UtilMem:75 - Before build in PCC Used Memory: 408290312 Bytes (643825664)
2026-10-07 18:12:52,559 [ERROR] LogOutputStream:75 - [STDERR_REDIRECT] [Fatal Error] :1:1: Premature end of file.
2026-10-07 18:12:52,561 [ERROR] LogOutputStream:75 - [STDERR_REDIRECT] 
2026-10-07 18:12:53,534 [ERROR] LogOutputStream:75 - [STDERR_REDIRECT] [Fatal Error] :1:1: Premature end of file.
2026-10-07 18:12:53,536 [ERROR] LogOutputStream:75 - [STDERR_REDIRECT] 
2026-10-07 18:12:54,516 [ERROR] LogOutputStream:75 - [STDERR_REDIRECT] [Fatal Error] :1:1: Premature end of file.
2026-10-07 18:12:54,517 [ERROR] LogOutputStream:75 - [STDERR_REDIRECT] 
2026-10-07 18:12:54,691 [INFO] UtilMem:75 - After build in PCC Used Memory: 415601280 Bytes (643825664)
2026-10-07 18:12:54,756 [INFO] IPUIPlugin:80 - create IPUIPlugin
2026-10-07 18:12:54,757 [INFO] IPUIPlugin:80 - create IPUIPlugin
2026-10-07 18:12:54,757 [INFO] IPUIPlugin:80 - create IPUIPlugin
2026-10-07 18:12:54,757 [INFO] IPUIPlugin:80 - create IPUIPlugin
2026-10-07 18:12:54,757 [INFO] IPUIPlugin:80 - create IPUIPlugin
2026-10-07 18:12:54,758 [INFO] IPUIPlugin:80 - create IPUIPlugin
2026-10-07 18:12:54,758 [INFO] IPUIPlugin:80 - create IPUIPlugin
2026-10-07 18:12:54,758 [INFO] IPUIPlugin:80 - create IPUIPlugin
2026-10-07 18:12:54,758 [INFO] IPUIPlugin:80 - create IPUIPlugin
2026-10-07 18:12:54,758 [INFO] IPUIPlugin:80 - create IPUIPlugin
2026-10-07 18:12:54,759 [INFO] IPUIPlugin:80 - create IPUIPlugin
2026-10-07 18:12:54,759 [INFO] IPUIPlugin:80 - create IPUIPlugin
2026-10-07 18:12:54,759 [INFO] IPUIPlugin:80 - create IPUIPlugin
2026-10-07 18:12:54,759 [INFO] IPUIPlugin:80 - create IPUIPlugin
2026-10-07 18:12:54,759 [INFO] IPUIPlugin:80 - create IPUIPlugin
2026-10-07 18:12:54,760 [INFO] IPUIPlugin:80 - create IPUIPlugin
2026-10-07 18:12:54,760 [INFO] IPUIPlugin:80 - create IPUIPlugin
2026-10-07 18:12:54,760 [INFO] IPUIPlugin:80 - create IPUIPlugin
2026-10-07 18:12:54,760 [INFO] IPUIPlugin:80 - create IPUIPlugin
2026-10-07 18:12:54,761 [INFO] IPUIPlugin:80 - create IPUIPlugin
2026-10-07 18:12:54,761 [INFO] IPUIPlugin:80 - create IPUIPlugin
2026-10-07 18:12:54,762 [INFO] IPUIPlugin:80 - create IPUIPlugin
2026-10-07 18:12:54,762 [INFO] IPUIPlugin:80 - create IPUIPlugin
2026-10-07 18:12:54,763 [INFO] IPUIPlugin:80 - create IPUIPlugin
2026-10-07 18:12:54,763 [INFO] IPUIPlugin:80 - create IPUIPlugin
2026-10-07 18:12:54,763 [INFO] IPUIPlugin:80 - create IPUIPlugin
2026-10-07 18:12:54,764 [INFO] IPUIPlugin:80 - create IPUIPlugin
2026-10-07 18:12:54,764 [INFO] IPUIPlugin:80 - create IPUIPlugin
2026-10-07 18:12:54,765 [INFO] IPUIPlugin:80 - create IPUIPlugin
2026-10-07 18:12:54,765 [INFO] IPUIPlugin:80 - create IPUIPlugin
2026-10-07 18:12:54,765 [INFO] IPUIPlugin:80 - create IPUIPlugin
2026-10-07 18:12:54,766 [INFO] IPUIPlugin:80 - create IPUIPlugin
2026-10-07 18:12:54,766 [INFO] IPUIPlugin:80 - create IPUIPlugin
2026-10-07 18:12:54,766 [INFO] IPUIPlugin:80 - create IPUIPlugin
2026-10-07 18:12:54,767 [INFO] IPUIPlugin:80 - create IPUIPlugin
2026-10-07 18:12:54,767 [INFO] IPUIPlugin:80 - create IPUIPlugin
2026-10-07 18:12:54,767 [INFO] IPUIPlugin:80 - create IPUIPlugin
2026-10-07 18:12:54,768 [INFO] IPUIPlugin:80 - create IPUIPlugin
2026-10-07 18:12:54,768 [INFO] IPUIPlugin:80 - create IPUIPlugin
2026-10-07 18:12:54,769 [INFO] IPUIPlugin:80 - create IPUIPlugin
2026-10-07 18:12:54,769 [INFO] IPUIPlugin:80 - create IPUIPlugin
2026-10-07 18:12:55,364 [INFO] CADModel:165 - CPN selected for project levelSTM32L432KCU3
2026-10-07 18:12:55,364 [INFO] CADModel:114 - Register for checkConnection events
2026-10-07 18:12:55,464 [INFO] OpenFileManager:386 - Restore cursor
2026-10-07 18:12:55,536 [ERROR] LogOutputStream:75 - [STDERR_REDIRECT] [Fatal Error] :1:1: Premature end of file.
2026-10-07 18:12:55,537 [ERROR] LogOutputStream:75 - [STDERR_REDIRECT] 
2026-10-07 18:12:56,518 [ERROR] LogOutputStream:75 - [STDERR_REDIRECT] [Fatal Error] :1:1: Premature end of file.
2026-10-07 18:12:56,518 [ERROR] LogOutputStream:75 - [STDERR_REDIRECT] 
2026-10-07 18:12:57,535 [ERROR] LogOutputStream:75 - [STDERR_REDIRECT] [Fatal Error] :1:1: Premature end of file.
2026-10-07 18:12:57,536 [ERROR] LogOutputStream:75 - [STDERR_REDIRECT] 
2026-10-07 18:12:58,522 [ERROR] LogOutputStream:75 - [STDERR_REDIRECT] [Fatal Error] :1:1: Premature end of file.
2026-10-07 18:12:58,523 [ERROR] LogOutputStream:75 - [STDERR_REDIRECT] 
2026-10-07 18:12:59,517 [ERROR] LogOutputStream:75 - [STDERR_REDIRECT] [Fatal Error] :1:1: Premature end of file.
2026-10-07 18:12:59,518 [ERROR] LogOutputStream:75 - [STDERR_REDIRECT] 
2026-10-07 18:13:00,516 [ERROR] LogOutputStream:75 - [STDERR_REDIRECT] [Fatal Error] :1:1: Premature end of file.
2026-10-07 18:13:00,517 [ERROR] LogOutputStream:75 - [STDERR_REDIRECT] 
2026-10-07 18:13:01,516 [ERROR] LogOutputStream:75 - [STDERR_REDIRECT] [Fatal Error] :1:1: Premature end of file.
2026-10-07 18:13:01,516 [ERROR] LogOutputStream:75 - [STDERR_REDIRECT] 
2026-10-07 18:13:02,555 [ERROR] LogOutputStream:75 - [STDERR_REDIRECT] [Fatal Error] :1:1: Premature end of file.
2026-10-07 18:13:02,556 [ERROR] LogOutputStream:75 - [STDERR_REDIRECT] 
2026-10-07 18:13:03,527 [ERROR] LogOutputStream:75 - [STDERR_REDIRECT] [Fatal Error] :1:1: Premature end of file.
2026-10-07 18:13:03,528 [ERROR] LogOutputStream:75 - [STDERR_REDIRECT] 
2026-10-07 18:13:04,515 [ERROR] LogOutputStream:75 - [STDERR_REDIRECT] [Fatal Error] :1:1: Premature end of file.
2026-10-07 18:13:04,516 [ERROR] LogOutputStream:75 - [STDERR_REDIRECT] 
2026-10-07 18:13:05,524 [ERROR] LogOutputStream:75 - [STDERR_REDIRECT] [Fatal Error] :1:1: Premature end of file.
2026-10-07 18:13:05,524 [ERROR] LogOutputStream:75 - [STDERR_REDIRECT] 
2026-10-07 18:13:06,522 [ERROR] LogOutputStream:75 - [STDERR_REDIRECT] [Fatal Error] :1:1: Premature end of file.
2026-10-07 18:13:06,522 [ERROR] LogOutputStream:75 - [STDERR_REDIRECT] 
2026-10-07 18:13:07,518 [ERROR] LogOutputStream:75 - [STDERR_REDIRECT] [Fatal Error] :1:1: Premature end of file.
2026-10-07 18:13:07,518 [ERROR] LogOutputStream:75 - [STDERR_REDIRECT] 
2026-10-07 18:13:08,521 [ERROR] LogOutputStream:75 - [STDERR_REDIRECT] [Fatal Error] :1:1: Premature end of file.
2026-10-07 18:13:08,521 [ERROR] LogOutputStream:75 - [STDERR_REDIRECT] 
2026-10-07 18:13:09,524 [ERROR] LogOutputStream:75 - [STDERR_REDIRECT] [Fatal Error] :1:1: Premature end of file.
2026-10-07 18:13:09,524 [ERROR] LogOutputStream:75 - [STDERR_REDIRECT] 
2026-10-07 18:13:10,511 [ERROR] LogOutputStream:75 - [STDERR_REDIRECT] [Fatal Error] :1:1: Premature end of file.
2026-10-07 18:13:10,512 [ERROR] LogOutputStream:75 - [STDERR_REDIRECT] 
2026-10-07 18:13:11,516 [ERROR] LogOutputStream:75 - [STDERR_REDIRECT] [Fatal Error] :1:1: Premature end of file.
2026-10-07 18:13:11,517 [ERROR] LogOutputStream:75 - [STDERR_REDIRECT] 
2026-10-07 18:13:12,524 [ERROR] LogOutputStream:75 - [STDERR_REDIRECT] [Fatal Error] :1:1: Premature end of file.
2026-10-07 18:13:12,524 [ERROR] LogOutputStream:75 - [STDERR_REDIRECT] 
2026-10-07 18:13:13,520 [ERROR] LogOutputStream:75 - [STDERR_REDIRECT] [Fatal Error] :1:1: Premature end of file.
2026-10-07 18:13:13,520 [ERROR] LogOutputStream:75 - [STDERR_REDIRECT] 
2026-10-07 18:13:14,518 [ERROR] LogOutputStream:75 - [STDERR_REDIRECT] [Fatal Error] :1:1: Premature end of file.
2026-10-07 18:13:14,518 [ERROR] LogOutputStream:75 - [STDERR_REDIRECT] 
2026-10-07 18:13:15,520 [ERROR] LogOutputStream:75 - [STDERR_REDIRECT] [Fatal Error] :1:1: Premature end of file.
2026-10-07 18:13:15,521 [ERROR] LogOutputStream:75 - [STDERR_REDIRECT] 
2026-10-07 18:13:16,520 [ERROR] LogOutputStream:75 - [STDERR_REDIRECT] [Fatal Error] :1:1: Premature end of file.
2026-10-07 18:13:16,521 [ERROR] LogOutputStream:75 - [STDERR_REDIRECT] 
2026-10-07 18:13:17,536 [ERROR] LogOutputStream:75 - [STDERR_REDIRECT] [Fatal Error] :1:1: Premature end of file.
2026-10-07 18:13:17,537 [ERROR] LogOutputStream:75 - [STDERR_REDIRECT] 
2026-10-07 18:13:18,518 [ERROR] LogOutputStream:75 - [STDERR_REDIRECT] [Fatal Error] :1:1: Premature end of file.
2026-10-07 18:13:18,519 [ERROR] LogOutputStream:75 - [STDERR_REDIRECT] 
2026-10-07 18:13:19,516 [ERROR] LogOutputStream:75 - [STDERR_REDIRECT] [Fatal Error] :1:1: Premature end of file.
2026-10-07 18:13:19,517 [ERROR] LogOutputStream:75 - [STDERR_REDIRECT] 
2026-10-07 18:13:20,525 [ERROR] LogOutputStream:75 - [STDERR_REDIRECT] [Fatal Error] :1:1: Premature end of file.
2026-10-07 18:13:20,525 [ERROR] LogOutputStream:75 - [STDERR_REDIRECT] 
2026-10-07 18:13:21,536 [ERROR] LogOutputStream:75 - [STDERR_REDIRECT] [Fatal Error] :1:1: Premature end of file.
2026-10-07 18:13:21,537 [ERROR] LogOutputStream:75 - [STDERR_REDIRECT] 
2026-10-07 18:13:22,516 [ERROR] LogOutputStream:75 - [STDERR_REDIRECT] [Fatal Error] :1:1: Premature end of file.
2026-10-07 18:13:22,517 [ERROR] LogOutputStream:75 - [STDERR_REDIRECT] 
2026-10-07 18:13:23,519 [ERROR] LogOutputStream:75 - [STDERR_REDIRECT] [Fatal Error] :1:1: Premature end of file.
2026-10-07 18:13:23,520 [ERROR] LogOutputStream:75 - [STDERR_REDIRECT] 
2026-10-07 18:13:24,512 [ERROR] LogOutputStream:75 - [STDERR_REDIRECT] [Fatal Error] :1:1: Premature end of file.
2026-10-07 18:13:24,512 [ERROR] LogOutputStream:75 - [STDERR_REDIRECT] 
2026-10-07 18:13:25,517 [ERROR] LogOutputStream:75 - [STDERR_REDIRECT] [Fatal Error] :1:1: Premature end of file.
2026-10-07 18:13:25,518 [ERROR] LogOutputStream:75 - [STDERR_REDIRECT] 
2026-10-07 18:13:26,518 [ERROR] LogOutputStream:75 - [STDERR_REDIRECT] [Fatal Error] :1:1: Premature end of file.
2026-10-07 18:13:26,518 [ERROR] LogOutputStream:75 - [STDERR_REDIRECT] 
2026-10-07 18:13:27,520 [ERROR] LogOutputStream:75 - [STDERR_REDIRECT] [Fatal Error] :1:1: Premature end of file.
2026-10-07 18:13:27,521 [ERROR] LogOutputStream:75 - [STDERR_REDIRECT] 
2026-10-07 18:13:28,515 [ERROR] LogOutputStream:75 - [STDERR_REDIRECT] [Fatal Error] :1:1: Premature end of file.
2026-10-07 18:13:28,515 [ERROR] LogOutputStream:75 - [STDERR_REDIRECT] 
2026-10-07 18:13:29,523 [ERROR] LogOutputStream:75 - [STDERR_REDIRECT] [Fatal Error] :1:1: Premature end of file.
2026-10-07 18:13:29,523 [ERROR] LogOutputStream:75 - [STDERR_REDIRECT] 
2026-10-07 18:13:30,514 [ERROR] LogOutputStream:75 - [STDERR_REDIRECT] [Fatal Error] :1:1: Premature end of file.
2026-10-07 18:13:30,515 [ERROR] LogOutputStream:75 - [STDERR_REDIRECT] 
2026-10-07 18:13:31,527 [ERROR] LogOutputStream:75 - [STDERR_REDIRECT] [Fatal Error] :1:1: Premature end of file.
2026-10-07 18:13:31,528 [ERROR] LogOutputStream:75 - [STDERR_REDIRECT] 
2026-10-07 18:13:32,520 [ERROR] LogOutputStream:75 - [STDERR_REDIRECT] [Fatal Error] :1:1: Premature end of file.
2026-10-07 18:13:32,520 [ERROR] LogOutputStream:75 - [STDERR_REDIRECT] 
2026-10-07 18:13:33,518 [ERROR] LogOutputStream:75 - [STDERR_REDIRECT] [Fatal Error] :1:1: Premature end of file.
2026-10-07 18:13:33,518 [ERROR] LogOutputStream:75 - [STDERR_REDIRECT] 
2026-10-07 18:13:34,550 [ERROR] LogOutputStream:75 - [STDERR_REDIRECT] [Fatal Error] :1:1: Premature end of file.
2026-10-07 18:13:34,552 [ERROR] LogOutputStream:75 - [STDERR_REDIRECT] 
2026-10-07 18:13:35,517 [ERROR] LogOutputStream:75 - [STDERR_REDIRECT] [Fatal Error] :1:1: Premature end of file.
2026-10-07 18:13:35,518 [ERROR] LogOutputStream:75 - [STDERR_REDIRECT] 
2026-10-07 18:13:36,513 [ERROR] LogOutputStream:75 - [STDERR_REDIRECT] [Fatal Error] :1:1: Premature end of file.
2026-10-07 18:13:36,514 [ERROR] LogOutputStream:75 - [STDERR_REDIRECT] 
2026-10-07 18:13:37,515 [ERROR] LogOutputStream:75 - [STDERR_REDIRECT] [Fatal Error] :1:1: Premature end of file.
2026-10-07 18:13:37,516 [ERROR] LogOutputStream:75 - [STDERR_REDIRECT] 
2026-10-07 18:13:38,520 [ERROR] LogOutputStream:75 - [STDERR_REDIRECT] [Fatal Error] :1:1: Premature end of file.
2026-10-07 18:13:38,520 [ERROR] LogOutputStream:75 - [STDERR_REDIRECT] 
2026-10-07 18:13:39,522 [ERROR] LogOutputStream:75 - [STDERR_REDIRECT] [Fatal Error] :1:1: Premature end of file.
2026-10-07 18:13:39,522 [ERROR] LogOutputStream:75 - [STDERR_REDIRECT] 
2026-10-07 18:13:40,527 [ERROR] LogOutputStream:75 - [STDERR_REDIRECT] [Fatal Error] :1:1: Premature end of file.
2026-10-07 18:13:40,527 [ERROR] LogOutputStream:75 - [STDERR_REDIRECT] 
2026-10-07 18:13:41,525 [ERROR] LogOutputStream:75 - [STDERR_REDIRECT] [Fatal Error] :1:1: Premature end of file.
2026-10-07 18:13:41,526 [ERROR] LogOutputStream:75 - [STDERR_REDIRECT] 
2026-10-07 18:13:42,517 [ERROR] LogOutputStream:75 - [STDERR_REDIRECT] [Fatal Error] :1:1: Premature end of file.
2026-10-07 18:13:42,518 [ERROR] LogOutputStream:75 - [STDERR_REDIRECT] 
2026-10-07 18:13:43,520 [ERROR] LogOutputStream:75 - [STDERR_REDIRECT] [Fatal Error] :1:1: Premature end of file.
2026-10-07 18:13:43,520 [ERROR] LogOutputStream:75 - [STDERR_REDIRECT] 
2026-10-07 18:13:44,554 [ERROR] LogOutputStream:75 - [STDERR_REDIRECT] [Fatal Error] :1:1: Premature end of file.
2026-10-07 18:13:44,554 [ERROR] LogOutputStream:75 - [STDERR_REDIRECT] 
2026-10-07 18:13:45,537 [ERROR] LogOutputStream:75 - [STDERR_REDIRECT] [Fatal Error] :1:1: Premature end of file.
2026-10-07 18:13:45,538 [ERROR] LogOutputStream:75 - [STDERR_REDIRECT] 
2026-10-07 18:13:46,526 [ERROR] LogOutputStream:75 - [STDERR_REDIRECT] [Fatal Error] :1:1: Premature end of file.
2026-10-07 18:13:46,526 [ERROR] LogOutputStream:75 - [STDERR_REDIRECT] 
2026-10-07 18:13:47,549 [ERROR] LogOutputStream:75 - [STDERR_REDIRECT] [Fatal Error] :1:1: Premature end of file.
2026-10-07 18:13:47,549 [ERROR] LogOutputStream:75 - [STDERR_REDIRECT] 
2026-10-07 18:13:48,527 [ERROR] LogOutputStream:75 - [STDERR_REDIRECT] [Fatal Error] :1:1: Premature end of file.
2026-10-07 18:13:48,528 [ERROR] LogOutputStream:75 - [STDERR_REDIRECT] 
2026-10-07 18:13:49,529 [ERROR] LogOutputStream:75 - [STDERR_REDIRECT] [Fatal Error] :1:1: Premature end of file.
2026-10-07 18:13:49,529 [ERROR] LogOutputStream:75 - [STDERR_REDIRECT] 
2026-10-07 18:13:50,526 [ERROR] LogOutputStream:75 - [STDERR_REDIRECT] [Fatal Error] :1:1: Premature end of file.
2026-10-07 18:13:50,527 [ERROR] LogOutputStream:75 - [STDERR_REDIRECT] 
2026-10-07 18:13:51,533 [ERROR] LogOutputStream:75 - [STDERR_REDIRECT] [Fatal Error] :1:1: Premature end of file.
2026-10-07 18:13:51,534 [ERROR] LogOutputStream:75 - [STDERR_REDIRECT] 
2026-10-07 18:13:52,544 [ERROR] LogOutputStream:75 - [STDERR_REDIRECT] [Fatal Error] :1:1: Premature end of file.
2026-10-07 18:13:52,544 [ERROR] LogOutputStream:75 - [STDERR_REDIRECT] 
2026-10-07 18:13:53,523 [ERROR] LogOutputStream:75 - [STDERR_REDIRECT] [Fatal Error] :1:1: Premature end of file.
2026-10-07 18:13:53,524 [ERROR] LogOutputStream:75 - [STDERR_REDIRECT] 
2026-10-07 18:13:54,520 [INFO] UtilMem:75 - End SaveConfig() Used Memory: 834295856 Bytes (1073741824)
2026-10-07 18:13:54,525 [ERROR] LogOutputStream:75 - [STDERR_REDIRECT] [Fatal Error] :1:1: Premature end of file.
2026-10-07 18:13:54,526 [ERROR] LogOutputStream:75 - [STDERR_REDIRECT] 
2026-10-07 18:13:55,525 [ERROR] LogOutputStream:75 - [STDERR_REDIRECT] [Fatal Error] :1:1: Premature end of file.
2026-10-07 18:13:55,525 [ERROR] LogOutputStream:75 - [STDERR_REDIRECT] 
2026-10-07 18:13:55,692 [INFO] UtilMem:75 - End SaveConfig() Used Memory: 968093456 Bytes (1073741824)
2026-10-07 18:13:56,119 [INFO] UtilMem:75 - End SaveConfig() Used Memory: 726392304 Bytes (1073741824)
2026-10-07 18:13:56,551 [ERROR] LogOutputStream:75 - [STDERR_REDIRECT] [Fatal Error] :1:1: Premature end of file.
2026-10-07 18:13:56,554 [ERROR] LogOutputStream:75 - [STDERR_REDIRECT] 
2026-10-07 18:13:57,427 [INFO] BlockDiagram:2775 - set Specific Code input for plugin: NVIC
2026-10-07 18:13:57,427 [INFO] BlockDiagram:2775 - set Specific Code input for plugin: USART
2026-10-07 18:13:57,427 [INFO] BlockDiagram:2775 - set Specific Code input for plugin: USART
2026-10-07 18:13:57,427 [INFO] BlockDiagram:2775 - set Specific Code input for plugin: DMA
2026-10-07 18:13:57,427 [INFO] BlockDiagram:2775 - set Specific Code input for plugin: TIM1_8L4
2026-10-07 18:13:57,427 [INFO] BlockDiagram:2775 - set Specific Code input for plugin: TIM1_8L4
2026-10-07 18:13:57,429 [INFO] BlockDiagram:2775 - set Specific Code input for plugin: SYS
2026-10-07 18:13:57,429 [INFO] BlockDiagram:2775 - set Specific Code input for plugin: GPIO
2026-10-07 18:13:57,429 [INFO] BlockDiagram:2775 - set Specific Code input for plugin: ADC
2026-10-07 18:13:57,429 [INFO] BlockDiagram:2775 - set Specific Code input for plugin: RCC
2026-10-07 18:13:57,433 [INFO] CodeGenerator:892 - code generatio: config db path: C:\ST\STM32CubeIDE_1.19.0\STM32CubeIDE\plugins\com.st.stm32cube.common.mx_6.15.0.202507011659\\db\
2026-10-07 18:13:57,521 [ERROR] LogOutputStream:75 - [STDERR_REDIRECT] [Fatal Error] :1:1: Premature end of file.
2026-10-07 18:13:57,522 [ERROR] LogOutputStream:75 - [STDERR_REDIRECT] 
2026-10-07 18:13:57,822 [INFO] CodeEngine:265 - oldGeneratedFile, C:\Users\zawad\Documents\Monash\ECE2071\Project-Nephros\integrated_sensors\integrated_sensors\MXTmpFiles\license.tmp_save
2026-10-07 18:13:58,522 [ERROR] LogOutputStream:75 - [STDERR_REDIRECT] [Fatal Error] :1:1: Premature end of file.
2026-10-07 18:13:58,523 [ERROR] LogOutputStream:75 - [STDERR_REDIRECT] 
2026-10-07 18:13:58,644 [INFO] CodeEngine:289 - Generated code: C:\Users\zawad\Documents\Monash\ECE2071\Project-Nephros\integrated_sensors\integrated_sensors\MXTmpFiles\license.tmp
2026-10-07 18:13:58,980 [INFO] CodeEngine:265 - oldGeneratedFile, C:\Users\zawad\Documents\Monash\ECE2071\Project-Nephros\integrated_sensors\integrated_sensors\MXTmpFiles\gpio.tmp_save
2026-10-07 18:13:59,339 [INFO] CodeEngine:289 - Generated code: C:\Users\zawad\Documents\Monash\ECE2071\Project-Nephros\integrated_sensors\integrated_sensors\MXTmpFiles\gpio.tmp
2026-10-07 18:13:59,547 [ERROR] LogOutputStream:75 - [STDERR_REDIRECT] [Fatal Error] :1:1: Premature end of file.
2026-10-07 18:13:59,548 [ERROR] LogOutputStream:75 - [STDERR_REDIRECT] 
2026-10-07 18:14:00,535 [ERROR] LogOutputStream:75 - [STDERR_REDIRECT] [Fatal Error] :1:1: Premature end of file.
2026-10-07 18:14:00,536 [ERROR] LogOutputStream:75 - [STDERR_REDIRECT] 
2026-10-07 18:14:00,559 [INFO] CodeEngine:265 - oldGeneratedFile, C:\Users\zawad\Documents\Monash\ECE2071\Project-Nephros\integrated_sensors\integrated_sensors\MXTmpFiles\dma.tmp_save
2026-10-07 18:14:00,731 [INFO] CodeEngine:289 - Generated code: C:\Users\zawad\Documents\Monash\ECE2071\Project-Nephros\integrated_sensors\integrated_sensors\MXTmpFiles\dma.tmp
2026-10-07 18:14:00,744 [INFO] CodeEngine:265 - oldGeneratedFile, C:\Users\zawad\Documents\Monash\ECE2071\Project-Nephros\integrated_sensors\integrated_sensors\MXTmpFiles\dma_GV.tmp_save
2026-10-07 18:14:00,899 [INFO] CodeEngine:289 - Generated code: C:\Users\zawad\Documents\Monash\ECE2071\Project-Nephros\integrated_sensors\integrated_sensors\MXTmpFiles\dma_GV.tmp
2026-10-07 18:14:00,943 [INFO] CodeEngine:265 - oldGeneratedFile, C:\Users\zawad\Documents\Monash\ECE2071\Project-Nephros\integrated_sensors\integrated_sensors\Core\Src\stm32l4xx_it.c_save
2026-10-07 18:14:01,199 [INFO] CodeEngine:289 - Generated code: C:\Users\zawad\Documents\Monash\ECE2071\Project-Nephros\integrated_sensors\integrated_sensors\Core\Src\stm32l4xx_it.c
2026-10-07 18:14:01,215 [INFO] CodeEngine:265 - oldGeneratedFile, C:\Users\zawad\Documents\Monash\ECE2071\Project-Nephros\integrated_sensors\integrated_sensors\Core\Inc\stm32l4xx_it.h_save
2026-10-07 18:14:01,366 [INFO] CodeEngine:289 - Generated code: C:\Users\zawad\Documents\Monash\ECE2071\Project-Nephros\integrated_sensors\integrated_sensors\Core\Inc\stm32l4xx_it.h
2026-10-07 18:14:01,423 [INFO] CodeEngine:265 - oldGeneratedFile, C:\Users\zawad\Documents\Monash\ECE2071\Project-Nephros\integrated_sensors\integrated_sensors\Core\Src\stm32l4xx_hal_msp.c_save
2026-10-07 18:14:01,520 [ERROR] LogOutputStream:75 - [STDERR_REDIRECT] [Fatal Error] :1:1: Premature end of file.
2026-10-07 18:14:01,522 [ERROR] LogOutputStream:75 - [STDERR_REDIRECT] 
2026-10-07 18:14:01,772 [INFO] CodeEngine:289 - Generated code: C:\Users\zawad\Documents\Monash\ECE2071\Project-Nephros\integrated_sensors\integrated_sensors\Core\Src\stm32l4xx_hal_msp.c
2026-10-07 18:14:01,785 [INFO] CodeEngine:265 - oldGeneratedFile, C:\Users\zawad\Documents\Monash\ECE2071\Project-Nephros\integrated_sensors\integrated_sensors\MXTmpFiles\system.tmp_save
2026-10-07 18:14:01,913 [INFO] CodeEngine:289 - Generated code: C:\Users\zawad\Documents\Monash\ECE2071\Project-Nephros\integrated_sensors\integrated_sensors\MXTmpFiles\system.tmp
2026-10-07 18:14:01,959 [INFO] CodeEngine:321 - oldGeneratedFile, C:\Users\zawad\Documents\Monash\ECE2071\Project-Nephros\integrated_sensors\integrated_sensors\Core\Inc\stm32l4xx_hal_conf.h_save
2026-10-07 18:14:02,146 [INFO] CodeEngine:345 - Generated code: C:\Users\zawad\Documents\Monash\ECE2071\Project-Nephros\integrated_sensors\integrated_sensors\Core\Inc\stm32l4xx_hal_conf.h
2026-10-07 18:14:02,240 [INFO] ApiDbMcu:532 - Load IP Config File for ADC1
2026-10-07 18:14:02,272 [INFO] ApiDbMcu:532 - Load IP Config File for TIM1
2026-10-07 18:14:02,304 [INFO] ApiDbMcu:532 - Load IP Config File for TIM2
2026-10-07 18:14:02,329 [INFO] ApiDbMcu:532 - Load IP Config File for USART1
2026-10-07 18:14:02,355 [INFO] ApiDbMcu:532 - Load IP Config File for USART2
2026-10-07 18:14:02,362 [INFO] ApiDbMcu:532 - Load IP Config File for RCC
2026-10-07 18:14:02,369 [WARN] IPConfigManager:3811 - IP not found : TIM
2026-10-07 18:14:02,372 [WARN] CodeGenerator:4259 - IP not found : null
2026-10-07 18:14:02,393 [INFO] CodeEngine:265 - oldGeneratedFile, C:\Users\zawad\Documents\Monash\ECE2071\Project-Nephros\integrated_sensors\integrated_sensors\Core\Inc\main.h_save
2026-10-07 18:14:02,524 [ERROR] LogOutputStream:75 - [STDERR_REDIRECT] [Fatal Error] :1:1: Premature end of file.
2026-10-07 18:14:02,525 [ERROR] LogOutputStream:75 - [STDERR_REDIRECT] 
2026-10-07 18:14:02,613 [INFO] CodeEngine:289 - Generated code: C:\Users\zawad\Documents\Monash\ECE2071\Project-Nephros\integrated_sensors\integrated_sensors\Core\Inc\main.h
2026-10-07 18:14:02,631 [INFO] CodeEngine:265 - oldGeneratedFile, C:\Users\zawad\Documents\Monash\ECE2071\Project-Nephros\integrated_sensors\integrated_sensors\Core\Src\main.c_save
2026-10-07 18:14:02,998 [INFO] CodeEngine:289 - Generated code: C:\Users\zawad\Documents\Monash\ECE2071\Project-Nephros\integrated_sensors\integrated_sensors\Core\Src\main.c
2026-10-07 18:14:03,520 [ERROR] LogOutputStream:75 - [STDERR_REDIRECT] [Fatal Error] :1:1: Premature end of file.
2026-10-07 18:14:03,521 [ERROR] LogOutputStream:75 - [STDERR_REDIRECT] 
2026-10-07 18:14:03,948 [INFO] ProjectBuilder:3606 - Time for Copy HAL[1] : 534mS.
2026-10-07 18:14:03,963 [INFO] ProjectBuilder:5216 - Project Generator version: 4.7.0-B52
2026-10-07 18:14:04,100 [INFO] ConfigFileManager:1595 - The Die is : DIE435
2026-10-07 18:14:04,135 [INFO] ApiDbMcu:532 - Load IP Config File for FATFS
2026-10-07 18:14:04,142 [INFO] ApiDbMcu:532 - Load IP Config File for FREERTOS
2026-10-07 18:14:04,161 [INFO] ApiDbMcu:532 - Load IP Config File for TOUCHSENSING
2026-10-07 18:14:04,173 [INFO] ApiDbMcu:532 - Load IP Config File for USB_DEVICE
2026-10-07 18:14:04,540 [ERROR] LogOutputStream:75 - [STDERR_REDIRECT] [Fatal Error] :1:1: Premature end of file.
2026-10-07 18:14:04,542 [ERROR] LogOutputStream:75 - [STDERR_REDIRECT] 
2026-10-07 18:14:04,821 [INFO] LogOutputStream:77 - [STDOUT_REDIRECT] 
2026-10-07 18:14:05,525 [ERROR] LogOutputStream:75 - [STDERR_REDIRECT] [Fatal Error] :1:1: Premature end of file.
2026-10-07 18:14:05,528 [ERROR] LogOutputStream:75 - [STDERR_REDIRECT] 
2026-10-07 18:14:06,522 [ERROR] LogOutputStream:75 - [STDERR_REDIRECT] [Fatal Error] :1:1: Premature end of file.
2026-10-07 18:14:06,524 [ERROR] LogOutputStream:75 - [STDERR_REDIRECT] 
2026-10-07 18:14:07,085 [INFO] ProjectBuilder:5496 - Time for Generating toolchain IDE Files: 3121mS.
2026-10-07 18:14:07,088 [INFO] ProjectBuilder:3463 - Time for Copy CMSIS : 2mS.
2026-10-07 18:14:07,094 [INFO] ProjectBuilder:3463 - Time for Copy CMSIS : 0mS.
2026-10-07 18:14:07,539 [ERROR] LogOutputStream:75 - [STDERR_REDIRECT] [Fatal Error] :1:1: Premature end of file.
2026-10-07 18:14:07,541 [ERROR] LogOutputStream:75 - [STDERR_REDIRECT] 
2026-10-07 18:14:08,523 [ERROR] LogOutputStream:75 - [STDERR_REDIRECT] [Fatal Error] :1:1: Premature end of file.
2026-10-07 18:14:08,525 [ERROR] LogOutputStream:75 - [STDERR_REDIRECT] 
2026-10-07 18:14:09,528 [ERROR] LogOutputStream:75 - [STDERR_REDIRECT] [Fatal Error] :1:1: Premature end of file.
2026-10-07 18:14:09,528 [ERROR] LogOutputStream:75 - [STDERR_REDIRECT] 
2026-10-07 18:14:10,526 [ERROR] LogOutputStream:75 - [STDERR_REDIRECT] [Fatal Error] :1:1: Premature end of file.
2026-10-07 18:14:10,528 [ERROR] LogOutputStream:75 - [STDERR_REDIRECT] 
2026-10-07 18:14:11,514 [ERROR] LogOutputStream:75 - [STDERR_REDIRECT] [Fatal Error] :1:1: Premature end of file.
2026-10-07 18:14:11,514 [ERROR] LogOutputStream:75 - [STDERR_REDIRECT] 
2026-10-07 18:14:12,522 [ERROR] LogOutputStream:75 - [STDERR_REDIRECT] [Fatal Error] :1:1: Premature end of file.
2026-10-07 18:14:12,522 [ERROR] LogOutputStream:75 - [STDERR_REDIRECT] 
2026-10-07 18:14:13,519 [ERROR] LogOutputStream:75 - [STDERR_REDIRECT] [Fatal Error] :1:1: Premature end of file.
2026-10-07 18:14:13,520 [ERROR] LogOutputStream:75 - [STDERR_REDIRECT] 
2026-10-07 18:14:14,516 [ERROR] LogOutputStream:75 - [STDERR_REDIRECT] [Fatal Error] :1:1: Premature end of file.
2026-10-07 18:14:14,517 [ERROR] LogOutputStream:75 - [STDERR_REDIRECT] 
2026-10-07 18:14:15,526 [ERROR] LogOutputStream:75 - [STDERR_REDIRECT] [Fatal Error] :1:1: Premature end of file.
2026-10-07 18:14:15,527 [ERROR] LogOutputStream:75 - [STDERR_REDIRECT] 
2026-10-07 18:14:16,529 [ERROR] LogOutputStream:75 - [STDERR_REDIRECT] [Fatal Error] :1:1: Premature end of file.
2026-10-07 18:14:16,529 [ERROR] LogOutputStream:75 - [STDERR_REDIRECT] 
2026-10-07 18:14:17,516 [ERROR] LogOutputStream:75 - [STDERR_REDIRECT] [Fatal Error] :1:1: Premature end of file.
2026-10-07 18:14:17,516 [ERROR] LogOutputStream:75 - [STDERR_REDIRECT] 
2026-10-07 18:14:18,548 [ERROR] LogOutputStream:75 - [STDERR_REDIRECT] [Fatal Error] :1:1: Premature end of file.
2026-10-07 18:14:18,548 [ERROR] LogOutputStream:75 - [STDERR_REDIRECT] 
2026-10-07 18:14:19,515 [ERROR] LogOutputStream:75 - [STDERR_REDIRECT] [Fatal Error] :1:1: Premature end of file.
2026-10-07 18:14:19,516 [ERROR] LogOutputStream:75 - [STDERR_REDIRECT] 
2026-10-07 18:14:20,515 [ERROR] LogOutputStream:75 - [STDERR_REDIRECT] [Fatal Error] :1:1: Premature end of file.
2026-10-07 18:14:20,515 [ERROR] LogOutputStream:75 - [STDERR_REDIRECT] 
2026-10-07 18:14:21,513 [ERROR] LogOutputStream:75 - [STDERR_REDIRECT] [Fatal Error] :1:1: Premature end of file.
2026-10-07 18:14:21,514 [ERROR] LogOutputStream:75 - [STDERR_REDIRECT] 
2026-10-07 18:14:22,522 [ERROR] LogOutputStream:75 - [STDERR_REDIRECT] [Fatal Error] :1:1: Premature end of file.
2026-10-07 18:14:22,522 [ERROR] LogOutputStream:75 - [STDERR_REDIRECT] 
2026-10-07 18:14:23,526 [ERROR] LogOutputStream:75 - [STDERR_REDIRECT] [Fatal Error] :1:1: Premature end of file.
2026-10-07 18:14:23,527 [ERROR] LogOutputStream:75 - [STDERR_REDIRECT] 
2026-10-07 18:14:24,519 [ERROR] LogOutputStream:75 - [STDERR_REDIRECT] [Fatal Error] :1:1: Premature end of file.
2026-10-07 18:14:24,519 [ERROR] LogOutputStream:75 - [STDERR_REDIRECT] 
2026-10-07 18:14:25,517 [ERROR] LogOutputStream:75 - [STDERR_REDIRECT] [Fatal Error] :1:1: Premature end of file.
2026-10-07 18:14:25,517 [ERROR] LogOutputStream:75 - [STDERR_REDIRECT] 
2026-10-07 18:14:26,513 [ERROR] LogOutputStream:75 - [STDERR_REDIRECT] [Fatal Error] :1:1: Premature end of file.
2026-10-07 18:14:26,514 [ERROR] LogOutputStream:75 - [STDERR_REDIRECT] 
2026-10-07 18:14:27,532 [ERROR] LogOutputStream:75 - [STDERR_REDIRECT] [Fatal Error] :1:1: Premature end of file.
2026-10-07 18:14:27,533 [ERROR] LogOutputStream:75 - [STDERR_REDIRECT] 
2026-10-07 18:14:28,519 [ERROR] LogOutputStream:75 - [STDERR_REDIRECT] [Fatal Error] :1:1: Premature end of file.
2026-10-07 18:14:28,520 [ERROR] LogOutputStream:75 - [STDERR_REDIRECT] 
2026-10-07 18:14:29,522 [ERROR] LogOutputStream:75 - [STDERR_REDIRECT] [Fatal Error] :1:1: Premature end of file.
2026-10-07 18:14:29,523 [ERROR] LogOutputStream:75 - [STDERR_REDIRECT] 
2026-10-07 18:14:30,521 [ERROR] LogOutputStream:75 - [STDERR_REDIRECT] [Fatal Error] :1:1: Premature end of file.
2026-10-07 18:14:30,521 [ERROR] LogOutputStream:75 - [STDERR_REDIRECT] 
2026-10-07 18:14:31,539 [ERROR] LogOutputStream:75 - [STDERR_REDIRECT] [Fatal Error] :1:1: Premature end of file.
2026-10-07 18:14:31,540 [ERROR] LogOutputStream:75 - [STDERR_REDIRECT] 
2026-10-07 18:14:32,528 [ERROR] LogOutputStream:75 - [STDERR_REDIRECT] [Fatal Error] :1:1: Premature end of file.
2026-10-07 18:14:32,528 [ERROR] LogOutputStream:75 - [STDERR_REDIRECT] 
2026-10-07 18:14:33,553 [ERROR] LogOutputStream:75 - [STDERR_REDIRECT] [Fatal Error] :1:1: Premature end of file.
2026-10-07 18:14:33,553 [ERROR] LogOutputStream:75 - [STDERR_REDIRECT] 
2026-10-07 18:14:34,519 [ERROR] LogOutputStream:75 - [STDERR_REDIRECT] [Fatal Error] :1:1: Premature end of file.
2026-10-07 18:14:34,520 [ERROR] LogOutputStream:75 - [STDERR_REDIRECT] 
2026-10-07 18:14:35,523 [ERROR] LogOutputStream:75 - [STDERR_REDIRECT] [Fatal Error] :1:1: Premature end of file.
2026-10-07 18:14:35,523 [ERROR] LogOutputStream:75 - [STDERR_REDIRECT] 
2026-10-07 18:14:36,516 [ERROR] LogOutputStream:75 - [STDERR_REDIRECT] [Fatal Error] :1:1: Premature end of file.
2026-10-07 18:14:36,517 [ERROR] LogOutputStream:75 - [STDERR_REDIRECT] 
2026-10-07 18:14:37,519 [ERROR] LogOutputStream:75 - [STDERR_REDIRECT] [Fatal Error] :1:1: Premature end of file.
2026-10-07 18:14:37,520 [ERROR] LogOutputStream:75 - [STDERR_REDIRECT] 
2026-10-07 18:14:38,515 [ERROR] LogOutputStream:75 - [STDERR_REDIRECT] [Fatal Error] :1:1: Premature end of file.
2026-10-07 18:14:38,516 [ERROR] LogOutputStream:75 - [STDERR_REDIRECT] 
2026-10-07 18:14:39,514 [ERROR] LogOutputStream:75 - [STDERR_REDIRECT] [Fatal Error] :1:1: Premature end of file.
2026-10-07 18:14:39,514 [ERROR] LogOutputStream:75 - [STDERR_REDIRECT] 
2026-10-07 18:14:40,517 [ERROR] LogOutputStream:75 - [STDERR_REDIRECT] [Fatal Error] :1:1: Premature end of file.
2026-10-07 18:14:40,518 [ERROR] LogOutputStream:75 - [STDERR_REDIRECT] 
2026-10-07 18:14:41,515 [ERROR] LogOutputStream:75 - [STDERR_REDIRECT] [Fatal Error] :1:1: Premature end of file.
2026-10-07 18:14:41,516 [ERROR] LogOutputStream:75 - [STDERR_REDIRECT] 
2026-10-07 18:14:42,514 [ERROR] LogOutputStream:75 - [STDERR_REDIRECT] [Fatal Error] :1:1: Premature end of file.
2026-10-07 18:14:42,514 [ERROR] LogOutputStream:75 - [STDERR_REDIRECT] 
2026-10-07 18:14:43,520 [ERROR] LogOutputStream:75 - [STDERR_REDIRECT] [Fatal Error] :1:1: Premature end of file.
2026-10-07 18:14:43,521 [ERROR] LogOutputStream:75 - [STDERR_REDIRECT] 
2026-10-07 18:14:44,516 [ERROR] LogOutputStream:75 - [STDERR_REDIRECT] [Fatal Error] :1:1: Premature end of file.
2026-10-07 18:14:44,516 [ERROR] LogOutputStream:75 - [STDERR_REDIRECT] 
2026-10-07 18:14:45,519 [ERROR] LogOutputStream:75 - [STDERR_REDIRECT] [Fatal Error] :1:1: Premature end of file.
2026-10-07 18:14:45,520 [ERROR] LogOutputStream:75 - [STDERR_REDIRECT] 
2026-10-07 18:14:46,517 [ERROR] LogOutputStream:75 - [STDERR_REDIRECT] [Fatal Error] :1:1: Premature end of file.
2026-10-07 18:14:46,517 [ERROR] LogOutputStream:75 - [STDERR_REDIRECT] 
2026-10-07 18:14:47,516 [ERROR] LogOutputStream:75 - [STDERR_REDIRECT] [Fatal Error] :1:1: Premature end of file.
2026-10-07 18:14:47,516 [ERROR] LogOutputStream:75 - [STDERR_REDIRECT] 
2026-10-07 18:14:48,518 [ERROR] LogOutputStream:75 - [STDERR_REDIRECT] [Fatal Error] :1:1: Premature end of file.
2026-10-07 18:14:48,518 [ERROR] LogOutputStream:75 - [STDERR_REDIRECT] 
2026-10-07 18:14:49,518 [ERROR] LogOutputStream:75 - [STDERR_REDIRECT] [Fatal Error] :1:1: Premature end of file.
2026-10-07 18:14:49,518 [ERROR] LogOutputStream:75 - [STDERR_REDIRECT] 
2026-10-07 18:14:50,515 [ERROR] LogOutputStream:75 - [STDERR_REDIRECT] [Fatal Error] :1:1: Premature end of file.
2026-10-07 18:14:50,516 [ERROR] LogOutputStream:75 - [STDERR_REDIRECT] 
2026-10-07 18:14:51,515 [ERROR] LogOutputStream:75 - [STDERR_REDIRECT] [Fatal Error] :1:1: Premature end of file.
2026-10-07 18:14:51,515 [ERROR] LogOutputStream:75 - [STDERR_REDIRECT] 
2026-10-07 18:14:52,516 [ERROR] LogOutputStream:75 - [STDERR_REDIRECT] [Fatal Error] :1:1: Premature end of file.
2026-10-07 18:14:52,516 [ERROR] LogOutputStream:75 - [STDERR_REDIRECT] 
2026-10-07 18:14:53,513 [ERROR] LogOutputStream:75 - [STDERR_REDIRECT] [Fatal Error] :1:1: Premature end of file.
2026-10-07 18:14:53,513 [ERROR] LogOutputStream:75 - [STDERR_REDIRECT] 
2026-10-07 18:14:54,517 [ERROR] LogOutputStream:75 - [STDERR_REDIRECT] [Fatal Error] :1:1: Premature end of file.
2026-10-07 18:14:54,518 [ERROR] LogOutputStream:75 - [STDERR_REDIRECT] 
2026-10-07 18:14:55,513 [ERROR] LogOutputStream:75 - [STDERR_REDIRECT] [Fatal Error] :1:1: Premature end of file.
2026-10-07 18:14:55,514 [ERROR] LogOutputStream:75 - [STDERR_REDIRECT] 
2026-10-07 18:14:56,515 [ERROR] LogOutputStream:75 - [STDERR_REDIRECT] [Fatal Error] :1:1: Premature end of file.
2026-10-07 18:14:56,515 [ERROR] LogOutputStream:75 - [STDERR_REDIRECT] 
2026-10-07 18:14:57,515 [ERROR] LogOutputStream:75 - [STDERR_REDIRECT] [Fatal Error] :1:1: Premature end of file.
2026-10-07 18:14:57,515 [ERROR] LogOutputStream:75 - [STDERR_REDIRECT] 
2026-10-07 18:14:58,517 [ERROR] LogOutputStream:75 - [STDERR_REDIRECT] [Fatal Error] :1:1: Premature end of file.
2026-10-07 18:14:58,517 [ERROR] LogOutputStream:75 - [STDERR_REDIRECT] 
2026-10-07 18:14:59,514 [ERROR] LogOutputStream:75 - [STDERR_REDIRECT] [Fatal Error] :1:1: Premature end of file.
2026-10-07 18:14:59,515 [ERROR] LogOutputStream:75 - [STDERR_REDIRECT] 
2026-10-07 18:15:00,515 [ERROR] LogOutputStream:75 - [STDERR_REDIRECT] [Fatal Error] :1:1: Premature end of file.
2026-10-07 18:15:00,515 [ERROR] LogOutputStream:75 - [STDERR_REDIRECT] 
2026-10-07 18:15:01,515 [ERROR] LogOutputStream:75 - [STDERR_REDIRECT] [Fatal Error] :1:1: Premature end of file.
2026-10-07 18:15:01,515 [ERROR] LogOutputStream:75 - [STDERR_REDIRECT] 
2026-10-07 18:15:02,517 [ERROR] LogOutputStream:75 - [STDERR_REDIRECT] [Fatal Error] :1:1: Premature end of file.
2026-10-07 18:15:02,517 [ERROR] LogOutputStream:75 - [STDERR_REDIRECT] 
2026-10-07 18:15:03,515 [ERROR] LogOutputStream:75 - [STDERR_REDIRECT] [Fatal Error] :1:1: Premature end of file.
2026-10-07 18:15:03,515 [ERROR] LogOutputStream:75 - [STDERR_REDIRECT] 
2026-10-07 18:15:04,517 [ERROR] LogOutputStream:75 - [STDERR_REDIRECT] [Fatal Error] :1:1: Premature end of file.
2026-10-07 18:15:04,517 [ERROR] LogOutputStream:75 - [STDERR_REDIRECT] 
2026-10-07 18:15:05,517 [ERROR] LogOutputStream:75 - [STDERR_REDIRECT] [Fatal Error] :1:1: Premature end of file.
2026-10-07 18:15:05,518 [ERROR] LogOutputStream:75 - [STDERR_REDIRECT] 
2026-10-07 18:15:06,515 [ERROR] LogOutputStream:75 - [STDERR_REDIRECT] [Fatal Error] :1:1: Premature end of file.
2026-10-07 18:15:06,515 [ERROR] LogOutputStream:75 - [STDERR_REDIRECT] 
2026-10-07 18:15:07,518 [ERROR] LogOutputStream:75 - [STDERR_REDIRECT] [Fatal Error] :1:1: Premature end of file.
2026-10-07 18:15:07,519 [ERROR] LogOutputStream:75 - [STDERR_REDIRECT] 
2026-10-07 18:15:08,522 [ERROR] LogOutputStream:75 - [STDERR_REDIRECT] [Fatal Error] :1:1: Premature end of file.
2026-10-07 18:15:08,523 [ERROR] LogOutputStream:75 - [STDERR_REDIRECT] 
2026-10-07 18:15:09,517 [ERROR] LogOutputStream:75 - [STDERR_REDIRECT] [Fatal Error] :1:1: Premature end of file.
2026-10-07 18:15:09,517 [ERROR] LogOutputStream:75 - [STDERR_REDIRECT] 
2026-10-07 18:15:10,515 [ERROR] LogOutputStream:75 - [STDERR_REDIRECT] [Fatal Error] :1:1: Premature end of file.
2026-10-07 18:15:10,516 [ERROR] LogOutputStream:75 - [STDERR_REDIRECT] 
2026-10-07 18:15:11,526 [ERROR] LogOutputStream:75 - [STDERR_REDIRECT] [Fatal Error] :1:1: Premature end of file.
2026-10-07 18:15:11,527 [ERROR] LogOutputStream:75 - [STDERR_REDIRECT] 
2026-10-07 18:15:12,520 [ERROR] LogOutputStream:75 - [STDERR_REDIRECT] [Fatal Error] :1:1: Premature end of file.
2026-10-07 18:15:12,520 [ERROR] LogOutputStream:75 - [STDERR_REDIRECT] 
2026-10-07 18:15:13,519 [ERROR] LogOutputStream:75 - [STDERR_REDIRECT] [Fatal Error] :1:1: Premature end of file.
2026-10-07 18:15:13,520 [ERROR] LogOutputStream:75 - [STDERR_REDIRECT] 
2026-10-07 18:15:14,519 [ERROR] LogOutputStream:75 - [STDERR_REDIRECT] [Fatal Error] :1:1: Premature end of file.
2026-10-07 18:15:14,519 [ERROR] LogOutputStream:75 - [STDERR_REDIRECT] 
2026-10-07 18:15:15,519 [ERROR] LogOutputStream:75 - [STDERR_REDIRECT] [Fatal Error] :1:1: Premature end of file.
2026-10-07 18:15:15,519 [ERROR] LogOutputStream:75 - [STDERR_REDIRECT] 
2026-10-07 18:15:16,521 [ERROR] LogOutputStream:75 - [STDERR_REDIRECT] [Fatal Error] :1:1: Premature end of file.
2026-10-07 18:15:16,522 [ERROR] LogOutputStream:75 - [STDERR_REDIRECT] 
2026-10-07 18:15:17,519 [ERROR] LogOutputStream:75 - [STDERR_REDIRECT] [Fatal Error] :1:1: Premature end of file.
2026-10-07 18:15:17,519 [ERROR] LogOutputStream:75 - [STDERR_REDIRECT] 
2026-10-07 18:15:18,518 [ERROR] LogOutputStream:75 - [STDERR_REDIRECT] [Fatal Error] :1:1: Premature end of file.
2026-10-07 18:15:18,518 [ERROR] LogOutputStream:75 - [STDERR_REDIRECT] 
2026-10-07 18:15:19,522 [ERROR] LogOutputStream:75 - [STDERR_REDIRECT] [Fatal Error] :1:1: Premature end of file.
2026-10-07 18:15:19,522 [ERROR] LogOutputStream:75 - [STDERR_REDIRECT] 
2026-10-07 18:15:20,521 [ERROR] LogOutputStream:75 - [STDERR_REDIRECT] [Fatal Error] :1:1: Premature end of file.
2026-10-07 18:15:20,521 [ERROR] LogOutputStream:75 - [STDERR_REDIRECT] 
2026-10-07 18:15:21,525 [ERROR] LogOutputStream:75 - [STDERR_REDIRECT] [Fatal Error] :1:1: Premature end of file.
2026-10-07 18:15:21,526 [ERROR] LogOutputStream:75 - [STDERR_REDIRECT] 
2026-10-07 18:15:22,511 [ERROR] LogOutputStream:75 - [STDERR_REDIRECT] [Fatal Error] :1:1: Premature end of file.
2026-10-07 18:15:22,513 [ERROR] LogOutputStream:75 - [STDERR_REDIRECT] 
2026-10-07 18:15:23,517 [ERROR] LogOutputStream:75 - [STDERR_REDIRECT] [Fatal Error] :1:1: Premature end of file.
2026-10-07 18:15:23,518 [ERROR] LogOutputStream:75 - [STDERR_REDIRECT] 
2026-10-07 18:15:24,515 [ERROR] LogOutputStream:75 - [STDERR_REDIRECT] [Fatal Error] :1:1: Premature end of file.
2026-10-07 18:15:24,515 [ERROR] LogOutputStream:75 - [STDERR_REDIRECT] 
2026-10-07 18:15:25,515 [ERROR] LogOutputStream:75 - [STDERR_REDIRECT] [Fatal Error] :1:1: Premature end of file.
2026-10-07 18:15:25,516 [ERROR] LogOutputStream:75 - [STDERR_REDIRECT] 
2026-10-07 18:15:26,513 [ERROR] LogOutputStream:75 - [STDERR_REDIRECT] [Fatal Error] :1:1: Premature end of file.
2026-10-07 18:15:26,513 [ERROR] LogOutputStream:75 - [STDERR_REDIRECT] 
2026-10-07 18:15:27,516 [ERROR] LogOutputStream:75 - [STDERR_REDIRECT] [Fatal Error] :1:1: Premature end of file.
2026-10-07 18:15:27,516 [ERROR] LogOutputStream:75 - [STDERR_REDIRECT] 
2026-10-07 18:15:28,513 [ERROR] LogOutputStream:75 - [STDERR_REDIRECT] [Fatal Error] :1:1: Premature end of file.
2026-10-07 18:15:28,514 [ERROR] LogOutputStream:75 - [STDERR_REDIRECT] 
2026-10-07 18:15:29,520 [ERROR] LogOutputStream:75 - [STDERR_REDIRECT] [Fatal Error] :1:1: Premature end of file.
2026-10-07 18:15:29,520 [ERROR] LogOutputStream:75 - [STDERR_REDIRECT] 
2026-10-07 18:15:30,521 [ERROR] LogOutputStream:75 - [STDERR_REDIRECT] [Fatal Error] :1:1: Premature end of file.
2026-10-07 18:15:30,521 [ERROR] LogOutputStream:75 - [STDERR_REDIRECT] 
2026-10-07 18:15:31,513 [ERROR] LogOutputStream:75 - [STDERR_REDIRECT] [Fatal Error] :1:1: Premature end of file.
2026-10-07 18:15:31,513 [ERROR] LogOutputStream:75 - [STDERR_REDIRECT] 
2026-10-07 18:15:32,513 [ERROR] LogOutputStream:75 - [STDERR_REDIRECT] [Fatal Error] :1:1: Premature end of file.
2026-10-07 18:15:32,513 [ERROR] LogOutputStream:75 - [STDERR_REDIRECT] 
2026-10-07 18:15:33,513 [ERROR] LogOutputStream:75 - [STDERR_REDIRECT] [Fatal Error] :1:1: Premature end of file.
2026-10-07 18:15:33,513 [ERROR] LogOutputStream:75 - [STDERR_REDIRECT] 
2026-10-07 18:15:34,516 [ERROR] LogOutputStream:75 - [STDERR_REDIRECT] [Fatal Error] :1:1: Premature end of file.
2026-10-07 18:15:34,517 [ERROR] LogOutputStream:75 - [STDERR_REDIRECT] 
2026-10-07 18:15:35,515 [ERROR] LogOutputStream:75 - [STDERR_REDIRECT] [Fatal Error] :1:1: Premature end of file.
2026-10-07 18:15:35,515 [ERROR] LogOutputStream:75 - [STDERR_REDIRECT] 
2026-10-07 18:15:36,521 [ERROR] LogOutputStream:75 - [STDERR_REDIRECT] [Fatal Error] :1:1: Premature end of file.
2026-10-07 18:15:36,522 [ERROR] LogOutputStream:75 - [STDERR_REDIRECT] 
2026-10-07 18:15:37,523 [ERROR] LogOutputStream:75 - [STDERR_REDIRECT] [Fatal Error] :1:1: Premature end of file.
2026-10-07 18:15:37,523 [ERROR] LogOutputStream:75 - [STDERR_REDIRECT] 
2026-10-07 18:15:38,518 [ERROR] LogOutputStream:75 - [STDERR_REDIRECT] [Fatal Error] :1:1: Premature end of file.
2026-10-07 18:15:38,518 [ERROR] LogOutputStream:75 - [STDERR_REDIRECT] 
2026-10-07 18:15:39,513 [ERROR] LogOutputStream:75 - [STDERR_REDIRECT] [Fatal Error] :1:1: Premature end of file.
2026-10-07 18:15:39,514 [ERROR] LogOutputStream:75 - [STDERR_REDIRECT] 
2026-10-07 18:15:40,518 [ERROR] LogOutputStream:75 - [STDERR_REDIRECT] [Fatal Error] :1:1: Premature end of file.
2026-10-07 18:15:40,518 [ERROR] LogOutputStream:75 - [STDERR_REDIRECT] 
2026-10-07 18:15:41,520 [ERROR] LogOutputStream:75 - [STDERR_REDIRECT] [Fatal Error] :1:1: Premature end of file.
2026-10-07 18:15:41,520 [ERROR] LogOutputStream:75 - [STDERR_REDIRECT] 
2026-10-07 18:15:42,510 [ERROR] LogOutputStream:75 - [STDERR_REDIRECT] [Fatal Error] :1:1: Premature end of file.
2026-10-07 18:15:42,510 [ERROR] LogOutputStream:75 - [STDERR_REDIRECT] 
2026-10-07 18:15:43,513 [ERROR] LogOutputStream:75 - [STDERR_REDIRECT] [Fatal Error] :1:1: Premature end of file.
2026-10-07 18:15:43,513 [ERROR] LogOutputStream:75 - [STDERR_REDIRECT] 
2026-10-07 18:15:44,516 [ERROR] LogOutputStream:75 - [STDERR_REDIRECT] [Fatal Error] :1:1: Premature end of file.
2026-10-07 18:15:44,516 [ERROR] LogOutputStream:75 - [STDERR_REDIRECT] 
2026-10-07 18:15:45,515 [ERROR] LogOutputStream:75 - [STDERR_REDIRECT] [Fatal Error] :1:1: Premature end of file.
2026-10-07 18:15:45,515 [ERROR] LogOutputStream:75 - [STDERR_REDIRECT] 
2026-10-07 18:15:46,516 [ERROR] LogOutputStream:75 - [STDERR_REDIRECT] [Fatal Error] :1:1: Premature end of file.
2026-10-07 18:15:46,517 [ERROR] LogOutputStream:75 - [STDERR_REDIRECT] 
2026-10-07 18:15:47,513 [ERROR] LogOutputStream:75 - [STDERR_REDIRECT] [Fatal Error] :1:1: Premature end of file.
2026-10-07 18:15:47,513 [ERROR] LogOutputStream:75 - [STDERR_REDIRECT] 
2026-10-07 18:15:48,515 [ERROR] LogOutputStream:75 - [STDERR_REDIRECT] [Fatal Error] :1:1: Premature end of file.
2026-10-07 18:15:48,515 [ERROR] LogOutputStream:75 - [STDERR_REDIRECT] 
2026-10-07 18:15:49,513 [ERROR] LogOutputStream:75 - [STDERR_REDIRECT] [Fatal Error] :1:1: Premature end of file.
2026-10-07 18:15:49,514 [ERROR] LogOutputStream:75 - [STDERR_REDIRECT] 
2026-10-07 18:15:50,530 [ERROR] LogOutputStream:75 - [STDERR_REDIRECT] [Fatal Error] :1:1: Premature end of file.
2026-10-07 18:15:50,531 [ERROR] LogOutputStream:75 - [STDERR_REDIRECT] 
2026-10-07 18:15:51,513 [ERROR] LogOutputStream:75 - [STDERR_REDIRECT] [Fatal Error] :1:1: Premature end of file.
2026-10-07 18:15:51,513 [ERROR] LogOutputStream:75 - [STDERR_REDIRECT] 
2026-10-07 18:15:52,521 [ERROR] LogOutputStream:75 - [STDERR_REDIRECT] [Fatal Error] :1:1: Premature end of file.
2026-10-07 18:15:52,521 [ERROR] LogOutputStream:75 - [STDERR_REDIRECT] 
2026-10-07 18:15:53,521 [ERROR] LogOutputStream:75 - [STDERR_REDIRECT] [Fatal Error] :1:1: Premature end of file.
2026-10-07 18:15:53,523 [ERROR] LogOutputStream:75 - [STDERR_REDIRECT] 
2026-10-07 18:15:54,517 [ERROR] LogOutputStream:75 - [STDERR_REDIRECT] [Fatal Error] :1:1: Premature end of file.
2026-10-07 18:15:54,517 [ERROR] LogOutputStream:75 - [STDERR_REDIRECT] 
2026-10-07 18:15:55,522 [ERROR] LogOutputStream:75 - [STDERR_REDIRECT] [Fatal Error] :1:1: Premature end of file.
2026-10-07 18:15:55,522 [ERROR] LogOutputStream:75 - [STDERR_REDIRECT] 
2026-10-07 18:15:56,515 [ERROR] LogOutputStream:75 - [STDERR_REDIRECT] [Fatal Error] :1:1: Premature end of file.
2026-10-07 18:15:56,515 [ERROR] LogOutputStream:75 - [STDERR_REDIRECT] 
2026-10-07 18:15:57,523 [ERROR] LogOutputStream:75 - [STDERR_REDIRECT] [Fatal Error] :1:1: Premature end of file.
2026-10-07 18:15:57,523 [ERROR] LogOutputStream:75 - [STDERR_REDIRECT] 
2026-10-07 18:15:58,519 [ERROR] LogOutputStream:75 - [STDERR_REDIRECT] [Fatal Error] :1:1: Premature end of file.
2026-10-07 18:15:58,519 [ERROR] LogOutputStream:75 - [STDERR_REDIRECT] 
2026-10-07 18:15:59,526 [ERROR] LogOutputStream:75 - [STDERR_REDIRECT] [Fatal Error] :1:1: Premature end of file.
2026-10-07 18:15:59,526 [ERROR] LogOutputStream:75 - [STDERR_REDIRECT] 
2026-10-07 18:16:00,532 [ERROR] LogOutputStream:75 - [STDERR_REDIRECT] [Fatal Error] :1:1: Premature end of file.
2026-10-07 18:16:00,532 [ERROR] LogOutputStream:75 - [STDERR_REDIRECT] 
2026-10-07 18:16:01,526 [ERROR] LogOutputStream:75 - [STDERR_REDIRECT] [Fatal Error] :1:1: Premature end of file.
2026-10-07 18:16:01,526 [ERROR] LogOutputStream:75 - [STDERR_REDIRECT] 
2026-10-07 18:16:02,533 [ERROR] LogOutputStream:75 - [STDERR_REDIRECT] [Fatal Error] :1:1: Premature end of file.
2026-10-07 18:16:02,533 [ERROR] LogOutputStream:75 - [STDERR_REDIRECT] 
2026-10-07 18:16:03,516 [ERROR] LogOutputStream:75 - [STDERR_REDIRECT] [Fatal Error] :1:1: Premature end of file.
2026-10-07 18:16:03,516 [ERROR] LogOutputStream:75 - [STDERR_REDIRECT] 
2026-10-07 18:16:04,526 [ERROR] LogOutputStream:75 - [STDERR_REDIRECT] [Fatal Error] :1:1: Premature end of file.
2026-10-07 18:16:04,527 [ERROR] LogOutputStream:75 - [STDERR_REDIRECT] 
2026-10-07 18:16:05,545 [ERROR] LogOutputStream:75 - [STDERR_REDIRECT] [Fatal Error] :1:1: Premature end of file.
2026-10-07 18:16:05,545 [ERROR] LogOutputStream:75 - [STDERR_REDIRECT] 
2026-10-07 18:16:06,525 [ERROR] LogOutputStream:75 - [STDERR_REDIRECT] [Fatal Error] :1:1: Premature end of file.
2026-10-07 18:16:06,525 [ERROR] LogOutputStream:75 - [STDERR_REDIRECT] 
2026-10-07 18:16:07,513 [ERROR] LogOutputStream:75 - [STDERR_REDIRECT] [Fatal Error] :1:1: Premature end of file.
2026-10-07 18:16:07,513 [ERROR] LogOutputStream:75 - [STDERR_REDIRECT] 
2026-10-07 18:16:08,512 [ERROR] LogOutputStream:75 - [STDERR_REDIRECT] [Fatal Error] :1:1: Premature end of file.
2026-10-07 18:16:08,512 [ERROR] LogOutputStream:75 - [STDERR_REDIRECT] 
2026-10-07 18:16:09,520 [ERROR] LogOutputStream:75 - [STDERR_REDIRECT] [Fatal Error] :1:1: Premature end of file.
2026-10-07 18:16:09,520 [ERROR] LogOutputStream:75 - [STDERR_REDIRECT] 
2026-10-07 18:16:10,513 [ERROR] LogOutputStream:75 - [STDERR_REDIRECT] [Fatal Error] :1:1: Premature end of file.
2026-10-07 18:16:10,514 [ERROR] LogOutputStream:75 - [STDERR_REDIRECT] 
2026-10-07 18:16:11,525 [ERROR] LogOutputStream:75 - [STDERR_REDIRECT] [Fatal Error] :1:1: Premature end of file.
2026-10-07 18:16:11,525 [ERROR] LogOutputStream:75 - [STDERR_REDIRECT] 
2026-10-07 18:16:12,527 [ERROR] LogOutputStream:75 - [STDERR_REDIRECT] [Fatal Error] :1:1: Premature end of file.
2026-10-07 18:16:12,528 [ERROR] LogOutputStream:75 - [STDERR_REDIRECT] 
2026-10-07 18:16:13,523 [ERROR] LogOutputStream:75 - [STDERR_REDIRECT] [Fatal Error] :1:1: Premature end of file.
2026-10-07 18:16:13,523 [ERROR] LogOutputStream:75 - [STDERR_REDIRECT] 
2026-10-07 18:16:14,533 [ERROR] LogOutputStream:75 - [STDERR_REDIRECT] [Fatal Error] :1:1: Premature end of file.
2026-10-07 18:16:14,533 [ERROR] LogOutputStream:75 - [STDERR_REDIRECT] 
2026-10-07 18:16:15,524 [ERROR] LogOutputStream:75 - [STDERR_REDIRECT] [Fatal Error] :1:1: Premature end of file.
2026-10-07 18:16:15,524 [ERROR] LogOutputStream:75 - [STDERR_REDIRECT] 
2026-10-07 18:16:16,529 [ERROR] LogOutputStream:75 - [STDERR_REDIRECT] [Fatal Error] :1:1: Premature end of file.
2026-10-07 18:16:16,530 [ERROR] LogOutputStream:75 - [STDERR_REDIRECT] 
2026-10-07 18:16:17,522 [ERROR] LogOutputStream:75 - [STDERR_REDIRECT] [Fatal Error] :1:1: Premature end of file.
2026-10-07 18:16:17,522 [ERROR] LogOutputStream:75 - [STDERR_REDIRECT] 
2026-10-07 18:16:18,528 [ERROR] LogOutputStream:75 - [STDERR_REDIRECT] [Fatal Error] :1:1: Premature end of file.
2026-10-07 18:16:18,528 [ERROR] LogOutputStream:75 - [STDERR_REDIRECT] 
2026-10-07 18:16:19,524 [ERROR] LogOutputStream:75 - [STDERR_REDIRECT] [Fatal Error] :1:1: Premature end of file.
2026-10-07 18:16:19,525 [ERROR] LogOutputStream:75 - [STDERR_REDIRECT] 
2026-10-07 18:16:20,525 [ERROR] LogOutputStream:75 - [STDERR_REDIRECT] [Fatal Error] :1:1: Premature end of file.
2026-10-07 18:16:20,525 [ERROR] LogOutputStream:75 - [STDERR_REDIRECT] 
2026-10-07 18:16:21,520 [ERROR] LogOutputStream:75 - [STDERR_REDIRECT] [Fatal Error] :1:1: Premature end of file.
2026-10-07 18:16:21,520 [ERROR] LogOutputStream:75 - [STDERR_REDIRECT] 
2026-10-07 18:16:22,522 [ERROR] LogOutputStream:75 - [STDERR_REDIRECT] [Fatal Error] :1:1: Premature end of file.
2026-10-07 18:16:22,522 [ERROR] LogOutputStream:75 - [STDERR_REDIRECT] 
2026-10-07 18:16:23,519 [ERROR] LogOutputStream:75 - [STDERR_REDIRECT] [Fatal Error] :1:1: Premature end of file.
2026-10-07 18:16:23,538 [ERROR] LogOutputStream:75 - [STDERR_REDIRECT] 
2026-10-07 18:16:24,519 [ERROR] LogOutputStream:75 - [STDERR_REDIRECT] [Fatal Error] :1:1: Premature end of file.
2026-10-07 18:16:24,521 [ERROR] LogOutputStream:75 - [STDERR_REDIRECT] 
2026-10-07 18:16:25,528 [ERROR] LogOutputStream:75 - [STDERR_REDIRECT] [Fatal Error] :1:1: Premature end of file.
2026-10-07 18:16:25,528 [ERROR] LogOutputStream:75 - [STDERR_REDIRECT] 
2026-10-07 18:16:26,538 [ERROR] LogOutputStream:75 - [STDERR_REDIRECT] [Fatal Error] :1:1: Premature end of file.
2026-10-07 18:16:26,538 [ERROR] LogOutputStream:75 - [STDERR_REDIRECT] 
2026-10-07 18:16:27,530 [ERROR] LogOutputStream:75 - [STDERR_REDIRECT] [Fatal Error] :1:1: Premature end of file.
2026-10-07 18:16:27,531 [ERROR] LogOutputStream:75 - [STDERR_REDIRECT] 
2026-10-07 18:16:28,522 [ERROR] LogOutputStream:75 - [STDERR_REDIRECT] [Fatal Error] :1:1: Premature end of file.
2026-10-07 18:16:28,523 [ERROR] LogOutputStream:75 - [STDERR_REDIRECT] 
2026-10-07 18:16:29,518 [ERROR] LogOutputStream:75 - [STDERR_REDIRECT] [Fatal Error] :1:1: Premature end of file.
2026-10-07 18:16:29,518 [ERROR] LogOutputStream:75 - [STDERR_REDIRECT] 
2026-10-07 18:16:30,528 [ERROR] LogOutputStream:75 - [STDERR_REDIRECT] [Fatal Error] :1:1: Premature end of file.
2026-10-07 18:16:30,529 [ERROR] LogOutputStream:75 - [STDERR_REDIRECT] 
2026-10-07 18:16:31,529 [ERROR] LogOutputStream:75 - [STDERR_REDIRECT] [Fatal Error] :1:1: Premature end of file.
2026-10-07 18:16:31,529 [ERROR] LogOutputStream:75 - [STDERR_REDIRECT] 
2026-10-07 18:16:32,517 [ERROR] LogOutputStream:75 - [STDERR_REDIRECT] [Fatal Error] :1:1: Premature end of file.
2026-10-07 18:16:32,517 [ERROR] LogOutputStream:75 - [STDERR_REDIRECT] 
2026-10-07 18:16:33,524 [ERROR] LogOutputStream:75 - [STDERR_REDIRECT] [Fatal Error] :1:1: Premature end of file.
2026-10-07 18:16:33,524 [ERROR] LogOutputStream:75 - [STDERR_REDIRECT] 
2026-10-07 18:16:34,542 [ERROR] LogOutputStream:75 - [STDERR_REDIRECT] [Fatal Error] :1:1: Premature end of file.
2026-10-07 18:16:34,542 [ERROR] LogOutputStream:75 - [STDERR_REDIRECT] 
2026-10-07 18:16:35,517 [ERROR] LogOutputStream:75 - [STDERR_REDIRECT] [Fatal Error] :1:1: Premature end of file.
2026-10-07 18:16:35,517 [ERROR] LogOutputStream:75 - [STDERR_REDIRECT] 
2026-10-07 18:16:36,516 [ERROR] LogOutputStream:75 - [STDERR_REDIRECT] [Fatal Error] :1:1: Premature end of file.
2026-10-07 18:16:36,517 [ERROR] LogOutputStream:75 - [STDERR_REDIRECT] 
2026-10-07 18:16:37,520 [ERROR] LogOutputStream:75 - [STDERR_REDIRECT] [Fatal Error] :1:1: Premature end of file.
2026-10-07 18:16:37,521 [ERROR] LogOutputStream:75 - [STDERR_REDIRECT] 
2026-10-07 18:16:38,515 [ERROR] LogOutputStream:75 - [STDERR_REDIRECT] [Fatal Error] :1:1: Premature end of file.
2026-10-07 18:16:38,516 [ERROR] LogOutputStream:75 - [STDERR_REDIRECT] 
2026-10-07 18:16:39,516 [ERROR] LogOutputStream:75 - [STDERR_REDIRECT] [Fatal Error] :1:1: Premature end of file.
2026-10-07 18:16:39,517 [ERROR] LogOutputStream:75 - [STDERR_REDIRECT] 
2026-10-07 18:16:40,511 [ERROR] LogOutputStream:75 - [STDERR_REDIRECT] [Fatal Error] :1:1: Premature end of file.
2026-10-07 18:16:40,511 [ERROR] LogOutputStream:75 - [STDERR_REDIRECT] 
2026-10-07 18:16:41,545 [ERROR] LogOutputStream:75 - [STDERR_REDIRECT] [Fatal Error] :1:1: Premature end of file.
2026-10-07 18:16:41,547 [ERROR] LogOutputStream:75 - [STDERR_REDIRECT] 
2026-10-07 18:16:42,513 [ERROR] LogOutputStream:75 - [STDERR_REDIRECT] [Fatal Error] :1:1: Premature end of file.
2026-10-07 18:16:42,513 [ERROR] LogOutputStream:75 - [STDERR_REDIRECT] 
2026-10-07 18:16:43,515 [ERROR] LogOutputStream:75 - [STDERR_REDIRECT] [Fatal Error] :1:1: Premature end of file.
2026-10-07 18:16:43,515 [ERROR] LogOutputStream:75 - [STDERR_REDIRECT] 
2026-10-07 18:16:44,518 [ERROR] LogOutputStream:75 - [STDERR_REDIRECT] [Fatal Error] :1:1: Premature end of file.
2026-10-07 18:16:44,518 [ERROR] LogOutputStream:75 - [STDERR_REDIRECT] 
2026-10-07 18:16:45,518 [ERROR] LogOutputStream:75 - [STDERR_REDIRECT] [Fatal Error] :1:1: Premature end of file.
2026-10-07 18:16:45,518 [ERROR] LogOutputStream:75 - [STDERR_REDIRECT] 
2026-10-07 18:16:46,524 [ERROR] LogOutputStream:75 - [STDERR_REDIRECT] [Fatal Error] :1:1: Premature end of file.
2026-10-07 18:16:46,524 [ERROR] LogOutputStream:75 - [STDERR_REDIRECT] 
2026-10-07 18:16:47,537 [ERROR] LogOutputStream:75 - [STDERR_REDIRECT] [Fatal Error] :1:1: Premature end of file.
2026-10-07 18:16:47,537 [ERROR] LogOutputStream:75 - [STDERR_REDIRECT] 
2026-10-07 18:16:48,527 [ERROR] LogOutputStream:75 - [STDERR_REDIRECT] [Fatal Error] :1:1: Premature end of file.
2026-10-07 18:16:48,527 [ERROR] LogOutputStream:75 - [STDERR_REDIRECT] 
2026-10-07 18:16:49,524 [ERROR] LogOutputStream:75 - [STDERR_REDIRECT] [Fatal Error] :1:1: Premature end of file.
2026-10-07 18:16:49,524 [ERROR] LogOutputStream:75 - [STDERR_REDIRECT] 
2026-10-07 18:16:50,516 [ERROR] LogOutputStream:75 - [STDERR_REDIRECT] [Fatal Error] :1:1: Premature end of file.
2026-10-07 18:16:50,516 [ERROR] LogOutputStream:75 - [STDERR_REDIRECT] 
2026-10-07 18:16:51,519 [ERROR] LogOutputStream:75 - [STDERR_REDIRECT] [Fatal Error] :1:1: Premature end of file.
2026-10-07 18:16:51,520 [ERROR] LogOutputStream:75 - [STDERR_REDIRECT] 
2026-10-07 18:16:52,520 [ERROR] LogOutputStream:75 - [STDERR_REDIRECT] [Fatal Error] :1:1: Premature end of file.
2026-10-07 18:16:52,521 [ERROR] LogOutputStream:75 - [STDERR_REDIRECT] 
2026-10-07 18:16:53,512 [ERROR] LogOutputStream:75 - [STDERR_REDIRECT] [Fatal Error] :1:1: Premature end of file.
2026-10-07 18:16:53,528 [ERROR] LogOutputStream:75 - [STDERR_REDIRECT] 
2026-10-07 18:16:54,520 [ERROR] LogOutputStream:75 - [STDERR_REDIRECT] [Fatal Error] :1:1: Premature end of file.
2026-10-07 18:16:54,520 [ERROR] LogOutputStream:75 - [STDERR_REDIRECT] 
2026-10-07 18:16:55,520 [ERROR] LogOutputStream:75 - [STDERR_REDIRECT] [Fatal Error] :1:1: Premature end of file.
2026-10-07 18:16:55,521 [ERROR] LogOutputStream:75 - [STDERR_REDIRECT] 
2026-10-07 18:16:56,517 [ERROR] LogOutputStream:75 - [STDERR_REDIRECT] [Fatal Error] :1:1: Premature end of file.
2026-10-07 18:16:56,517 [ERROR] LogOutputStream:75 - [STDERR_REDIRECT] 
2026-10-07 18:16:57,514 [ERROR] LogOutputStream:75 - [STDERR_REDIRECT] [Fatal Error] :1:1: Premature end of file.
2026-10-07 18:16:57,514 [ERROR] LogOutputStream:75 - [STDERR_REDIRECT] 
2026-10-07 18:16:58,512 [ERROR] LogOutputStream:75 - [STDERR_REDIRECT] [Fatal Error] :1:1: Premature end of file.
2026-10-07 18:16:58,512 [ERROR] LogOutputStream:75 - [STDERR_REDIRECT] 
2026-10-07 18:16:59,513 [ERROR] LogOutputStream:75 - [STDERR_REDIRECT] [Fatal Error] :1:1: Premature end of file.
2026-10-07 18:16:59,513 [ERROR] LogOutputStream:75 - [STDERR_REDIRECT] 
2026-10-07 18:17:00,511 [ERROR] LogOutputStream:75 - [STDERR_REDIRECT] [Fatal Error] :1:1: Premature end of file.
2026-10-07 18:17:00,511 [ERROR] LogOutputStream:75 - [STDERR_REDIRECT] 
2026-10-07 18:17:01,514 [ERROR] LogOutputStream:75 - [STDERR_REDIRECT] [Fatal Error] :1:1: Premature end of file.
2026-10-07 18:17:01,514 [ERROR] LogOutputStream:75 - [STDERR_REDIRECT] 
2026-10-07 18:17:02,513 [ERROR] LogOutputStream:75 - [STDERR_REDIRECT] [Fatal Error] :1:1: Premature end of file.
2026-10-07 18:17:02,513 [ERROR] LogOutputStream:75 - [STDERR_REDIRECT] 
2026-10-07 18:17:03,512 [ERROR] LogOutputStream:75 - [STDERR_REDIRECT] [Fatal Error] :1:1: Premature end of file.
2026-10-07 18:17:03,513 [ERROR] LogOutputStream:75 - [STDERR_REDIRECT] 
2026-10-07 18:17:04,511 [ERROR] LogOutputStream:75 - [STDERR_REDIRECT] [Fatal Error] :1:1: Premature end of file.
2026-10-07 18:17:04,511 [ERROR] LogOutputStream:75 - [STDERR_REDIRECT] 
2026-10-07 18:17:05,514 [ERROR] LogOutputStream:75 - [STDERR_REDIRECT] [Fatal Error] :1:1: Premature end of file.
2026-10-07 18:17:05,514 [ERROR] LogOutputStream:75 - [STDERR_REDIRECT] 
2026-10-07 18:17:06,512 [ERROR] LogOutputStream:75 - [STDERR_REDIRECT] [Fatal Error] :1:1: Premature end of file.
2026-10-07 18:17:06,512 [ERROR] LogOutputStream:75 - [STDERR_REDIRECT] 
2026-10-07 18:17:07,514 [ERROR] LogOutputStream:75 - [STDERR_REDIRECT] [Fatal Error] :1:1: Premature end of file.
2026-10-07 18:17:07,514 [ERROR] LogOutputStream:75 - [STDERR_REDIRECT] 
2026-10-07 18:17:08,511 [ERROR] LogOutputStream:75 - [STDERR_REDIRECT] [Fatal Error] :1:1: Premature end of file.
2026-10-07 18:17:08,512 [ERROR] LogOutputStream:75 - [STDERR_REDIRECT] 
2026-10-07 18:17:09,511 [ERROR] LogOutputStream:75 - [STDERR_REDIRECT] [Fatal Error] :1:1: Premature end of file.
2026-10-07 18:17:09,511 [ERROR] LogOutputStream:75 - [STDERR_REDIRECT] 
2026-10-07 18:17:10,512 [ERROR] LogOutputStream:75 - [STDERR_REDIRECT] [Fatal Error] :1:1: Premature end of file.
2026-10-07 18:17:10,512 [ERROR] LogOutputStream:75 - [STDERR_REDIRECT] 
2026-10-07 18:17:11,513 [ERROR] LogOutputStream:75 - [STDERR_REDIRECT] [Fatal Error] :1:1: Premature end of file.
2026-10-07 18:17:11,513 [ERROR] LogOutputStream:75 - [STDERR_REDIRECT] 
2026-10-07 18:17:12,515 [ERROR] LogOutputStream:75 - [STDERR_REDIRECT] [Fatal Error] :1:1: Premature end of file.
2026-10-07 18:17:12,515 [ERROR] LogOutputStream:75 - [STDERR_REDIRECT] 
2026-10-07 18:17:13,512 [ERROR] LogOutputStream:75 - [STDERR_REDIRECT] [Fatal Error] :1:1: Premature end of file.
2026-10-07 18:17:13,512 [ERROR] LogOutputStream:75 - [STDERR_REDIRECT] 
2026-10-07 18:17:14,514 [ERROR] LogOutputStream:75 - [STDERR_REDIRECT] [Fatal Error] :1:1: Premature end of file.
2026-10-07 18:17:14,514 [ERROR] LogOutputStream:75 - [STDERR_REDIRECT] 
2026-10-07 18:17:15,513 [ERROR] LogOutputStream:75 - [STDERR_REDIRECT] [Fatal Error] :1:1: Premature end of file.
2026-10-07 18:17:15,513 [ERROR] LogOutputStream:75 - [STDERR_REDIRECT] 
2026-10-07 18:17:16,512 [ERROR] LogOutputStream:75 - [STDERR_REDIRECT] [Fatal Error] :1:1: Premature end of file.
2026-10-07 18:17:16,513 [ERROR] LogOutputStream:75 - [STDERR_REDIRECT] 
2026-10-07 18:17:17,516 [ERROR] LogOutputStream:75 - [STDERR_REDIRECT] [Fatal Error] :1:1: Premature end of file.
2026-10-07 18:17:17,516 [ERROR] LogOutputStream:75 - [STDERR_REDIRECT] 
2026-10-07 18:17:18,518 [ERROR] LogOutputStream:75 - [STDERR_REDIRECT] [Fatal Error] :1:1: Premature end of file.
2026-10-07 18:17:18,518 [ERROR] LogOutputStream:75 - [STDERR_REDIRECT] 
2026-10-07 18:17:19,512 [ERROR] LogOutputStream:75 - [STDERR_REDIRECT] [Fatal Error] :1:1: Premature end of file.
2026-10-07 18:17:19,512 [ERROR] LogOutputStream:75 - [STDERR_REDIRECT] 
2026-10-07 18:17:20,511 [ERROR] LogOutputStream:75 - [STDERR_REDIRECT] [Fatal Error] :1:1: Premature end of file.
2026-10-07 18:17:20,512 [ERROR] LogOutputStream:75 - [STDERR_REDIRECT] 
2026-10-07 18:17:21,514 [ERROR] LogOutputStream:75 - [STDERR_REDIRECT] [Fatal Error] :1:1: Premature end of file.
2026-10-07 18:17:21,514 [ERROR] LogOutputStream:75 - [STDERR_REDIRECT] 
2026-10-07 18:17:22,511 [ERROR] LogOutputStream:75 - [STDERR_REDIRECT] [Fatal Error] :1:1: Premature end of file.
2026-10-07 18:17:22,511 [ERROR] LogOutputStream:75 - [STDERR_REDIRECT] 
2026-10-07 18:17:23,512 [ERROR] LogOutputStream:75 - [STDERR_REDIRECT] [Fatal Error] :1:1: Premature end of file.
2026-10-07 18:17:23,526 [ERROR] LogOutputStream:75 - [STDERR_REDIRECT] 
2026-10-07 18:17:24,517 [ERROR] LogOutputStream:75 - [STDERR_REDIRECT] [Fatal Error] :1:1: Premature end of file.
2026-10-07 18:17:24,517 [ERROR] LogOutputStream:75 - [STDERR_REDIRECT] 
2026-10-07 18:17:25,516 [ERROR] LogOutputStream:75 - [STDERR_REDIRECT] [Fatal Error] :1:1: Premature end of file.
2026-10-07 18:17:25,516 [ERROR] LogOutputStream:75 - [STDERR_REDIRECT] 
2026-10-07 18:17:26,511 [ERROR] LogOutputStream:75 - [STDERR_REDIRECT] [Fatal Error] :1:1: Premature end of file.
2026-10-07 18:17:26,511 [ERROR] LogOutputStream:75 - [STDERR_REDIRECT] 
2026-10-07 18:17:27,511 [ERROR] LogOutputStream:75 - [STDERR_REDIRECT] [Fatal Error] :1:1: Premature end of file.
2026-10-07 18:17:27,511 [ERROR] LogOutputStream:75 - [STDERR_REDIRECT] 
2026-10-07 18:17:28,513 [ERROR] LogOutputStream:75 - [STDERR_REDIRECT] [Fatal Error] :1:1: Premature end of file.
2026-10-07 18:17:28,513 [ERROR] LogOutputStream:75 - [STDERR_REDIRECT] 
2026-10-07 18:17:29,512 [ERROR] LogOutputStream:75 - [STDERR_REDIRECT] [Fatal Error] :1:1: Premature end of file.
2026-10-07 18:17:29,512 [ERROR] LogOutputStream:75 - [STDERR_REDIRECT] 
2026-10-07 18:17:30,513 [ERROR] LogOutputStream:75 - [STDERR_REDIRECT] [Fatal Error] :1:1: Premature end of file.
2026-10-07 18:17:30,513 [ERROR] LogOutputStream:75 - [STDERR_REDIRECT] 
2026-10-07 18:17:31,513 [ERROR] LogOutputStream:75 - [STDERR_REDIRECT] [Fatal Error] :1:1: Premature end of file.
2026-10-07 18:17:31,513 [ERROR] LogOutputStream:75 - [STDERR_REDIRECT] 
2026-10-07 18:17:32,519 [ERROR] LogOutputStream:75 - [STDERR_REDIRECT] [Fatal Error] :1:1: Premature end of file.
2026-10-07 18:17:32,519 [ERROR] LogOutputStream:75 - [STDERR_REDIRECT] 
2026-10-07 18:17:33,512 [ERROR] LogOutputStream:75 - [STDERR_REDIRECT] [Fatal Error] :1:1: Premature end of file.
2026-10-07 18:17:33,512 [ERROR] LogOutputStream:75 - [STDERR_REDIRECT] 
2026-10-07 18:17:34,513 [ERROR] LogOutputStream:75 - [STDERR_REDIRECT] [Fatal Error] :1:1: Premature end of file.
2026-10-07 18:17:34,513 [ERROR] LogOutputStream:75 - [STDERR_REDIRECT] 
2026-10-07 18:17:35,513 [ERROR] LogOutputStream:75 - [STDERR_REDIRECT] [Fatal Error] :1:1: Premature end of file.
2026-10-07 18:17:35,513 [ERROR] LogOutputStream:75 - [STDERR_REDIRECT] 
2026-10-07 18:17:36,512 [ERROR] LogOutputStream:75 - [STDERR_REDIRECT] [Fatal Error] :1:1: Premature end of file.
2026-10-07 18:17:36,512 [ERROR] LogOutputStream:75 - [STDERR_REDIRECT] 
2026-10-07 18:17:37,512 [ERROR] LogOutputStream:75 - [STDERR_REDIRECT] [Fatal Error] :1:1: Premature end of file.
2026-10-07 18:17:37,512 [ERROR] LogOutputStream:75 - [STDERR_REDIRECT] 
2026-10-07 18:17:38,512 [ERROR] LogOutputStream:75 - [STDERR_REDIRECT] [Fatal Error] :1:1: Premature end of file.
2026-10-07 18:17:38,517 [ERROR] LogOutputStream:75 - [STDERR_REDIRECT] 
2026-10-07 18:17:39,514 [ERROR] LogOutputStream:75 - [STDERR_REDIRECT] [Fatal Error] :1:1: Premature end of file.
2026-10-07 18:17:39,514 [ERROR] LogOutputStream:75 - [STDERR_REDIRECT] 
2026-10-07 18:17:40,513 [ERROR] LogOutputStream:75 - [STDERR_REDIRECT] [Fatal Error] :1:1: Premature end of file.
2026-10-07 18:17:40,513 [ERROR] LogOutputStream:75 - [STDERR_REDIRECT] 
2026-10-07 18:17:41,519 [ERROR] LogOutputStream:75 - [STDERR_REDIRECT] [Fatal Error] :1:1: Premature end of file.
2026-10-07 18:17:41,519 [ERROR] LogOutputStream:75 - [STDERR_REDIRECT] 
2026-10-07 18:17:42,513 [ERROR] LogOutputStream:75 - [STDERR_REDIRECT] [Fatal Error] :1:1: Premature end of file.
2026-10-07 18:17:42,514 [ERROR] LogOutputStream:75 - [STDERR_REDIRECT] 
2026-10-07 18:17:43,518 [ERROR] LogOutputStream:75 - [STDERR_REDIRECT] [Fatal Error] :1:1: Premature end of file.
2026-10-07 18:17:43,518 [ERROR] LogOutputStream:75 - [STDERR_REDIRECT] 
2026-10-07 18:17:44,517 [ERROR] LogOutputStream:75 - [STDERR_REDIRECT] [Fatal Error] :1:1: Premature end of file.
2026-10-07 18:17:44,517 [ERROR] LogOutputStream:75 - [STDERR_REDIRECT] 
2026-10-07 18:17:45,510 [ERROR] LogOutputStream:75 - [STDERR_REDIRECT] [Fatal Error] :1:1: Premature end of file.
2026-10-07 18:17:45,510 [ERROR] LogOutputStream:75 - [STDERR_REDIRECT] 
2026-10-07 18:17:46,516 [ERROR] LogOutputStream:75 - [STDERR_REDIRECT] [Fatal Error] :1:1: Premature end of file.
2026-10-07 18:17:46,517 [ERROR] LogOutputStream:75 - [STDERR_REDIRECT] 
2026-10-07 18:17:47,512 [ERROR] LogOutputStream:75 - [STDERR_REDIRECT] [Fatal Error] :1:1: Premature end of file.
2026-10-07 18:17:47,512 [ERROR] LogOutputStream:75 - [STDERR_REDIRECT] 
2026-10-07 18:17:48,513 [ERROR] LogOutputStream:75 - [STDERR_REDIRECT] [Fatal Error] :1:1: Premature end of file.
2026-10-07 18:17:48,514 [ERROR] LogOutputStream:75 - [STDERR_REDIRECT] 
2026-10-07 18:17:49,511 [ERROR] LogOutputStream:75 - [STDERR_REDIRECT] [Fatal Error] :1:1: Premature end of file.
2026-10-07 18:17:49,511 [ERROR] LogOutputStream:75 - [STDERR_REDIRECT] 
2026-10-07 18:17:50,514 [ERROR] LogOutputStream:75 - [STDERR_REDIRECT] [Fatal Error] :1:1: Premature end of file.
2026-10-07 18:17:50,514 [ERROR] LogOutputStream:75 - [STDERR_REDIRECT] 
2026-10-07 18:17:51,512 [ERROR] LogOutputStream:75 - [STDERR_REDIRECT] [Fatal Error] :1:1: Premature end of file.
2026-10-07 18:17:51,512 [ERROR] LogOutputStream:75 - [STDERR_REDIRECT] 
2026-10-07 18:17:52,515 [ERROR] LogOutputStream:75 - [STDERR_REDIRECT] [Fatal Error] :1:1: Premature end of file.
2026-10-07 18:17:52,516 [ERROR] LogOutputStream:75 - [STDERR_REDIRECT] 
2026-10-07 18:17:53,514 [ERROR] LogOutputStream:75 - [STDERR_REDIRECT] [Fatal Error] :1:1: Premature end of file.
2026-10-07 18:17:53,514 [ERROR] LogOutputStream:75 - [STDERR_REDIRECT] 
2026-10-07 18:17:54,516 [ERROR] LogOutputStream:75 - [STDERR_REDIRECT] [Fatal Error] :1:1: Premature end of file.
2026-10-07 18:17:54,516 [ERROR] LogOutputStream:75 - [STDERR_REDIRECT] 
2026-10-07 18:17:55,513 [ERROR] LogOutputStream:75 - [STDERR_REDIRECT] [Fatal Error] :1:1: Premature end of file.
2026-10-07 18:17:55,513 [ERROR] LogOutputStream:75 - [STDERR_REDIRECT] 
2026-10-07 18:17:56,513 [ERROR] LogOutputStream:75 - [STDERR_REDIRECT] [Fatal Error] :1:1: Premature end of file.
2026-10-07 18:17:56,513 [ERROR] LogOutputStream:75 - [STDERR_REDIRECT] 
2026-10-07 18:17:57,510 [ERROR] LogOutputStream:75 - [STDERR_REDIRECT] [Fatal Error] :1:1: Premature end of file.
2026-10-07 18:17:57,510 [ERROR] LogOutputStream:75 - [STDERR_REDIRECT] 
2026-10-07 18:17:58,518 [ERROR] LogOutputStream:75 - [STDERR_REDIRECT] [Fatal Error] :1:1: Premature end of file.
2026-10-07 18:17:58,518 [ERROR] LogOutputStream:75 - [STDERR_REDIRECT] 
2026-10-07 18:17:59,511 [ERROR] LogOutputStream:75 - [STDERR_REDIRECT] [Fatal Error] :1:1: Premature end of file.
2026-10-07 18:17:59,512 [ERROR] LogOutputStream:75 - [STDERR_REDIRECT] 
2026-10-07 18:18:00,514 [ERROR] LogOutputStream:75 - [STDERR_REDIRECT] [Fatal Error] :1:1: Premature end of file.
2026-10-07 18:18:00,514 [ERROR] LogOutputStream:75 - [STDERR_REDIRECT] 
2026-10-07 18:18:01,511 [ERROR] LogOutputStream:75 - [STDERR_REDIRECT] [Fatal Error] :1:1: Premature end of file.
2026-10-07 18:18:01,511 [ERROR] LogOutputStream:75 - [STDERR_REDIRECT] 
2026-10-07 18:18:02,510 [ERROR] LogOutputStream:75 - [STDERR_REDIRECT] [Fatal Error] :1:1: Premature end of file.
2026-10-07 18:18:02,510 [ERROR] LogOutputStream:75 - [STDERR_REDIRECT] 
2026-10-07 18:18:03,514 [ERROR] LogOutputStream:75 - [STDERR_REDIRECT] [Fatal Error] :1:1: Premature end of file.
2026-10-07 18:18:03,515 [ERROR] LogOutputStream:75 - [STDERR_REDIRECT] 
2026-10-07 18:18:04,511 [ERROR] LogOutputStream:75 - [STDERR_REDIRECT] [Fatal Error] :1:1: Premature end of file.
2026-10-07 18:18:04,512 [ERROR] LogOutputStream:75 - [STDERR_REDIRECT] 
2026-10-07 18:18:05,512 [ERROR] LogOutputStream:75 - [STDERR_REDIRECT] [Fatal Error] :1:1: Premature end of file.
2026-10-07 18:18:05,512 [ERROR] LogOutputStream:75 - [STDERR_REDIRECT] 
2026-10-07 18:18:06,512 [ERROR] LogOutputStream:75 - [STDERR_REDIRECT] [Fatal Error] :1:1: Premature end of file.
2026-10-07 18:18:06,512 [ERROR] LogOutputStream:75 - [STDERR_REDIRECT] 
2026-10-07 18:18:07,513 [ERROR] LogOutputStream:75 - [STDERR_REDIRECT] [Fatal Error] :1:1: Premature end of file.
2026-10-07 18:18:07,513 [ERROR] LogOutputStream:75 - [STDERR_REDIRECT] 
2026-10-07 18:18:08,511 [ERROR] LogOutputStream:75 - [STDERR_REDIRECT] [Fatal Error] :1:1: Premature end of file.
2026-10-07 18:18:08,512 [ERROR] LogOutputStream:75 - [STDERR_REDIRECT] 
2026-10-07 18:18:09,514 [ERROR] LogOutputStream:75 - [STDERR_REDIRECT] [Fatal Error] :1:1: Premature end of file.
2026-10-07 18:18:09,515 [ERROR] LogOutputStream:75 - [STDERR_REDIRECT] 
2026-10-07 18:18:10,511 [ERROR] LogOutputStream:75 - [STDERR_REDIRECT] [Fatal Error] :1:1: Premature end of file.
2026-10-07 18:18:10,512 [ERROR] LogOutputStream:75 - [STDERR_REDIRECT] 
2026-10-07 18:18:11,514 [ERROR] LogOutputStream:75 - [STDERR_REDIRECT] [Fatal Error] :1:1: Premature end of file.
2026-10-07 18:18:11,514 [ERROR] LogOutputStream:75 - [STDERR_REDIRECT] 
2026-10-07 18:18:12,510 [ERROR] LogOutputStream:75 - [STDERR_REDIRECT] [Fatal Error] :1:1: Premature end of file.
2026-10-07 18:18:12,511 [ERROR] LogOutputStream:75 - [STDERR_REDIRECT] 
2026-10-07 18:18:13,520 [ERROR] LogOutputStream:75 - [STDERR_REDIRECT] [Fatal Error] :1:1: Premature end of file.
2026-10-07 18:18:13,521 [ERROR] LogOutputStream:75 - [STDERR_REDIRECT] 
2026-10-07 18:18:14,522 [ERROR] LogOutputStream:75 - [STDERR_REDIRECT] [Fatal Error] :1:1: Premature end of file.
2026-10-07 18:18:14,522 [ERROR] LogOutputStream:75 - [STDERR_REDIRECT] 
2026-10-07 18:18:15,514 [ERROR] LogOutputStream:75 - [STDERR_REDIRECT] [Fatal Error] :1:1: Premature end of file.
2026-10-07 18:18:15,515 [ERROR] LogOutputStream:75 - [STDERR_REDIRECT] 
2026-10-07 18:18:16,513 [ERROR] LogOutputStream:75 - [STDERR_REDIRECT] [Fatal Error] :1:1: Premature end of file.
2026-10-07 18:18:16,513 [ERROR] LogOutputStream:75 - [STDERR_REDIRECT] 
2026-10-07 18:18:17,511 [ERROR] LogOutputStream:75 - [STDERR_REDIRECT] [Fatal Error] :1:1: Premature end of file.
2026-10-07 18:18:17,511 [ERROR] LogOutputStream:75 - [STDERR_REDIRECT] 
2026-10-07 18:18:18,512 [ERROR] LogOutputStream:75 - [STDERR_REDIRECT] [Fatal Error] :1:1: Premature end of file.
2026-10-07 18:18:18,512 [ERROR] LogOutputStream:75 - [STDERR_REDIRECT] 
2026-10-07 18:18:19,512 [ERROR] LogOutputStream:75 - [STDERR_REDIRECT] [Fatal Error] :1:1: Premature end of file.
2026-10-07 18:18:19,512 [ERROR] LogOutputStream:75 - [STDERR_REDIRECT] 
2026-10-07 18:18:20,512 [ERROR] LogOutputStream:75 - [STDERR_REDIRECT] [Fatal Error] :1:1: Premature end of file.
2026-10-07 18:18:20,512 [ERROR] LogOutputStream:75 - [STDERR_REDIRECT] 
2026-10-07 18:18:21,512 [ERROR] LogOutputStream:75 - [STDERR_REDIRECT] [Fatal Error] :1:1: Premature end of file.
2026-10-07 18:18:21,512 [ERROR] LogOutputStream:75 - [STDERR_REDIRECT] 
2026-10-07 18:18:22,510 [ERROR] LogOutputStream:75 - [STDERR_REDIRECT] [Fatal Error] :1:1: Premature end of file.
2026-10-07 18:18:22,510 [ERROR] LogOutputStream:75 - [STDERR_REDIRECT] 
2026-10-07 18:18:23,513 [ERROR] LogOutputStream:75 - [STDERR_REDIRECT] [Fatal Error] :1:1: Premature end of file.
2026-10-07 18:18:23,514 [ERROR] LogOutputStream:75 - [STDERR_REDIRECT] 
2026-10-07 18:18:24,513 [ERROR] LogOutputStream:75 - [STDERR_REDIRECT] [Fatal Error] :1:1: Premature end of file.
2026-10-07 18:18:24,513 [ERROR] LogOutputStream:75 - [STDERR_REDIRECT] 
2026-10-07 18:18:25,512 [ERROR] LogOutputStream:75 - [STDERR_REDIRECT] [Fatal Error] :1:1: Premature end of file.
2026-10-07 18:18:25,512 [ERROR] LogOutputStream:75 - [STDERR_REDIRECT] 
2026-10-07 18:18:26,519 [ERROR] LogOutputStream:75 - [STDERR_REDIRECT] [Fatal Error] :1:1: Premature end of file.
2026-10-07 18:18:26,519 [ERROR] LogOutputStream:75 - [STDERR_REDIRECT] 
2026-10-07 18:18:27,510 [ERROR] LogOutputStream:75 - [STDERR_REDIRECT] [Fatal Error] :1:1: Premature end of file.
2026-10-07 18:18:27,511 [ERROR] LogOutputStream:75 - [STDERR_REDIRECT] 
2026-10-07 18:18:28,516 [ERROR] LogOutputStream:75 - [STDERR_REDIRECT] [Fatal Error] :1:1: Premature end of file.
2026-10-07 18:18:28,516 [ERROR] LogOutputStream:75 - [STDERR_REDIRECT] 
2026-10-07 18:18:29,512 [ERROR] LogOutputStream:75 - [STDERR_REDIRECT] [Fatal Error] :1:1: Premature end of file.
2026-10-07 18:18:29,512 [ERROR] LogOutputStream:75 - [STDERR_REDIRECT] 
2026-10-07 18:18:30,523 [ERROR] LogOutputStream:75 - [STDERR_REDIRECT] [Fatal Error] :1:1: Premature end of file.
2026-10-07 18:18:30,523 [ERROR] LogOutputStream:75 - [STDERR_REDIRECT] 
2026-10-07 18:18:31,516 [ERROR] LogOutputStream:75 - [STDERR_REDIRECT] [Fatal Error] :1:1: Premature end of file.
2026-10-07 18:18:31,516 [ERROR] LogOutputStream:75 - [STDERR_REDIRECT] 
2026-10-07 18:18:32,514 [ERROR] LogOutputStream:75 - [STDERR_REDIRECT] [Fatal Error] :1:1: Premature end of file.
2026-10-07 18:18:32,514 [ERROR] LogOutputStream:75 - [STDERR_REDIRECT] 
2026-10-07 18:18:33,517 [ERROR] LogOutputStream:75 - [STDERR_REDIRECT] [Fatal Error] :1:1: Premature end of file.
2026-10-07 18:18:33,517 [ERROR] LogOutputStream:75 - [STDERR_REDIRECT] 
2026-10-07 18:18:34,514 [ERROR] LogOutputStream:75 - [STDERR_REDIRECT] [Fatal Error] :1:1: Premature end of file.
2026-10-07 18:18:34,514 [ERROR] LogOutputStream:75 - [STDERR_REDIRECT] 
2026-10-07 18:18:35,517 [ERROR] LogOutputStream:75 - [STDERR_REDIRECT] [Fatal Error] :1:1: Premature end of file.
2026-10-07 18:18:35,518 [ERROR] LogOutputStream:75 - [STDERR_REDIRECT] 
2026-10-07 18:18:36,512 [ERROR] LogOutputStream:75 - [STDERR_REDIRECT] [Fatal Error] :1:1: Premature end of file.
2026-10-07 18:18:36,512 [ERROR] LogOutputStream:75 - [STDERR_REDIRECT] 
2026-10-07 18:18:37,511 [ERROR] LogOutputStream:75 - [STDERR_REDIRECT] [Fatal Error] :1:1: Premature end of file.
2026-10-07 18:18:37,511 [ERROR] LogOutputStream:75 - [STDERR_REDIRECT] 
2026-10-07 18:18:38,524 [ERROR] LogOutputStream:75 - [STDERR_REDIRECT] [Fatal Error] :1:1: Premature end of file.
2026-10-07 18:18:38,524 [ERROR] LogOutputStream:75 - [STDERR_REDIRECT] 
2026-10-07 18:18:39,512 [ERROR] LogOutputStream:75 - [STDERR_REDIRECT] [Fatal Error] :1:1: Premature end of file.
2026-10-07 18:18:39,512 [ERROR] LogOutputStream:75 - [STDERR_REDIRECT] 
2026-10-07 18:18:40,510 [ERROR] LogOutputStream:75 - [STDERR_REDIRECT] [Fatal Error] :1:1: Premature end of file.
2026-10-07 18:18:40,510 [ERROR] LogOutputStream:75 - [STDERR_REDIRECT] 
2026-10-07 18:18:41,513 [ERROR] LogOutputStream:75 - [STDERR_REDIRECT] [Fatal Error] :1:1: Premature end of file.
2026-10-07 18:18:41,513 [ERROR] LogOutputStream:75 - [STDERR_REDIRECT] 
2026-10-07 18:18:42,512 [ERROR] LogOutputStream:75 - [STDERR_REDIRECT] [Fatal Error] :1:1: Premature end of file.
2026-10-07 18:18:42,512 [ERROR] LogOutputStream:75 - [STDERR_REDIRECT] 
2026-10-07 18:18:43,513 [ERROR] LogOutputStream:75 - [STDERR_REDIRECT] [Fatal Error] :1:1: Premature end of file.
2026-10-07 18:18:43,513 [ERROR] LogOutputStream:75 - [STDERR_REDIRECT] 
2026-10-07 18:18:44,512 [ERROR] LogOutputStream:75 - [STDERR_REDIRECT] [Fatal Error] :1:1: Premature end of file.
2026-10-07 18:18:44,512 [ERROR] LogOutputStream:75 - [STDERR_REDIRECT] 
2026-10-07 18:18:45,514 [ERROR] LogOutputStream:75 - [STDERR_REDIRECT] [Fatal Error] :1:1: Premature end of file.
2026-10-07 18:18:45,515 [ERROR] LogOutputStream:75 - [STDERR_REDIRECT] 
2026-10-07 18:18:46,511 [ERROR] LogOutputStream:75 - [STDERR_REDIRECT] [Fatal Error] :1:1: Premature end of file.
2026-10-07 18:18:46,513 [ERROR] LogOutputStream:75 - [STDERR_REDIRECT] 
2026-10-07 18:18:47,512 [ERROR] LogOutputStream:75 - [STDERR_REDIRECT] [Fatal Error] :1:1: Premature end of file.
2026-10-07 18:18:47,513 [ERROR] LogOutputStream:75 - [STDERR_REDIRECT] 
2026-10-07 18:18:48,515 [ERROR] LogOutputStream:75 - [STDERR_REDIRECT] [Fatal Error] :1:1: Premature end of file.
2026-10-07 18:18:48,515 [ERROR] LogOutputStream:75 - [STDERR_REDIRECT] 
2026-10-07 18:18:49,513 [ERROR] LogOutputStream:75 - [STDERR_REDIRECT] [Fatal Error] :1:1: Premature end of file.
2026-10-07 18:18:49,513 [ERROR] LogOutputStream:75 - [STDERR_REDIRECT] 
2026-10-07 18:18:50,515 [ERROR] LogOutputStream:75 - [STDERR_REDIRECT] [Fatal Error] :1:1: Premature end of file.
2026-10-07 18:18:50,515 [ERROR] LogOutputStream:75 - [STDERR_REDIRECT] 
2026-10-07 18:18:51,521 [ERROR] LogOutputStream:75 - [STDERR_REDIRECT] [Fatal Error] :1:1: Premature end of file.
2026-10-07 18:18:51,522 [ERROR] LogOutputStream:75 - [STDERR_REDIRECT] 
2026-10-07 18:18:52,527 [ERROR] LogOutputStream:75 - [STDERR_REDIRECT] [Fatal Error] :1:1: Premature end of file.
2026-10-07 18:18:52,527 [ERROR] LogOutputStream:75 - [STDERR_REDIRECT] 
2026-10-07 18:18:53,522 [ERROR] LogOutputStream:75 - [STDERR_REDIRECT] [Fatal Error] :1:1: Premature end of file.
2026-10-07 18:18:53,522 [ERROR] LogOutputStream:75 - [STDERR_REDIRECT] 
2026-10-07 18:18:54,512 [ERROR] LogOutputStream:75 - [STDERR_REDIRECT] [Fatal Error] :1:1: Premature end of file.
2026-10-07 18:18:54,512 [ERROR] LogOutputStream:75 - [STDERR_REDIRECT] 
2026-10-07 18:18:55,512 [ERROR] LogOutputStream:75 - [STDERR_REDIRECT] [Fatal Error] :1:1: Premature end of file.
2026-10-07 18:18:55,512 [ERROR] LogOutputStream:75 - [STDERR_REDIRECT] 
2026-10-07 18:18:56,513 [ERROR] LogOutputStream:75 - [STDERR_REDIRECT] [Fatal Error] :1:1: Premature end of file.
2026-10-07 18:18:56,513 [ERROR] LogOutputStream:75 - [STDERR_REDIRECT] 
2026-10-07 18:18:57,521 [ERROR] LogOutputStream:75 - [STDERR_REDIRECT] [Fatal Error] :1:1: Premature end of file.
2026-10-07 18:18:57,521 [ERROR] LogOutputStream:75 - [STDERR_REDIRECT] 
2026-10-07 18:18:58,511 [ERROR] LogOutputStream:75 - [STDERR_REDIRECT] [Fatal Error] :1:1: Premature end of file.
2026-10-07 18:18:58,511 [ERROR] LogOutputStream:75 - [STDERR_REDIRECT] 
2026-10-07 18:18:59,511 [ERROR] LogOutputStream:75 - [STDERR_REDIRECT] [Fatal Error] :1:1: Premature end of file.
2026-10-07 18:18:59,511 [ERROR] LogOutputStream:75 - [STDERR_REDIRECT] 
2026-10-07 18:19:00,512 [ERROR] LogOutputStream:75 - [STDERR_REDIRECT] [Fatal Error] :1:1: Premature end of file.
2026-10-07 18:19:00,512 [ERROR] LogOutputStream:75 - [STDERR_REDIRECT] 
2026-10-07 18:19:01,512 [ERROR] LogOutputStream:75 - [STDERR_REDIRECT] [Fatal Error] :1:1: Premature end of file.
2026-10-07 18:19:01,512 [ERROR] LogOutputStream:75 - [STDERR_REDIRECT] 
2026-10-07 18:19:02,516 [ERROR] LogOutputStream:75 - [STDERR_REDIRECT] [Fatal Error] :1:1: Premature end of file.
2026-10-07 18:19:02,517 [ERROR] LogOutputStream:75 - [STDERR_REDIRECT] 
2026-10-07 18:19:03,536 [ERROR] LogOutputStream:75 - [STDERR_REDIRECT] [Fatal Error] :1:1: Premature end of file.
2026-10-07 18:19:03,538 [ERROR] LogOutputStream:75 - [STDERR_REDIRECT] 
2026-10-07 18:19:04,513 [ERROR] LogOutputStream:75 - [STDERR_REDIRECT] [Fatal Error] :1:1: Premature end of file.
2026-10-07 18:19:04,514 [ERROR] LogOutputStream:75 - [STDERR_REDIRECT] 
2026-10-07 18:19:05,520 [ERROR] LogOutputStream:75 - [STDERR_REDIRECT] [Fatal Error] :1:1: Premature end of file.
2026-10-07 18:19:05,521 [ERROR] LogOutputStream:75 - [STDERR_REDIRECT] 
2026-10-07 18:19:06,514 [ERROR] LogOutputStream:75 - [STDERR_REDIRECT] [Fatal Error] :1:1: Premature end of file.
2026-10-07 18:19:06,514 [ERROR] LogOutputStream:75 - [STDERR_REDIRECT] 
2026-10-07 18:19:07,511 [ERROR] LogOutputStream:75 - [STDERR_REDIRECT] [Fatal Error] :1:1: Premature end of file.
2026-10-07 18:19:07,512 [ERROR] LogOutputStream:75 - [STDERR_REDIRECT] 
2026-10-07 18:19:08,514 [ERROR] LogOutputStream:75 - [STDERR_REDIRECT] [Fatal Error] :1:1: Premature end of file.
2026-10-07 18:19:08,514 [ERROR] LogOutputStream:75 - [STDERR_REDIRECT] 
2026-10-07 18:19:09,515 [ERROR] LogOutputStream:75 - [STDERR_REDIRECT] [Fatal Error] :1:1: Premature end of file.
2026-10-07 18:19:09,515 [ERROR] LogOutputStream:75 - [STDERR_REDIRECT] 
2026-10-07 18:19:10,517 [ERROR] LogOutputStream:75 - [STDERR_REDIRECT] [Fatal Error] :1:1: Premature end of file.
2026-10-07 18:19:10,517 [ERROR] LogOutputStream:75 - [STDERR_REDIRECT] 
2026-10-07 18:19:11,512 [ERROR] LogOutputStream:75 - [STDERR_REDIRECT] [Fatal Error] :1:1: Premature end of file.
2026-10-07 18:19:11,513 [ERROR] LogOutputStream:75 - [STDERR_REDIRECT] 
2026-10-07 18:19:12,511 [ERROR] LogOutputStream:75 - [STDERR_REDIRECT] [Fatal Error] :1:1: Premature end of file.
2026-10-07 18:19:12,512 [ERROR] LogOutputStream:75 - [STDERR_REDIRECT] 
2026-10-07 18:19:13,523 [ERROR] LogOutputStream:75 - [STDERR_REDIRECT] [Fatal Error] :1:1: Premature end of file.
2026-10-07 18:19:13,523 [ERROR] LogOutputStream:75 - [STDERR_REDIRECT] 
2026-10-07 18:19:14,520 [ERROR] LogOutputStream:75 - [STDERR_REDIRECT] [Fatal Error] :1:1: Premature end of file.
2026-10-07 18:19:14,520 [ERROR] LogOutputStream:75 - [STDERR_REDIRECT] 
2026-10-07 18:19:15,514 [ERROR] LogOutputStream:75 - [STDERR_REDIRECT] [Fatal Error] :1:1: Premature end of file.
2026-10-07 18:19:15,514 [ERROR] LogOutputStream:75 - [STDERR_REDIRECT] 
2026-10-07 18:19:16,528 [ERROR] LogOutputStream:75 - [STDERR_REDIRECT] [Fatal Error] :1:1: Premature end of file.
2026-10-07 18:19:16,528 [ERROR] LogOutputStream:75 - [STDERR_REDIRECT] 
2026-10-07 18:19:17,534 [ERROR] LogOutputStream:75 - [STDERR_REDIRECT] [Fatal Error] :1:1: Premature end of file.
2026-10-07 18:19:17,535 [ERROR] LogOutputStream:75 - [STDERR_REDIRECT] 
2026-10-07 18:19:18,521 [ERROR] LogOutputStream:75 - [STDERR_REDIRECT] [Fatal Error] :1:1: Premature end of file.
2026-10-07 18:19:18,521 [ERROR] LogOutputStream:75 - [STDERR_REDIRECT] 
2026-10-07 18:19:19,529 [ERROR] LogOutputStream:75 - [STDERR_REDIRECT] [Fatal Error] :1:1: Premature end of file.
2026-10-07 18:19:19,529 [ERROR] LogOutputStream:75 - [STDERR_REDIRECT] 
2026-10-07 18:19:20,536 [ERROR] LogOutputStream:75 - [STDERR_REDIRECT] [Fatal Error] :1:1: Premature end of file.
2026-10-07 18:19:20,536 [ERROR] LogOutputStream:75 - [STDERR_REDIRECT] 
2026-10-07 18:19:21,530 [ERROR] LogOutputStream:75 - [STDERR_REDIRECT] [Fatal Error] :1:1: Premature end of file.
2026-10-07 18:19:21,530 [ERROR] LogOutputStream:75 - [STDERR_REDIRECT] 
2026-10-07 18:19:22,525 [ERROR] LogOutputStream:75 - [STDERR_REDIRECT] [Fatal Error] :1:1: Premature end of file.
2026-10-07 18:19:22,525 [ERROR] LogOutputStream:75 - [STDERR_REDIRECT] 
2026-10-07 18:19:23,524 [ERROR] LogOutputStream:75 - [STDERR_REDIRECT] [Fatal Error] :1:1: Premature end of file.
2026-10-07 18:19:23,525 [ERROR] LogOutputStream:75 - [STDERR_REDIRECT] 
2026-10-07 18:19:24,531 [ERROR] LogOutputStream:75 - [STDERR_REDIRECT] [Fatal Error] :1:1: Premature end of file.
2026-10-07 18:19:24,531 [ERROR] LogOutputStream:75 - [STDERR_REDIRECT] 
2026-10-07 18:19:25,514 [ERROR] LogOutputStream:75 - [STDERR_REDIRECT] [Fatal Error] :1:1: Premature end of file.
2026-10-07 18:19:25,514 [ERROR] LogOutputStream:75 - [STDERR_REDIRECT] 
2026-10-07 18:19:26,513 [ERROR] LogOutputStream:75 - [STDERR_REDIRECT] [Fatal Error] :1:1: Premature end of file.
2026-10-07 18:19:26,513 [ERROR] LogOutputStream:75 - [STDERR_REDIRECT] 
2026-10-07 18:19:27,523 [ERROR] LogOutputStream:75 - [STDERR_REDIRECT] [Fatal Error] :1:1: Premature end of file.
2026-10-07 18:19:27,524 [ERROR] LogOutputStream:75 - [STDERR_REDIRECT] 
2026-10-07 18:19:28,516 [ERROR] LogOutputStream:75 - [STDERR_REDIRECT] [Fatal Error] :1:1: Premature end of file.
2026-10-07 18:19:28,516 [ERROR] LogOutputStream:75 - [STDERR_REDIRECT] 
2026-10-07 18:19:29,514 [ERROR] LogOutputStream:75 - [STDERR_REDIRECT] [Fatal Error] :1:1: Premature end of file.
2026-10-07 18:19:29,514 [ERROR] LogOutputStream:75 - [STDERR_REDIRECT] 
2026-10-07 18:19:30,518 [ERROR] LogOutputStream:75 - [STDERR_REDIRECT] [Fatal Error] :1:1: Premature end of file.
2026-10-07 18:19:30,519 [ERROR] LogOutputStream:75 - [STDERR_REDIRECT] 
2026-10-07 18:19:31,535 [ERROR] LogOutputStream:75 - [STDERR_REDIRECT] [Fatal Error] :1:1: Premature end of file.
2026-10-07 18:19:31,536 [ERROR] LogOutputStream:75 - [STDERR_REDIRECT] 
2026-10-07 18:19:32,542 [ERROR] LogOutputStream:75 - [STDERR_REDIRECT] [Fatal Error] :1:1: Premature end of file.
2026-10-07 18:19:32,542 [ERROR] LogOutputStream:75 - [STDERR_REDIRECT] 
2026-10-07 18:19:33,528 [ERROR] LogOutputStream:75 - [STDERR_REDIRECT] [Fatal Error] :1:1: Premature end of file.
2026-10-07 18:19:33,528 [ERROR] LogOutputStream:75 - [STDERR_REDIRECT] 
2026-10-07 18:19:34,526 [ERROR] LogOutputStream:75 - [STDERR_REDIRECT] [Fatal Error] :1:1: Premature end of file.
2026-10-07 18:19:34,527 [ERROR] LogOutputStream:75 - [STDERR_REDIRECT] 
2026-10-07 18:19:35,520 [ERROR] LogOutputStream:75 - [STDERR_REDIRECT] [Fatal Error] :1:1: Premature end of file.
2026-10-07 18:19:35,520 [ERROR] LogOutputStream:75 - [STDERR_REDIRECT] 
2026-10-07 18:19:36,530 [ERROR] LogOutputStream:75 - [STDERR_REDIRECT] [Fatal Error] :1:1: Premature end of file.
2026-10-07 18:19:36,531 [ERROR] LogOutputStream:75 - [STDERR_REDIRECT] 
2026-10-07 18:19:37,522 [ERROR] LogOutputStream:75 - [STDERR_REDIRECT] [Fatal Error] :1:1: Premature end of file.
2026-10-07 18:19:37,523 [ERROR] LogOutputStream:75 - [STDERR_REDIRECT] 
2026-10-07 18:19:38,520 [ERROR] LogOutputStream:75 - [STDERR_REDIRECT] [Fatal Error] :1:1: Premature end of file.
2026-10-07 18:19:38,520 [ERROR] LogOutputStream:75 - [STDERR_REDIRECT] 
2026-10-07 18:19:39,522 [ERROR] LogOutputStream:75 - [STDERR_REDIRECT] [Fatal Error] :1:1: Premature end of file.
2026-10-07 18:19:39,522 [ERROR] LogOutputStream:75 - [STDERR_REDIRECT] 
2026-10-07 18:19:40,518 [ERROR] LogOutputStream:75 - [STDERR_REDIRECT] [Fatal Error] :1:1: Premature end of file.
2026-10-07 18:19:40,518 [ERROR] LogOutputStream:75 - [STDERR_REDIRECT] 
2026-10-07 18:19:41,528 [ERROR] LogOutputStream:75 - [STDERR_REDIRECT] [Fatal Error] :1:1: Premature end of file.
2026-10-07 18:19:41,528 [ERROR] LogOutputStream:75 - [STDERR_REDIRECT] 
2026-10-07 18:19:42,518 [ERROR] LogOutputStream:75 - [STDERR_REDIRECT] [Fatal Error] :1:1: Premature end of file.
2026-10-07 18:19:42,518 [ERROR] LogOutputStream:75 - [STDERR_REDIRECT] 
2026-10-07 18:19:43,526 [ERROR] LogOutputStream:75 - [STDERR_REDIRECT] [Fatal Error] :1:1: Premature end of file.
2026-10-07 18:19:43,526 [ERROR] LogOutputStream:75 - [STDERR_REDIRECT] 
2026-10-07 18:19:44,528 [ERROR] LogOutputStream:75 - [STDERR_REDIRECT] [Fatal Error] :1:1: Premature end of file.
2026-10-07 18:19:44,528 [ERROR] LogOutputStream:75 - [STDERR_REDIRECT] 
2026-10-07 18:19:45,528 [ERROR] LogOutputStream:75 - [STDERR_REDIRECT] [Fatal Error] :1:1: Premature end of file.
2026-10-07 18:19:45,528 [ERROR] LogOutputStream:75 - [STDERR_REDIRECT] 
2026-10-07 18:19:46,528 [ERROR] LogOutputStream:75 - [STDERR_REDIRECT] [Fatal Error] :1:1: Premature end of file.
2026-10-07 18:19:46,528 [ERROR] LogOutputStream:75 - [STDERR_REDIRECT] 
2026-10-07 18:19:47,529 [ERROR] LogOutputStream:75 - [STDERR_REDIRECT] [Fatal Error] :1:1: Premature end of file.
2026-10-07 18:19:47,529 [ERROR] LogOutputStream:75 - [STDERR_REDIRECT] 
2026-10-07 18:19:48,551 [ERROR] LogOutputStream:75 - [STDERR_REDIRECT] [Fatal Error] :1:1: Premature end of file.
2026-10-07 18:19:48,552 [ERROR] LogOutputStream:75 - [STDERR_REDIRECT] 
2026-10-07 18:19:49,555 [ERROR] LogOutputStream:75 - [STDERR_REDIRECT] [Fatal Error] :1:1: Premature end of file.
2026-10-07 18:19:49,555 [ERROR] LogOutputStream:75 - [STDERR_REDIRECT] 
2026-10-07 18:19:50,545 [ERROR] LogOutputStream:75 - [STDERR_REDIRECT] [Fatal Error] :1:1: Premature end of file.
2026-10-07 18:19:50,545 [ERROR] LogOutputStream:75 - [STDERR_REDIRECT] 
2026-10-07 18:19:51,528 [ERROR] LogOutputStream:75 - [STDERR_REDIRECT] [Fatal Error] :1:1: Premature end of file.
2026-10-07 18:19:51,529 [ERROR] LogOutputStream:75 - [STDERR_REDIRECT] 
2026-10-07 18:19:52,542 [ERROR] LogOutputStream:75 - [STDERR_REDIRECT] [Fatal Error] :1:1: Premature end of file.
2026-10-07 18:19:52,542 [ERROR] LogOutputStream:75 - [STDERR_REDIRECT] 
2026-10-07 18:19:53,537 [ERROR] LogOutputStream:75 - [STDERR_REDIRECT] [Fatal Error] :1:1: Premature end of file.
2026-10-07 18:19:53,537 [ERROR] LogOutputStream:75 - [STDERR_REDIRECT] 
2026-10-07 18:19:54,542 [ERROR] LogOutputStream:75 - [STDERR_REDIRECT] [Fatal Error] :1:1: Premature end of file.
2026-10-07 18:19:54,542 [ERROR] LogOutputStream:75 - [STDERR_REDIRECT] 
2026-10-07 18:19:55,533 [ERROR] LogOutputStream:75 - [STDERR_REDIRECT] [Fatal Error] :1:1: Premature end of file.
2026-10-07 18:19:55,533 [ERROR] LogOutputStream:75 - [STDERR_REDIRECT] 
2026-10-07 18:19:56,548 [ERROR] LogOutputStream:75 - [STDERR_REDIRECT] [Fatal Error] :1:1: Premature end of file.
2026-10-07 18:19:56,549 [ERROR] LogOutputStream:75 - [STDERR_REDIRECT] 
2026-10-07 18:19:57,531 [ERROR] LogOutputStream:75 - [STDERR_REDIRECT] [Fatal Error] :1:1: Premature end of file.
2026-10-07 18:19:57,532 [ERROR] LogOutputStream:75 - [STDERR_REDIRECT] 
2026-10-07 18:19:58,531 [ERROR] LogOutputStream:75 - [STDERR_REDIRECT] [Fatal Error] :1:1: Premature end of file.
2026-10-07 18:19:58,531 [ERROR] LogOutputStream:75 - [STDERR_REDIRECT] 
2026-10-07 18:19:59,551 [ERROR] LogOutputStream:75 - [STDERR_REDIRECT] [Fatal Error] :1:1: Premature end of file.
2026-10-07 18:19:59,551 [ERROR] LogOutputStream:75 - [STDERR_REDIRECT] 
2026-10-07 18:20:00,538 [ERROR] LogOutputStream:75 - [STDERR_REDIRECT] [Fatal Error] :1:1: Premature end of file.
2026-10-07 18:20:00,538 [ERROR] LogOutputStream:75 - [STDERR_REDIRECT] 
2026-10-07 18:20:01,535 [ERROR] LogOutputStream:75 - [STDERR_REDIRECT] [Fatal Error] :1:1: Premature end of file.
2026-10-07 18:20:01,535 [ERROR] LogOutputStream:75 - [STDERR_REDIRECT] 
2026-10-07 18:20:02,527 [ERROR] LogOutputStream:75 - [STDERR_REDIRECT] [Fatal Error] :1:1: Premature end of file.
2026-10-07 18:20:02,527 [ERROR] LogOutputStream:75 - [STDERR_REDIRECT] 
2026-10-07 18:20:03,523 [ERROR] LogOutputStream:75 - [STDERR_REDIRECT] [Fatal Error] :1:1: Premature end of file.
2026-10-07 18:20:03,523 [ERROR] LogOutputStream:75 - [STDERR_REDIRECT] 
2026-10-07 18:20:04,528 [ERROR] LogOutputStream:75 - [STDERR_REDIRECT] [Fatal Error] :1:1: Premature end of file.
2026-10-07 18:20:04,528 [ERROR] LogOutputStream:75 - [STDERR_REDIRECT] 
2026-10-07 18:20:05,533 [ERROR] LogOutputStream:75 - [STDERR_REDIRECT] [Fatal Error] :1:1: Premature end of file.
2026-10-07 18:20:05,534 [ERROR] LogOutputStream:75 - [STDERR_REDIRECT] 
2026-10-07 18:20:06,522 [ERROR] LogOutputStream:75 - [STDERR_REDIRECT] [Fatal Error] :1:1: Premature end of file.
2026-10-07 18:20:06,522 [ERROR] LogOutputStream:75 - [STDERR_REDIRECT] 
2026-10-07 18:20:07,536 [ERROR] LogOutputStream:75 - [STDERR_REDIRECT] [Fatal Error] :1:1: Premature end of file.
2026-10-07 18:20:07,536 [ERROR] LogOutputStream:75 - [STDERR_REDIRECT] 
2026-10-07 18:20:08,535 [ERROR] LogOutputStream:75 - [STDERR_REDIRECT] [Fatal Error] :1:1: Premature end of file.
2026-10-07 18:20:08,535 [ERROR] LogOutputStream:75 - [STDERR_REDIRECT] 
2026-10-07 18:20:09,525 [ERROR] LogOutputStream:75 - [STDERR_REDIRECT] [Fatal Error] :1:1: Premature end of file.
2026-10-07 18:20:09,526 [ERROR] LogOutputStream:75 - [STDERR_REDIRECT] 
2026-10-07 18:20:10,535 [ERROR] LogOutputStream:75 - [STDERR_REDIRECT] [Fatal Error] :1:1: Premature end of file.
2026-10-07 18:20:10,535 [ERROR] LogOutputStream:75 - [STDERR_REDIRECT] 
2026-10-07 18:20:11,523 [ERROR] LogOutputStream:75 - [STDERR_REDIRECT] [Fatal Error] :1:1: Premature end of file.
2026-10-07 18:20:11,523 [ERROR] LogOutputStream:75 - [STDERR_REDIRECT] 
2026-10-07 18:20:12,514 [ERROR] LogOutputStream:75 - [STDERR_REDIRECT] [Fatal Error] :1:1: Premature end of file.
2026-10-07 18:20:12,514 [ERROR] LogOutputStream:75 - [STDERR_REDIRECT] 
2026-10-07 18:20:13,523 [ERROR] LogOutputStream:75 - [STDERR_REDIRECT] [Fatal Error] :1:1: Premature end of file.
2026-10-07 18:20:13,523 [ERROR] LogOutputStream:75 - [STDERR_REDIRECT] 
2026-10-07 18:20:14,526 [ERROR] LogOutputStream:75 - [STDERR_REDIRECT] [Fatal Error] :1:1: Premature end of file.
2026-10-07 18:20:14,527 [ERROR] LogOutputStream:75 - [STDERR_REDIRECT] 
2026-10-07 18:20:15,521 [ERROR] LogOutputStream:75 - [STDERR_REDIRECT] [Fatal Error] :1:1: Premature end of file.
2026-10-07 18:20:15,521 [ERROR] LogOutputStream:75 - [STDERR_REDIRECT] 
2026-10-07 18:20:16,532 [ERROR] LogOutputStream:75 - [STDERR_REDIRECT] [Fatal Error] :1:1: Premature end of file.
2026-10-07 18:20:16,533 [ERROR] LogOutputStream:75 - [STDERR_REDIRECT] 
2026-10-07 18:20:17,521 [ERROR] LogOutputStream:75 - [STDERR_REDIRECT] [Fatal Error] :1:1: Premature end of file.
2026-10-07 18:20:17,522 [ERROR] LogOutputStream:75 - [STDERR_REDIRECT] 
2026-10-07 18:20:18,523 [ERROR] LogOutputStream:75 - [STDERR_REDIRECT] [Fatal Error] :1:1: Premature end of file.
2026-10-07 18:20:18,524 [ERROR] LogOutputStream:75 - [STDERR_REDIRECT] 
2026-10-07 18:20:19,521 [ERROR] LogOutputStream:75 - [STDERR_REDIRECT] [Fatal Error] :1:1: Premature end of file.
2026-10-07 18:20:19,521 [ERROR] LogOutputStream:75 - [STDERR_REDIRECT] 
2026-10-07 18:20:20,525 [ERROR] LogOutputStream:75 - [STDERR_REDIRECT] [Fatal Error] :1:1: Premature end of file.
2026-10-07 18:20:20,525 [ERROR] LogOutputStream:75 - [STDERR_REDIRECT] 
2026-10-07 18:20:21,520 [ERROR] LogOutputStream:75 - [STDERR_REDIRECT] [Fatal Error] :1:1: Premature end of file.
2026-10-07 18:20:21,520 [ERROR] LogOutputStream:75 - [STDERR_REDIRECT] 
2026-10-07 18:20:22,529 [ERROR] LogOutputStream:75 - [STDERR_REDIRECT] [Fatal Error] :1:1: Premature end of file.
2026-10-07 18:20:22,529 [ERROR] LogOutputStream:75 - [STDERR_REDIRECT] 
2026-10-07 18:20:23,525 [ERROR] LogOutputStream:75 - [STDERR_REDIRECT] [Fatal Error] :1:1: Premature end of file.
2026-10-07 18:20:23,525 [ERROR] LogOutputStream:75 - [STDERR_REDIRECT] 
2026-10-07 18:20:24,520 [ERROR] LogOutputStream:75 - [STDERR_REDIRECT] [Fatal Error] :1:1: Premature end of file.
2026-10-07 18:20:24,521 [ERROR] LogOutputStream:75 - [STDERR_REDIRECT] 
2026-10-07 18:20:25,529 [ERROR] LogOutputStream:75 - [STDERR_REDIRECT] [Fatal Error] :1:1: Premature end of file.
2026-10-07 18:20:25,529 [ERROR] LogOutputStream:75 - [STDERR_REDIRECT] 
2026-10-07 18:20:26,522 [ERROR] LogOutputStream:75 - [STDERR_REDIRECT] [Fatal Error] :1:1: Premature end of file.
2026-10-07 18:20:26,523 [ERROR] LogOutputStream:75 - [STDERR_REDIRECT] 
2026-10-07 18:20:27,513 [ERROR] LogOutputStream:75 - [STDERR_REDIRECT] [Fatal Error] :1:1: Premature end of file.
2026-10-07 18:20:27,514 [ERROR] LogOutputStream:75 - [STDERR_REDIRECT] 
2026-10-07 18:20:28,526 [ERROR] LogOutputStream:75 - [STDERR_REDIRECT] [Fatal Error] :1:1: Premature end of file.
2026-10-07 18:20:28,526 [ERROR] LogOutputStream:75 - [STDERR_REDIRECT] 
2026-10-07 18:20:29,525 [ERROR] LogOutputStream:75 - [STDERR_REDIRECT] [Fatal Error] :1:1: Premature end of file.
2026-10-07 18:20:29,525 [ERROR] LogOutputStream:75 - [STDERR_REDIRECT] 
2026-10-07 18:20:30,516 [ERROR] LogOutputStream:75 - [STDERR_REDIRECT] [Fatal Error] :1:1: Premature end of file.
2026-10-07 18:20:30,516 [ERROR] LogOutputStream:75 - [STDERR_REDIRECT] 
2026-10-07 18:20:31,525 [ERROR] LogOutputStream:75 - [STDERR_REDIRECT] [Fatal Error] :1:1: Premature end of file.
2026-10-07 18:20:31,525 [ERROR] LogOutputStream:75 - [STDERR_REDIRECT] 
2026-10-07 18:20:32,521 [ERROR] LogOutputStream:75 - [STDERR_REDIRECT] [Fatal Error] :1:1: Premature end of file.
2026-10-07 18:20:32,521 [ERROR] LogOutputStream:75 - [STDERR_REDIRECT] 
2026-10-07 18:20:33,515 [ERROR] LogOutputStream:75 - [STDERR_REDIRECT] [Fatal Error] :1:1: Premature end of file.
2026-10-07 18:20:33,515 [ERROR] LogOutputStream:75 - [STDERR_REDIRECT] 
2026-10-07 18:20:34,524 [ERROR] LogOutputStream:75 - [STDERR_REDIRECT] [Fatal Error] :1:1: Premature end of file.
2026-10-07 18:20:34,524 [ERROR] LogOutputStream:75 - [STDERR_REDIRECT] 
2026-10-07 18:20:35,518 [ERROR] LogOutputStream:75 - [STDERR_REDIRECT] [Fatal Error] :1:1: Premature end of file.
2026-10-07 18:20:35,518 [ERROR] LogOutputStream:75 - [STDERR_REDIRECT] 
2026-10-07 18:20:36,524 [ERROR] LogOutputStream:75 - [STDERR_REDIRECT] [Fatal Error] :1:1: Premature end of file.
2026-10-07 18:20:36,524 [ERROR] LogOutputStream:75 - [STDERR_REDIRECT] 
2026-10-07 18:20:37,515 [ERROR] LogOutputStream:75 - [STDERR_REDIRECT] [Fatal Error] :1:1: Premature end of file.
2026-10-07 18:20:37,515 [ERROR] LogOutputStream:75 - [STDERR_REDIRECT] 
2026-10-07 18:20:38,521 [ERROR] LogOutputStream:75 - [STDERR_REDIRECT] [Fatal Error] :1:1: Premature end of file.
2026-10-07 18:20:38,521 [ERROR] LogOutputStream:75 - [STDERR_REDIRECT] 
2026-10-07 18:20:39,527 [ERROR] LogOutputStream:75 - [STDERR_REDIRECT] [Fatal Error] :1:1: Premature end of file.
2026-10-07 18:20:39,527 [ERROR] LogOutputStream:75 - [STDERR_REDIRECT] 
2026-10-07 18:20:40,515 [ERROR] LogOutputStream:75 - [STDERR_REDIRECT] [Fatal Error] :1:1: Premature end of file.
2026-10-07 18:20:40,515 [ERROR] LogOutputStream:75 - [STDERR_REDIRECT] 
2026-10-07 18:20:41,521 [ERROR] LogOutputStream:75 - [STDERR_REDIRECT] [Fatal Error] :1:1: Premature end of file.
2026-10-07 18:20:41,521 [ERROR] LogOutputStream:75 - [STDERR_REDIRECT] 
2026-10-07 18:20:42,529 [ERROR] LogOutputStream:75 - [STDERR_REDIRECT] [Fatal Error] :1:1: Premature end of file.
2026-10-07 18:20:42,545 [ERROR] LogOutputStream:75 - [STDERR_REDIRECT] 
2026-10-07 18:20:43,519 [ERROR] LogOutputStream:75 - [STDERR_REDIRECT] [Fatal Error] :1:1: Premature end of file.
2026-10-07 18:20:43,519 [ERROR] LogOutputStream:75 - [STDERR_REDIRECT] 
2026-10-07 18:20:44,515 [ERROR] LogOutputStream:75 - [STDERR_REDIRECT] [Fatal Error] :1:1: Premature end of file.
2026-10-07 18:20:44,515 [ERROR] LogOutputStream:75 - [STDERR_REDIRECT] 
2026-10-07 18:20:45,531 [ERROR] LogOutputStream:75 - [STDERR_REDIRECT] [Fatal Error] :1:1: Premature end of file.
2026-10-07 18:20:45,531 [ERROR] LogOutputStream:75 - [STDERR_REDIRECT] 
2026-10-07 18:20:46,517 [ERROR] LogOutputStream:75 - [STDERR_REDIRECT] [Fatal Error] :1:1: Premature end of file.
2026-10-07 18:20:46,517 [ERROR] LogOutputStream:75 - [STDERR_REDIRECT] 
2026-10-07 18:20:47,523 [ERROR] LogOutputStream:75 - [STDERR_REDIRECT] [Fatal Error] :1:1: Premature end of file.
2026-10-07 18:20:47,524 [ERROR] LogOutputStream:75 - [STDERR_REDIRECT] 
2026-10-07 18:20:48,526 [ERROR] LogOutputStream:75 - [STDERR_REDIRECT] [Fatal Error] :1:1: Premature end of file.
2026-10-07 18:20:48,526 [ERROR] LogOutputStream:75 - [STDERR_REDIRECT] 
2026-10-07 18:20:49,515 [ERROR] LogOutputStream:75 - [STDERR_REDIRECT] [Fatal Error] :1:1: Premature end of file.
2026-10-07 18:20:49,515 [ERROR] LogOutputStream:75 - [STDERR_REDIRECT] 
2026-10-07 18:20:50,522 [ERROR] LogOutputStream:75 - [STDERR_REDIRECT] [Fatal Error] :1:1: Premature end of file.
2026-10-07 18:20:50,522 [ERROR] LogOutputStream:75 - [STDERR_REDIRECT] 
2026-10-07 18:20:51,513 [ERROR] LogOutputStream:75 - [STDERR_REDIRECT] [Fatal Error] :1:1: Premature end of file.
2026-10-07 18:20:51,513 [ERROR] LogOutputStream:75 - [STDERR_REDIRECT] 
2026-10-07 18:20:52,518 [ERROR] LogOutputStream:75 - [STDERR_REDIRECT] [Fatal Error] :1:1: Premature end of file.
2026-10-07 18:20:52,518 [ERROR] LogOutputStream:75 - [STDERR_REDIRECT] 
2026-10-07 18:20:53,527 [ERROR] LogOutputStream:75 - [STDERR_REDIRECT] [Fatal Error] :1:1: Premature end of file.
2026-10-07 18:20:53,528 [ERROR] LogOutputStream:75 - [STDERR_REDIRECT] 
2026-10-07 18:20:54,515 [ERROR] LogOutputStream:75 - [STDERR_REDIRECT] [Fatal Error] :1:1: Premature end of file.
2026-10-07 18:20:54,515 [ERROR] LogOutputStream:75 - [STDERR_REDIRECT] 
2026-10-07 18:20:55,529 [ERROR] LogOutputStream:75 - [STDERR_REDIRECT] [Fatal Error] :1:1: Premature end of file.
2026-10-07 18:20:55,530 [ERROR] LogOutputStream:75 - [STDERR_REDIRECT] 
2026-10-07 18:20:56,514 [ERROR] LogOutputStream:75 - [STDERR_REDIRECT] [Fatal Error] :1:1: Premature end of file.
2026-10-07 18:20:56,515 [ERROR] LogOutputStream:75 - [STDERR_REDIRECT] 
2026-10-07 18:20:57,523 [ERROR] LogOutputStream:75 - [STDERR_REDIRECT] [Fatal Error] :1:1: Premature end of file.
2026-10-07 18:20:57,528 [ERROR] LogOutputStream:75 - [STDERR_REDIRECT] 
2026-10-07 18:20:58,514 [ERROR] LogOutputStream:75 - [STDERR_REDIRECT] [Fatal Error] :1:1: Premature end of file.
2026-10-07 18:20:58,514 [ERROR] LogOutputStream:75 - [STDERR_REDIRECT] 
2026-10-07 18:20:59,520 [ERROR] LogOutputStream:75 - [STDERR_REDIRECT] [Fatal Error] :1:1: Premature end of file.
2026-10-07 18:20:59,520 [ERROR] LogOutputStream:75 - [STDERR_REDIRECT] 
2026-10-07 18:21:00,511 [ERROR] LogOutputStream:75 - [STDERR_REDIRECT] [Fatal Error] :1:1: Premature end of file.
2026-10-07 18:21:00,512 [ERROR] LogOutputStream:75 - [STDERR_REDIRECT] 
2026-10-07 18:21:01,519 [ERROR] LogOutputStream:75 - [STDERR_REDIRECT] [Fatal Error] :1:1: Premature end of file.
2026-10-07 18:21:01,519 [ERROR] LogOutputStream:75 - [STDERR_REDIRECT] 
2026-10-07 18:21:02,526 [ERROR] LogOutputStream:75 - [STDERR_REDIRECT] [Fatal Error] :1:1: Premature end of file.
2026-10-07 18:21:02,526 [ERROR] LogOutputStream:75 - [STDERR_REDIRECT] 
2026-10-07 18:21:03,514 [ERROR] LogOutputStream:75 - [STDERR_REDIRECT] [Fatal Error] :1:1: Premature end of file.
2026-10-07 18:21:03,514 [ERROR] LogOutputStream:75 - [STDERR_REDIRECT] 
2026-10-07 18:21:04,521 [ERROR] LogOutputStream:75 - [STDERR_REDIRECT] [Fatal Error] :1:1: Premature end of file.
2026-10-07 18:21:04,521 [ERROR] LogOutputStream:75 - [STDERR_REDIRECT] 
2026-10-07 18:21:05,535 [ERROR] LogOutputStream:75 - [STDERR_REDIRECT] [Fatal Error] :1:1: Premature end of file.
2026-10-07 18:21:05,535 [ERROR] LogOutputStream:75 - [STDERR_REDIRECT] 
2026-10-07 18:21:06,517 [ERROR] LogOutputStream:75 - [STDERR_REDIRECT] [Fatal Error] :1:1: Premature end of file.
2026-10-07 18:21:06,517 [ERROR] LogOutputStream:75 - [STDERR_REDIRECT] 
2026-10-07 18:21:07,515 [ERROR] LogOutputStream:75 - [STDERR_REDIRECT] [Fatal Error] :1:1: Premature end of file.
2026-10-07 18:21:07,515 [ERROR] LogOutputStream:75 - [STDERR_REDIRECT] 
2026-10-07 18:21:08,522 [ERROR] LogOutputStream:75 - [STDERR_REDIRECT] [Fatal Error] :1:1: Premature end of file.
2026-10-07 18:21:08,522 [ERROR] LogOutputStream:75 - [STDERR_REDIRECT] 
2026-10-07 18:21:09,514 [ERROR] LogOutputStream:75 - [STDERR_REDIRECT] [Fatal Error] :1:1: Premature end of file.
2026-10-07 18:21:09,514 [ERROR] LogOutputStream:75 - [STDERR_REDIRECT] 
2026-10-07 18:21:10,520 [ERROR] LogOutputStream:75 - [STDERR_REDIRECT] [Fatal Error] :1:1: Premature end of file.
2026-10-07 18:21:10,520 [ERROR] LogOutputStream:75 - [STDERR_REDIRECT] 
2026-10-07 18:21:11,526 [ERROR] LogOutputStream:75 - [STDERR_REDIRECT] [Fatal Error] :1:1: Premature end of file.
2026-10-07 18:21:11,526 [ERROR] LogOutputStream:75 - [STDERR_REDIRECT] 
2026-10-07 18:21:12,515 [ERROR] LogOutputStream:75 - [STDERR_REDIRECT] [Fatal Error] :1:1: Premature end of file.
2026-10-07 18:21:12,515 [ERROR] LogOutputStream:75 - [STDERR_REDIRECT] 
2026-10-07 18:21:13,518 [ERROR] LogOutputStream:75 - [STDERR_REDIRECT] [Fatal Error] :1:1: Premature end of file.
2026-10-07 18:21:13,518 [ERROR] LogOutputStream:75 - [STDERR_REDIRECT] 
2026-10-07 18:21:14,518 [ERROR] LogOutputStream:75 - [STDERR_REDIRECT] [Fatal Error] :1:1: Premature end of file.
2026-10-07 18:21:14,518 [ERROR] LogOutputStream:75 - [STDERR_REDIRECT] 
2026-10-07 18:21:15,524 [ERROR] LogOutputStream:75 - [STDERR_REDIRECT] [Fatal Error] :1:1: Premature end of file.
2026-10-07 18:21:15,525 [ERROR] LogOutputStream:75 - [STDERR_REDIRECT] 
2026-10-07 18:21:16,517 [ERROR] LogOutputStream:75 - [STDERR_REDIRECT] [Fatal Error] :1:1: Premature end of file.
2026-10-07 18:21:16,517 [ERROR] LogOutputStream:75 - [STDERR_REDIRECT] 
2026-10-07 18:21:17,525 [ERROR] LogOutputStream:75 - [STDERR_REDIRECT] [Fatal Error] :1:1: Premature end of file.
2026-10-07 18:21:17,525 [ERROR] LogOutputStream:75 - [STDERR_REDIRECT] 
2026-10-07 18:21:18,529 [ERROR] LogOutputStream:75 - [STDERR_REDIRECT] [Fatal Error] :1:1: Premature end of file.
2026-10-07 18:21:18,530 [ERROR] LogOutputStream:75 - [STDERR_REDIRECT] 
2026-10-07 18:21:19,523 [ERROR] LogOutputStream:75 - [STDERR_REDIRECT] [Fatal Error] :1:1: Premature end of file.
2026-10-07 18:21:19,523 [ERROR] LogOutputStream:75 - [STDERR_REDIRECT] 
2026-10-07 18:21:20,527 [ERROR] LogOutputStream:75 - [STDERR_REDIRECT] [Fatal Error] :1:1: Premature end of file.
2026-10-07 18:21:20,527 [ERROR] LogOutputStream:75 - [STDERR_REDIRECT] 
2026-10-07 18:21:21,526 [ERROR] LogOutputStream:75 - [STDERR_REDIRECT] [Fatal Error] :1:1: Premature end of file.
2026-10-07 18:21:21,526 [ERROR] LogOutputStream:75 - [STDERR_REDIRECT] 
2026-10-07 18:21:22,518 [ERROR] LogOutputStream:75 - [STDERR_REDIRECT] [Fatal Error] :1:1: Premature end of file.
2026-10-07 18:21:22,519 [ERROR] LogOutputStream:75 - [STDERR_REDIRECT] 
2026-10-07 18:21:23,526 [ERROR] LogOutputStream:75 - [STDERR_REDIRECT] [Fatal Error] :1:1: Premature end of file.
2026-10-07 18:21:23,526 [ERROR] LogOutputStream:75 - [STDERR_REDIRECT] 
2026-10-07 18:21:24,515 [ERROR] LogOutputStream:75 - [STDERR_REDIRECT] [Fatal Error] :1:1: Premature end of file.
2026-10-07 18:21:24,515 [ERROR] LogOutputStream:75 - [STDERR_REDIRECT] 
2026-10-07 18:21:25,523 [ERROR] LogOutputStream:75 - [STDERR_REDIRECT] [Fatal Error] :1:1: Premature end of file.
2026-10-07 18:21:25,523 [ERROR] LogOutputStream:75 - [STDERR_REDIRECT] 
2026-10-07 18:21:26,516 [ERROR] LogOutputStream:75 - [STDERR_REDIRECT] [Fatal Error] :1:1: Premature end of file.
2026-10-07 18:21:26,516 [ERROR] LogOutputStream:75 - [STDERR_REDIRECT] 
2026-10-07 18:21:27,513 [ERROR] LogOutputStream:75 - [STDERR_REDIRECT] [Fatal Error] :1:1: Premature end of file.
2026-10-07 18:21:27,521 [ERROR] LogOutputStream:75 - [STDERR_REDIRECT] 
2026-10-07 18:21:28,520 [ERROR] LogOutputStream:75 - [STDERR_REDIRECT] [Fatal Error] :1:1: Premature end of file.
2026-10-07 18:21:28,520 [ERROR] LogOutputStream:75 - [STDERR_REDIRECT] 
2026-10-07 18:21:29,526 [ERROR] LogOutputStream:75 - [STDERR_REDIRECT] [Fatal Error] :1:1: Premature end of file.
2026-10-07 18:21:29,526 [ERROR] LogOutputStream:75 - [STDERR_REDIRECT] 
2026-10-07 18:21:30,529 [ERROR] LogOutputStream:75 - [STDERR_REDIRECT] [Fatal Error] :1:1: Premature end of file.
2026-10-07 18:21:30,529 [ERROR] LogOutputStream:75 - [STDERR_REDIRECT] 
2026-10-07 18:21:31,519 [ERROR] LogOutputStream:75 - [STDERR_REDIRECT] [Fatal Error] :1:1: Premature end of file.
2026-10-07 18:21:31,519 [ERROR] LogOutputStream:75 - [STDERR_REDIRECT] 
2026-10-07 18:21:32,511 [ERROR] LogOutputStream:75 - [STDERR_REDIRECT] [Fatal Error] :1:1: Premature end of file.
2026-10-07 18:21:32,511 [ERROR] LogOutputStream:75 - [STDERR_REDIRECT] 
2026-10-07 18:21:33,516 [ERROR] LogOutputStream:75 - [STDERR_REDIRECT] [Fatal Error] :1:1: Premature end of file.
2026-10-07 18:21:33,517 [ERROR] LogOutputStream:75 - [STDERR_REDIRECT] 
2026-10-07 18:21:34,515 [ERROR] LogOutputStream:75 - [STDERR_REDIRECT] [Fatal Error] :1:1: Premature end of file.
2026-10-07 18:21:34,516 [ERROR] LogOutputStream:75 - [STDERR_REDIRECT] 
2026-10-07 18:21:35,514 [ERROR] LogOutputStream:75 - [STDERR_REDIRECT] [Fatal Error] :1:1: Premature end of file.
2026-10-07 18:21:35,514 [ERROR] LogOutputStream:75 - [STDERR_REDIRECT] 
2026-10-07 18:21:36,514 [ERROR] LogOutputStream:75 - [STDERR_REDIRECT] [Fatal Error] :1:1: Premature end of file.
2026-10-07 18:21:36,514 [ERROR] LogOutputStream:75 - [STDERR_REDIRECT] 
2026-10-07 18:21:37,513 [ERROR] LogOutputStream:75 - [STDERR_REDIRECT] [Fatal Error] :1:1: Premature end of file.
2026-10-07 18:21:37,514 [ERROR] LogOutputStream:75 - [STDERR_REDIRECT] 
2026-10-07 18:21:38,511 [ERROR] LogOutputStream:75 - [STDERR_REDIRECT] [Fatal Error] :1:1: Premature end of file.
2026-10-07 18:21:38,511 [ERROR] LogOutputStream:75 - [STDERR_REDIRECT] 
2026-10-07 18:21:39,509 [ERROR] LogOutputStream:75 - [STDERR_REDIRECT] [Fatal Error] :1:1: Premature end of file.
2026-10-07 18:21:39,509 [ERROR] LogOutputStream:75 - [STDERR_REDIRECT] 
2026-10-07 18:21:40,513 [ERROR] LogOutputStream:75 - [STDERR_REDIRECT] [Fatal Error] :1:1: Premature end of file.
2026-10-07 18:21:40,513 [ERROR] LogOutputStream:75 - [STDERR_REDIRECT] 
2026-10-07 18:21:41,512 [ERROR] LogOutputStream:75 - [STDERR_REDIRECT] [Fatal Error] :1:1: Premature end of file.
2026-10-07 18:21:41,512 [ERROR] LogOutputStream:75 - [STDERR_REDIRECT] 
2026-10-07 18:21:42,514 [ERROR] LogOutputStream:75 - [STDERR_REDIRECT] [Fatal Error] :1:1: Premature end of file.
2026-10-07 18:21:42,514 [ERROR] LogOutputStream:75 - [STDERR_REDIRECT] 
2026-10-07 18:21:43,512 [ERROR] LogOutputStream:75 - [STDERR_REDIRECT] [Fatal Error] :1:1: Premature end of file.
2026-10-07 18:21:43,513 [ERROR] LogOutputStream:75 - [STDERR_REDIRECT] 
2026-10-07 18:21:44,514 [ERROR] LogOutputStream:75 - [STDERR_REDIRECT] [Fatal Error] :1:1: Premature end of file.
2026-10-07 18:21:44,514 [ERROR] LogOutputStream:75 - [STDERR_REDIRECT] 
2026-10-07 18:21:45,514 [ERROR] LogOutputStream:75 - [STDERR_REDIRECT] [Fatal Error] :1:1: Premature end of file.
2026-10-07 18:21:45,514 [ERROR] LogOutputStream:75 - [STDERR_REDIRECT] 
2026-10-07 18:21:46,512 [ERROR] LogOutputStream:75 - [STDERR_REDIRECT] [Fatal Error] :1:1: Premature end of file.
2026-10-07 18:21:46,512 [ERROR] LogOutputStream:75 - [STDERR_REDIRECT] 
2026-10-07 18:21:47,514 [ERROR] LogOutputStream:75 - [STDERR_REDIRECT] [Fatal Error] :1:1: Premature end of file.
2026-10-07 18:21:47,514 [ERROR] LogOutputStream:75 - [STDERR_REDIRECT] 
2026-10-07 18:21:48,513 [ERROR] LogOutputStream:75 - [STDERR_REDIRECT] [Fatal Error] :1:1: Premature end of file.
2026-10-07 18:21:48,513 [ERROR] LogOutputStream:75 - [STDERR_REDIRECT] 
2026-10-07 18:21:49,512 [ERROR] LogOutputStream:75 - [STDERR_REDIRECT] [Fatal Error] :1:1: Premature end of file.
2026-10-07 18:21:49,512 [ERROR] LogOutputStream:75 - [STDERR_REDIRECT] 
2026-10-07 18:21:50,514 [ERROR] LogOutputStream:75 - [STDERR_REDIRECT] [Fatal Error] :1:1: Premature end of file.
2026-10-07 18:21:50,515 [ERROR] LogOutputStream:75 - [STDERR_REDIRECT] 
2026-10-07 18:21:51,518 [ERROR] LogOutputStream:75 - [STDERR_REDIRECT] [Fatal Error] :1:1: Premature end of file.
2026-10-07 18:21:51,518 [ERROR] LogOutputStream:75 - [STDERR_REDIRECT] 
2026-10-07 18:21:52,512 [ERROR] LogOutputStream:75 - [STDERR_REDIRECT] [Fatal Error] :1:1: Premature end of file.
2026-10-07 18:21:52,512 [ERROR] LogOutputStream:75 - [STDERR_REDIRECT] 
2026-10-07 18:21:53,513 [ERROR] LogOutputStream:75 - [STDERR_REDIRECT] [Fatal Error] :1:1: Premature end of file.
2026-10-07 18:21:53,514 [ERROR] LogOutputStream:75 - [STDERR_REDIRECT] 
2026-10-07 18:21:54,514 [ERROR] LogOutputStream:75 - [STDERR_REDIRECT] [Fatal Error] :1:1: Premature end of file.
2026-10-07 18:21:54,514 [ERROR] LogOutputStream:75 - [STDERR_REDIRECT] 
2026-10-07 18:21:55,560 [ERROR] LogOutputStream:75 - [STDERR_REDIRECT] [Fatal Error] :1:1: Premature end of file.
2026-10-07 18:21:55,560 [ERROR] LogOutputStream:75 - [STDERR_REDIRECT] 
2026-10-07 18:21:56,526 [ERROR] LogOutputStream:75 - [STDERR_REDIRECT] [Fatal Error] :1:1: Premature end of file.
2026-10-07 18:21:56,526 [ERROR] LogOutputStream:75 - [STDERR_REDIRECT] 
2026-10-07 18:21:57,522 [ERROR] LogOutputStream:75 - [STDERR_REDIRECT] [Fatal Error] :1:1: Premature end of file.
2026-10-07 18:21:57,522 [ERROR] LogOutputStream:75 - [STDERR_REDIRECT] 
2026-10-07 18:21:58,518 [ERROR] LogOutputStream:75 - [STDERR_REDIRECT] [Fatal Error] :1:1: Premature end of file.
2026-10-07 18:21:58,519 [ERROR] LogOutputStream:75 - [STDERR_REDIRECT] 
2026-10-07 18:21:59,514 [ERROR] LogOutputStream:75 - [STDERR_REDIRECT] [Fatal Error] :1:1: Premature end of file.
2026-10-07 18:21:59,515 [ERROR] LogOutputStream:75 - [STDERR_REDIRECT] 
2026-10-07 18:22:00,514 [ERROR] LogOutputStream:75 - [STDERR_REDIRECT] [Fatal Error] :1:1: Premature end of file.
2026-10-07 18:22:00,514 [ERROR] LogOutputStream:75 - [STDERR_REDIRECT] 
2026-10-07 18:22:01,539 [ERROR] LogOutputStream:75 - [STDERR_REDIRECT] [Fatal Error] :1:1: Premature end of file.
2026-10-07 18:22:01,540 [ERROR] LogOutputStream:75 - [STDERR_REDIRECT] 
2026-10-07 18:22:02,514 [ERROR] LogOutputStream:75 - [STDERR_REDIRECT] [Fatal Error] :1:1: Premature end of file.
2026-10-07 18:22:02,514 [ERROR] LogOutputStream:75 - [STDERR_REDIRECT] 
2026-10-07 18:22:03,525 [ERROR] LogOutputStream:75 - [STDERR_REDIRECT] [Fatal Error] :1:1: Premature end of file.
2026-10-07 18:22:03,525 [ERROR] LogOutputStream:75 - [STDERR_REDIRECT] 
2026-10-07 18:22:04,514 [ERROR] LogOutputStream:75 - [STDERR_REDIRECT] [Fatal Error] :1:1: Premature end of file.
2026-10-07 18:22:04,515 [ERROR] LogOutputStream:75 - [STDERR_REDIRECT] 
2026-10-07 18:22:05,554 [ERROR] LogOutputStream:75 - [STDERR_REDIRECT] [Fatal Error] :1:1: Premature end of file.
2026-10-07 18:22:05,556 [ERROR] LogOutputStream:75 - [STDERR_REDIRECT] 
2026-10-07 18:22:06,524 [ERROR] LogOutputStream:75 - [STDERR_REDIRECT] [Fatal Error] :1:1: Premature end of file.
2026-10-07 18:22:06,525 [ERROR] LogOutputStream:75 - [STDERR_REDIRECT] 
2026-10-07 18:22:07,528 [ERROR] LogOutputStream:75 - [STDERR_REDIRECT] [Fatal Error] :1:1: Premature end of file.
2026-10-07 18:22:07,528 [ERROR] LogOutputStream:75 - [STDERR_REDIRECT] 
2026-10-07 18:22:08,543 [ERROR] LogOutputStream:75 - [STDERR_REDIRECT] [Fatal Error] :1:1: Premature end of file.
2026-10-07 18:22:08,543 [ERROR] LogOutputStream:75 - [STDERR_REDIRECT] 
2026-10-07 18:22:09,528 [ERROR] LogOutputStream:75 - [STDERR_REDIRECT] [Fatal Error] :1:1: Premature end of file.
2026-10-07 18:22:09,528 [ERROR] LogOutputStream:75 - [STDERR_REDIRECT] 
2026-10-07 18:22:10,678 [ERROR] LogOutputStream:75 - [STDERR_REDIRECT] [Fatal Error] :1:1: Premature end of file.
2026-10-07 18:22:10,678 [ERROR] LogOutputStream:75 - [STDERR_REDIRECT] 
2026-10-07 18:22:11,549 [ERROR] LogOutputStream:75 - [STDERR_REDIRECT] [Fatal Error] :1:1: Premature end of file.
2026-10-07 18:22:11,550 [ERROR] LogOutputStream:75 - [STDERR_REDIRECT] 
2026-10-07 18:22:12,518 [ERROR] LogOutputStream:75 - [STDERR_REDIRECT] [Fatal Error] :1:1: Premature end of file.
2026-10-07 18:22:12,519 [ERROR] LogOutputStream:75 - [STDERR_REDIRECT] 
2026-10-07 18:22:13,514 [ERROR] LogOutputStream:75 - [STDERR_REDIRECT] [Fatal Error] :1:1: Premature end of file.
2026-10-07 18:22:13,514 [ERROR] LogOutputStream:75 - [STDERR_REDIRECT] 
2026-10-07 18:22:14,513 [ERROR] LogOutputStream:75 - [STDERR_REDIRECT] [Fatal Error] :1:1: Premature end of file.
2026-10-07 18:22:14,513 [ERROR] LogOutputStream:75 - [STDERR_REDIRECT] 
2026-10-07 18:22:15,514 [ERROR] LogOutputStream:75 - [STDERR_REDIRECT] [Fatal Error] :1:1: Premature end of file.
2026-10-07 18:22:15,514 [ERROR] LogOutputStream:75 - [STDERR_REDIRECT] 
2026-10-07 18:22:16,510 [ERROR] LogOutputStream:75 - [STDERR_REDIRECT] [Fatal Error] :1:1: Premature end of file.
2026-10-07 18:22:16,510 [ERROR] LogOutputStream:75 - [STDERR_REDIRECT] 
2026-10-07 18:22:17,516 [ERROR] LogOutputStream:75 - [STDERR_REDIRECT] [Fatal Error] :1:1: Premature end of file.
2026-10-07 18:22:17,516 [ERROR] LogOutputStream:75 - [STDERR_REDIRECT] 
2026-10-07 18:22:18,519 [ERROR] LogOutputStream:75 - [STDERR_REDIRECT] [Fatal Error] :1:1: Premature end of file.
2026-10-07 18:22:18,519 [ERROR] LogOutputStream:75 - [STDERR_REDIRECT] 
2026-10-07 18:22:19,520 [ERROR] LogOutputStream:75 - [STDERR_REDIRECT] [Fatal Error] :1:1: Premature end of file.
2026-10-07 18:22:19,521 [ERROR] LogOutputStream:75 - [STDERR_REDIRECT] 
2026-10-07 18:22:20,515 [ERROR] LogOutputStream:75 - [STDERR_REDIRECT] [Fatal Error] :1:1: Premature end of file.
2026-10-07 18:22:20,516 [ERROR] LogOutputStream:75 - [STDERR_REDIRECT] 
2026-10-07 18:22:21,520 [ERROR] LogOutputStream:75 - [STDERR_REDIRECT] [Fatal Error] :1:1: Premature end of file.
2026-10-07 18:22:21,520 [ERROR] LogOutputStream:75 - [STDERR_REDIRECT] 
2026-10-07 18:22:22,526 [ERROR] LogOutputStream:75 - [STDERR_REDIRECT] [Fatal Error] :1:1: Premature end of file.
2026-10-07 18:22:22,526 [ERROR] LogOutputStream:75 - [STDERR_REDIRECT] 
2026-10-07 18:22:23,517 [ERROR] LogOutputStream:75 - [STDERR_REDIRECT] [Fatal Error] :1:1: Premature end of file.
2026-10-07 18:22:23,518 [ERROR] LogOutputStream:75 - [STDERR_REDIRECT] 
2026-10-07 18:22:24,520 [ERROR] LogOutputStream:75 - [STDERR_REDIRECT] [Fatal Error] :1:1: Premature end of file.
2026-10-07 18:22:24,520 [ERROR] LogOutputStream:75 - [STDERR_REDIRECT] 
2026-10-07 18:22:25,513 [ERROR] LogOutputStream:75 - [STDERR_REDIRECT] [Fatal Error] :1:1: Premature end of file.
2026-10-07 18:22:25,514 [ERROR] LogOutputStream:75 - [STDERR_REDIRECT] 
2026-10-07 18:22:26,512 [ERROR] LogOutputStream:75 - [STDERR_REDIRECT] [Fatal Error] :1:1: Premature end of file.
2026-10-07 18:22:26,512 [ERROR] LogOutputStream:75 - [STDERR_REDIRECT] 
2026-10-07 18:22:27,513 [ERROR] LogOutputStream:75 - [STDERR_REDIRECT] [Fatal Error] :1:1: Premature end of file.
2026-10-07 18:22:27,513 [ERROR] LogOutputStream:75 - [STDERR_REDIRECT] 
2026-10-07 18:22:28,515 [ERROR] LogOutputStream:75 - [STDERR_REDIRECT] [Fatal Error] :1:1: Premature end of file.
2026-10-07 18:22:28,515 [ERROR] LogOutputStream:75 - [STDERR_REDIRECT] 
2026-10-07 18:22:29,512 [ERROR] LogOutputStream:75 - [STDERR_REDIRECT] [Fatal Error] :1:1: Premature end of file.
2026-10-07 18:22:29,513 [ERROR] LogOutputStream:75 - [STDERR_REDIRECT] 
2026-10-07 18:22:30,513 [ERROR] LogOutputStream:75 - [STDERR_REDIRECT] [Fatal Error] :1:1: Premature end of file.
2026-10-07 18:22:30,513 [ERROR] LogOutputStream:75 - [STDERR_REDIRECT] 
2026-10-07 18:22:31,511 [ERROR] LogOutputStream:75 - [STDERR_REDIRECT] [Fatal Error] :1:1: Premature end of file.
2026-10-07 18:22:31,512 [ERROR] LogOutputStream:75 - [STDERR_REDIRECT] 
2026-10-07 18:22:32,514 [ERROR] LogOutputStream:75 - [STDERR_REDIRECT] [Fatal Error] :1:1: Premature end of file.
2026-10-07 18:22:32,515 [ERROR] LogOutputStream:75 - [STDERR_REDIRECT] 
2026-10-07 18:22:33,520 [ERROR] LogOutputStream:75 - [STDERR_REDIRECT] [Fatal Error] :1:1: Premature end of file.
2026-10-07 18:22:33,521 [ERROR] LogOutputStream:75 - [STDERR_REDIRECT] 
2026-10-07 18:22:34,516 [ERROR] LogOutputStream:75 - [STDERR_REDIRECT] [Fatal Error] :1:1: Premature end of file.
2026-10-07 18:22:34,517 [ERROR] LogOutputStream:75 - [STDERR_REDIRECT] 
2026-10-07 18:22:35,526 [ERROR] LogOutputStream:75 - [STDERR_REDIRECT] [Fatal Error] :1:1: Premature end of file.
2026-10-07 18:22:35,526 [ERROR] LogOutputStream:75 - [STDERR_REDIRECT] 
2026-10-07 18:22:36,518 [ERROR] LogOutputStream:75 - [STDERR_REDIRECT] [Fatal Error] :1:1: Premature end of file.
2026-10-07 18:22:36,518 [ERROR] LogOutputStream:75 - [STDERR_REDIRECT] 
2026-10-07 18:22:37,515 [ERROR] LogOutputStream:75 - [STDERR_REDIRECT] [Fatal Error] :1:1: Premature end of file.
2026-10-07 18:22:37,515 [ERROR] LogOutputStream:75 - [STDERR_REDIRECT] 
2026-10-07 18:22:38,513 [ERROR] LogOutputStream:75 - [STDERR_REDIRECT] [Fatal Error] :1:1: Premature end of file.
2026-10-07 18:22:38,513 [ERROR] LogOutputStream:75 - [STDERR_REDIRECT] 
2026-10-07 18:22:39,517 [ERROR] LogOutputStream:75 - [STDERR_REDIRECT] [Fatal Error] :1:1: Premature end of file.
2026-10-07 18:22:39,517 [ERROR] LogOutputStream:75 - [STDERR_REDIRECT] 
2026-10-07 18:22:40,513 [ERROR] LogOutputStream:75 - [STDERR_REDIRECT] [Fatal Error] :1:1: Premature end of file.
2026-10-07 18:22:40,514 [ERROR] LogOutputStream:75 - [STDERR_REDIRECT] 
2026-10-07 18:22:41,518 [ERROR] LogOutputStream:75 - [STDERR_REDIRECT] [Fatal Error] :1:1: Premature end of file.
2026-10-07 18:22:41,518 [ERROR] LogOutputStream:75 - [STDERR_REDIRECT] 
2026-10-07 18:22:42,522 [ERROR] LogOutputStream:75 - [STDERR_REDIRECT] [Fatal Error] :1:1: Premature end of file.
2026-10-07 18:22:42,522 [ERROR] LogOutputStream:75 - [STDERR_REDIRECT] 
2026-10-07 18:22:43,520 [ERROR] LogOutputStream:75 - [STDERR_REDIRECT] [Fatal Error] :1:1: Premature end of file.
2026-10-07 18:22:43,520 [ERROR] LogOutputStream:75 - [STDERR_REDIRECT] 
2026-10-07 18:22:44,512 [ERROR] LogOutputStream:75 - [STDERR_REDIRECT] [Fatal Error] :1:1: Premature end of file.
2026-10-07 18:22:44,512 [ERROR] LogOutputStream:75 - [STDERR_REDIRECT] 
2026-10-07 18:22:45,517 [ERROR] LogOutputStream:75 - [STDERR_REDIRECT] [Fatal Error] :1:1: Premature end of file.
2026-10-07 18:22:45,517 [ERROR] LogOutputStream:75 - [STDERR_REDIRECT] 
2026-10-07 18:22:46,514 [ERROR] LogOutputStream:75 - [STDERR_REDIRECT] [Fatal Error] :1:1: Premature end of file.
2026-10-07 18:22:46,514 [ERROR] LogOutputStream:75 - [STDERR_REDIRECT] 
2026-10-07 18:22:47,514 [ERROR] LogOutputStream:75 - [STDERR_REDIRECT] [Fatal Error] :1:1: Premature end of file.
2026-10-07 18:22:47,515 [ERROR] LogOutputStream:75 - [STDERR_REDIRECT] 
2026-10-07 18:22:48,514 [ERROR] LogOutputStream:75 - [STDERR_REDIRECT] [Fatal Error] :1:1: Premature end of file.
2026-10-07 18:22:48,514 [ERROR] LogOutputStream:75 - [STDERR_REDIRECT] 
2026-10-07 18:22:49,513 [ERROR] LogOutputStream:75 - [STDERR_REDIRECT] [Fatal Error] :1:1: Premature end of file.
2026-10-07 18:22:49,514 [ERROR] LogOutputStream:75 - [STDERR_REDIRECT] 
2026-10-07 18:22:50,527 [ERROR] LogOutputStream:75 - [STDERR_REDIRECT] [Fatal Error] :1:1: Premature end of file.
2026-10-07 18:22:50,527 [ERROR] LogOutputStream:75 - [STDERR_REDIRECT] 
2026-10-07 18:22:51,513 [ERROR] LogOutputStream:75 - [STDERR_REDIRECT] [Fatal Error] :1:1: Premature end of file.
2026-10-07 18:22:51,514 [ERROR] LogOutputStream:75 - [STDERR_REDIRECT] 
2026-10-07 18:22:52,512 [ERROR] LogOutputStream:75 - [STDERR_REDIRECT] [Fatal Error] :1:1: Premature end of file.
2026-10-07 18:22:52,512 [ERROR] LogOutputStream:75 - [STDERR_REDIRECT] 
2026-10-07 18:22:53,512 [ERROR] LogOutputStream:75 - [STDERR_REDIRECT] [Fatal Error] :1:1: Premature end of file.
2026-10-07 18:22:53,513 [ERROR] LogOutputStream:75 - [STDERR_REDIRECT] 
2026-10-07 18:22:54,513 [ERROR] LogOutputStream:75 - [STDERR_REDIRECT] [Fatal Error] :1:1: Premature end of file.
2026-10-07 18:22:54,513 [ERROR] LogOutputStream:75 - [STDERR_REDIRECT] 
2026-10-07 18:22:55,512 [ERROR] LogOutputStream:75 - [STDERR_REDIRECT] [Fatal Error] :1:1: Premature end of file.
2026-10-07 18:22:55,512 [ERROR] LogOutputStream:75 - [STDERR_REDIRECT] 
2026-10-07 18:22:56,517 [ERROR] LogOutputStream:75 - [STDERR_REDIRECT] [Fatal Error] :1:1: Premature end of file.
2026-10-07 18:22:56,517 [ERROR] LogOutputStream:75 - [STDERR_REDIRECT] 
2026-10-07 18:22:57,518 [ERROR] LogOutputStream:75 - [STDERR_REDIRECT] [Fatal Error] :1:1: Premature end of file.
2026-10-07 18:22:57,518 [ERROR] LogOutputStream:75 - [STDERR_REDIRECT] 
2026-10-07 18:22:58,513 [ERROR] LogOutputStream:75 - [STDERR_REDIRECT] [Fatal Error] :1:1: Premature end of file.
2026-10-07 18:22:58,513 [ERROR] LogOutputStream:75 - [STDERR_REDIRECT] 
2026-10-07 18:22:59,512 [ERROR] LogOutputStream:75 - [STDERR_REDIRECT] [Fatal Error] :1:1: Premature end of file.
2026-10-07 18:22:59,512 [ERROR] LogOutputStream:75 - [STDERR_REDIRECT] 
2026-10-07 18:23:00,513 [ERROR] LogOutputStream:75 - [STDERR_REDIRECT] [Fatal Error] :1:1: Premature end of file.
2026-10-07 18:23:00,513 [ERROR] LogOutputStream:75 - [STDERR_REDIRECT] 
2026-10-07 18:23:01,519 [ERROR] LogOutputStream:75 - [STDERR_REDIRECT] [Fatal Error] :1:1: Premature end of file.
2026-10-07 18:23:01,519 [ERROR] LogOutputStream:75 - [STDERR_REDIRECT] 
2026-10-07 18:23:02,522 [ERROR] LogOutputStream:75 - [STDERR_REDIRECT] [Fatal Error] :1:1: Premature end of file.
2026-10-07 18:23:02,523 [ERROR] LogOutputStream:75 - [STDERR_REDIRECT] 
2026-10-07 18:23:03,514 [ERROR] LogOutputStream:75 - [STDERR_REDIRECT] [Fatal Error] :1:1: Premature end of file.
2026-10-07 18:23:03,514 [ERROR] LogOutputStream:75 - [STDERR_REDIRECT] 
2026-10-07 18:23:04,516 [ERROR] LogOutputStream:75 - [STDERR_REDIRECT] [Fatal Error] :1:1: Premature end of file.
2026-10-07 18:23:04,516 [ERROR] LogOutputStream:75 - [STDERR_REDIRECT] 
2026-10-07 18:23:05,528 [ERROR] LogOutputStream:75 - [STDERR_REDIRECT] [Fatal Error] :1:1: Premature end of file.
2026-10-07 18:23:05,528 [ERROR] LogOutputStream:75 - [STDERR_REDIRECT] 
2026-10-07 18:23:06,522 [ERROR] LogOutputStream:75 - [STDERR_REDIRECT] [Fatal Error] :1:1: Premature end of file.
2026-10-07 18:23:06,523 [ERROR] LogOutputStream:75 - [STDERR_REDIRECT] 
2026-10-07 18:23:07,517 [ERROR] LogOutputStream:75 - [STDERR_REDIRECT] [Fatal Error] :1:1: Premature end of file.
2026-10-07 18:23:07,518 [ERROR] LogOutputStream:75 - [STDERR_REDIRECT] 
2026-10-07 18:23:08,523 [ERROR] LogOutputStream:75 - [STDERR_REDIRECT] [Fatal Error] :1:1: Premature end of file.
2026-10-07 18:23:08,524 [ERROR] LogOutputStream:75 - [STDERR_REDIRECT] 
2026-10-07 18:23:09,524 [ERROR] LogOutputStream:75 - [STDERR_REDIRECT] [Fatal Error] :1:1: Premature end of file.
2026-10-07 18:23:09,525 [ERROR] LogOutputStream:75 - [STDERR_REDIRECT] 
2026-10-07 18:23:10,517 [ERROR] LogOutputStream:75 - [STDERR_REDIRECT] [Fatal Error] :1:1: Premature end of file.
2026-10-07 18:23:10,517 [ERROR] LogOutputStream:75 - [STDERR_REDIRECT] 
2026-10-07 18:23:11,526 [ERROR] LogOutputStream:75 - [STDERR_REDIRECT] [Fatal Error] :1:1: Premature end of file.
2026-10-07 18:23:11,526 [ERROR] LogOutputStream:75 - [STDERR_REDIRECT] 
2026-10-07 18:23:12,518 [ERROR] LogOutputStream:75 - [STDERR_REDIRECT] [Fatal Error] :1:1: Premature end of file.
2026-10-07 18:23:12,518 [ERROR] LogOutputStream:75 - [STDERR_REDIRECT] 
2026-10-07 18:23:13,520 [ERROR] LogOutputStream:75 - [STDERR_REDIRECT] [Fatal Error] :1:1: Premature end of file.
2026-10-07 18:23:13,520 [ERROR] LogOutputStream:75 - [STDERR_REDIRECT] 
2026-10-07 18:23:14,525 [ERROR] LogOutputStream:75 - [STDERR_REDIRECT] [Fatal Error] :1:1: Premature end of file.
2026-10-07 18:23:14,525 [ERROR] LogOutputStream:75 - [STDERR_REDIRECT] 
2026-10-07 18:23:15,523 [ERROR] LogOutputStream:75 - [STDERR_REDIRECT] [Fatal Error] :1:1: Premature end of file.
2026-10-07 18:23:15,523 [ERROR] LogOutputStream:75 - [STDERR_REDIRECT] 
2026-10-07 18:23:16,523 [ERROR] LogOutputStream:75 - [STDERR_REDIRECT] [Fatal Error] :1:1: Premature end of file.
2026-10-07 18:23:16,523 [ERROR] LogOutputStream:75 - [STDERR_REDIRECT] 
2026-10-07 18:23:17,532 [ERROR] LogOutputStream:75 - [STDERR_REDIRECT] [Fatal Error] :1:1: Premature end of file.
2026-10-07 18:23:17,532 [ERROR] LogOutputStream:75 - [STDERR_REDIRECT] 
2026-10-07 18:23:18,522 [ERROR] LogOutputStream:75 - [STDERR_REDIRECT] [Fatal Error] :1:1: Premature end of file.
2026-10-07 18:23:18,522 [ERROR] LogOutputStream:75 - [STDERR_REDIRECT] 
2026-10-07 18:23:19,527 [ERROR] LogOutputStream:75 - [STDERR_REDIRECT] [Fatal Error] :1:1: Premature end of file.
2026-10-07 18:23:19,527 [ERROR] LogOutputStream:75 - [STDERR_REDIRECT] 
2026-10-07 18:23:20,533 [ERROR] LogOutputStream:75 - [STDERR_REDIRECT] [Fatal Error] :1:1: Premature end of file.
2026-10-07 18:23:20,534 [ERROR] LogOutputStream:75 - [STDERR_REDIRECT] 
2026-10-07 18:23:21,535 [ERROR] LogOutputStream:75 - [STDERR_REDIRECT] [Fatal Error] :1:1: Premature end of file.
2026-10-07 18:23:21,536 [ERROR] LogOutputStream:75 - [STDERR_REDIRECT] 
2026-10-07 18:23:22,529 [ERROR] LogOutputStream:75 - [STDERR_REDIRECT] [Fatal Error] :1:1: Premature end of file.
2026-10-07 18:23:22,529 [ERROR] LogOutputStream:75 - [STDERR_REDIRECT] 
2026-10-07 18:23:23,567 [ERROR] LogOutputStream:75 - [STDERR_REDIRECT] [Fatal Error] :1:1: Premature end of file.
2026-10-07 18:23:23,567 [ERROR] LogOutputStream:75 - [STDERR_REDIRECT] 
2026-10-07 18:23:24,526 [ERROR] LogOutputStream:75 - [STDERR_REDIRECT] [Fatal Error] :1:1: Premature end of file.
2026-10-07 18:23:24,527 [ERROR] LogOutputStream:75 - [STDERR_REDIRECT] 
2026-10-07 18:23:25,523 [ERROR] LogOutputStream:75 - [STDERR_REDIRECT] [Fatal Error] :1:1: Premature end of file.
2026-10-07 18:23:25,524 [ERROR] LogOutputStream:75 - [STDERR_REDIRECT] 
2026-10-07 18:23:26,534 [ERROR] LogOutputStream:75 - [STDERR_REDIRECT] [Fatal Error] :1:1: Premature end of file.
2026-10-07 18:23:26,534 [ERROR] LogOutputStream:75 - [STDERR_REDIRECT] 
2026-10-07 18:23:27,521 [ERROR] LogOutputStream:75 - [STDERR_REDIRECT] [Fatal Error] :1:1: Premature end of file.
2026-10-07 18:23:27,522 [ERROR] LogOutputStream:75 - [STDERR_REDIRECT] 
2026-10-07 18:23:28,522 [ERROR] LogOutputStream:75 - [STDERR_REDIRECT] [Fatal Error] :1:1: Premature end of file.
2026-10-07 18:23:28,523 [ERROR] LogOutputStream:75 - [STDERR_REDIRECT] 
2026-10-07 18:23:29,523 [ERROR] LogOutputStream:75 - [STDERR_REDIRECT] [Fatal Error] :1:1: Premature end of file.
2026-10-07 18:23:29,523 [ERROR] LogOutputStream:75 - [STDERR_REDIRECT] 
2026-10-07 18:23:30,534 [ERROR] LogOutputStream:75 - [STDERR_REDIRECT] [Fatal Error] :1:1: Premature end of file.
2026-10-07 18:23:30,534 [ERROR] LogOutputStream:75 - [STDERR_REDIRECT] 
2026-10-07 18:23:31,529 [ERROR] LogOutputStream:75 - [STDERR_REDIRECT] [Fatal Error] :1:1: Premature end of file.
2026-10-07 18:23:31,529 [ERROR] LogOutputStream:75 - [STDERR_REDIRECT] 
2026-10-07 18:23:32,516 [ERROR] LogOutputStream:75 - [STDERR_REDIRECT] [Fatal Error] :1:1: Premature end of file.
2026-10-07 18:23:32,517 [ERROR] LogOutputStream:75 - [STDERR_REDIRECT] 
2026-10-07 18:23:33,528 [ERROR] LogOutputStream:75 - [STDERR_REDIRECT] [Fatal Error] :1:1: Premature end of file.
2026-10-07 18:23:33,528 [ERROR] LogOutputStream:75 - [STDERR_REDIRECT] 
2026-10-07 18:23:34,525 [ERROR] LogOutputStream:75 - [STDERR_REDIRECT] [Fatal Error] :1:1: Premature end of file.
2026-10-07 18:23:34,525 [ERROR] LogOutputStream:75 - [STDERR_REDIRECT] 
2026-10-07 18:23:35,518 [ERROR] LogOutputStream:75 - [STDERR_REDIRECT] [Fatal Error] :1:1: Premature end of file.
2026-10-07 18:23:35,519 [ERROR] LogOutputStream:75 - [STDERR_REDIRECT] 
2026-10-07 18:23:36,521 [ERROR] LogOutputStream:75 - [STDERR_REDIRECT] [Fatal Error] :1:1: Premature end of file.
2026-10-07 18:23:36,521 [ERROR] LogOutputStream:75 - [STDERR_REDIRECT] 
2026-10-07 18:23:37,539 [ERROR] LogOutputStream:75 - [STDERR_REDIRECT] [Fatal Error] :1:1: Premature end of file.
2026-10-07 18:23:37,539 [ERROR] LogOutputStream:75 - [STDERR_REDIRECT] 
2026-10-07 18:23:38,517 [ERROR] LogOutputStream:75 - [STDERR_REDIRECT] [Fatal Error] :1:1: Premature end of file.
2026-10-07 18:23:38,518 [ERROR] LogOutputStream:75 - [STDERR_REDIRECT] 
2026-10-07 18:23:39,526 [ERROR] LogOutputStream:75 - [STDERR_REDIRECT] [Fatal Error] :1:1: Premature end of file.
2026-10-07 18:23:39,527 [ERROR] LogOutputStream:75 - [STDERR_REDIRECT] 
2026-10-07 18:23:40,516 [ERROR] LogOutputStream:75 - [STDERR_REDIRECT] [Fatal Error] :1:1: Premature end of file.
2026-10-07 18:23:40,517 [ERROR] LogOutputStream:75 - [STDERR_REDIRECT] 
2026-10-07 18:23:41,520 [ERROR] LogOutputStream:75 - [STDERR_REDIRECT] [Fatal Error] :1:1: Premature end of file.
2026-10-07 18:23:41,521 [ERROR] LogOutputStream:75 - [STDERR_REDIRECT] 
2026-10-07 18:23:42,530 [ERROR] LogOutputStream:75 - [STDERR_REDIRECT] [Fatal Error] :1:1: Premature end of file.
2026-10-07 18:23:42,530 [ERROR] LogOutputStream:75 - [STDERR_REDIRECT] 
2026-10-07 18:23:43,518 [ERROR] LogOutputStream:75 - [STDERR_REDIRECT] [Fatal Error] :1:1: Premature end of file.
2026-10-07 18:23:43,519 [ERROR] LogOutputStream:75 - [STDERR_REDIRECT] 
2026-10-07 18:23:44,516 [ERROR] LogOutputStream:75 - [STDERR_REDIRECT] [Fatal Error] :1:1: Premature end of file.
2026-10-07 18:23:44,516 [ERROR] LogOutputStream:75 - [STDERR_REDIRECT] 
2026-10-07 18:23:45,522 [ERROR] LogOutputStream:75 - [STDERR_REDIRECT] [Fatal Error] :1:1: Premature end of file.
2026-10-07 18:23:45,522 [ERROR] LogOutputStream:75 - [STDERR_REDIRECT] 
2026-10-07 18:23:46,529 [ERROR] LogOutputStream:75 - [STDERR_REDIRECT] [Fatal Error] :1:1: Premature end of file.
2026-10-07 18:23:46,529 [ERROR] LogOutputStream:75 - [STDERR_REDIRECT] 
2026-10-07 18:23:47,531 [ERROR] LogOutputStream:75 - [STDERR_REDIRECT] [Fatal Error] :1:1: Premature end of file.
2026-10-07 18:23:47,531 [ERROR] LogOutputStream:75 - [STDERR_REDIRECT] 
2026-10-07 18:23:48,520 [ERROR] LogOutputStream:75 - [STDERR_REDIRECT] [Fatal Error] :1:1: Premature end of file.
2026-10-07 18:23:48,521 [ERROR] LogOutputStream:75 - [STDERR_REDIRECT] 
2026-10-07 18:23:49,529 [ERROR] LogOutputStream:75 - [STDERR_REDIRECT] [Fatal Error] :1:1: Premature end of file.
2026-10-07 18:23:49,529 [ERROR] LogOutputStream:75 - [STDERR_REDIRECT] 
2026-10-07 18:23:50,518 [ERROR] LogOutputStream:75 - [STDERR_REDIRECT] [Fatal Error] :1:1: Premature end of file.
2026-10-07 18:23:50,518 [ERROR] LogOutputStream:75 - [STDERR_REDIRECT] 
2026-10-07 18:23:51,512 [ERROR] LogOutputStream:75 - [STDERR_REDIRECT] [Fatal Error] :1:1: Premature end of file.
2026-10-07 18:23:51,512 [ERROR] LogOutputStream:75 - [STDERR_REDIRECT] 
2026-10-07 18:23:52,514 [ERROR] LogOutputStream:75 - [STDERR_REDIRECT] [Fatal Error] :1:1: Premature end of file.
2026-10-07 18:23:52,514 [ERROR] LogOutputStream:75 - [STDERR_REDIRECT] 
2026-10-07 18:23:53,513 [ERROR] LogOutputStream:75 - [STDERR_REDIRECT] [Fatal Error] :1:1: Premature end of file.
2026-10-07 18:23:53,514 [ERROR] LogOutputStream:75 - [STDERR_REDIRECT] 
2026-10-07 18:23:54,512 [ERROR] LogOutputStream:75 - [STDERR_REDIRECT] [Fatal Error] :1:1: Premature end of file.
2026-10-07 18:23:54,512 [ERROR] LogOutputStream:75 - [STDERR_REDIRECT] 
2026-10-07 18:23:55,513 [ERROR] LogOutputStream:75 - [STDERR_REDIRECT] [Fatal Error] :1:1: Premature end of file.
2026-10-07 18:23:55,513 [ERROR] LogOutputStream:75 - [STDERR_REDIRECT] 
2026-10-07 18:23:56,514 [ERROR] LogOutputStream:75 - [STDERR_REDIRECT] [Fatal Error] :1:1: Premature end of file.
2026-10-07 18:23:56,514 [ERROR] LogOutputStream:75 - [STDERR_REDIRECT] 
2026-10-07 18:23:57,514 [ERROR] LogOutputStream:75 - [STDERR_REDIRECT] [Fatal Error] :1:1: Premature end of file.
2026-10-07 18:23:57,514 [ERROR] LogOutputStream:75 - [STDERR_REDIRECT] 
2026-10-07 18:23:58,515 [ERROR] LogOutputStream:75 - [STDERR_REDIRECT] [Fatal Error] :1:1: Premature end of file.
2026-10-07 18:23:58,515 [ERROR] LogOutputStream:75 - [STDERR_REDIRECT] 
2026-10-07 18:23:59,513 [ERROR] LogOutputStream:75 - [STDERR_REDIRECT] [Fatal Error] :1:1: Premature end of file.
2026-10-07 18:23:59,513 [ERROR] LogOutputStream:75 - [STDERR_REDIRECT] 
2026-10-07 18:24:00,513 [ERROR] LogOutputStream:75 - [STDERR_REDIRECT] [Fatal Error] :1:1: Premature end of file.
2026-10-07 18:24:00,513 [ERROR] LogOutputStream:75 - [STDERR_REDIRECT] 
2026-10-07 18:24:01,513 [ERROR] LogOutputStream:75 - [STDERR_REDIRECT] [Fatal Error] :1:1: Premature end of file.
2026-10-07 18:24:01,513 [ERROR] LogOutputStream:75 - [STDERR_REDIRECT] 
2026-10-07 18:24:02,512 [ERROR] LogOutputStream:75 - [STDERR_REDIRECT] [Fatal Error] :1:1: Premature end of file.
2026-10-07 18:24:02,512 [ERROR] LogOutputStream:75 - [STDERR_REDIRECT] 
2026-10-07 18:24:03,514 [ERROR] LogOutputStream:75 - [STDERR_REDIRECT] [Fatal Error] :1:1: Premature end of file.
2026-10-07 18:24:03,515 [ERROR] LogOutputStream:75 - [STDERR_REDIRECT] 
2026-10-07 18:24:04,513 [ERROR] LogOutputStream:75 - [STDERR_REDIRECT] [Fatal Error] :1:1: Premature end of file.
2026-10-07 18:24:04,514 [ERROR] LogOutputStream:75 - [STDERR_REDIRECT] 
2026-10-07 18:24:05,510 [ERROR] LogOutputStream:75 - [STDERR_REDIRECT] [Fatal Error] :1:1: Premature end of file.
2026-10-07 18:24:05,510 [ERROR] LogOutputStream:75 - [STDERR_REDIRECT] 
2026-10-07 18:24:06,512 [ERROR] LogOutputStream:75 - [STDERR_REDIRECT] [Fatal Error] :1:1: Premature end of file.
2026-10-07 18:24:06,512 [ERROR] LogOutputStream:75 - [STDERR_REDIRECT] 
2026-10-07 18:24:07,511 [ERROR] LogOutputStream:75 - [STDERR_REDIRECT] [Fatal Error] :1:1: Premature end of file.
2026-10-07 18:24:07,511 [ERROR] LogOutputStream:75 - [STDERR_REDIRECT] 
2026-10-07 18:24:08,512 [ERROR] LogOutputStream:75 - [STDERR_REDIRECT] [Fatal Error] :1:1: Premature end of file.
2026-10-07 18:24:08,512 [ERROR] LogOutputStream:75 - [STDERR_REDIRECT] 
2026-10-07 18:24:09,516 [ERROR] LogOutputStream:75 - [STDERR_REDIRECT] [Fatal Error] :1:1: Premature end of file.
2026-10-07 18:24:09,516 [ERROR] LogOutputStream:75 - [STDERR_REDIRECT] 
2026-10-07 18:24:10,514 [ERROR] LogOutputStream:75 - [STDERR_REDIRECT] [Fatal Error] :1:1: Premature end of file.
2026-10-07 18:24:10,514 [ERROR] LogOutputStream:75 - [STDERR_REDIRECT] 
2026-10-07 18:24:11,516 [ERROR] LogOutputStream:75 - [STDERR_REDIRECT] [Fatal Error] :1:1: Premature end of file.
2026-10-07 18:24:11,517 [ERROR] LogOutputStream:75 - [STDERR_REDIRECT] 
2026-10-07 18:24:12,520 [ERROR] LogOutputStream:75 - [STDERR_REDIRECT] [Fatal Error] :1:1: Premature end of file.
2026-10-07 18:24:12,520 [ERROR] LogOutputStream:75 - [STDERR_REDIRECT] 
2026-10-07 18:24:13,513 [ERROR] LogOutputStream:75 - [STDERR_REDIRECT] [Fatal Error] :1:1: Premature end of file.
2026-10-07 18:24:13,513 [ERROR] LogOutputStream:75 - [STDERR_REDIRECT] 
2026-10-07 18:24:14,514 [ERROR] LogOutputStream:75 - [STDERR_REDIRECT] [Fatal Error] :1:1: Premature end of file.
2026-10-07 18:24:14,514 [ERROR] LogOutputStream:75 - [STDERR_REDIRECT] 
2026-10-07 18:24:15,516 [ERROR] LogOutputStream:75 - [STDERR_REDIRECT] [Fatal Error] :1:1: Premature end of file.
2026-10-07 18:24:15,516 [ERROR] LogOutputStream:75 - [STDERR_REDIRECT] 
2026-10-07 18:24:16,513 [ERROR] LogOutputStream:75 - [STDERR_REDIRECT] [Fatal Error] :1:1: Premature end of file.
2026-10-07 18:24:16,513 [ERROR] LogOutputStream:75 - [STDERR_REDIRECT] 
2026-10-07 18:24:17,513 [ERROR] LogOutputStream:75 - [STDERR_REDIRECT] [Fatal Error] :1:1: Premature end of file.
2026-10-07 18:24:17,513 [ERROR] LogOutputStream:75 - [STDERR_REDIRECT] 
2026-10-07 18:24:18,510 [ERROR] LogOutputStream:75 - [STDERR_REDIRECT] [Fatal Error] :1:1: Premature end of file.
2026-10-07 18:24:18,510 [ERROR] LogOutputStream:75 - [STDERR_REDIRECT] 
2026-10-07 18:24:19,511 [ERROR] LogOutputStream:75 - [STDERR_REDIRECT] [Fatal Error] :1:1: Premature end of file.
2026-10-07 18:24:19,511 [ERROR] LogOutputStream:75 - [STDERR_REDIRECT] 
2026-10-07 18:24:20,512 [ERROR] LogOutputStream:75 - [STDERR_REDIRECT] [Fatal Error] :1:1: Premature end of file.
2026-10-07 18:24:20,512 [ERROR] LogOutputStream:75 - [STDERR_REDIRECT] 
2026-10-07 18:24:20,775 [INFO] WebApp:194 - Connection lost
2026-10-07 18:24:21,148 [INFO] WebApp:191 - Connection restablished
2026-10-07 18:24:21,517 [ERROR] LogOutputStream:75 - [STDERR_REDIRECT] [Fatal Error] :1:1: Premature end of file.
2026-10-07 18:24:21,517 [ERROR] LogOutputStream:75 - [STDERR_REDIRECT] 
2026-10-07 18:24:22,511 [ERROR] LogOutputStream:75 - [STDERR_REDIRECT] [Fatal Error] :1:1: Premature end of file.
2026-10-07 18:24:22,512 [ERROR] LogOutputStream:75 - [STDERR_REDIRECT] 
2026-10-07 18:24:23,513 [ERROR] LogOutputStream:75 - [STDERR_REDIRECT] [Fatal Error] :1:1: Premature end of file.
2026-10-07 18:24:23,513 [ERROR] LogOutputStream:75 - [STDERR_REDIRECT] 
2026-10-07 18:24:24,513 [ERROR] LogOutputStream:75 - [STDERR_REDIRECT] [Fatal Error] :1:1: Premature end of file.
2026-10-07 18:24:24,513 [ERROR] LogOutputStream:75 - [STDERR_REDIRECT] 
2026-10-07 18:24:25,514 [ERROR] LogOutputStream:75 - [STDERR_REDIRECT] [Fatal Error] :1:1: Premature end of file.
2026-10-07 18:24:25,515 [ERROR] LogOutputStream:75 - [STDERR_REDIRECT] 
2026-10-07 18:24:26,511 [ERROR] LogOutputStream:75 - [STDERR_REDIRECT] [Fatal Error] :1:1: Premature end of file.
2026-10-07 18:24:26,511 [ERROR] LogOutputStream:75 - [STDERR_REDIRECT] 
2026-10-07 18:24:27,514 [ERROR] LogOutputStream:75 - [STDERR_REDIRECT] [Fatal Error] :1:1: Premature end of file.
2026-10-07 18:24:27,514 [ERROR] LogOutputStream:75 - [STDERR_REDIRECT] 
2026-10-07 18:24:28,518 [ERROR] LogOutputStream:75 - [STDERR_REDIRECT] [Fatal Error] :1:1: Premature end of file.
2026-10-07 18:24:28,518 [ERROR] LogOutputStream:75 - [STDERR_REDIRECT] 
2026-10-07 18:24:29,521 [ERROR] LogOutputStream:75 - [STDERR_REDIRECT] [Fatal Error] :1:1: Premature end of file.
2026-10-07 18:24:29,522 [ERROR] LogOutputStream:75 - [STDERR_REDIRECT] 
2026-10-07 18:24:30,521 [ERROR] LogOutputStream:75 - [STDERR_REDIRECT] [Fatal Error] :1:1: Premature end of file.
2026-10-07 18:24:30,521 [ERROR] LogOutputStream:75 - [STDERR_REDIRECT] 
2026-10-07 18:24:31,514 [ERROR] LogOutputStream:75 - [STDERR_REDIRECT] [Fatal Error] :1:1: Premature end of file.
2026-10-07 18:24:31,514 [ERROR] LogOutputStream:75 - [STDERR_REDIRECT] 
2026-10-07 18:24:32,520 [ERROR] LogOutputStream:75 - [STDERR_REDIRECT] [Fatal Error] :1:1: Premature end of file.
2026-10-07 18:24:32,520 [ERROR] LogOutputStream:75 - [STDERR_REDIRECT] 
2026-10-07 18:24:33,518 [ERROR] LogOutputStream:75 - [STDERR_REDIRECT] [Fatal Error] :1:1: Premature end of file.
2026-10-07 18:24:33,518 [ERROR] LogOutputStream:75 - [STDERR_REDIRECT] 
2026-10-07 18:24:34,514 [ERROR] LogOutputStream:75 - [STDERR_REDIRECT] [Fatal Error] :1:1: Premature end of file.
2026-10-07 18:24:34,515 [ERROR] LogOutputStream:75 - [STDERR_REDIRECT] 
2026-10-07 18:24:35,513 [ERROR] LogOutputStream:75 - [STDERR_REDIRECT] [Fatal Error] :1:1: Premature end of file.
2026-10-07 18:24:35,513 [ERROR] LogOutputStream:75 - [STDERR_REDIRECT] 
2026-10-07 18:24:36,514 [ERROR] LogOutputStream:75 - [STDERR_REDIRECT] [Fatal Error] :1:1: Premature end of file.
2026-10-07 18:24:36,514 [ERROR] LogOutputStream:75 - [STDERR_REDIRECT] 
2026-10-07 18:24:37,521 [ERROR] LogOutputStream:75 - [STDERR_REDIRECT] [Fatal Error] :1:1: Premature end of file.
2026-10-07 18:24:37,521 [ERROR] LogOutputStream:75 - [STDERR_REDIRECT] 
2026-10-07 18:24:38,513 [ERROR] LogOutputStream:75 - [STDERR_REDIRECT] [Fatal Error] :1:1: Premature end of file.
2026-10-07 18:24:38,513 [ERROR] LogOutputStream:75 - [STDERR_REDIRECT] 
2026-10-07 18:24:39,516 [ERROR] LogOutputStream:75 - [STDERR_REDIRECT] [Fatal Error] :1:1: Premature end of file.
2026-10-07 18:24:39,516 [ERROR] LogOutputStream:75 - [STDERR_REDIRECT] 
2026-10-07 18:24:40,510 [ERROR] LogOutputStream:75 - [STDERR_REDIRECT] [Fatal Error] :1:1: Premature end of file.
2026-10-07 18:24:40,510 [ERROR] LogOutputStream:75 - [STDERR_REDIRECT] 
2026-10-07 18:24:41,512 [ERROR] LogOutputStream:75 - [STDERR_REDIRECT] [Fatal Error] :1:1: Premature end of file.
2026-10-07 18:24:41,512 [ERROR] LogOutputStream:75 - [STDERR_REDIRECT] 
2026-10-07 18:24:42,511 [ERROR] LogOutputStream:75 - [STDERR_REDIRECT] [Fatal Error] :1:1: Premature end of file.
2026-10-07 18:24:42,511 [ERROR] LogOutputStream:75 - [STDERR_REDIRECT] 
2026-10-07 18:24:43,511 [ERROR] LogOutputStream:75 - [STDERR_REDIRECT] [Fatal Error] :1:1: Premature end of file.
2026-10-07 18:24:43,511 [ERROR] LogOutputStream:75 - [STDERR_REDIRECT] 
2026-10-07 18:24:44,511 [ERROR] LogOutputStream:75 - [STDERR_REDIRECT] [Fatal Error] :1:1: Premature end of file.
2026-10-07 18:24:44,511 [ERROR] LogOutputStream:75 - [STDERR_REDIRECT] 
2026-10-07 18:24:45,514 [ERROR] LogOutputStream:75 - [STDERR_REDIRECT] [Fatal Error] :1:1: Premature end of file.
2026-10-07 18:24:45,514 [ERROR] LogOutputStream:75 - [STDERR_REDIRECT] 
2026-10-07 18:24:46,514 [ERROR] LogOutputStream:75 - [STDERR_REDIRECT] [Fatal Error] :1:1: Premature end of file.
2026-10-07 18:24:46,514 [ERROR] LogOutputStream:75 - [STDERR_REDIRECT] 
2026-10-07 18:24:47,510 [ERROR] LogOutputStream:75 - [STDERR_REDIRECT] [Fatal Error] :1:1: Premature end of file.
2026-10-07 18:24:47,510 [ERROR] LogOutputStream:75 - [STDERR_REDIRECT] 
2026-10-07 18:24:48,513 [ERROR] LogOutputStream:75 - [STDERR_REDIRECT] [Fatal Error] :1:1: Premature end of file.
2026-10-07 18:24:48,513 [ERROR] LogOutputStream:75 - [STDERR_REDIRECT] 
2026-10-07 18:24:49,512 [ERROR] LogOutputStream:75 - [STDERR_REDIRECT] [Fatal Error] :1:1: Premature end of file.
2026-10-07 18:24:49,512 [ERROR] LogOutputStream:75 - [STDERR_REDIRECT] 
2026-10-07 18:24:50,511 [ERROR] LogOutputStream:75 - [STDERR_REDIRECT] [Fatal Error] :1:1: Premature end of file.
2026-10-07 18:24:50,511 [ERROR] LogOutputStream:75 - [STDERR_REDIRECT] 
2026-10-07 18:24:51,517 [ERROR] LogOutputStream:75 - [STDERR_REDIRECT] [Fatal Error] :1:1: Premature end of file.
2026-10-07 18:24:51,517 [ERROR] LogOutputStream:75 - [STDERR_REDIRECT] 
2026-10-07 18:24:52,532 [ERROR] LogOutputStream:75 - [STDERR_REDIRECT] [Fatal Error] :1:1: Premature end of file.
2026-10-07 18:24:52,532 [ERROR] LogOutputStream:75 - [STDERR_REDIRECT] 
2026-10-07 18:24:53,534 [ERROR] LogOutputStream:75 - [STDERR_REDIRECT] [Fatal Error] :1:1: Premature end of file.
2026-10-07 18:24:53,534 [ERROR] LogOutputStream:75 - [STDERR_REDIRECT] 
2026-10-07 18:24:54,514 [ERROR] LogOutputStream:75 - [STDERR_REDIRECT] [Fatal Error] :1:1: Premature end of file.
2026-10-07 18:24:54,514 [ERROR] LogOutputStream:75 - [STDERR_REDIRECT] 
2026-10-07 18:24:55,511 [ERROR] LogOutputStream:75 - [STDERR_REDIRECT] [Fatal Error] :1:1: Premature end of file.
2026-10-07 18:24:55,511 [ERROR] LogOutputStream:75 - [STDERR_REDIRECT] 
2026-10-07 18:24:56,513 [ERROR] LogOutputStream:75 - [STDERR_REDIRECT] [Fatal Error] :1:1: Premature end of file.
2026-10-07 18:24:56,513 [ERROR] LogOutputStream:75 - [STDERR_REDIRECT] 
2026-10-07 18:24:57,515 [ERROR] LogOutputStream:75 - [STDERR_REDIRECT] [Fatal Error] :1:1: Premature end of file.
2026-10-07 18:24:57,515 [ERROR] LogOutputStream:75 - [STDERR_REDIRECT] 
2026-10-07 18:24:58,521 [ERROR] LogOutputStream:75 - [STDERR_REDIRECT] [Fatal Error] :1:1: Premature end of file.
2026-10-07 18:24:58,521 [ERROR] LogOutputStream:75 - [STDERR_REDIRECT] 
2026-10-07 18:24:59,515 [ERROR] LogOutputStream:75 - [STDERR_REDIRECT] [Fatal Error] :1:1: Premature end of file.
2026-10-07 18:24:59,515 [ERROR] LogOutputStream:75 - [STDERR_REDIRECT] 
2026-10-07 18:25:00,512 [ERROR] LogOutputStream:75 - [STDERR_REDIRECT] [Fatal Error] :1:1: Premature end of file.
2026-10-07 18:25:00,512 [ERROR] LogOutputStream:75 - [STDERR_REDIRECT] 
2026-10-07 18:25:01,511 [ERROR] LogOutputStream:75 - [STDERR_REDIRECT] [Fatal Error] :1:1: Premature end of file.
2026-10-07 18:25:01,513 [ERROR] LogOutputStream:75 - [STDERR_REDIRECT] 
2026-10-07 18:25:02,516 [ERROR] LogOutputStream:75 - [STDERR_REDIRECT] [Fatal Error] :1:1: Premature end of file.
2026-10-07 18:25:02,517 [ERROR] LogOutputStream:75 - [STDERR_REDIRECT] 
2026-10-07 18:25:03,513 [ERROR] LogOutputStream:75 - [STDERR_REDIRECT] [Fatal Error] :1:1: Premature end of file.
2026-10-07 18:25:03,513 [ERROR] LogOutputStream:75 - [STDERR_REDIRECT] 
2026-10-07 18:25:04,513 [ERROR] LogOutputStream:75 - [STDERR_REDIRECT] [Fatal Error] :1:1: Premature end of file.
2026-10-07 18:25:04,513 [ERROR] LogOutputStream:75 - [STDERR_REDIRECT] 
2026-10-07 18:25:05,515 [ERROR] LogOutputStream:75 - [STDERR_REDIRECT] [Fatal Error] :1:1: Premature end of file.
2026-10-07 18:25:05,515 [ERROR] LogOutputStream:75 - [STDERR_REDIRECT] 
2026-10-07 18:25:06,512 [ERROR] LogOutputStream:75 - [STDERR_REDIRECT] [Fatal Error] :1:1: Premature end of file.
2026-10-07 18:25:06,513 [ERROR] LogOutputStream:75 - [STDERR_REDIRECT] 
2026-10-07 18:25:07,511 [ERROR] LogOutputStream:75 - [STDERR_REDIRECT] [Fatal Error] :1:1: Premature end of file.
2026-10-07 18:25:07,512 [ERROR] LogOutputStream:75 - [STDERR_REDIRECT] 
2026-10-07 18:25:08,517 [ERROR] LogOutputStream:75 - [STDERR_REDIRECT] [Fatal Error] :1:1: Premature end of file.
2026-10-07 18:25:08,517 [ERROR] LogOutputStream:75 - [STDERR_REDIRECT] 
2026-10-07 18:25:09,511 [ERROR] LogOutputStream:75 - [STDERR_REDIRECT] [Fatal Error] :1:1: Premature end of file.
2026-10-07 18:25:09,511 [ERROR] LogOutputStream:75 - [STDERR_REDIRECT] 
2026-10-07 18:25:10,518 [ERROR] LogOutputStream:75 - [STDERR_REDIRECT] [Fatal Error] :1:1: Premature end of file.
2026-10-07 18:25:10,519 [ERROR] LogOutputStream:75 - [STDERR_REDIRECT] 
2026-10-07 18:25:11,513 [ERROR] LogOutputStream:75 - [STDERR_REDIRECT] [Fatal Error] :1:1: Premature end of file.
2026-10-07 18:25:11,513 [ERROR] LogOutputStream:75 - [STDERR_REDIRECT] 
2026-10-07 18:25:12,512 [ERROR] LogOutputStream:75 - [STDERR_REDIRECT] [Fatal Error] :1:1: Premature end of file.
2026-10-07 18:25:12,512 [ERROR] LogOutputStream:75 - [STDERR_REDIRECT] 
2026-10-07 18:25:13,512 [ERROR] LogOutputStream:75 - [STDERR_REDIRECT] [Fatal Error] :1:1: Premature end of file.
2026-10-07 18:25:13,512 [ERROR] LogOutputStream:75 - [STDERR_REDIRECT] 
2026-10-07 18:25:14,513 [ERROR] LogOutputStream:75 - [STDERR_REDIRECT] [Fatal Error] :1:1: Premature end of file.
2026-10-07 18:25:14,513 [ERROR] LogOutputStream:75 - [STDERR_REDIRECT] 
2026-10-07 18:25:15,513 [ERROR] LogOutputStream:75 - [STDERR_REDIRECT] [Fatal Error] :1:1: Premature end of file.
2026-10-07 18:25:15,513 [ERROR] LogOutputStream:75 - [STDERR_REDIRECT] 
2026-10-07 18:25:16,512 [ERROR] LogOutputStream:75 - [STDERR_REDIRECT] [Fatal Error] :1:1: Premature end of file.
2026-10-07 18:25:16,529 [ERROR] LogOutputStream:75 - [STDERR_REDIRECT] 
2026-10-07 18:25:17,513 [ERROR] LogOutputStream:75 - [STDERR_REDIRECT] [Fatal Error] :1:1: Premature end of file.
2026-10-07 18:25:17,513 [ERROR] LogOutputStream:75 - [STDERR_REDIRECT] 
2026-10-07 18:25:18,511 [ERROR] LogOutputStream:75 - [STDERR_REDIRECT] [Fatal Error] :1:1: Premature end of file.
2026-10-07 18:25:18,512 [ERROR] LogOutputStream:75 - [STDERR_REDIRECT] 
2026-10-07 18:25:19,513 [ERROR] LogOutputStream:75 - [STDERR_REDIRECT] [Fatal Error] :1:1: Premature end of file.
2026-10-07 18:25:19,513 [ERROR] LogOutputStream:75 - [STDERR_REDIRECT] 
2026-10-07 18:25:20,510 [ERROR] LogOutputStream:75 - [STDERR_REDIRECT] [Fatal Error] :1:1: Premature end of file.
2026-10-07 18:25:20,510 [ERROR] LogOutputStream:75 - [STDERR_REDIRECT] 
2026-10-07 18:25:21,525 [ERROR] LogOutputStream:75 - [STDERR_REDIRECT] [Fatal Error] :1:1: Premature end of file.
2026-10-07 18:25:21,525 [ERROR] LogOutputStream:75 - [STDERR_REDIRECT] 
2026-10-07 18:25:22,514 [ERROR] LogOutputStream:75 - [STDERR_REDIRECT] [Fatal Error] :1:1: Premature end of file.
2026-10-07 18:25:22,514 [ERROR] LogOutputStream:75 - [STDERR_REDIRECT] 
2026-10-07 18:25:23,513 [ERROR] LogOutputStream:75 - [STDERR_REDIRECT] [Fatal Error] :1:1: Premature end of file.
2026-10-07 18:25:23,513 [ERROR] LogOutputStream:75 - [STDERR_REDIRECT] 
2026-10-07 18:25:24,515 [ERROR] LogOutputStream:75 - [STDERR_REDIRECT] [Fatal Error] :1:1: Premature end of file.
2026-10-07 18:25:24,515 [ERROR] LogOutputStream:75 - [STDERR_REDIRECT] 
2026-10-07 18:25:25,511 [ERROR] LogOutputStream:75 - [STDERR_REDIRECT] [Fatal Error] :1:1: Premature end of file.
2026-10-07 18:25:25,512 [ERROR] LogOutputStream:75 - [STDERR_REDIRECT] 
2026-10-07 18:25:26,511 [ERROR] LogOutputStream:75 - [STDERR_REDIRECT] [Fatal Error] :1:1: Premature end of file.
2026-10-07 18:25:26,511 [ERROR] LogOutputStream:75 - [STDERR_REDIRECT] 
2026-10-07 18:25:27,521 [ERROR] LogOutputStream:75 - [STDERR_REDIRECT] [Fatal Error] :1:1: Premature end of file.
2026-10-07 18:25:27,521 [ERROR] LogOutputStream:75 - [STDERR_REDIRECT] 
2026-10-07 18:25:28,511 [ERROR] LogOutputStream:75 - [STDERR_REDIRECT] [Fatal Error] :1:1: Premature end of file.
2026-10-07 18:25:28,511 [ERROR] LogOutputStream:75 - [STDERR_REDIRECT] 
2026-10-07 18:25:29,511 [ERROR] LogOutputStream:75 - [STDERR_REDIRECT] [Fatal Error] :1:1: Premature end of file.
2026-10-07 18:25:29,511 [ERROR] LogOutputStream:75 - [STDERR_REDIRECT] 
2026-10-07 18:25:30,518 [ERROR] LogOutputStream:75 - [STDERR_REDIRECT] [Fatal Error] :1:1: Premature end of file.
2026-10-07 18:25:30,518 [ERROR] LogOutputStream:75 - [STDERR_REDIRECT] 
2026-10-07 18:25:31,513 [ERROR] LogOutputStream:75 - [STDERR_REDIRECT] [Fatal Error] :1:1: Premature end of file.
2026-10-07 18:25:31,513 [ERROR] LogOutputStream:75 - [STDERR_REDIRECT] 
2026-10-07 18:25:32,513 [ERROR] LogOutputStream:75 - [STDERR_REDIRECT] [Fatal Error] :1:1: Premature end of file.
2026-10-07 18:25:32,513 [ERROR] LogOutputStream:75 - [STDERR_REDIRECT] 
2026-10-07 18:25:33,513 [ERROR] LogOutputStream:75 - [STDERR_REDIRECT] [Fatal Error] :1:1: Premature end of file.
2026-10-07 18:25:33,513 [ERROR] LogOutputStream:75 - [STDERR_REDIRECT] 
2026-10-07 18:25:34,512 [ERROR] LogOutputStream:75 - [STDERR_REDIRECT] [Fatal Error] :1:1: Premature end of file.
2026-10-07 18:25:34,514 [ERROR] LogOutputStream:75 - [STDERR_REDIRECT] 
2026-10-07 18:25:35,512 [ERROR] LogOutputStream:75 - [STDERR_REDIRECT] [Fatal Error] :1:1: Premature end of file.
2026-10-07 18:25:35,512 [ERROR] LogOutputStream:75 - [STDERR_REDIRECT] 
2026-10-07 18:25:36,513 [ERROR] LogOutputStream:75 - [STDERR_REDIRECT] [Fatal Error] :1:1: Premature end of file.
2026-10-07 18:25:36,513 [ERROR] LogOutputStream:75 - [STDERR_REDIRECT] 
2026-10-07 18:25:37,511 [ERROR] LogOutputStream:75 - [STDERR_REDIRECT] [Fatal Error] :1:1: Premature end of file.
2026-10-07 18:25:37,511 [ERROR] LogOutputStream:75 - [STDERR_REDIRECT] 
2026-10-07 18:25:38,512 [ERROR] LogOutputStream:75 - [STDERR_REDIRECT] [Fatal Error] :1:1: Premature end of file.
2026-10-07 18:25:38,512 [ERROR] LogOutputStream:75 - [STDERR_REDIRECT] 
2026-10-07 18:25:39,512 [ERROR] LogOutputStream:75 - [STDERR_REDIRECT] [Fatal Error] :1:1: Premature end of file.
2026-10-07 18:25:39,512 [ERROR] LogOutputStream:75 - [STDERR_REDIRECT] 
2026-10-07 18:25:40,514 [ERROR] LogOutputStream:75 - [STDERR_REDIRECT] [Fatal Error] :1:1: Premature end of file.
2026-10-07 18:25:40,514 [ERROR] LogOutputStream:75 - [STDERR_REDIRECT] 
2026-10-07 18:25:41,512 [ERROR] LogOutputStream:75 - [STDERR_REDIRECT] [Fatal Error] :1:1: Premature end of file.
2026-10-07 18:25:41,512 [ERROR] LogOutputStream:75 - [STDERR_REDIRECT] 
2026-10-07 18:25:42,512 [ERROR] LogOutputStream:75 - [STDERR_REDIRECT] [Fatal Error] :1:1: Premature end of file.
2026-10-07 18:25:42,512 [ERROR] LogOutputStream:75 - [STDERR_REDIRECT] 
2026-10-07 18:25:43,516 [ERROR] LogOutputStream:75 - [STDERR_REDIRECT] [Fatal Error] :1:1: Premature end of file.
2026-10-07 18:25:43,516 [ERROR] LogOutputStream:75 - [STDERR_REDIRECT] 
2026-10-07 18:25:44,510 [ERROR] LogOutputStream:75 - [STDERR_REDIRECT] [Fatal Error] :1:1: Premature end of file.
2026-10-07 18:25:44,510 [ERROR] LogOutputStream:75 - [STDERR_REDIRECT] 
2026-10-07 18:25:45,512 [ERROR] LogOutputStream:75 - [STDERR_REDIRECT] [Fatal Error] :1:1: Premature end of file.
2026-10-07 18:25:45,512 [ERROR] LogOutputStream:75 - [STDERR_REDIRECT] 
2026-10-07 18:25:46,513 [ERROR] LogOutputStream:75 - [STDERR_REDIRECT] [Fatal Error] :1:1: Premature end of file.
2026-10-07 18:25:46,530 [ERROR] LogOutputStream:75 - [STDERR_REDIRECT] 
2026-10-07 18:25:47,511 [ERROR] LogOutputStream:75 - [STDERR_REDIRECT] [Fatal Error] :1:1: Premature end of file.
2026-10-07 18:25:47,511 [ERROR] LogOutputStream:75 - [STDERR_REDIRECT] 
2026-10-07 18:25:48,513 [ERROR] LogOutputStream:75 - [STDERR_REDIRECT] [Fatal Error] :1:1: Premature end of file.
2026-10-07 18:25:48,513 [ERROR] LogOutputStream:75 - [STDERR_REDIRECT] 
2026-10-07 18:25:49,511 [ERROR] LogOutputStream:75 - [STDERR_REDIRECT] [Fatal Error] :1:1: Premature end of file.
2026-10-07 18:25:49,511 [ERROR] LogOutputStream:75 - [STDERR_REDIRECT] 
2026-10-07 18:25:50,513 [ERROR] LogOutputStream:75 - [STDERR_REDIRECT] [Fatal Error] :1:1: Premature end of file.
2026-10-07 18:25:50,513 [ERROR] LogOutputStream:75 - [STDERR_REDIRECT] 
2026-10-07 18:25:51,512 [ERROR] LogOutputStream:75 - [STDERR_REDIRECT] [Fatal Error] :1:1: Premature end of file.
2026-10-07 18:25:51,512 [ERROR] LogOutputStream:75 - [STDERR_REDIRECT] 
2026-10-07 18:25:52,513 [ERROR] LogOutputStream:75 - [STDERR_REDIRECT] [Fatal Error] :1:1: Premature end of file.
2026-10-07 18:25:52,513 [ERROR] LogOutputStream:75 - [STDERR_REDIRECT] 
2026-10-07 18:25:53,510 [ERROR] LogOutputStream:75 - [STDERR_REDIRECT] [Fatal Error] :1:1: Premature end of file.
2026-10-07 18:25:53,510 [ERROR] LogOutputStream:75 - [STDERR_REDIRECT] 
2026-10-07 18:25:54,512 [ERROR] LogOutputStream:75 - [STDERR_REDIRECT] [Fatal Error] :1:1: Premature end of file.
2026-10-07 18:25:54,512 [ERROR] LogOutputStream:75 - [STDERR_REDIRECT] 
2026-10-07 18:25:55,512 [ERROR] LogOutputStream:75 - [STDERR_REDIRECT] [Fatal Error] :1:1: Premature end of file.
2026-10-07 18:25:55,512 [ERROR] LogOutputStream:75 - [STDERR_REDIRECT] 
2026-10-07 18:25:56,511 [ERROR] LogOutputStream:75 - [STDERR_REDIRECT] [Fatal Error] :1:1: Premature end of file.
2026-10-07 18:25:56,511 [ERROR] LogOutputStream:75 - [STDERR_REDIRECT] 
2026-10-07 18:25:57,512 [ERROR] LogOutputStream:75 - [STDERR_REDIRECT] [Fatal Error] :1:1: Premature end of file.
2026-10-07 18:25:57,512 [ERROR] LogOutputStream:75 - [STDERR_REDIRECT] 
2026-10-07 18:25:58,511 [ERROR] LogOutputStream:75 - [STDERR_REDIRECT] [Fatal Error] :1:1: Premature end of file.
2026-10-07 18:25:58,511 [ERROR] LogOutputStream:75 - [STDERR_REDIRECT] 
2026-10-07 18:25:59,511 [ERROR] LogOutputStream:75 - [STDERR_REDIRECT] [Fatal Error] :1:1: Premature end of file.
2026-10-07 18:25:59,512 [ERROR] LogOutputStream:75 - [STDERR_REDIRECT] 
2026-10-07 18:26:00,512 [ERROR] LogOutputStream:75 - [STDERR_REDIRECT] [Fatal Error] :1:1: Premature end of file.
2026-10-07 18:26:00,513 [ERROR] LogOutputStream:75 - [STDERR_REDIRECT] 
2026-10-07 18:26:01,515 [ERROR] LogOutputStream:75 - [STDERR_REDIRECT] [Fatal Error] :1:1: Premature end of file.
2026-10-07 18:26:01,515 [ERROR] LogOutputStream:75 - [STDERR_REDIRECT] 
2026-10-07 18:26:02,515 [ERROR] LogOutputStream:75 - [STDERR_REDIRECT] [Fatal Error] :1:1: Premature end of file.
2026-10-07 18:26:02,515 [ERROR] LogOutputStream:75 - [STDERR_REDIRECT] 
2026-10-07 18:26:03,517 [ERROR] LogOutputStream:75 - [STDERR_REDIRECT] [Fatal Error] :1:1: Premature end of file.
2026-10-07 18:26:03,517 [ERROR] LogOutputStream:75 - [STDERR_REDIRECT] 
2026-10-07 18:26:04,511 [ERROR] LogOutputStream:75 - [STDERR_REDIRECT] [Fatal Error] :1:1: Premature end of file.
2026-10-07 18:26:04,511 [ERROR] LogOutputStream:75 - [STDERR_REDIRECT] 
2026-10-07 18:26:05,517 [ERROR] LogOutputStream:75 - [STDERR_REDIRECT] [Fatal Error] :1:1: Premature end of file.
2026-10-07 18:26:05,517 [ERROR] LogOutputStream:75 - [STDERR_REDIRECT] 
2026-10-07 18:26:06,512 [ERROR] LogOutputStream:75 - [STDERR_REDIRECT] [Fatal Error] :1:1: Premature end of file.
2026-10-07 18:26:06,513 [ERROR] LogOutputStream:75 - [STDERR_REDIRECT] 
2026-10-07 18:26:07,512 [ERROR] LogOutputStream:75 - [STDERR_REDIRECT] [Fatal Error] :1:1: Premature end of file.
2026-10-07 18:26:07,512 [ERROR] LogOutputStream:75 - [STDERR_REDIRECT] 
2026-10-07 18:26:08,513 [ERROR] LogOutputStream:75 - [STDERR_REDIRECT] [Fatal Error] :1:1: Premature end of file.
2026-10-07 18:26:08,513 [ERROR] LogOutputStream:75 - [STDERR_REDIRECT] 
2026-10-07 18:26:09,514 [ERROR] LogOutputStream:75 - [STDERR_REDIRECT] [Fatal Error] :1:1: Premature end of file.
2026-10-07 18:26:09,514 [ERROR] LogOutputStream:75 - [STDERR_REDIRECT] 
2026-10-07 18:26:10,515 [ERROR] LogOutputStream:75 - [STDERR_REDIRECT] [Fatal Error] :1:1: Premature end of file.
2026-10-07 18:26:10,515 [ERROR] LogOutputStream:75 - [STDERR_REDIRECT] 
2026-10-07 18:26:11,513 [ERROR] LogOutputStream:75 - [STDERR_REDIRECT] [Fatal Error] :1:1: Premature end of file.
2026-10-07 18:26:11,514 [ERROR] LogOutputStream:75 - [STDERR_REDIRECT] 
2026-10-07 18:26:12,514 [ERROR] LogOutputStream:75 - [STDERR_REDIRECT] [Fatal Error] :1:1: Premature end of file.
2026-10-07 18:26:12,514 [ERROR] LogOutputStream:75 - [STDERR_REDIRECT] 
2026-10-07 18:26:13,512 [ERROR] LogOutputStream:75 - [STDERR_REDIRECT] [Fatal Error] :1:1: Premature end of file.
2026-10-07 18:26:13,512 [ERROR] LogOutputStream:75 - [STDERR_REDIRECT] 
2026-10-07 18:26:14,515 [ERROR] LogOutputStream:75 - [STDERR_REDIRECT] [Fatal Error] :1:1: Premature end of file.
2026-10-07 18:26:14,515 [ERROR] LogOutputStream:75 - [STDERR_REDIRECT] 
2026-10-07 18:26:15,514 [ERROR] LogOutputStream:75 - [STDERR_REDIRECT] [Fatal Error] :1:1: Premature end of file.
2026-10-07 18:26:15,514 [ERROR] LogOutputStream:75 - [STDERR_REDIRECT] 
2026-10-07 18:26:16,515 [ERROR] LogOutputStream:75 - [STDERR_REDIRECT] [Fatal Error] :1:1: Premature end of file.
2026-10-07 18:26:16,515 [ERROR] LogOutputStream:75 - [STDERR_REDIRECT] 
2026-10-07 18:26:17,513 [ERROR] LogOutputStream:75 - [STDERR_REDIRECT] [Fatal Error] :1:1: Premature end of file.
2026-10-07 18:26:17,513 [ERROR] LogOutputStream:75 - [STDERR_REDIRECT] 
2026-10-07 18:26:18,513 [ERROR] LogOutputStream:75 - [STDERR_REDIRECT] [Fatal Error] :1:1: Premature end of file.
2026-10-07 18:26:18,514 [ERROR] LogOutputStream:75 - [STDERR_REDIRECT] 
2026-10-07 18:26:19,516 [ERROR] LogOutputStream:75 - [STDERR_REDIRECT] [Fatal Error] :1:1: Premature end of file.
2026-10-07 18:26:19,516 [ERROR] LogOutputStream:75 - [STDERR_REDIRECT] 
2026-10-07 18:26:20,512 [ERROR] LogOutputStream:75 - [STDERR_REDIRECT] [Fatal Error] :1:1: Premature end of file.
2026-10-07 18:26:20,513 [ERROR] LogOutputStream:75 - [STDERR_REDIRECT] 
2026-10-07 18:26:21,511 [ERROR] LogOutputStream:75 - [STDERR_REDIRECT] [Fatal Error] :1:1: Premature end of file.
2026-10-07 18:26:21,511 [ERROR] LogOutputStream:75 - [STDERR_REDIRECT] 
2026-10-07 18:26:22,514 [ERROR] LogOutputStream:75 - [STDERR_REDIRECT] [Fatal Error] :1:1: Premature end of file.
2026-10-07 18:26:22,514 [ERROR] LogOutputStream:75 - [STDERR_REDIRECT] 
2026-10-07 18:26:23,511 [ERROR] LogOutputStream:75 - [STDERR_REDIRECT] [Fatal Error] :1:1: Premature end of file.
2026-10-07 18:26:23,512 [ERROR] LogOutputStream:75 - [STDERR_REDIRECT] 
2026-10-07 18:26:24,515 [ERROR] LogOutputStream:75 - [STDERR_REDIRECT] [Fatal Error] :1:1: Premature end of file.
2026-10-07 18:26:24,515 [ERROR] LogOutputStream:75 - [STDERR_REDIRECT] 
2026-10-07 18:26:25,515 [ERROR] LogOutputStream:75 - [STDERR_REDIRECT] [Fatal Error] :1:1: Premature end of file.
2026-10-07 18:26:25,515 [ERROR] LogOutputStream:75 - [STDERR_REDIRECT] 
2026-10-07 18:26:26,514 [ERROR] LogOutputStream:75 - [STDERR_REDIRECT] [Fatal Error] :1:1: Premature end of file.
2026-10-07 18:26:26,514 [ERROR] LogOutputStream:75 - [STDERR_REDIRECT] 
2026-10-07 18:26:27,521 [ERROR] LogOutputStream:75 - [STDERR_REDIRECT] [Fatal Error] :1:1: Premature end of file.
2026-10-07 18:26:27,521 [ERROR] LogOutputStream:75 - [STDERR_REDIRECT] 
2026-10-07 18:26:28,514 [ERROR] LogOutputStream:75 - [STDERR_REDIRECT] [Fatal Error] :1:1: Premature end of file.
2026-10-07 18:26:28,514 [ERROR] LogOutputStream:75 - [STDERR_REDIRECT] 
2026-10-07 18:26:29,511 [ERROR] LogOutputStream:75 - [STDERR_REDIRECT] [Fatal Error] :1:1: Premature end of file.
2026-10-07 18:26:29,512 [ERROR] LogOutputStream:75 - [STDERR_REDIRECT] 
2026-10-07 18:26:30,512 [ERROR] LogOutputStream:75 - [STDERR_REDIRECT] [Fatal Error] :1:1: Premature end of file.
2026-10-07 18:26:30,512 [ERROR] LogOutputStream:75 - [STDERR_REDIRECT] 
2026-10-07 18:26:31,511 [ERROR] LogOutputStream:75 - [STDERR_REDIRECT] [Fatal Error] :1:1: Premature end of file.
2026-10-07 18:26:31,511 [ERROR] LogOutputStream:75 - [STDERR_REDIRECT] 
2026-10-07 18:26:32,512 [ERROR] LogOutputStream:75 - [STDERR_REDIRECT] [Fatal Error] :1:1: Premature end of file.
2026-10-07 18:26:32,512 [ERROR] LogOutputStream:75 - [STDERR_REDIRECT] 
2026-10-07 18:26:33,512 [ERROR] LogOutputStream:75 - [STDERR_REDIRECT] [Fatal Error] :1:1: Premature end of file.
2026-10-07 18:26:33,512 [ERROR] LogOutputStream:75 - [STDERR_REDIRECT] 
2026-10-07 18:26:34,512 [ERROR] LogOutputStream:75 - [STDERR_REDIRECT] [Fatal Error] :1:1: Premature end of file.
2026-10-07 18:26:34,512 [ERROR] LogOutputStream:75 - [STDERR_REDIRECT] 
2026-10-07 18:26:35,510 [ERROR] LogOutputStream:75 - [STDERR_REDIRECT] [Fatal Error] :1:1: Premature end of file.
2026-10-07 18:26:35,510 [ERROR] LogOutputStream:75 - [STDERR_REDIRECT] 
2026-10-07 18:26:36,511 [ERROR] LogOutputStream:75 - [STDERR_REDIRECT] [Fatal Error] :1:1: Premature end of file.
2026-10-07 18:26:36,511 [ERROR] LogOutputStream:75 - [STDERR_REDIRECT] 
2026-10-07 18:26:37,512 [ERROR] LogOutputStream:75 - [STDERR_REDIRECT] [Fatal Error] :1:1: Premature end of file.
2026-10-07 18:26:37,513 [ERROR] LogOutputStream:75 - [STDERR_REDIRECT] 
2026-10-07 18:26:38,519 [ERROR] LogOutputStream:75 - [STDERR_REDIRECT] [Fatal Error] :1:1: Premature end of file.
2026-10-07 18:26:38,519 [ERROR] LogOutputStream:75 - [STDERR_REDIRECT] 
2026-10-07 18:26:39,512 [ERROR] LogOutputStream:75 - [STDERR_REDIRECT] [Fatal Error] :1:1: Premature end of file.
2026-10-07 18:26:39,513 [ERROR] LogOutputStream:75 - [STDERR_REDIRECT] 
2026-10-07 18:26:40,513 [ERROR] LogOutputStream:75 - [STDERR_REDIRECT] [Fatal Error] :1:1: Premature end of file.
2026-10-07 18:26:40,514 [ERROR] LogOutputStream:75 - [STDERR_REDIRECT] 
2026-10-07 18:26:41,516 [ERROR] LogOutputStream:75 - [STDERR_REDIRECT] [Fatal Error] :1:1: Premature end of file.
2026-10-07 18:26:41,516 [ERROR] LogOutputStream:75 - [STDERR_REDIRECT] 
2026-10-07 18:26:42,514 [ERROR] LogOutputStream:75 - [STDERR_REDIRECT] [Fatal Error] :1:1: Premature end of file.
2026-10-07 18:26:42,514 [ERROR] LogOutputStream:75 - [STDERR_REDIRECT] 
2026-10-07 18:26:43,515 [ERROR] LogOutputStream:75 - [STDERR_REDIRECT] [Fatal Error] :1:1: Premature end of file.
2026-10-07 18:26:43,516 [ERROR] LogOutputStream:75 - [STDERR_REDIRECT] 
2026-10-07 18:26:44,510 [ERROR] LogOutputStream:75 - [STDERR_REDIRECT] [Fatal Error] :1:1: Premature end of file.
2026-10-07 18:26:44,510 [ERROR] LogOutputStream:75 - [STDERR_REDIRECT] 
2026-10-07 18:26:45,516 [ERROR] LogOutputStream:75 - [STDERR_REDIRECT] [Fatal Error] :1:1: Premature end of file.
2026-10-07 18:26:45,516 [ERROR] LogOutputStream:75 - [STDERR_REDIRECT] 
2026-10-07 18:26:46,514 [ERROR] LogOutputStream:75 - [STDERR_REDIRECT] [Fatal Error] :1:1: Premature end of file.
2026-10-07 18:26:46,514 [ERROR] LogOutputStream:75 - [STDERR_REDIRECT] 
2026-10-07 18:26:47,511 [ERROR] LogOutputStream:75 - [STDERR_REDIRECT] [Fatal Error] :1:1: Premature end of file.
2026-10-07 18:26:47,511 [ERROR] LogOutputStream:75 - [STDERR_REDIRECT] 
2026-10-07 18:26:48,512 [ERROR] LogOutputStream:75 - [STDERR_REDIRECT] [Fatal Error] :1:1: Premature end of file.
2026-10-07 18:26:48,512 [ERROR] LogOutputStream:75 - [STDERR_REDIRECT] 
2026-10-07 18:26:49,511 [ERROR] LogOutputStream:75 - [STDERR_REDIRECT] [Fatal Error] :1:1: Premature end of file.
2026-10-07 18:26:49,511 [ERROR] LogOutputStream:75 - [STDERR_REDIRECT] 
2026-10-07 18:26:50,512 [ERROR] LogOutputStream:75 - [STDERR_REDIRECT] [Fatal Error] :1:1: Premature end of file.
2026-10-07 18:26:50,512 [ERROR] LogOutputStream:75 - [STDERR_REDIRECT] 
2026-10-07 18:26:51,513 [ERROR] LogOutputStream:75 - [STDERR_REDIRECT] [Fatal Error] :1:1: Premature end of file.
2026-10-07 18:26:51,513 [ERROR] LogOutputStream:75 - [STDERR_REDIRECT] 
2026-10-07 18:26:52,514 [ERROR] LogOutputStream:75 - [STDERR_REDIRECT] [Fatal Error] :1:1: Premature end of file.
2026-10-07 18:26:52,515 [ERROR] LogOutputStream:75 - [STDERR_REDIRECT] 
2026-10-07 18:26:53,510 [ERROR] LogOutputStream:75 - [STDERR_REDIRECT] [Fatal Error] :1:1: Premature end of file.
2026-10-07 18:26:53,511 [ERROR] LogOutputStream:75 - [STDERR_REDIRECT] 
2026-10-07 18:26:54,516 [ERROR] LogOutputStream:75 - [STDERR_REDIRECT] [Fatal Error] :1:1: Premature end of file.
2026-10-07 18:26:54,516 [ERROR] LogOutputStream:75 - [STDERR_REDIRECT] 
2026-10-07 18:26:55,512 [ERROR] LogOutputStream:75 - [STDERR_REDIRECT] [Fatal Error] :1:1: Premature end of file.
2026-10-07 18:26:55,512 [ERROR] LogOutputStream:75 - [STDERR_REDIRECT] 
2026-10-07 18:26:56,512 [ERROR] LogOutputStream:75 - [STDERR_REDIRECT] [Fatal Error] :1:1: Premature end of file.
2026-10-07 18:26:56,512 [ERROR] LogOutputStream:75 - [STDERR_REDIRECT] 
2026-10-07 18:26:57,520 [ERROR] LogOutputStream:75 - [STDERR_REDIRECT] [Fatal Error] :1:1: Premature end of file.
2026-10-07 18:26:57,520 [ERROR] LogOutputStream:75 - [STDERR_REDIRECT] 
2026-10-07 18:26:58,514 [ERROR] LogOutputStream:75 - [STDERR_REDIRECT] [Fatal Error] :1:1: Premature end of file.
2026-10-07 18:26:58,514 [ERROR] LogOutputStream:75 - [STDERR_REDIRECT] 
2026-10-07 18:26:59,516 [ERROR] LogOutputStream:75 - [STDERR_REDIRECT] [Fatal Error] :1:1: Premature end of file.
2026-10-07 18:26:59,516 [ERROR] LogOutputStream:75 - [STDERR_REDIRECT] 
2026-10-07 18:27:00,512 [ERROR] LogOutputStream:75 - [STDERR_REDIRECT] [Fatal Error] :1:1: Premature end of file.
2026-10-07 18:27:00,512 [ERROR] LogOutputStream:75 - [STDERR_REDIRECT] 
2026-10-07 18:27:01,510 [ERROR] LogOutputStream:75 - [STDERR_REDIRECT] [Fatal Error] :1:1: Premature end of file.
2026-10-07 18:27:01,510 [ERROR] LogOutputStream:75 - [STDERR_REDIRECT] 
2026-10-07 18:27:02,512 [ERROR] LogOutputStream:75 - [STDERR_REDIRECT] [Fatal Error] :1:1: Premature end of file.
2026-10-07 18:27:02,512 [ERROR] LogOutputStream:75 - [STDERR_REDIRECT] 
2026-10-07 18:27:03,515 [ERROR] LogOutputStream:75 - [STDERR_REDIRECT] [Fatal Error] :1:1: Premature end of file.
2026-10-07 18:27:03,515 [ERROR] LogOutputStream:75 - [STDERR_REDIRECT] 
2026-10-07 18:27:04,513 [ERROR] LogOutputStream:75 - [STDERR_REDIRECT] [Fatal Error] :1:1: Premature end of file.
2026-10-07 18:27:04,514 [ERROR] LogOutputStream:75 - [STDERR_REDIRECT] 
2026-10-07 18:27:05,515 [ERROR] LogOutputStream:75 - [STDERR_REDIRECT] [Fatal Error] :1:1: Premature end of file.
2026-10-07 18:27:05,515 [ERROR] LogOutputStream:75 - [STDERR_REDIRECT] 
2026-10-07 18:27:06,516 [ERROR] LogOutputStream:75 - [STDERR_REDIRECT] [Fatal Error] :1:1: Premature end of file.
2026-10-07 18:27:06,517 [ERROR] LogOutputStream:75 - [STDERR_REDIRECT] 
2026-10-07 18:27:07,512 [ERROR] LogOutputStream:75 - [STDERR_REDIRECT] [Fatal Error] :1:1: Premature end of file.
2026-10-07 18:27:07,512 [ERROR] LogOutputStream:75 - [STDERR_REDIRECT] 
2026-10-07 18:27:08,512 [ERROR] LogOutputStream:75 - [STDERR_REDIRECT] [Fatal Error] :1:1: Premature end of file.
2026-10-07 18:27:08,512 [ERROR] LogOutputStream:75 - [STDERR_REDIRECT] 
2026-10-07 18:27:09,511 [ERROR] LogOutputStream:75 - [STDERR_REDIRECT] [Fatal Error] :1:1: Premature end of file.
2026-10-07 18:27:09,511 [ERROR] LogOutputStream:75 - [STDERR_REDIRECT] 
2026-10-07 18:27:10,512 [ERROR] LogOutputStream:75 - [STDERR_REDIRECT] [Fatal Error] :1:1: Premature end of file.
2026-10-07 18:27:10,513 [ERROR] LogOutputStream:75 - [STDERR_REDIRECT] 
2026-10-07 18:27:11,511 [ERROR] LogOutputStream:75 - [STDERR_REDIRECT] [Fatal Error] :1:1: Premature end of file.
2026-10-07 18:27:11,512 [ERROR] LogOutputStream:75 - [STDERR_REDIRECT] 
2026-10-07 18:27:12,511 [ERROR] LogOutputStream:75 - [STDERR_REDIRECT] [Fatal Error] :1:1: Premature end of file.
2026-10-07 18:27:12,512 [ERROR] LogOutputStream:75 - [STDERR_REDIRECT] 
2026-10-07 18:27:13,514 [ERROR] LogOutputStream:75 - [STDERR_REDIRECT] [Fatal Error] :1:1: Premature end of file.
2026-10-07 18:27:13,514 [ERROR] LogOutputStream:75 - [STDERR_REDIRECT] 
2026-10-07 18:27:14,511 [ERROR] LogOutputStream:75 - [STDERR_REDIRECT] [Fatal Error] :1:1: Premature end of file.
2026-10-07 18:27:14,511 [ERROR] LogOutputStream:75 - [STDERR_REDIRECT] 
2026-10-07 18:27:15,514 [ERROR] LogOutputStream:75 - [STDERR_REDIRECT] [Fatal Error] :1:1: Premature end of file.
2026-10-07 18:27:15,514 [ERROR] LogOutputStream:75 - [STDERR_REDIRECT] 
2026-10-07 18:27:16,513 [ERROR] LogOutputStream:75 - [STDERR_REDIRECT] [Fatal Error] :1:1: Premature end of file.
2026-10-07 18:27:16,513 [ERROR] LogOutputStream:75 - [STDERR_REDIRECT] 
2026-10-07 18:27:17,512 [ERROR] LogOutputStream:75 - [STDERR_REDIRECT] [Fatal Error] :1:1: Premature end of file.
2026-10-07 18:27:17,512 [ERROR] LogOutputStream:75 - [STDERR_REDIRECT] 
2026-10-07 18:27:18,511 [ERROR] LogOutputStream:75 - [STDERR_REDIRECT] [Fatal Error] :1:1: Premature end of file.
2026-10-07 18:27:18,512 [ERROR] LogOutputStream:75 - [STDERR_REDIRECT] 
2026-10-07 18:27:19,513 [ERROR] LogOutputStream:75 - [STDERR_REDIRECT] [Fatal Error] :1:1: Premature end of file.
2026-10-07 18:27:19,513 [ERROR] LogOutputStream:75 - [STDERR_REDIRECT] 
2026-10-07 18:27:20,514 [ERROR] LogOutputStream:75 - [STDERR_REDIRECT] [Fatal Error] :1:1: Premature end of file.
2026-10-07 18:27:20,514 [ERROR] LogOutputStream:75 - [STDERR_REDIRECT] 
2026-10-07 18:27:21,513 [ERROR] LogOutputStream:75 - [STDERR_REDIRECT] [Fatal Error] :1:1: Premature end of file.
2026-10-07 18:27:21,514 [ERROR] LogOutputStream:75 - [STDERR_REDIRECT] 
2026-10-07 18:27:22,520 [ERROR] LogOutputStream:75 - [STDERR_REDIRECT] [Fatal Error] :1:1: Premature end of file.
2026-10-07 18:27:22,520 [ERROR] LogOutputStream:75 - [STDERR_REDIRECT] 
2026-10-07 18:27:23,513 [ERROR] LogOutputStream:75 - [STDERR_REDIRECT] [Fatal Error] :1:1: Premature end of file.
2026-10-07 18:27:23,513 [ERROR] LogOutputStream:75 - [STDERR_REDIRECT] 
2026-10-07 18:27:24,513 [ERROR] LogOutputStream:75 - [STDERR_REDIRECT] [Fatal Error] :1:1: Premature end of file.
2026-10-07 18:27:24,514 [ERROR] LogOutputStream:75 - [STDERR_REDIRECT] 
2026-10-07 18:27:25,517 [ERROR] LogOutputStream:75 - [STDERR_REDIRECT] [Fatal Error] :1:1: Premature end of file.
2026-10-07 18:27:25,517 [ERROR] LogOutputStream:75 - [STDERR_REDIRECT] 
2026-10-07 18:27:26,515 [ERROR] LogOutputStream:75 - [STDERR_REDIRECT] [Fatal Error] :1:1: Premature end of file.
2026-10-07 18:27:26,515 [ERROR] LogOutputStream:75 - [STDERR_REDIRECT] 
2026-10-07 18:27:27,515 [ERROR] LogOutputStream:75 - [STDERR_REDIRECT] [Fatal Error] :1:1: Premature end of file.
2026-10-07 18:27:27,515 [ERROR] LogOutputStream:75 - [STDERR_REDIRECT] 
2026-10-07 18:27:28,510 [ERROR] LogOutputStream:75 - [STDERR_REDIRECT] [Fatal Error] :1:1: Premature end of file.
2026-10-07 18:27:28,511 [ERROR] LogOutputStream:75 - [STDERR_REDIRECT] 
2026-10-07 18:27:29,513 [ERROR] LogOutputStream:75 - [STDERR_REDIRECT] [Fatal Error] :1:1: Premature end of file.
2026-10-07 18:27:29,513 [ERROR] LogOutputStream:75 - [STDERR_REDIRECT] 
2026-10-07 18:27:30,512 [ERROR] LogOutputStream:75 - [STDERR_REDIRECT] [Fatal Error] :1:1: Premature end of file.
2026-10-07 18:27:30,512 [ERROR] LogOutputStream:75 - [STDERR_REDIRECT] 
2026-10-07 18:27:31,513 [ERROR] LogOutputStream:75 - [STDERR_REDIRECT] [Fatal Error] :1:1: Premature end of file.
2026-10-07 18:27:31,513 [ERROR] LogOutputStream:75 - [STDERR_REDIRECT] 
2026-10-07 18:27:32,512 [ERROR] LogOutputStream:75 - [STDERR_REDIRECT] [Fatal Error] :1:1: Premature end of file.
2026-10-07 18:27:32,514 [ERROR] LogOutputStream:75 - [STDERR_REDIRECT] 
2026-10-07 18:27:33,511 [ERROR] LogOutputStream:75 - [STDERR_REDIRECT] [Fatal Error] :1:1: Premature end of file.
2026-10-07 18:27:33,511 [ERROR] LogOutputStream:75 - [STDERR_REDIRECT] 
2026-10-07 18:27:34,517 [ERROR] LogOutputStream:75 - [STDERR_REDIRECT] [Fatal Error] :1:1: Premature end of file.
2026-10-07 18:27:34,517 [ERROR] LogOutputStream:75 - [STDERR_REDIRECT] 
2026-10-07 18:27:35,512 [ERROR] LogOutputStream:75 - [STDERR_REDIRECT] [Fatal Error] :1:1: Premature end of file.
2026-10-07 18:27:35,512 [ERROR] LogOutputStream:75 - [STDERR_REDIRECT] 
2026-10-07 18:27:36,513 [ERROR] LogOutputStream:75 - [STDERR_REDIRECT] [Fatal Error] :1:1: Premature end of file.
2026-10-07 18:27:36,513 [ERROR] LogOutputStream:75 - [STDERR_REDIRECT] 
2026-10-07 18:27:37,512 [ERROR] LogOutputStream:75 - [STDERR_REDIRECT] [Fatal Error] :1:1: Premature end of file.
2026-10-07 18:27:37,512 [ERROR] LogOutputStream:75 - [STDERR_REDIRECT] 
2026-10-07 18:27:38,512 [ERROR] LogOutputStream:75 - [STDERR_REDIRECT] [Fatal Error] :1:1: Premature end of file.
2026-10-07 18:27:38,513 [ERROR] LogOutputStream:75 - [STDERR_REDIRECT] 
2026-10-07 18:27:39,519 [ERROR] LogOutputStream:75 - [STDERR_REDIRECT] [Fatal Error] :1:1: Premature end of file.
2026-10-07 18:27:39,519 [ERROR] LogOutputStream:75 - [STDERR_REDIRECT] 
2026-10-07 18:27:40,514 [ERROR] LogOutputStream:75 - [STDERR_REDIRECT] [Fatal Error] :1:1: Premature end of file.
2026-10-07 18:27:40,514 [ERROR] LogOutputStream:75 - [STDERR_REDIRECT] 
2026-10-07 18:27:41,513 [ERROR] LogOutputStream:75 - [STDERR_REDIRECT] [Fatal Error] :1:1: Premature end of file.
2026-10-07 18:27:41,513 [ERROR] LogOutputStream:75 - [STDERR_REDIRECT] 
2026-10-07 18:27:42,511 [ERROR] LogOutputStream:75 - [STDERR_REDIRECT] [Fatal Error] :1:1: Premature end of file.
2026-10-07 18:27:42,511 [ERROR] LogOutputStream:75 - [STDERR_REDIRECT] 
2026-10-07 18:27:43,521 [ERROR] LogOutputStream:75 - [STDERR_REDIRECT] [Fatal Error] :1:1: Premature end of file.
2026-10-07 18:27:43,521 [ERROR] LogOutputStream:75 - [STDERR_REDIRECT] 
2026-10-07 18:27:44,511 [ERROR] LogOutputStream:75 - [STDERR_REDIRECT] [Fatal Error] :1:1: Premature end of file.
2026-10-07 18:27:44,511 [ERROR] LogOutputStream:75 - [STDERR_REDIRECT] 
2026-10-07 18:27:45,512 [ERROR] LogOutputStream:75 - [STDERR_REDIRECT] [Fatal Error] :1:1: Premature end of file.
2026-10-07 18:27:45,512 [ERROR] LogOutputStream:75 - [STDERR_REDIRECT] 
2026-10-07 18:27:46,513 [ERROR] LogOutputStream:75 - [STDERR_REDIRECT] [Fatal Error] :1:1: Premature end of file.
2026-10-07 18:27:46,513 [ERROR] LogOutputStream:75 - [STDERR_REDIRECT] 
2026-10-07 18:27:47,511 [ERROR] LogOutputStream:75 - [STDERR_REDIRECT] [Fatal Error] :1:1: Premature end of file.
2026-10-07 18:27:47,512 [ERROR] LogOutputStream:75 - [STDERR_REDIRECT] 
2026-10-07 18:27:48,511 [ERROR] LogOutputStream:75 - [STDERR_REDIRECT] [Fatal Error] :1:1: Premature end of file.
2026-10-07 18:27:48,511 [ERROR] LogOutputStream:75 - [STDERR_REDIRECT] 
2026-10-07 18:27:49,513 [ERROR] LogOutputStream:75 - [STDERR_REDIRECT] [Fatal Error] :1:1: Premature end of file.
2026-10-07 18:27:49,514 [ERROR] LogOutputStream:75 - [STDERR_REDIRECT] 
2026-10-07 18:27:50,513 [ERROR] LogOutputStream:75 - [STDERR_REDIRECT] [Fatal Error] :1:1: Premature end of file.
2026-10-07 18:27:50,513 [ERROR] LogOutputStream:75 - [STDERR_REDIRECT] 
2026-10-07 18:27:51,519 [ERROR] LogOutputStream:75 - [STDERR_REDIRECT] [Fatal Error] :1:1: Premature end of file.
2026-10-07 18:27:51,519 [ERROR] LogOutputStream:75 - [STDERR_REDIRECT] 
2026-10-07 18:27:52,517 [ERROR] LogOutputStream:75 - [STDERR_REDIRECT] [Fatal Error] :1:1: Premature end of file.
2026-10-07 18:27:52,517 [ERROR] LogOutputStream:75 - [STDERR_REDIRECT] 
2026-10-07 18:27:53,512 [ERROR] LogOutputStream:75 - [STDERR_REDIRECT] [Fatal Error] :1:1: Premature end of file.
2026-10-07 18:27:53,512 [ERROR] LogOutputStream:75 - [STDERR_REDIRECT] 
2026-10-07 18:27:54,514 [ERROR] LogOutputStream:75 - [STDERR_REDIRECT] [Fatal Error] :1:1: Premature end of file.
2026-10-07 18:27:54,514 [ERROR] LogOutputStream:75 - [STDERR_REDIRECT] 
2026-10-07 18:27:55,516 [ERROR] LogOutputStream:75 - [STDERR_REDIRECT] [Fatal Error] :1:1: Premature end of file.
2026-10-07 18:27:55,516 [ERROR] LogOutputStream:75 - [STDERR_REDIRECT] 
2026-10-07 18:27:56,516 [ERROR] LogOutputStream:75 - [STDERR_REDIRECT] [Fatal Error] :1:1: Premature end of file.
2026-10-07 18:27:56,516 [ERROR] LogOutputStream:75 - [STDERR_REDIRECT] 
2026-10-07 18:27:57,516 [ERROR] LogOutputStream:75 - [STDERR_REDIRECT] [Fatal Error] :1:1: Premature end of file.
2026-10-07 18:27:57,516 [ERROR] LogOutputStream:75 - [STDERR_REDIRECT] 
2026-10-07 18:27:58,514 [ERROR] LogOutputStream:75 - [STDERR_REDIRECT] [Fatal Error] :1:1: Premature end of file.
2026-10-07 18:27:58,514 [ERROR] LogOutputStream:75 - [STDERR_REDIRECT] 
2026-10-07 18:27:59,513 [ERROR] LogOutputStream:75 - [STDERR_REDIRECT] [Fatal Error] :1:1: Premature end of file.
2026-10-07 18:27:59,513 [ERROR] LogOutputStream:75 - [STDERR_REDIRECT] 
2026-10-07 18:28:00,514 [ERROR] LogOutputStream:75 - [STDERR_REDIRECT] [Fatal Error] :1:1: Premature end of file.
2026-10-07 18:28:00,514 [ERROR] LogOutputStream:75 - [STDERR_REDIRECT] 
2026-10-07 18:28:01,512 [ERROR] LogOutputStream:75 - [STDERR_REDIRECT] [Fatal Error] :1:1: Premature end of file.
2026-10-07 18:28:01,512 [ERROR] LogOutputStream:75 - [STDERR_REDIRECT] 
2026-10-07 18:28:02,511 [ERROR] LogOutputStream:75 - [STDERR_REDIRECT] [Fatal Error] :1:1: Premature end of file.
2026-10-07 18:28:02,512 [ERROR] LogOutputStream:75 - [STDERR_REDIRECT] 
2026-10-07 18:28:03,511 [ERROR] LogOutputStream:75 - [STDERR_REDIRECT] [Fatal Error] :1:1: Premature end of file.
2026-10-07 18:28:03,511 [ERROR] LogOutputStream:75 - [STDERR_REDIRECT] 
2026-10-07 18:28:04,512 [ERROR] LogOutputStream:75 - [STDERR_REDIRECT] [Fatal Error] :1:1: Premature end of file.
2026-10-07 18:28:04,512 [ERROR] LogOutputStream:75 - [STDERR_REDIRECT] 
2026-10-07 18:28:05,519 [ERROR] LogOutputStream:75 - [STDERR_REDIRECT] [Fatal Error] :1:1: Premature end of file.
2026-10-07 18:28:05,519 [ERROR] LogOutputStream:75 - [STDERR_REDIRECT] 
2026-10-07 18:28:06,512 [ERROR] LogOutputStream:75 - [STDERR_REDIRECT] [Fatal Error] :1:1: Premature end of file.
2026-10-07 18:28:06,513 [ERROR] LogOutputStream:75 - [STDERR_REDIRECT] 
2026-10-07 18:28:07,516 [ERROR] LogOutputStream:75 - [STDERR_REDIRECT] [Fatal Error] :1:1: Premature end of file.
2026-10-07 18:28:07,516 [ERROR] LogOutputStream:75 - [STDERR_REDIRECT] 
2026-10-07 18:28:08,516 [ERROR] LogOutputStream:75 - [STDERR_REDIRECT] [Fatal Error] :1:1: Premature end of file.
2026-10-07 18:28:08,516 [ERROR] LogOutputStream:75 - [STDERR_REDIRECT] 
2026-10-07 18:28:09,519 [ERROR] LogOutputStream:75 - [STDERR_REDIRECT] [Fatal Error] :1:1: Premature end of file.
2026-10-07 18:28:09,520 [ERROR] LogOutputStream:75 - [STDERR_REDIRECT] 
2026-10-07 18:28:10,517 [ERROR] LogOutputStream:75 - [STDERR_REDIRECT] [Fatal Error] :1:1: Premature end of file.
2026-10-07 18:28:10,517 [ERROR] LogOutputStream:75 - [STDERR_REDIRECT] 
2026-10-07 18:28:11,514 [ERROR] LogOutputStream:75 - [STDERR_REDIRECT] [Fatal Error] :1:1: Premature end of file.
2026-10-07 18:28:11,514 [ERROR] LogOutputStream:75 - [STDERR_REDIRECT] 
2026-10-07 18:28:12,517 [ERROR] LogOutputStream:75 - [STDERR_REDIRECT] [Fatal Error] :1:1: Premature end of file.
2026-10-07 18:28:12,518 [ERROR] LogOutputStream:75 - [STDERR_REDIRECT] 
2026-10-07 18:28:13,510 [ERROR] LogOutputStream:75 - [STDERR_REDIRECT] [Fatal Error] :1:1: Premature end of file.
2026-10-07 18:28:13,511 [ERROR] LogOutputStream:75 - [STDERR_REDIRECT] 
2026-10-07 18:28:14,514 [ERROR] LogOutputStream:75 - [STDERR_REDIRECT] [Fatal Error] :1:1: Premature end of file.
2026-10-07 18:28:14,514 [ERROR] LogOutputStream:75 - [STDERR_REDIRECT] 
2026-10-07 18:28:15,512 [ERROR] LogOutputStream:75 - [STDERR_REDIRECT] [Fatal Error] :1:1: Premature end of file.
2026-10-07 18:28:15,513 [ERROR] LogOutputStream:75 - [STDERR_REDIRECT] 
2026-10-07 18:28:16,512 [ERROR] LogOutputStream:75 - [STDERR_REDIRECT] [Fatal Error] :1:1: Premature end of file.
2026-10-07 18:28:16,512 [ERROR] LogOutputStream:75 - [STDERR_REDIRECT] 
2026-10-07 18:28:17,515 [ERROR] LogOutputStream:75 - [STDERR_REDIRECT] [Fatal Error] :1:1: Premature end of file.
2026-10-07 18:28:17,515 [ERROR] LogOutputStream:75 - [STDERR_REDIRECT] 
2026-10-07 18:28:18,516 [ERROR] LogOutputStream:75 - [STDERR_REDIRECT] [Fatal Error] :1:1: Premature end of file.
2026-10-07 18:28:18,517 [ERROR] LogOutputStream:75 - [STDERR_REDIRECT] 
2026-10-07 18:28:19,510 [ERROR] LogOutputStream:75 - [STDERR_REDIRECT] [Fatal Error] :1:1: Premature end of file.
2026-10-07 18:28:19,512 [ERROR] LogOutputStream:75 - [STDERR_REDIRECT] 
2026-10-07 18:28:20,514 [ERROR] LogOutputStream:75 - [STDERR_REDIRECT] [Fatal Error] :1:1: Premature end of file.
2026-10-07 18:28:20,514 [ERROR] LogOutputStream:75 - [STDERR_REDIRECT] 
2026-10-07 18:28:21,511 [ERROR] LogOutputStream:75 - [STDERR_REDIRECT] [Fatal Error] :1:1: Premature end of file.
2026-10-07 18:28:21,511 [ERROR] LogOutputStream:75 - [STDERR_REDIRECT] 
2026-10-07 18:28:22,511 [ERROR] LogOutputStream:75 - [STDERR_REDIRECT] [Fatal Error] :1:1: Premature end of file.
2026-10-07 18:28:22,511 [ERROR] LogOutputStream:75 - [STDERR_REDIRECT] 
2026-10-07 18:28:23,540 [ERROR] LogOutputStream:75 - [STDERR_REDIRECT] [Fatal Error] :1:1: Premature end of file.
2026-10-07 18:28:23,540 [ERROR] LogOutputStream:75 - [STDERR_REDIRECT] 
2026-10-07 18:28:24,514 [ERROR] LogOutputStream:75 - [STDERR_REDIRECT] [Fatal Error] :1:1: Premature end of file.
2026-10-07 18:28:24,514 [ERROR] LogOutputStream:75 - [STDERR_REDIRECT] 
2026-10-07 18:28:25,517 [ERROR] LogOutputStream:75 - [STDERR_REDIRECT] [Fatal Error] :1:1: Premature end of file.
2026-10-07 18:28:25,517 [ERROR] LogOutputStream:75 - [STDERR_REDIRECT] 
2026-10-07 18:28:26,517 [ERROR] LogOutputStream:75 - [STDERR_REDIRECT] [Fatal Error] :1:1: Premature end of file.
2026-10-07 18:28:26,517 [ERROR] LogOutputStream:75 - [STDERR_REDIRECT] 
2026-10-07 18:28:27,512 [ERROR] LogOutputStream:75 - [STDERR_REDIRECT] [Fatal Error] :1:1: Premature end of file.
2026-10-07 18:28:27,513 [ERROR] LogOutputStream:75 - [STDERR_REDIRECT] 
2026-10-07 18:28:28,515 [ERROR] LogOutputStream:75 - [STDERR_REDIRECT] [Fatal Error] :1:1: Premature end of file.
2026-10-07 18:28:28,515 [ERROR] LogOutputStream:75 - [STDERR_REDIRECT] 
2026-10-07 18:28:29,522 [ERROR] LogOutputStream:75 - [STDERR_REDIRECT] [Fatal Error] :1:1: Premature end of file.
2026-10-07 18:28:29,523 [ERROR] LogOutputStream:75 - [STDERR_REDIRECT] 
2026-10-07 18:28:30,517 [ERROR] LogOutputStream:75 - [STDERR_REDIRECT] [Fatal Error] :1:1: Premature end of file.
2026-10-07 18:28:30,517 [ERROR] LogOutputStream:75 - [STDERR_REDIRECT] 
2026-10-07 18:28:31,515 [ERROR] LogOutputStream:75 - [STDERR_REDIRECT] [Fatal Error] :1:1: Premature end of file.
2026-10-07 18:28:31,515 [ERROR] LogOutputStream:75 - [STDERR_REDIRECT] 
2026-10-07 18:28:32,514 [ERROR] LogOutputStream:75 - [STDERR_REDIRECT] [Fatal Error] :1:1: Premature end of file.
2026-10-07 18:28:32,515 [ERROR] LogOutputStream:75 - [STDERR_REDIRECT] 
2026-10-07 18:28:33,514 [ERROR] LogOutputStream:75 - [STDERR_REDIRECT] [Fatal Error] :1:1: Premature end of file.
2026-10-07 18:28:33,515 [ERROR] LogOutputStream:75 - [STDERR_REDIRECT] 
2026-10-07 18:28:34,515 [ERROR] LogOutputStream:75 - [STDERR_REDIRECT] [Fatal Error] :1:1: Premature end of file.
2026-10-07 18:28:34,515 [ERROR] LogOutputStream:75 - [STDERR_REDIRECT] 
2026-10-07 18:28:35,515 [ERROR] LogOutputStream:75 - [STDERR_REDIRECT] [Fatal Error] :1:1: Premature end of file.
2026-10-07 18:28:35,515 [ERROR] LogOutputStream:75 - [STDERR_REDIRECT] 
2026-10-07 18:28:36,515 [ERROR] LogOutputStream:75 - [STDERR_REDIRECT] [Fatal Error] :1:1: Premature end of file.
2026-10-07 18:28:36,516 [ERROR] LogOutputStream:75 - [STDERR_REDIRECT] 
2026-10-07 18:28:37,515 [ERROR] LogOutputStream:75 - [STDERR_REDIRECT] [Fatal Error] :1:1: Premature end of file.
2026-10-07 18:28:37,515 [ERROR] LogOutputStream:75 - [STDERR_REDIRECT] 
2026-10-07 18:28:38,512 [ERROR] LogOutputStream:75 - [STDERR_REDIRECT] [Fatal Error] :1:1: Premature end of file.
2026-10-07 18:28:38,513 [ERROR] LogOutputStream:75 - [STDERR_REDIRECT] 
2026-10-07 18:28:39,514 [ERROR] LogOutputStream:75 - [STDERR_REDIRECT] [Fatal Error] :1:1: Premature end of file.
2026-10-07 18:28:39,514 [ERROR] LogOutputStream:75 - [STDERR_REDIRECT] 
2026-10-07 18:28:40,515 [ERROR] LogOutputStream:75 - [STDERR_REDIRECT] [Fatal Error] :1:1: Premature end of file.
2026-10-07 18:28:40,515 [ERROR] LogOutputStream:75 - [STDERR_REDIRECT] 
2026-10-07 18:28:41,523 [ERROR] LogOutputStream:75 - [STDERR_REDIRECT] [Fatal Error] :1:1: Premature end of file.
2026-10-07 18:28:41,523 [ERROR] LogOutputStream:75 - [STDERR_REDIRECT] 
2026-10-07 18:28:42,530 [ERROR] LogOutputStream:75 - [STDERR_REDIRECT] [Fatal Error] :1:1: Premature end of file.
2026-10-07 18:28:42,531 [ERROR] LogOutputStream:75 - [STDERR_REDIRECT] 
2026-10-07 18:28:43,519 [ERROR] LogOutputStream:75 - [STDERR_REDIRECT] [Fatal Error] :1:1: Premature end of file.
2026-10-07 18:28:43,519 [ERROR] LogOutputStream:75 - [STDERR_REDIRECT] 
2026-10-07 18:28:44,516 [ERROR] LogOutputStream:75 - [STDERR_REDIRECT] [Fatal Error] :1:1: Premature end of file.
2026-10-07 18:28:44,517 [ERROR] LogOutputStream:75 - [STDERR_REDIRECT] 
2026-10-07 18:28:45,515 [ERROR] LogOutputStream:75 - [STDERR_REDIRECT] [Fatal Error] :1:1: Premature end of file.
2026-10-07 18:28:45,516 [ERROR] LogOutputStream:75 - [STDERR_REDIRECT] 
2026-10-07 18:28:46,519 [ERROR] LogOutputStream:75 - [STDERR_REDIRECT] [Fatal Error] :1:1: Premature end of file.
2026-10-07 18:28:46,519 [ERROR] LogOutputStream:75 - [STDERR_REDIRECT] 
2026-10-07 18:28:47,553 [ERROR] LogOutputStream:75 - [STDERR_REDIRECT] [Fatal Error] :1:1: Premature end of file.
2026-10-07 18:28:47,553 [ERROR] LogOutputStream:75 - [STDERR_REDIRECT] 
2026-10-07 18:28:48,519 [ERROR] LogOutputStream:75 - [STDERR_REDIRECT] [Fatal Error] :1:1: Premature end of file.
2026-10-07 18:28:48,519 [ERROR] LogOutputStream:75 - [STDERR_REDIRECT] 
2026-10-07 18:28:49,516 [ERROR] LogOutputStream:75 - [STDERR_REDIRECT] [Fatal Error] :1:1: Premature end of file.
2026-10-07 18:28:49,516 [ERROR] LogOutputStream:75 - [STDERR_REDIRECT] 
2026-10-07 18:28:50,512 [ERROR] LogOutputStream:75 - [STDERR_REDIRECT] [Fatal Error] :1:1: Premature end of file.
2026-10-07 18:28:50,512 [ERROR] LogOutputStream:75 - [STDERR_REDIRECT] 
2026-10-07 18:28:51,516 [ERROR] LogOutputStream:75 - [STDERR_REDIRECT] [Fatal Error] :1:1: Premature end of file.
2026-10-07 18:28:51,516 [ERROR] LogOutputStream:75 - [STDERR_REDIRECT] 
2026-10-07 18:28:52,516 [ERROR] LogOutputStream:75 - [STDERR_REDIRECT] [Fatal Error] :1:1: Premature end of file.
2026-10-07 18:28:52,516 [ERROR] LogOutputStream:75 - [STDERR_REDIRECT] 
2026-10-07 18:28:53,515 [ERROR] LogOutputStream:75 - [STDERR_REDIRECT] [Fatal Error] :1:1: Premature end of file.
2026-10-07 18:28:53,515 [ERROR] LogOutputStream:75 - [STDERR_REDIRECT] 
2026-10-07 18:28:54,522 [ERROR] LogOutputStream:75 - [STDERR_REDIRECT] [Fatal Error] :1:1: Premature end of file.
2026-10-07 18:28:54,522 [ERROR] LogOutputStream:75 - [STDERR_REDIRECT] 
2026-10-07 18:28:55,519 [ERROR] LogOutputStream:75 - [STDERR_REDIRECT] [Fatal Error] :1:1: Premature end of file.
2026-10-07 18:28:55,519 [ERROR] LogOutputStream:75 - [STDERR_REDIRECT] 
2026-10-07 18:28:56,516 [ERROR] LogOutputStream:75 - [STDERR_REDIRECT] [Fatal Error] :1:1: Premature end of file.
2026-10-07 18:28:56,516 [ERROR] LogOutputStream:75 - [STDERR_REDIRECT] 
2026-10-07 18:28:57,512 [ERROR] LogOutputStream:75 - [STDERR_REDIRECT] [Fatal Error] :1:1: Premature end of file.
2026-10-07 18:28:57,512 [ERROR] LogOutputStream:75 - [STDERR_REDIRECT] 
2026-10-07 18:28:58,520 [ERROR] LogOutputStream:75 - [STDERR_REDIRECT] [Fatal Error] :1:1: Premature end of file.
2026-10-07 18:28:58,520 [ERROR] LogOutputStream:75 - [STDERR_REDIRECT] 
2026-10-07 18:28:59,513 [ERROR] LogOutputStream:75 - [STDERR_REDIRECT] [Fatal Error] :1:1: Premature end of file.
2026-10-07 18:28:59,514 [ERROR] LogOutputStream:75 - [STDERR_REDIRECT] 
2026-10-07 18:29:00,517 [ERROR] LogOutputStream:75 - [STDERR_REDIRECT] [Fatal Error] :1:1: Premature end of file.
2026-10-07 18:29:00,518 [ERROR] LogOutputStream:75 - [STDERR_REDIRECT] 
2026-10-07 18:29:01,517 [ERROR] LogOutputStream:75 - [STDERR_REDIRECT] [Fatal Error] :1:1: Premature end of file.
2026-10-07 18:29:01,517 [ERROR] LogOutputStream:75 - [STDERR_REDIRECT] 
2026-10-07 18:29:02,517 [ERROR] LogOutputStream:75 - [STDERR_REDIRECT] [Fatal Error] :1:1: Premature end of file.
2026-10-07 18:29:02,518 [ERROR] LogOutputStream:75 - [STDERR_REDIRECT] 
2026-10-07 18:29:03,516 [ERROR] LogOutputStream:75 - [STDERR_REDIRECT] [Fatal Error] :1:1: Premature end of file.
2026-10-07 18:29:03,516 [ERROR] LogOutputStream:75 - [STDERR_REDIRECT] 
2026-10-07 18:29:04,516 [ERROR] LogOutputStream:75 - [STDERR_REDIRECT] [Fatal Error] :1:1: Premature end of file.
2026-10-07 18:29:04,516 [ERROR] LogOutputStream:75 - [STDERR_REDIRECT] 
2026-10-07 18:29:05,519 [ERROR] LogOutputStream:75 - [STDERR_REDIRECT] [Fatal Error] :1:1: Premature end of file.
2026-10-07 18:29:05,519 [ERROR] LogOutputStream:75 - [STDERR_REDIRECT] 
2026-10-07 18:29:06,521 [ERROR] LogOutputStream:75 - [STDERR_REDIRECT] [Fatal Error] :1:1: Premature end of file.
2026-10-07 18:29:06,521 [ERROR] LogOutputStream:75 - [STDERR_REDIRECT] 
2026-10-07 18:29:07,516 [ERROR] LogOutputStream:75 - [STDERR_REDIRECT] [Fatal Error] :1:1: Premature end of file.
2026-10-07 18:29:07,516 [ERROR] LogOutputStream:75 - [STDERR_REDIRECT] 
2026-10-07 18:29:08,518 [ERROR] LogOutputStream:75 - [STDERR_REDIRECT] [Fatal Error] :1:1: Premature end of file.
2026-10-07 18:29:08,518 [ERROR] LogOutputStream:75 - [STDERR_REDIRECT] 
2026-10-07 18:29:09,514 [ERROR] LogOutputStream:75 - [STDERR_REDIRECT] [Fatal Error] :1:1: Premature end of file.
2026-10-07 18:29:09,514 [ERROR] LogOutputStream:75 - [STDERR_REDIRECT] 
2026-10-07 18:29:10,511 [ERROR] LogOutputStream:75 - [STDERR_REDIRECT] [Fatal Error] :1:1: Premature end of file.
2026-10-07 18:29:10,511 [ERROR] LogOutputStream:75 - [STDERR_REDIRECT] 
2026-10-07 18:29:11,513 [ERROR] LogOutputStream:75 - [STDERR_REDIRECT] [Fatal Error] :1:1: Premature end of file.
2026-10-07 18:29:11,513 [ERROR] LogOutputStream:75 - [STDERR_REDIRECT] 
2026-10-07 18:29:12,519 [ERROR] LogOutputStream:75 - [STDERR_REDIRECT] [Fatal Error] :1:1: Premature end of file.
2026-10-07 18:29:12,519 [ERROR] LogOutputStream:75 - [STDERR_REDIRECT] 
2026-10-07 18:29:13,517 [ERROR] LogOutputStream:75 - [STDERR_REDIRECT] [Fatal Error] :1:1: Premature end of file.
2026-10-07 18:29:13,518 [ERROR] LogOutputStream:75 - [STDERR_REDIRECT] 
2026-10-07 18:29:14,515 [ERROR] LogOutputStream:75 - [STDERR_REDIRECT] [Fatal Error] :1:1: Premature end of file.
2026-10-07 18:29:14,517 [ERROR] LogOutputStream:75 - [STDERR_REDIRECT] 
2026-10-07 18:29:15,514 [ERROR] LogOutputStream:75 - [STDERR_REDIRECT] [Fatal Error] :1:1: Premature end of file.
2026-10-07 18:29:15,515 [ERROR] LogOutputStream:75 - [STDERR_REDIRECT] 
2026-10-07 18:29:16,513 [ERROR] LogOutputStream:75 - [STDERR_REDIRECT] [Fatal Error] :1:1: Premature end of file.
2026-10-07 18:29:16,513 [ERROR] LogOutputStream:75 - [STDERR_REDIRECT] 
2026-10-07 18:29:17,515 [ERROR] LogOutputStream:75 - [STDERR_REDIRECT] [Fatal Error] :1:1: Premature end of file.
2026-10-07 18:29:17,515 [ERROR] LogOutputStream:75 - [STDERR_REDIRECT] 
2026-10-07 18:29:18,514 [ERROR] LogOutputStream:75 - [STDERR_REDIRECT] [Fatal Error] :1:1: Premature end of file.
2026-10-07 18:29:18,514 [ERROR] LogOutputStream:75 - [STDERR_REDIRECT] 
2026-10-07 18:29:19,516 [ERROR] LogOutputStream:75 - [STDERR_REDIRECT] [Fatal Error] :1:1: Premature end of file.
2026-10-07 18:29:19,516 [ERROR] LogOutputStream:75 - [STDERR_REDIRECT] 
2026-10-07 18:29:20,517 [ERROR] LogOutputStream:75 - [STDERR_REDIRECT] [Fatal Error] :1:1: Premature end of file.
2026-10-07 18:29:20,517 [ERROR] LogOutputStream:75 - [STDERR_REDIRECT] 
2026-10-07 18:29:21,513 [ERROR] LogOutputStream:75 - [STDERR_REDIRECT] [Fatal Error] :1:1: Premature end of file.
2026-10-07 18:29:21,513 [ERROR] LogOutputStream:75 - [STDERR_REDIRECT] 
2026-10-07 18:29:22,515 [ERROR] LogOutputStream:75 - [STDERR_REDIRECT] [Fatal Error] :1:1: Premature end of file.
2026-10-07 18:29:22,516 [ERROR] LogOutputStream:75 - [STDERR_REDIRECT] 
2026-10-07 18:29:23,513 [ERROR] LogOutputStream:75 - [STDERR_REDIRECT] [Fatal Error] :1:1: Premature end of file.
2026-10-07 18:29:23,513 [ERROR] LogOutputStream:75 - [STDERR_REDIRECT] 
2026-10-07 18:29:24,513 [ERROR] LogOutputStream:75 - [STDERR_REDIRECT] [Fatal Error] :1:1: Premature end of file.
2026-10-07 18:29:24,513 [ERROR] LogOutputStream:75 - [STDERR_REDIRECT] 
2026-10-07 18:29:25,517 [ERROR] LogOutputStream:75 - [STDERR_REDIRECT] [Fatal Error] :1:1: Premature end of file.
2026-10-07 18:29:25,518 [ERROR] LogOutputStream:75 - [STDERR_REDIRECT] 
2026-10-07 18:29:26,518 [ERROR] LogOutputStream:75 - [STDERR_REDIRECT] [Fatal Error] :1:1: Premature end of file.
2026-10-07 18:29:26,518 [ERROR] LogOutputStream:75 - [STDERR_REDIRECT] 
2026-10-07 18:29:27,516 [ERROR] LogOutputStream:75 - [STDERR_REDIRECT] [Fatal Error] :1:1: Premature end of file.
2026-10-07 18:29:27,516 [ERROR] LogOutputStream:75 - [STDERR_REDIRECT] 
2026-10-07 18:29:28,515 [ERROR] LogOutputStream:75 - [STDERR_REDIRECT] [Fatal Error] :1:1: Premature end of file.
2026-10-07 18:29:28,516 [ERROR] LogOutputStream:75 - [STDERR_REDIRECT] 
2026-10-07 18:29:29,517 [ERROR] LogOutputStream:75 - [STDERR_REDIRECT] [Fatal Error] :1:1: Premature end of file.
2026-10-07 18:29:29,517 [ERROR] LogOutputStream:75 - [STDERR_REDIRECT] 
2026-10-07 18:29:30,514 [ERROR] LogOutputStream:75 - [STDERR_REDIRECT] [Fatal Error] :1:1: Premature end of file.
2026-10-07 18:29:30,515 [ERROR] LogOutputStream:75 - [STDERR_REDIRECT] 
2026-10-07 18:29:31,518 [ERROR] LogOutputStream:75 - [STDERR_REDIRECT] [Fatal Error] :1:1: Premature end of file.
2026-10-07 18:29:31,519 [ERROR] LogOutputStream:75 - [STDERR_REDIRECT] 
2026-10-07 18:29:32,513 [ERROR] LogOutputStream:75 - [STDERR_REDIRECT] [Fatal Error] :1:1: Premature end of file.
2026-10-07 18:29:32,513 [ERROR] LogOutputStream:75 - [STDERR_REDIRECT] 
2026-10-07 18:29:33,513 [ERROR] LogOutputStream:75 - [STDERR_REDIRECT] [Fatal Error] :1:1: Premature end of file.
2026-10-07 18:29:33,513 [ERROR] LogOutputStream:75 - [STDERR_REDIRECT] 
2026-10-07 18:29:34,511 [ERROR] LogOutputStream:75 - [STDERR_REDIRECT] [Fatal Error] :1:1: Premature end of file.
2026-10-07 18:29:34,511 [ERROR] LogOutputStream:75 - [STDERR_REDIRECT] 
2026-10-07 18:29:35,511 [ERROR] LogOutputStream:75 - [STDERR_REDIRECT] [Fatal Error] :1:1: Premature end of file.
2026-10-07 18:29:35,526 [ERROR] LogOutputStream:75 - [STDERR_REDIRECT] 
2026-10-07 18:29:36,512 [ERROR] LogOutputStream:75 - [STDERR_REDIRECT] [Fatal Error] :1:1: Premature end of file.
2026-10-07 18:29:36,512 [ERROR] LogOutputStream:75 - [STDERR_REDIRECT] 
2026-10-07 18:29:37,513 [ERROR] LogOutputStream:75 - [STDERR_REDIRECT] [Fatal Error] :1:1: Premature end of file.
2026-10-07 18:29:37,513 [ERROR] LogOutputStream:75 - [STDERR_REDIRECT] 
2026-10-07 18:29:38,514 [ERROR] LogOutputStream:75 - [STDERR_REDIRECT] [Fatal Error] :1:1: Premature end of file.
2026-10-07 18:29:38,515 [ERROR] LogOutputStream:75 - [STDERR_REDIRECT] 
2026-10-07 18:29:39,511 [ERROR] LogOutputStream:75 - [STDERR_REDIRECT] [Fatal Error] :1:1: Premature end of file.
2026-10-07 18:29:39,511 [ERROR] LogOutputStream:75 - [STDERR_REDIRECT] 
2026-10-07 18:29:40,521 [ERROR] LogOutputStream:75 - [STDERR_REDIRECT] [Fatal Error] :1:1: Premature end of file.
2026-10-07 18:29:40,521 [ERROR] LogOutputStream:75 - [STDERR_REDIRECT] 
2026-10-07 18:29:41,514 [ERROR] LogOutputStream:75 - [STDERR_REDIRECT] [Fatal Error] :1:1: Premature end of file.
2026-10-07 18:29:41,514 [ERROR] LogOutputStream:75 - [STDERR_REDIRECT] 
2026-10-07 18:29:42,517 [ERROR] LogOutputStream:75 - [STDERR_REDIRECT] [Fatal Error] :1:1: Premature end of file.
2026-10-07 18:29:42,517 [ERROR] LogOutputStream:75 - [STDERR_REDIRECT] 
2026-10-07 18:29:43,516 [ERROR] LogOutputStream:75 - [STDERR_REDIRECT] [Fatal Error] :1:1: Premature end of file.
2026-10-07 18:29:43,516 [ERROR] LogOutputStream:75 - [STDERR_REDIRECT] 
2026-10-07 18:29:44,514 [ERROR] LogOutputStream:75 - [STDERR_REDIRECT] [Fatal Error] :1:1: Premature end of file.
2026-10-07 18:29:44,514 [ERROR] LogOutputStream:75 - [STDERR_REDIRECT] 
2026-10-07 18:29:45,514 [ERROR] LogOutputStream:75 - [STDERR_REDIRECT] [Fatal Error] :1:1: Premature end of file.
2026-10-07 18:29:45,514 [ERROR] LogOutputStream:75 - [STDERR_REDIRECT] 
2026-10-07 18:29:46,513 [ERROR] LogOutputStream:75 - [STDERR_REDIRECT] [Fatal Error] :1:1: Premature end of file.
2026-10-07 18:29:46,513 [ERROR] LogOutputStream:75 - [STDERR_REDIRECT] 
2026-10-07 18:29:47,514 [ERROR] LogOutputStream:75 - [STDERR_REDIRECT] [Fatal Error] :1:1: Premature end of file.
2026-10-07 18:29:47,514 [ERROR] LogOutputStream:75 - [STDERR_REDIRECT] 
2026-10-07 18:29:48,519 [ERROR] LogOutputStream:75 - [STDERR_REDIRECT] [Fatal Error] :1:1: Premature end of file.
2026-10-07 18:29:48,520 [ERROR] LogOutputStream:75 - [STDERR_REDIRECT] 
2026-10-07 18:29:49,512 [ERROR] LogOutputStream:75 - [STDERR_REDIRECT] [Fatal Error] :1:1: Premature end of file.
2026-10-07 18:29:49,512 [ERROR] LogOutputStream:75 - [STDERR_REDIRECT] 
2026-10-07 18:29:50,519 [ERROR] LogOutputStream:75 - [STDERR_REDIRECT] [Fatal Error] :1:1: Premature end of file.
2026-10-07 18:29:50,519 [ERROR] LogOutputStream:75 - [STDERR_REDIRECT] 
2026-10-07 18:29:51,512 [ERROR] LogOutputStream:75 - [STDERR_REDIRECT] [Fatal Error] :1:1: Premature end of file.
2026-10-07 18:29:51,512 [ERROR] LogOutputStream:75 - [STDERR_REDIRECT] 
2026-10-07 18:29:52,515 [ERROR] LogOutputStream:75 - [STDERR_REDIRECT] [Fatal Error] :1:1: Premature end of file.
2026-10-07 18:29:52,515 [ERROR] LogOutputStream:75 - [STDERR_REDIRECT] 
2026-10-07 18:29:53,511 [ERROR] LogOutputStream:75 - [STDERR_REDIRECT] [Fatal Error] :1:1: Premature end of file.
2026-10-07 18:29:53,511 [ERROR] LogOutputStream:75 - [STDERR_REDIRECT] 
2026-10-07 18:29:54,519 [ERROR] LogOutputStream:75 - [STDERR_REDIRECT] [Fatal Error] :1:1: Premature end of file.
2026-10-07 18:29:54,519 [ERROR] LogOutputStream:75 - [STDERR_REDIRECT] 
2026-10-07 18:29:55,517 [ERROR] LogOutputStream:75 - [STDERR_REDIRECT] [Fatal Error] :1:1: Premature end of file.
2026-10-07 18:29:55,517 [ERROR] LogOutputStream:75 - [STDERR_REDIRECT] 
2026-10-07 18:29:56,513 [ERROR] LogOutputStream:75 - [STDERR_REDIRECT] [Fatal Error] :1:1: Premature end of file.
2026-10-07 18:29:56,513 [ERROR] LogOutputStream:75 - [STDERR_REDIRECT] 
2026-10-07 18:29:57,515 [ERROR] LogOutputStream:75 - [STDERR_REDIRECT] [Fatal Error] :1:1: Premature end of file.
2026-10-07 18:29:57,515 [ERROR] LogOutputStream:75 - [STDERR_REDIRECT] 
2026-10-07 18:29:58,517 [ERROR] LogOutputStream:75 - [STDERR_REDIRECT] [Fatal Error] :1:1: Premature end of file.
2026-10-07 18:29:58,518 [ERROR] LogOutputStream:75 - [STDERR_REDIRECT] 
2026-10-07 18:29:59,517 [ERROR] LogOutputStream:75 - [STDERR_REDIRECT] [Fatal Error] :1:1: Premature end of file.
2026-10-07 18:29:59,517 [ERROR] LogOutputStream:75 - [STDERR_REDIRECT] 
2026-10-07 18:30:00,511 [ERROR] LogOutputStream:75 - [STDERR_REDIRECT] [Fatal Error] :1:1: Premature end of file.
2026-10-07 18:30:00,512 [ERROR] LogOutputStream:75 - [STDERR_REDIRECT] 
2026-10-07 18:30:01,512 [ERROR] LogOutputStream:75 - [STDERR_REDIRECT] [Fatal Error] :1:1: Premature end of file.
2026-10-07 18:30:01,512 [ERROR] LogOutputStream:75 - [STDERR_REDIRECT] 
2026-10-07 18:30:02,510 [ERROR] LogOutputStream:75 - [STDERR_REDIRECT] [Fatal Error] :1:1: Premature end of file.
2026-10-07 18:30:02,511 [ERROR] LogOutputStream:75 - [STDERR_REDIRECT] 
2026-10-07 18:30:03,517 [ERROR] LogOutputStream:75 - [STDERR_REDIRECT] [Fatal Error] :1:1: Premature end of file.
2026-10-07 18:30:03,518 [ERROR] LogOutputStream:75 - [STDERR_REDIRECT] 
2026-10-07 18:30:04,516 [ERROR] LogOutputStream:75 - [STDERR_REDIRECT] [Fatal Error] :1:1: Premature end of file.
2026-10-07 18:30:04,516 [ERROR] LogOutputStream:75 - [STDERR_REDIRECT] 
2026-10-07 18:30:05,518 [ERROR] LogOutputStream:75 - [STDERR_REDIRECT] [Fatal Error] :1:1: Premature end of file.
2026-10-07 18:30:05,524 [ERROR] LogOutputStream:75 - [STDERR_REDIRECT] 
2026-10-07 18:30:06,515 [ERROR] LogOutputStream:75 - [STDERR_REDIRECT] [Fatal Error] :1:1: Premature end of file.
2026-10-07 18:30:06,515 [ERROR] LogOutputStream:75 - [STDERR_REDIRECT] 
2026-10-07 18:30:07,514 [ERROR] LogOutputStream:75 - [STDERR_REDIRECT] [Fatal Error] :1:1: Premature end of file.
2026-10-07 18:30:07,514 [ERROR] LogOutputStream:75 - [STDERR_REDIRECT] 
2026-10-07 18:30:08,512 [ERROR] LogOutputStream:75 - [STDERR_REDIRECT] [Fatal Error] :1:1: Premature end of file.
2026-10-07 18:30:08,512 [ERROR] LogOutputStream:75 - [STDERR_REDIRECT] 
2026-10-07 18:30:09,512 [ERROR] LogOutputStream:75 - [STDERR_REDIRECT] [Fatal Error] :1:1: Premature end of file.
2026-10-07 18:30:09,512 [ERROR] LogOutputStream:75 - [STDERR_REDIRECT] 
2026-10-07 18:30:10,514 [ERROR] LogOutputStream:75 - [STDERR_REDIRECT] [Fatal Error] :1:1: Premature end of file.
2026-10-07 18:30:10,515 [ERROR] LogOutputStream:75 - [STDERR_REDIRECT] 
2026-10-07 18:30:11,512 [ERROR] LogOutputStream:75 - [STDERR_REDIRECT] [Fatal Error] :1:1: Premature end of file.
2026-10-07 18:30:11,512 [ERROR] LogOutputStream:75 - [STDERR_REDIRECT] 
2026-10-07 18:30:12,514 [ERROR] LogOutputStream:75 - [STDERR_REDIRECT] [Fatal Error] :1:1: Premature end of file.
2026-10-07 18:30:12,514 [ERROR] LogOutputStream:75 - [STDERR_REDIRECT] 
2026-10-07 18:30:13,510 [ERROR] LogOutputStream:75 - [STDERR_REDIRECT] [Fatal Error] :1:1: Premature end of file.
2026-10-07 18:30:13,510 [ERROR] LogOutputStream:75 - [STDERR_REDIRECT] 
2026-10-07 18:30:14,517 [ERROR] LogOutputStream:75 - [STDERR_REDIRECT] [Fatal Error] :1:1: Premature end of file.
2026-10-07 18:30:14,517 [ERROR] LogOutputStream:75 - [STDERR_REDIRECT] 
2026-10-07 18:30:15,516 [ERROR] LogOutputStream:75 - [STDERR_REDIRECT] [Fatal Error] :1:1: Premature end of file.
2026-10-07 18:30:15,516 [ERROR] LogOutputStream:75 - [STDERR_REDIRECT] 
2026-10-07 18:30:16,514 [ERROR] LogOutputStream:75 - [STDERR_REDIRECT] [Fatal Error] :1:1: Premature end of file.
2026-10-07 18:30:16,514 [ERROR] LogOutputStream:75 - [STDERR_REDIRECT] 
2026-10-07 18:30:17,511 [ERROR] LogOutputStream:75 - [STDERR_REDIRECT] [Fatal Error] :1:1: Premature end of file.
2026-10-07 18:30:17,511 [ERROR] LogOutputStream:75 - [STDERR_REDIRECT] 
2026-10-07 18:30:18,513 [ERROR] LogOutputStream:75 - [STDERR_REDIRECT] [Fatal Error] :1:1: Premature end of file.
2026-10-07 18:30:18,513 [ERROR] LogOutputStream:75 - [STDERR_REDIRECT] 
2026-10-07 18:30:19,512 [ERROR] LogOutputStream:75 - [STDERR_REDIRECT] [Fatal Error] :1:1: Premature end of file.
2026-10-07 18:30:19,512 [ERROR] LogOutputStream:75 - [STDERR_REDIRECT] 
2026-10-07 18:30:20,515 [ERROR] LogOutputStream:75 - [STDERR_REDIRECT] [Fatal Error] :1:1: Premature end of file.
2026-10-07 18:30:20,523 [ERROR] LogOutputStream:75 - [STDERR_REDIRECT] 
2026-10-07 18:30:21,513 [ERROR] LogOutputStream:75 - [STDERR_REDIRECT] [Fatal Error] :1:1: Premature end of file.
2026-10-07 18:30:21,513 [ERROR] LogOutputStream:75 - [STDERR_REDIRECT] 
2026-10-07 18:30:22,514 [ERROR] LogOutputStream:75 - [STDERR_REDIRECT] [Fatal Error] :1:1: Premature end of file.
2026-10-07 18:30:22,514 [ERROR] LogOutputStream:75 - [STDERR_REDIRECT] 
2026-10-07 18:30:23,512 [ERROR] LogOutputStream:75 - [STDERR_REDIRECT] [Fatal Error] :1:1: Premature end of file.
2026-10-07 18:30:23,512 [ERROR] LogOutputStream:75 - [STDERR_REDIRECT] 
2026-10-07 18:30:24,522 [ERROR] LogOutputStream:75 - [STDERR_REDIRECT] [Fatal Error] :1:1: Premature end of file.
2026-10-07 18:30:24,522 [ERROR] LogOutputStream:75 - [STDERR_REDIRECT] 
2026-10-07 18:30:25,513 [ERROR] LogOutputStream:75 - [STDERR_REDIRECT] [Fatal Error] :1:1: Premature end of file.
2026-10-07 18:30:25,513 [ERROR] LogOutputStream:75 - [STDERR_REDIRECT] 
2026-10-07 18:30:26,518 [ERROR] LogOutputStream:75 - [STDERR_REDIRECT] [Fatal Error] :1:1: Premature end of file.
2026-10-07 18:30:26,518 [ERROR] LogOutputStream:75 - [STDERR_REDIRECT] 
2026-10-07 18:30:27,515 [ERROR] LogOutputStream:75 - [STDERR_REDIRECT] [Fatal Error] :1:1: Premature end of file.
2026-10-07 18:30:27,515 [ERROR] LogOutputStream:75 - [STDERR_REDIRECT] 
2026-10-07 18:30:28,515 [ERROR] LogOutputStream:75 - [STDERR_REDIRECT] [Fatal Error] :1:1: Premature end of file.
2026-10-07 18:30:28,515 [ERROR] LogOutputStream:75 - [STDERR_REDIRECT] 
2026-10-07 18:30:29,521 [ERROR] LogOutputStream:75 - [STDERR_REDIRECT] [Fatal Error] :1:1: Premature end of file.
2026-10-07 18:30:29,521 [ERROR] LogOutputStream:75 - [STDERR_REDIRECT] 
2026-10-07 18:30:30,522 [ERROR] LogOutputStream:75 - [STDERR_REDIRECT] [Fatal Error] :1:1: Premature end of file.
2026-10-07 18:30:30,523 [ERROR] LogOutputStream:75 - [STDERR_REDIRECT] 
2026-10-07 18:30:31,521 [ERROR] LogOutputStream:75 - [STDERR_REDIRECT] [Fatal Error] :1:1: Premature end of file.
2026-10-07 18:30:31,521 [ERROR] LogOutputStream:75 - [STDERR_REDIRECT] 
2026-10-07 18:30:32,519 [ERROR] LogOutputStream:75 - [STDERR_REDIRECT] [Fatal Error] :1:1: Premature end of file.
2026-10-07 18:30:32,519 [ERROR] LogOutputStream:75 - [STDERR_REDIRECT] 
2026-10-07 18:30:33,516 [ERROR] LogOutputStream:75 - [STDERR_REDIRECT] [Fatal Error] :1:1: Premature end of file.
2026-10-07 18:30:33,516 [ERROR] LogOutputStream:75 - [STDERR_REDIRECT] 
2026-10-07 18:30:34,518 [ERROR] LogOutputStream:75 - [STDERR_REDIRECT] [Fatal Error] :1:1: Premature end of file.
2026-10-07 18:30:34,518 [ERROR] LogOutputStream:75 - [STDERR_REDIRECT] 
2026-10-07 18:30:35,520 [ERROR] LogOutputStream:75 - [STDERR_REDIRECT] [Fatal Error] :1:1: Premature end of file.
2026-10-07 18:30:35,520 [ERROR] LogOutputStream:75 - [STDERR_REDIRECT] 
2026-10-07 18:30:36,526 [ERROR] LogOutputStream:75 - [STDERR_REDIRECT] [Fatal Error] :1:1: Premature end of file.
2026-10-07 18:30:36,526 [ERROR] LogOutputStream:75 - [STDERR_REDIRECT] 
2026-10-07 18:30:37,515 [ERROR] LogOutputStream:75 - [STDERR_REDIRECT] [Fatal Error] :1:1: Premature end of file.
2026-10-07 18:30:37,515 [ERROR] LogOutputStream:75 - [STDERR_REDIRECT] 
2026-10-07 18:30:38,517 [ERROR] LogOutputStream:75 - [STDERR_REDIRECT] [Fatal Error] :1:1: Premature end of file.
2026-10-07 18:30:38,517 [ERROR] LogOutputStream:75 - [STDERR_REDIRECT] 
2026-10-07 18:30:39,516 [ERROR] LogOutputStream:75 - [STDERR_REDIRECT] [Fatal Error] :1:1: Premature end of file.
2026-10-07 18:30:39,516 [ERROR] LogOutputStream:75 - [STDERR_REDIRECT] 
2026-10-07 18:30:40,517 [ERROR] LogOutputStream:75 - [STDERR_REDIRECT] [Fatal Error] :1:1: Premature end of file.
2026-10-07 18:30:40,518 [ERROR] LogOutputStream:75 - [STDERR_REDIRECT] 
2026-10-07 18:30:41,516 [ERROR] LogOutputStream:75 - [STDERR_REDIRECT] [Fatal Error] :1:1: Premature end of file.
2026-10-07 18:30:41,516 [ERROR] LogOutputStream:75 - [STDERR_REDIRECT] 
2026-10-07 18:30:42,512 [ERROR] LogOutputStream:75 - [STDERR_REDIRECT] [Fatal Error] :1:1: Premature end of file.
2026-10-07 18:30:42,512 [ERROR] LogOutputStream:75 - [STDERR_REDIRECT] 
2026-10-07 18:30:43,518 [ERROR] LogOutputStream:75 - [STDERR_REDIRECT] [Fatal Error] :1:1: Premature end of file.
2026-10-07 18:30:43,519 [ERROR] LogOutputStream:75 - [STDERR_REDIRECT] 
2026-10-07 18:30:44,511 [ERROR] LogOutputStream:75 - [STDERR_REDIRECT] [Fatal Error] :1:1: Premature end of file.
2026-10-07 18:30:44,511 [ERROR] LogOutputStream:75 - [STDERR_REDIRECT] 
2026-10-07 18:30:45,512 [ERROR] LogOutputStream:75 - [STDERR_REDIRECT] [Fatal Error] :1:1: Premature end of file.
2026-10-07 18:30:45,512 [ERROR] LogOutputStream:75 - [STDERR_REDIRECT] 
2026-10-07 18:30:46,511 [ERROR] LogOutputStream:75 - [STDERR_REDIRECT] [Fatal Error] :1:1: Premature end of file.
2026-10-07 18:30:46,512 [ERROR] LogOutputStream:75 - [STDERR_REDIRECT] 
2026-10-07 18:30:47,514 [ERROR] LogOutputStream:75 - [STDERR_REDIRECT] [Fatal Error] :1:1: Premature end of file.
2026-10-07 18:30:47,514 [ERROR] LogOutputStream:75 - [STDERR_REDIRECT] 
2026-10-07 18:30:48,514 [ERROR] LogOutputStream:75 - [STDERR_REDIRECT] [Fatal Error] :1:1: Premature end of file.
2026-10-07 18:30:48,514 [ERROR] LogOutputStream:75 - [STDERR_REDIRECT] 
2026-10-07 18:30:49,519 [ERROR] LogOutputStream:75 - [STDERR_REDIRECT] [Fatal Error] :1:1: Premature end of file.
2026-10-07 18:30:49,519 [ERROR] LogOutputStream:75 - [STDERR_REDIRECT] 
2026-10-07 18:30:50,514 [ERROR] LogOutputStream:75 - [STDERR_REDIRECT] [Fatal Error] :1:1: Premature end of file.
2026-10-07 18:30:50,516 [ERROR] LogOutputStream:75 - [STDERR_REDIRECT] 
2026-10-07 18:30:51,512 [ERROR] LogOutputStream:75 - [STDERR_REDIRECT] [Fatal Error] :1:1: Premature end of file.
2026-10-07 18:30:51,512 [ERROR] LogOutputStream:75 - [STDERR_REDIRECT] 
2026-10-07 18:30:52,514 [ERROR] LogOutputStream:75 - [STDERR_REDIRECT] [Fatal Error] :1:1: Premature end of file.
2026-10-07 18:30:52,514 [ERROR] LogOutputStream:75 - [STDERR_REDIRECT] 
2026-10-07 18:30:53,515 [ERROR] LogOutputStream:75 - [STDERR_REDIRECT] [Fatal Error] :1:1: Premature end of file.
2026-10-07 18:30:53,515 [ERROR] LogOutputStream:75 - [STDERR_REDIRECT] 
2026-10-07 18:30:54,518 [ERROR] LogOutputStream:75 - [STDERR_REDIRECT] [Fatal Error] :1:1: Premature end of file.
2026-10-07 18:30:54,518 [ERROR] LogOutputStream:75 - [STDERR_REDIRECT] 
2026-10-07 18:30:55,522 [ERROR] LogOutputStream:75 - [STDERR_REDIRECT] [Fatal Error] :1:1: Premature end of file.
2026-10-07 18:30:55,522 [ERROR] LogOutputStream:75 - [STDERR_REDIRECT] 
2026-10-07 18:30:56,513 [ERROR] LogOutputStream:75 - [STDERR_REDIRECT] [Fatal Error] :1:1: Premature end of file.
2026-10-07 18:30:56,514 [ERROR] LogOutputStream:75 - [STDERR_REDIRECT] 
2026-10-07 18:30:57,521 [ERROR] LogOutputStream:75 - [STDERR_REDIRECT] [Fatal Error] :1:1: Premature end of file.
2026-10-07 18:30:57,522 [ERROR] LogOutputStream:75 - [STDERR_REDIRECT] 
2026-10-07 18:30:58,514 [ERROR] LogOutputStream:75 - [STDERR_REDIRECT] [Fatal Error] :1:1: Premature end of file.
2026-10-07 18:30:58,514 [ERROR] LogOutputStream:75 - [STDERR_REDIRECT] 
2026-10-07 18:30:59,514 [ERROR] LogOutputStream:75 - [STDERR_REDIRECT] [Fatal Error] :1:1: Premature end of file.
2026-10-07 18:30:59,515 [ERROR] LogOutputStream:75 - [STDERR_REDIRECT] 
2026-10-07 18:31:00,517 [ERROR] LogOutputStream:75 - [STDERR_REDIRECT] [Fatal Error] :1:1: Premature end of file.
2026-10-07 18:31:00,517 [ERROR] LogOutputStream:75 - [STDERR_REDIRECT] 
2026-10-07 18:31:01,517 [ERROR] LogOutputStream:75 - [STDERR_REDIRECT] [Fatal Error] :1:1: Premature end of file.
2026-10-07 18:31:01,517 [ERROR] LogOutputStream:75 - [STDERR_REDIRECT] 
2026-10-07 18:31:02,515 [ERROR] LogOutputStream:75 - [STDERR_REDIRECT] [Fatal Error] :1:1: Premature end of file.
2026-10-07 18:31:02,515 [ERROR] LogOutputStream:75 - [STDERR_REDIRECT] 
2026-10-07 18:31:03,512 [ERROR] LogOutputStream:75 - [STDERR_REDIRECT] [Fatal Error] :1:1: Premature end of file.
2026-10-07 18:31:03,512 [ERROR] LogOutputStream:75 - [STDERR_REDIRECT] 
2026-10-07 18:31:04,515 [ERROR] LogOutputStream:75 - [STDERR_REDIRECT] [Fatal Error] :1:1: Premature end of file.
2026-10-07 18:31:04,516 [ERROR] LogOutputStream:75 - [STDERR_REDIRECT] 
2026-10-07 18:31:05,522 [ERROR] LogOutputStream:75 - [STDERR_REDIRECT] [Fatal Error] :1:1: Premature end of file.
2026-10-07 18:31:05,523 [ERROR] LogOutputStream:75 - [STDERR_REDIRECT] 
2026-10-07 18:31:06,521 [ERROR] LogOutputStream:75 - [STDERR_REDIRECT] [Fatal Error] :1:1: Premature end of file.
2026-10-07 18:31:06,521 [ERROR] LogOutputStream:75 - [STDERR_REDIRECT] 
2026-10-07 18:31:07,515 [ERROR] LogOutputStream:75 - [STDERR_REDIRECT] [Fatal Error] :1:1: Premature end of file.
2026-10-07 18:31:07,515 [ERROR] LogOutputStream:75 - [STDERR_REDIRECT] 
2026-10-07 18:31:08,515 [ERROR] LogOutputStream:75 - [STDERR_REDIRECT] [Fatal Error] :1:1: Premature end of file.
2026-10-07 18:31:08,515 [ERROR] LogOutputStream:75 - [STDERR_REDIRECT] 
2026-10-07 18:31:09,513 [ERROR] LogOutputStream:75 - [STDERR_REDIRECT] [Fatal Error] :1:1: Premature end of file.
2026-10-07 18:31:09,514 [ERROR] LogOutputStream:75 - [STDERR_REDIRECT] 
2026-10-07 18:31:10,512 [ERROR] LogOutputStream:75 - [STDERR_REDIRECT] [Fatal Error] :1:1: Premature end of file.
2026-10-07 18:31:10,514 [ERROR] LogOutputStream:75 - [STDERR_REDIRECT] 
2026-10-07 18:31:11,517 [ERROR] LogOutputStream:75 - [STDERR_REDIRECT] [Fatal Error] :1:1: Premature end of file.
2026-10-07 18:31:11,517 [ERROR] LogOutputStream:75 - [STDERR_REDIRECT] 
2026-10-07 18:31:12,516 [ERROR] LogOutputStream:75 - [STDERR_REDIRECT] [Fatal Error] :1:1: Premature end of file.
2026-10-07 18:31:12,516 [ERROR] LogOutputStream:75 - [STDERR_REDIRECT] 
2026-10-07 18:31:13,512 [ERROR] LogOutputStream:75 - [STDERR_REDIRECT] [Fatal Error] :1:1: Premature end of file.
2026-10-07 18:31:13,512 [ERROR] LogOutputStream:75 - [STDERR_REDIRECT] 
2026-10-07 18:31:14,517 [ERROR] LogOutputStream:75 - [STDERR_REDIRECT] [Fatal Error] :1:1: Premature end of file.
2026-10-07 18:31:14,517 [ERROR] LogOutputStream:75 - [STDERR_REDIRECT] 
2026-10-07 18:31:15,513 [ERROR] LogOutputStream:75 - [STDERR_REDIRECT] [Fatal Error] :1:1: Premature end of file.
2026-10-07 18:31:15,513 [ERROR] LogOutputStream:75 - [STDERR_REDIRECT] 
2026-10-07 18:31:16,512 [ERROR] LogOutputStream:75 - [STDERR_REDIRECT] [Fatal Error] :1:1: Premature end of file.
2026-10-07 18:31:16,513 [ERROR] LogOutputStream:75 - [STDERR_REDIRECT] 
2026-10-07 18:31:17,513 [ERROR] LogOutputStream:75 - [STDERR_REDIRECT] [Fatal Error] :1:1: Premature end of file.
2026-10-07 18:31:17,514 [ERROR] LogOutputStream:75 - [STDERR_REDIRECT] 
2026-10-07 18:31:18,515 [ERROR] LogOutputStream:75 - [STDERR_REDIRECT] [Fatal Error] :1:1: Premature end of file.
2026-10-07 18:31:18,516 [ERROR] LogOutputStream:75 - [STDERR_REDIRECT] 
2026-10-07 18:31:19,516 [ERROR] LogOutputStream:75 - [STDERR_REDIRECT] [Fatal Error] :1:1: Premature end of file.
2026-10-07 18:31:19,516 [ERROR] LogOutputStream:75 - [STDERR_REDIRECT] 
2026-10-07 18:31:20,516 [ERROR] LogOutputStream:75 - [STDERR_REDIRECT] [Fatal Error] :1:1: Premature end of file.
2026-10-07 18:31:20,516 [ERROR] LogOutputStream:75 - [STDERR_REDIRECT] 
2026-10-07 18:31:21,514 [ERROR] LogOutputStream:75 - [STDERR_REDIRECT] [Fatal Error] :1:1: Premature end of file.
2026-10-07 18:31:21,514 [ERROR] LogOutputStream:75 - [STDERR_REDIRECT] 
2026-10-07 18:31:22,529 [ERROR] LogOutputStream:75 - [STDERR_REDIRECT] [Fatal Error] :1:1: Premature end of file.
2026-10-07 18:31:22,529 [ERROR] LogOutputStream:75 - [STDERR_REDIRECT] 
2026-10-07 18:31:23,522 [ERROR] LogOutputStream:75 - [STDERR_REDIRECT] [Fatal Error] :1:1: Premature end of file.
2026-10-07 18:31:23,523 [ERROR] LogOutputStream:75 - [STDERR_REDIRECT] 
2026-10-07 18:31:24,535 [ERROR] LogOutputStream:75 - [STDERR_REDIRECT] [Fatal Error] :1:1: Premature end of file.
2026-10-07 18:31:24,536 [ERROR] LogOutputStream:75 - [STDERR_REDIRECT] 
2026-10-07 18:31:25,489 [ERROR] LogOutputStream:75 - [STDERR_REDIRECT] [Fatal Error] :1:1: Premature end of file.
2026-10-07 18:31:25,489 [ERROR] LogOutputStream:75 - [STDERR_REDIRECT] 
2026-10-07 18:31:26,484 [ERROR] LogOutputStream:75 - [STDERR_REDIRECT] [Fatal Error] :1:1: Premature end of file.
2026-10-07 18:31:26,484 [ERROR] LogOutputStream:75 - [STDERR_REDIRECT] 
2026-10-07 18:31:27,480 [ERROR] LogOutputStream:75 - [STDERR_REDIRECT] [Fatal Error] :1:1: Premature end of file.
2026-10-07 18:31:27,480 [ERROR] LogOutputStream:75 - [STDERR_REDIRECT] 
2026-10-07 18:31:28,480 [ERROR] LogOutputStream:75 - [STDERR_REDIRECT] [Fatal Error] :1:1: Premature end of file.
2026-10-07 18:31:28,481 [ERROR] LogOutputStream:75 - [STDERR_REDIRECT] 
2026-10-07 18:31:29,482 [ERROR] LogOutputStream:75 - [STDERR_REDIRECT] [Fatal Error] :1:1: Premature end of file.
2026-10-07 18:31:29,482 [ERROR] LogOutputStream:75 - [STDERR_REDIRECT] 
2026-10-07 18:31:30,481 [ERROR] LogOutputStream:75 - [STDERR_REDIRECT] [Fatal Error] :1:1: Premature end of file.
2026-10-07 18:31:30,481 [ERROR] LogOutputStream:75 - [STDERR_REDIRECT] 
2026-10-07 18:31:31,480 [ERROR] LogOutputStream:75 - [STDERR_REDIRECT] [Fatal Error] :1:1: Premature end of file.
2026-10-07 18:31:31,480 [ERROR] LogOutputStream:75 - [STDERR_REDIRECT] 
2026-10-07 18:31:32,479 [ERROR] LogOutputStream:75 - [STDERR_REDIRECT] [Fatal Error] :1:1: Premature end of file.
2026-10-07 18:31:32,479 [ERROR] LogOutputStream:75 - [STDERR_REDIRECT] 
2026-10-07 18:31:33,479 [ERROR] LogOutputStream:75 - [STDERR_REDIRECT] [Fatal Error] :1:1: Premature end of file.
2026-10-07 18:31:33,480 [ERROR] LogOutputStream:75 - [STDERR_REDIRECT] 
2026-10-07 18:31:34,479 [ERROR] LogOutputStream:75 - [STDERR_REDIRECT] [Fatal Error] :1:1: Premature end of file.
2026-10-07 18:31:34,479 [ERROR] LogOutputStream:75 - [STDERR_REDIRECT] 
2026-10-07 18:31:35,479 [ERROR] LogOutputStream:75 - [STDERR_REDIRECT] [Fatal Error] :1:1: Premature end of file.
2026-10-07 18:31:35,480 [ERROR] LogOutputStream:75 - [STDERR_REDIRECT] 
2026-10-07 18:31:36,480 [ERROR] LogOutputStream:75 - [STDERR_REDIRECT] [Fatal Error] :1:1: Premature end of file.
2026-10-07 18:31:36,480 [ERROR] LogOutputStream:75 - [STDERR_REDIRECT] 
2026-10-07 18:31:37,481 [ERROR] LogOutputStream:75 - [STDERR_REDIRECT] [Fatal Error] :1:1: Premature end of file.
2026-10-07 18:31:37,481 [ERROR] LogOutputStream:75 - [STDERR_REDIRECT] 
2026-10-07 18:31:38,481 [ERROR] LogOutputStream:75 - [STDERR_REDIRECT] [Fatal Error] :1:1: Premature end of file.
2026-10-07 18:31:38,481 [ERROR] LogOutputStream:75 - [STDERR_REDIRECT] 
2026-10-07 18:31:39,480 [ERROR] LogOutputStream:75 - [STDERR_REDIRECT] [Fatal Error] :1:1: Premature end of file.
2026-10-07 18:31:39,480 [ERROR] LogOutputStream:75 - [STDERR_REDIRECT] 
2026-10-07 18:31:40,480 [ERROR] LogOutputStream:75 - [STDERR_REDIRECT] [Fatal Error] :1:1: Premature end of file.
2026-10-07 18:31:40,480 [ERROR] LogOutputStream:75 - [STDERR_REDIRECT] 
2026-10-07 18:31:41,481 [ERROR] LogOutputStream:75 - [STDERR_REDIRECT] [Fatal Error] :1:1: Premature end of file.
2026-10-07 18:31:41,481 [ERROR] LogOutputStream:75 - [STDERR_REDIRECT] 
2026-10-07 18:31:42,481 [ERROR] LogOutputStream:75 - [STDERR_REDIRECT] [Fatal Error] :1:1: Premature end of file.
2026-10-07 18:31:42,481 [ERROR] LogOutputStream:75 - [STDERR_REDIRECT] 
2026-10-07 18:31:43,480 [ERROR] LogOutputStream:75 - [STDERR_REDIRECT] [Fatal Error] :1:1: Premature end of file.
2026-10-07 18:31:43,480 [ERROR] LogOutputStream:75 - [STDERR_REDIRECT] 
2026-10-07 18:31:44,486 [ERROR] LogOutputStream:75 - [STDERR_REDIRECT] [Fatal Error] :1:1: Premature end of file.
2026-10-07 18:31:44,486 [ERROR] LogOutputStream:75 - [STDERR_REDIRECT] 
2026-10-07 18:31:45,480 [ERROR] LogOutputStream:75 - [STDERR_REDIRECT] [Fatal Error] :1:1: Premature end of file.
2026-10-07 18:31:45,480 [ERROR] LogOutputStream:75 - [STDERR_REDIRECT] 
2026-10-07 18:31:46,479 [ERROR] LogOutputStream:75 - [STDERR_REDIRECT] [Fatal Error] :1:1: Premature end of file.
2026-10-07 18:31:46,479 [ERROR] LogOutputStream:75 - [STDERR_REDIRECT] 
2026-10-07 18:31:47,482 [ERROR] LogOutputStream:75 - [STDERR_REDIRECT] [Fatal Error] :1:1: Premature end of file.
2026-10-07 18:31:47,482 [ERROR] LogOutputStream:75 - [STDERR_REDIRECT] 
2026-10-07 18:31:48,482 [ERROR] LogOutputStream:75 - [STDERR_REDIRECT] [Fatal Error] :1:1: Premature end of file.
2026-10-07 18:31:48,482 [ERROR] LogOutputStream:75 - [STDERR_REDIRECT] 
2026-10-07 18:31:49,482 [ERROR] LogOutputStream:75 - [STDERR_REDIRECT] [Fatal Error] :1:1: Premature end of file.
2026-10-07 18:31:49,482 [ERROR] LogOutputStream:75 - [STDERR_REDIRECT] 
2026-10-07 18:31:50,480 [ERROR] LogOutputStream:75 - [STDERR_REDIRECT] [Fatal Error] :1:1: Premature end of file.
2026-10-07 18:31:50,480 [ERROR] LogOutputStream:75 - [STDERR_REDIRECT] 
2026-10-07 18:31:51,480 [ERROR] LogOutputStream:75 - [STDERR_REDIRECT] [Fatal Error] :1:1: Premature end of file.
2026-10-07 18:31:51,480 [ERROR] LogOutputStream:75 - [STDERR_REDIRECT] 
2026-10-07 18:31:52,482 [ERROR] LogOutputStream:75 - [STDERR_REDIRECT] [Fatal Error] :1:1: Premature end of file.
2026-10-07 18:31:52,482 [ERROR] LogOutputStream:75 - [STDERR_REDIRECT] 
2026-10-07 18:31:53,481 [ERROR] LogOutputStream:75 - [STDERR_REDIRECT] [Fatal Error] :1:1: Premature end of file.
2026-10-07 18:31:53,481 [ERROR] LogOutputStream:75 - [STDERR_REDIRECT] 
2026-10-07 18:31:54,480 [ERROR] LogOutputStream:75 - [STDERR_REDIRECT] [Fatal Error] :1:1: Premature end of file.
2026-10-07 18:31:54,480 [ERROR] LogOutputStream:75 - [STDERR_REDIRECT] 
2026-10-07 18:31:55,479 [ERROR] LogOutputStream:75 - [STDERR_REDIRECT] [Fatal Error] :1:1: Premature end of file.
2026-10-07 18:31:55,479 [ERROR] LogOutputStream:75 - [STDERR_REDIRECT] 
2026-10-07 18:31:56,479 [ERROR] LogOutputStream:75 - [STDERR_REDIRECT] [Fatal Error] :1:1: Premature end of file.
2026-10-07 18:31:56,479 [ERROR] LogOutputStream:75 - [STDERR_REDIRECT] 
2026-10-07 18:31:57,479 [ERROR] LogOutputStream:75 - [STDERR_REDIRECT] [Fatal Error] :1:1: Premature end of file.
2026-10-07 18:31:57,479 [ERROR] LogOutputStream:75 - [STDERR_REDIRECT] 
2026-10-07 18:31:58,479 [ERROR] LogOutputStream:75 - [STDERR_REDIRECT] [Fatal Error] :1:1: Premature end of file.
2026-10-07 18:31:58,479 [ERROR] LogOutputStream:75 - [STDERR_REDIRECT] 
2026-10-07 18:31:59,478 [ERROR] LogOutputStream:75 - [STDERR_REDIRECT] [Fatal Error] :1:1: Premature end of file.
2026-10-07 18:31:59,478 [ERROR] LogOutputStream:75 - [STDERR_REDIRECT] 
2026-10-07 18:32:00,479 [ERROR] LogOutputStream:75 - [STDERR_REDIRECT] [Fatal Error] :1:1: Premature end of file.
2026-10-07 18:32:00,479 [ERROR] LogOutputStream:75 - [STDERR_REDIRECT] 
2026-10-07 18:32:01,478 [ERROR] LogOutputStream:75 - [STDERR_REDIRECT] [Fatal Error] :1:1: Premature end of file.
2026-10-07 18:32:01,478 [ERROR] LogOutputStream:75 - [STDERR_REDIRECT] 
2026-10-07 18:32:02,479 [ERROR] LogOutputStream:75 - [STDERR_REDIRECT] [Fatal Error] :1:1: Premature end of file.
2026-10-07 18:32:02,479 [ERROR] LogOutputStream:75 - [STDERR_REDIRECT] 
2026-10-07 18:32:03,479 [ERROR] LogOutputStream:75 - [STDERR_REDIRECT] [Fatal Error] :1:1: Premature end of file.
2026-10-07 18:32:03,479 [ERROR] LogOutputStream:75 - [STDERR_REDIRECT] 
2026-10-07 18:32:04,480 [ERROR] LogOutputStream:75 - [STDERR_REDIRECT] [Fatal Error] :1:1: Premature end of file.
2026-10-07 18:32:04,480 [ERROR] LogOutputStream:75 - [STDERR_REDIRECT] 
2026-10-07 18:32:05,479 [ERROR] LogOutputStream:75 - [STDERR_REDIRECT] [Fatal Error] :1:1: Premature end of file.
2026-10-07 18:32:05,479 [ERROR] LogOutputStream:75 - [STDERR_REDIRECT] 
2026-10-07 18:32:06,479 [ERROR] LogOutputStream:75 - [STDERR_REDIRECT] [Fatal Error] :1:1: Premature end of file.
2026-10-07 18:32:06,479 [ERROR] LogOutputStream:75 - [STDERR_REDIRECT] 
2026-10-07 18:32:07,479 [ERROR] LogOutputStream:75 - [STDERR_REDIRECT] [Fatal Error] :1:1: Premature end of file.
2026-10-07 18:32:07,479 [ERROR] LogOutputStream:75 - [STDERR_REDIRECT] 
2026-10-07 18:32:08,481 [ERROR] LogOutputStream:75 - [STDERR_REDIRECT] [Fatal Error] :1:1: Premature end of file.
2026-10-07 18:32:08,481 [ERROR] LogOutputStream:75 - [STDERR_REDIRECT] 
2026-10-07 18:32:09,480 [ERROR] LogOutputStream:75 - [STDERR_REDIRECT] [Fatal Error] :1:1: Premature end of file.
2026-10-07 18:32:09,480 [ERROR] LogOutputStream:75 - [STDERR_REDIRECT] 
2026-10-07 18:32:10,481 [ERROR] LogOutputStream:75 - [STDERR_REDIRECT] [Fatal Error] :1:1: Premature end of file.
2026-10-07 18:32:10,481 [ERROR] LogOutputStream:75 - [STDERR_REDIRECT] 
2026-10-07 18:32:11,481 [ERROR] LogOutputStream:75 - [STDERR_REDIRECT] [Fatal Error] :1:1: Premature end of file.
2026-10-07 18:32:11,481 [ERROR] LogOutputStream:75 - [STDERR_REDIRECT] 
2026-10-07 18:32:12,481 [ERROR] LogOutputStream:75 - [STDERR_REDIRECT] [Fatal Error] :1:1: Premature end of file.
2026-10-07 18:32:12,481 [ERROR] LogOutputStream:75 - [STDERR_REDIRECT] 
2026-10-07 18:32:13,480 [ERROR] LogOutputStream:75 - [STDERR_REDIRECT] [Fatal Error] :1:1: Premature end of file.
2026-10-07 18:32:13,480 [ERROR] LogOutputStream:75 - [STDERR_REDIRECT] 
2026-10-07 18:32:14,481 [ERROR] LogOutputStream:75 - [STDERR_REDIRECT] [Fatal Error] :1:1: Premature end of file.
2026-10-07 18:32:14,481 [ERROR] LogOutputStream:75 - [STDERR_REDIRECT] 
2026-10-07 18:32:15,481 [ERROR] LogOutputStream:75 - [STDERR_REDIRECT] [Fatal Error] :1:1: Premature end of file.
2026-10-07 18:32:15,482 [ERROR] LogOutputStream:75 - [STDERR_REDIRECT] 
2026-10-07 18:32:16,479 [ERROR] LogOutputStream:75 - [STDERR_REDIRECT] [Fatal Error] :1:1: Premature end of file.
2026-10-07 18:32:16,479 [ERROR] LogOutputStream:75 - [STDERR_REDIRECT] 
2026-10-07 18:32:17,480 [ERROR] LogOutputStream:75 - [STDERR_REDIRECT] [Fatal Error] :1:1: Premature end of file.
2026-10-07 18:32:17,481 [ERROR] LogOutputStream:75 - [STDERR_REDIRECT] 
2026-10-07 18:32:18,479 [ERROR] LogOutputStream:75 - [STDERR_REDIRECT] [Fatal Error] :1:1: Premature end of file.
2026-10-07 18:32:18,479 [ERROR] LogOutputStream:75 - [STDERR_REDIRECT] 
2026-10-07 18:32:19,480 [ERROR] LogOutputStream:75 - [STDERR_REDIRECT] [Fatal Error] :1:1: Premature end of file.
2026-10-07 18:32:19,480 [ERROR] LogOutputStream:75 - [STDERR_REDIRECT] 
2026-10-07 18:32:20,480 [ERROR] LogOutputStream:75 - [STDERR_REDIRECT] [Fatal Error] :1:1: Premature end of file.
2026-10-07 18:32:20,481 [ERROR] LogOutputStream:75 - [STDERR_REDIRECT] 
2026-10-07 18:32:21,480 [ERROR] LogOutputStream:75 - [STDERR_REDIRECT] [Fatal Error] :1:1: Premature end of file.
2026-10-07 18:32:21,480 [ERROR] LogOutputStream:75 - [STDERR_REDIRECT] 
2026-10-07 18:32:22,482 [ERROR] LogOutputStream:75 - [STDERR_REDIRECT] [Fatal Error] :1:1: Premature end of file.
2026-10-07 18:32:22,482 [ERROR] LogOutputStream:75 - [STDERR_REDIRECT] 
2026-10-07 18:32:23,481 [ERROR] LogOutputStream:75 - [STDERR_REDIRECT] [Fatal Error] :1:1: Premature end of file.
2026-10-07 18:32:23,481 [ERROR] LogOutputStream:75 - [STDERR_REDIRECT] 
2026-10-07 18:32:24,480 [ERROR] LogOutputStream:75 - [STDERR_REDIRECT] [Fatal Error] :1:1: Premature end of file.
2026-10-07 18:32:24,480 [ERROR] LogOutputStream:75 - [STDERR_REDIRECT] 
2026-10-07 18:32:25,478 [ERROR] LogOutputStream:75 - [STDERR_REDIRECT] [Fatal Error] :1:1: Premature end of file.
2026-10-07 18:32:25,479 [ERROR] LogOutputStream:75 - [STDERR_REDIRECT] 
2026-10-07 18:32:26,480 [ERROR] LogOutputStream:75 - [STDERR_REDIRECT] [Fatal Error] :1:1: Premature end of file.
2026-10-07 18:32:26,480 [ERROR] LogOutputStream:75 - [STDERR_REDIRECT] 
2026-10-07 18:32:27,480 [ERROR] LogOutputStream:75 - [STDERR_REDIRECT] [Fatal Error] :1:1: Premature end of file.
2026-10-07 18:32:27,480 [ERROR] LogOutputStream:75 - [STDERR_REDIRECT] 
2026-10-07 18:32:28,479 [ERROR] LogOutputStream:75 - [STDERR_REDIRECT] [Fatal Error] :1:1: Premature end of file.
2026-10-07 18:32:28,479 [ERROR] LogOutputStream:75 - [STDERR_REDIRECT] 
2026-10-07 18:32:29,481 [ERROR] LogOutputStream:75 - [STDERR_REDIRECT] [Fatal Error] :1:1: Premature end of file.
2026-10-07 18:32:29,481 [ERROR] LogOutputStream:75 - [STDERR_REDIRECT] 
2026-10-07 18:32:30,480 [ERROR] LogOutputStream:75 - [STDERR_REDIRECT] [Fatal Error] :1:1: Premature end of file.
2026-10-07 18:32:30,480 [ERROR] LogOutputStream:75 - [STDERR_REDIRECT] 
2026-10-07 18:32:31,479 [ERROR] LogOutputStream:75 - [STDERR_REDIRECT] [Fatal Error] :1:1: Premature end of file.
2026-10-07 18:32:31,479 [ERROR] LogOutputStream:75 - [STDERR_REDIRECT] 
2026-10-07 18:32:32,478 [ERROR] LogOutputStream:75 - [STDERR_REDIRECT] [Fatal Error] :1:1: Premature end of file.
2026-10-07 18:32:32,478 [ERROR] LogOutputStream:75 - [STDERR_REDIRECT] 
2026-10-07 18:32:33,480 [ERROR] LogOutputStream:75 - [STDERR_REDIRECT] [Fatal Error] :1:1: Premature end of file.
2026-10-07 18:32:33,480 [ERROR] LogOutputStream:75 - [STDERR_REDIRECT] 
2026-10-07 18:32:34,478 [ERROR] LogOutputStream:75 - [STDERR_REDIRECT] [Fatal Error] :1:1: Premature end of file.
2026-10-07 18:32:34,478 [ERROR] LogOutputStream:75 - [STDERR_REDIRECT] 
2026-10-07 18:32:35,484 [ERROR] LogOutputStream:75 - [STDERR_REDIRECT] [Fatal Error] :1:1: Premature end of file.
2026-10-07 18:32:35,484 [ERROR] LogOutputStream:75 - [STDERR_REDIRECT] 
2026-10-07 18:32:36,495 [ERROR] LogOutputStream:75 - [STDERR_REDIRECT] [Fatal Error] :1:1: Premature end of file.
2026-10-07 18:32:36,495 [ERROR] LogOutputStream:75 - [STDERR_REDIRECT] 
2026-10-07 18:32:37,484 [ERROR] LogOutputStream:75 - [STDERR_REDIRECT] [Fatal Error] :1:1: Premature end of file.
2026-10-07 18:32:37,484 [ERROR] LogOutputStream:75 - [STDERR_REDIRECT] 
2026-10-07 18:32:38,494 [ERROR] LogOutputStream:75 - [STDERR_REDIRECT] [Fatal Error] :1:1: Premature end of file.
2026-10-07 18:32:38,494 [ERROR] LogOutputStream:75 - [STDERR_REDIRECT] 
2026-10-07 18:32:39,480 [ERROR] LogOutputStream:75 - [STDERR_REDIRECT] [Fatal Error] :1:1: Premature end of file.
2026-10-07 18:32:39,480 [ERROR] LogOutputStream:75 - [STDERR_REDIRECT] 
2026-10-07 18:32:40,480 [ERROR] LogOutputStream:75 - [STDERR_REDIRECT] [Fatal Error] :1:1: Premature end of file.
2026-10-07 18:32:40,480 [ERROR] LogOutputStream:75 - [STDERR_REDIRECT] 
2026-10-07 18:32:41,481 [ERROR] LogOutputStream:75 - [STDERR_REDIRECT] [Fatal Error] :1:1: Premature end of file.
2026-10-07 18:32:41,482 [ERROR] LogOutputStream:75 - [STDERR_REDIRECT] 
2026-10-07 18:32:42,482 [ERROR] LogOutputStream:75 - [STDERR_REDIRECT] [Fatal Error] :1:1: Premature end of file.
2026-10-07 18:32:42,482 [ERROR] LogOutputStream:75 - [STDERR_REDIRECT] 
2026-10-07 18:32:43,482 [ERROR] LogOutputStream:75 - [STDERR_REDIRECT] [Fatal Error] :1:1: Premature end of file.
2026-10-07 18:32:43,483 [ERROR] LogOutputStream:75 - [STDERR_REDIRECT] 
2026-10-07 18:32:44,480 [ERROR] LogOutputStream:75 - [STDERR_REDIRECT] [Fatal Error] :1:1: Premature end of file.
2026-10-07 18:32:44,480 [ERROR] LogOutputStream:75 - [STDERR_REDIRECT] 
2026-10-07 18:32:45,484 [ERROR] LogOutputStream:75 - [STDERR_REDIRECT] [Fatal Error] :1:1: Premature end of file.
2026-10-07 18:32:45,485 [ERROR] LogOutputStream:75 - [STDERR_REDIRECT] 
2026-10-07 18:32:46,484 [ERROR] LogOutputStream:75 - [STDERR_REDIRECT] [Fatal Error] :1:1: Premature end of file.
2026-10-07 18:32:46,484 [ERROR] LogOutputStream:75 - [STDERR_REDIRECT] 
2026-10-07 18:32:47,482 [ERROR] LogOutputStream:75 - [STDERR_REDIRECT] [Fatal Error] :1:1: Premature end of file.
2026-10-07 18:32:47,482 [ERROR] LogOutputStream:75 - [STDERR_REDIRECT] 
2026-10-07 18:32:48,482 [ERROR] LogOutputStream:75 - [STDERR_REDIRECT] [Fatal Error] :1:1: Premature end of file.
2026-10-07 18:32:48,482 [ERROR] LogOutputStream:75 - [STDERR_REDIRECT] 
2026-10-07 18:32:49,481 [ERROR] LogOutputStream:75 - [STDERR_REDIRECT] [Fatal Error] :1:1: Premature end of file.
2026-10-07 18:32:49,481 [ERROR] LogOutputStream:75 - [STDERR_REDIRECT] 
2026-10-07 18:32:50,480 [ERROR] LogOutputStream:75 - [STDERR_REDIRECT] [Fatal Error] :1:1: Premature end of file.
2026-10-07 18:32:50,480 [ERROR] LogOutputStream:75 - [STDERR_REDIRECT] 
2026-10-07 18:32:51,481 [ERROR] LogOutputStream:75 - [STDERR_REDIRECT] [Fatal Error] :1:1: Premature end of file.
2026-10-07 18:32:51,481 [ERROR] LogOutputStream:75 - [STDERR_REDIRECT] 
2026-10-07 18:32:52,482 [ERROR] LogOutputStream:75 - [STDERR_REDIRECT] [Fatal Error] :1:1: Premature end of file.
2026-10-07 18:32:52,482 [ERROR] LogOutputStream:75 - [STDERR_REDIRECT] 
2026-10-07 18:32:53,481 [ERROR] LogOutputStream:75 - [STDERR_REDIRECT] [Fatal Error] :1:1: Premature end of file.
2026-10-07 18:32:53,481 [ERROR] LogOutputStream:75 - [STDERR_REDIRECT] 
2026-10-07 18:32:54,483 [ERROR] LogOutputStream:75 - [STDERR_REDIRECT] [Fatal Error] :1:1: Premature end of file.
2026-10-07 18:32:54,483 [ERROR] LogOutputStream:75 - [STDERR_REDIRECT] 
2026-10-07 18:32:55,480 [ERROR] LogOutputStream:75 - [STDERR_REDIRECT] [Fatal Error] :1:1: Premature end of file.
2026-10-07 18:32:55,481 [ERROR] LogOutputStream:75 - [STDERR_REDIRECT] 
2026-10-07 18:32:56,480 [ERROR] LogOutputStream:75 - [STDERR_REDIRECT] [Fatal Error] :1:1: Premature end of file.
2026-10-07 18:32:56,480 [ERROR] LogOutputStream:75 - [STDERR_REDIRECT] 
2026-10-07 18:32:57,480 [ERROR] LogOutputStream:75 - [STDERR_REDIRECT] [Fatal Error] :1:1: Premature end of file.
2026-10-07 18:32:57,481 [ERROR] LogOutputStream:75 - [STDERR_REDIRECT] 
2026-10-07 18:32:58,481 [ERROR] LogOutputStream:75 - [STDERR_REDIRECT] [Fatal Error] :1:1: Premature end of file.
2026-10-07 18:32:58,482 [ERROR] LogOutputStream:75 - [STDERR_REDIRECT] 
2026-10-07 18:32:59,482 [ERROR] LogOutputStream:75 - [STDERR_REDIRECT] [Fatal Error] :1:1: Premature end of file.
2026-10-07 18:32:59,482 [ERROR] LogOutputStream:75 - [STDERR_REDIRECT] 
2026-10-07 18:33:00,481 [ERROR] LogOutputStream:75 - [STDERR_REDIRECT] [Fatal Error] :1:1: Premature end of file.
2026-10-07 18:33:00,481 [ERROR] LogOutputStream:75 - [STDERR_REDIRECT] 
2026-10-07 18:33:01,481 [ERROR] LogOutputStream:75 - [STDERR_REDIRECT] [Fatal Error] :1:1: Premature end of file.
2026-10-07 18:33:01,481 [ERROR] LogOutputStream:75 - [STDERR_REDIRECT] 
2026-10-07 18:33:02,480 [ERROR] LogOutputStream:75 - [STDERR_REDIRECT] [Fatal Error] :1:1: Premature end of file.
2026-10-07 18:33:02,480 [ERROR] LogOutputStream:75 - [STDERR_REDIRECT] 
2026-10-07 18:33:03,481 [ERROR] LogOutputStream:75 - [STDERR_REDIRECT] [Fatal Error] :1:1: Premature end of file.
2026-10-07 18:33:03,481 [ERROR] LogOutputStream:75 - [STDERR_REDIRECT] 
2026-10-07 18:33:04,482 [ERROR] LogOutputStream:75 - [STDERR_REDIRECT] [Fatal Error] :1:1: Premature end of file.
2026-10-07 18:33:04,482 [ERROR] LogOutputStream:75 - [STDERR_REDIRECT] 
2026-10-07 18:33:05,481 [ERROR] LogOutputStream:75 - [STDERR_REDIRECT] [Fatal Error] :1:1: Premature end of file.
2026-10-07 18:33:05,481 [ERROR] LogOutputStream:75 - [STDERR_REDIRECT] 
2026-10-07 18:33:06,480 [ERROR] LogOutputStream:75 - [STDERR_REDIRECT] [Fatal Error] :1:1: Premature end of file.
2026-10-07 18:33:06,480 [ERROR] LogOutputStream:75 - [STDERR_REDIRECT] 
2026-10-07 18:33:07,481 [ERROR] LogOutputStream:75 - [STDERR_REDIRECT] [Fatal Error] :1:1: Premature end of file.
2026-10-07 18:33:07,482 [ERROR] LogOutputStream:75 - [STDERR_REDIRECT] 
2026-10-07 18:33:08,482 [ERROR] LogOutputStream:75 - [STDERR_REDIRECT] [Fatal Error] :1:1: Premature end of file.
2026-10-07 18:33:08,482 [ERROR] LogOutputStream:75 - [STDERR_REDIRECT] 
2026-10-07 18:33:09,479 [ERROR] LogOutputStream:75 - [STDERR_REDIRECT] [Fatal Error] :1:1: Premature end of file.
2026-10-07 18:33:09,480 [ERROR] LogOutputStream:75 - [STDERR_REDIRECT] 
2026-10-07 18:33:10,480 [ERROR] LogOutputStream:75 - [STDERR_REDIRECT] [Fatal Error] :1:1: Premature end of file.
2026-10-07 18:33:10,480 [ERROR] LogOutputStream:75 - [STDERR_REDIRECT] 
2026-10-07 18:33:11,487 [ERROR] LogOutputStream:75 - [STDERR_REDIRECT] [Fatal Error] :1:1: Premature end of file.
2026-10-07 18:33:11,487 [ERROR] LogOutputStream:75 - [STDERR_REDIRECT] 
2026-10-07 18:33:12,480 [ERROR] LogOutputStream:75 - [STDERR_REDIRECT] [Fatal Error] :1:1: Premature end of file.
2026-10-07 18:33:12,480 [ERROR] LogOutputStream:75 - [STDERR_REDIRECT] 
2026-10-07 18:33:13,479 [ERROR] LogOutputStream:75 - [STDERR_REDIRECT] [Fatal Error] :1:1: Premature end of file.
2026-10-07 18:33:13,479 [ERROR] LogOutputStream:75 - [STDERR_REDIRECT] 
2026-10-07 18:33:14,481 [ERROR] LogOutputStream:75 - [STDERR_REDIRECT] [Fatal Error] :1:1: Premature end of file.
2026-10-07 18:33:14,481 [ERROR] LogOutputStream:75 - [STDERR_REDIRECT] 
2026-10-07 18:33:15,482 [ERROR] LogOutputStream:75 - [STDERR_REDIRECT] [Fatal Error] :1:1: Premature end of file.
2026-10-07 18:33:15,482 [ERROR] LogOutputStream:75 - [STDERR_REDIRECT] 
2026-10-07 18:33:16,482 [ERROR] LogOutputStream:75 - [STDERR_REDIRECT] [Fatal Error] :1:1: Premature end of file.
2026-10-07 18:33:16,482 [ERROR] LogOutputStream:75 - [STDERR_REDIRECT] 
2026-10-07 18:33:17,487 [ERROR] LogOutputStream:75 - [STDERR_REDIRECT] [Fatal Error] :1:1: Premature end of file.
2026-10-07 18:33:17,487 [ERROR] LogOutputStream:75 - [STDERR_REDIRECT] 
2026-10-07 18:33:18,494 [ERROR] LogOutputStream:75 - [STDERR_REDIRECT] [Fatal Error] :1:1: Premature end of file.
2026-10-07 18:33:18,494 [ERROR] LogOutputStream:75 - [STDERR_REDIRECT] 
2026-10-07 18:33:19,488 [ERROR] LogOutputStream:75 - [STDERR_REDIRECT] [Fatal Error] :1:1: Premature end of file.
2026-10-07 18:33:19,488 [ERROR] LogOutputStream:75 - [STDERR_REDIRECT] 
2026-10-07 18:33:20,482 [ERROR] LogOutputStream:75 - [STDERR_REDIRECT] [Fatal Error] :1:1: Premature end of file.
2026-10-07 18:33:20,482 [ERROR] LogOutputStream:75 - [STDERR_REDIRECT] 
2026-10-07 18:33:21,484 [ERROR] LogOutputStream:75 - [STDERR_REDIRECT] [Fatal Error] :1:1: Premature end of file.
2026-10-07 18:33:21,484 [ERROR] LogOutputStream:75 - [STDERR_REDIRECT] 
2026-10-07 18:33:22,483 [ERROR] LogOutputStream:75 - [STDERR_REDIRECT] [Fatal Error] :1:1: Premature end of file.
2026-10-07 18:33:22,483 [ERROR] LogOutputStream:75 - [STDERR_REDIRECT] 
2026-10-07 18:33:23,484 [ERROR] LogOutputStream:75 - [STDERR_REDIRECT] [Fatal Error] :1:1: Premature end of file.
2026-10-07 18:33:23,485 [ERROR] LogOutputStream:75 - [STDERR_REDIRECT] 
2026-10-07 18:33:24,495 [ERROR] LogOutputStream:75 - [STDERR_REDIRECT] [Fatal Error] :1:1: Premature end of file.
2026-10-07 18:33:24,495 [ERROR] LogOutputStream:75 - [STDERR_REDIRECT] 
2026-10-07 18:33:25,497 [ERROR] LogOutputStream:75 - [STDERR_REDIRECT] [Fatal Error] :1:1: Premature end of file.
2026-10-07 18:33:25,497 [ERROR] LogOutputStream:75 - [STDERR_REDIRECT] 
2026-10-07 18:33:26,499 [ERROR] LogOutputStream:75 - [STDERR_REDIRECT] [Fatal Error] :1:1: Premature end of file.
2026-10-07 18:33:26,499 [ERROR] LogOutputStream:75 - [STDERR_REDIRECT] 
2026-10-07 18:33:27,485 [ERROR] LogOutputStream:75 - [STDERR_REDIRECT] [Fatal Error] :1:1: Premature end of file.
2026-10-07 18:33:27,485 [ERROR] LogOutputStream:75 - [STDERR_REDIRECT] 
2026-10-07 18:33:28,486 [ERROR] LogOutputStream:75 - [STDERR_REDIRECT] [Fatal Error] :1:1: Premature end of file.
2026-10-07 18:33:28,486 [ERROR] LogOutputStream:75 - [STDERR_REDIRECT] 
2026-10-07 18:33:29,494 [ERROR] LogOutputStream:75 - [STDERR_REDIRECT] [Fatal Error] :1:1: Premature end of file.
2026-10-07 18:33:29,495 [ERROR] LogOutputStream:75 - [STDERR_REDIRECT] 
2026-10-07 18:33:30,486 [ERROR] LogOutputStream:75 - [STDERR_REDIRECT] [Fatal Error] :1:1: Premature end of file.
2026-10-07 18:33:30,487 [ERROR] LogOutputStream:75 - [STDERR_REDIRECT] 
2026-10-07 18:33:31,495 [ERROR] LogOutputStream:75 - [STDERR_REDIRECT] [Fatal Error] :1:1: Premature end of file.
2026-10-07 18:33:31,495 [ERROR] LogOutputStream:75 - [STDERR_REDIRECT] 
2026-10-07 18:33:32,519 [ERROR] LogOutputStream:75 - [STDERR_REDIRECT] [Fatal Error] :1:1: Premature end of file.
2026-10-07 18:33:32,519 [ERROR] LogOutputStream:75 - [STDERR_REDIRECT] 
2026-10-07 18:33:33,489 [ERROR] LogOutputStream:75 - [STDERR_REDIRECT] [Fatal Error] :1:1: Premature end of file.
2026-10-07 18:33:33,490 [ERROR] LogOutputStream:75 - [STDERR_REDIRECT] 
2026-10-07 18:33:34,487 [ERROR] LogOutputStream:75 - [STDERR_REDIRECT] [Fatal Error] :1:1: Premature end of file.
2026-10-07 18:33:34,487 [ERROR] LogOutputStream:75 - [STDERR_REDIRECT] 
2026-10-07 18:33:35,496 [ERROR] LogOutputStream:75 - [STDERR_REDIRECT] [Fatal Error] :1:1: Premature end of file.
2026-10-07 18:33:35,496 [ERROR] LogOutputStream:75 - [STDERR_REDIRECT] 
2026-10-07 18:33:36,487 [ERROR] LogOutputStream:75 - [STDERR_REDIRECT] [Fatal Error] :1:1: Premature end of file.
2026-10-07 18:33:36,487 [ERROR] LogOutputStream:75 - [STDERR_REDIRECT] 
2026-10-07 18:33:37,492 [ERROR] LogOutputStream:75 - [STDERR_REDIRECT] [Fatal Error] :1:1: Premature end of file.
2026-10-07 18:33:37,492 [ERROR] LogOutputStream:75 - [STDERR_REDIRECT] 
2026-10-07 18:33:38,485 [ERROR] LogOutputStream:75 - [STDERR_REDIRECT] [Fatal Error] :1:1: Premature end of file.
2026-10-07 18:33:38,485 [ERROR] LogOutputStream:75 - [STDERR_REDIRECT] 
2026-10-07 18:33:39,487 [ERROR] LogOutputStream:75 - [STDERR_REDIRECT] [Fatal Error] :1:1: Premature end of file.
2026-10-07 18:33:39,487 [ERROR] LogOutputStream:75 - [STDERR_REDIRECT] 
2026-10-07 18:33:40,493 [ERROR] LogOutputStream:75 - [STDERR_REDIRECT] [Fatal Error] :1:1: Premature end of file.
2026-10-07 18:33:40,493 [ERROR] LogOutputStream:75 - [STDERR_REDIRECT] 
2026-10-07 18:33:41,488 [ERROR] LogOutputStream:75 - [STDERR_REDIRECT] [Fatal Error] :1:1: Premature end of file.
2026-10-07 18:33:41,488 [ERROR] LogOutputStream:75 - [STDERR_REDIRECT] 
2026-10-07 18:33:42,494 [ERROR] LogOutputStream:75 - [STDERR_REDIRECT] [Fatal Error] :1:1: Premature end of file.
2026-10-07 18:33:42,494 [ERROR] LogOutputStream:75 - [STDERR_REDIRECT] 
2026-10-07 18:33:43,485 [ERROR] LogOutputStream:75 - [STDERR_REDIRECT] [Fatal Error] :1:1: Premature end of file.
2026-10-07 18:33:43,485 [ERROR] LogOutputStream:75 - [STDERR_REDIRECT] 
2026-10-07 18:33:44,487 [ERROR] LogOutputStream:75 - [STDERR_REDIRECT] [Fatal Error] :1:1: Premature end of file.
2026-10-07 18:33:44,487 [ERROR] LogOutputStream:75 - [STDERR_REDIRECT] 
2026-10-07 18:33:45,492 [ERROR] LogOutputStream:75 - [STDERR_REDIRECT] [Fatal Error] :1:1: Premature end of file.
2026-10-07 18:33:45,492 [ERROR] LogOutputStream:75 - [STDERR_REDIRECT] 
2026-10-07 18:33:46,486 [ERROR] LogOutputStream:75 - [STDERR_REDIRECT] [Fatal Error] :1:1: Premature end of file.
2026-10-07 18:33:46,487 [ERROR] LogOutputStream:75 - [STDERR_REDIRECT] 
2026-10-07 18:33:47,492 [ERROR] LogOutputStream:75 - [STDERR_REDIRECT] [Fatal Error] :1:1: Premature end of file.
2026-10-07 18:33:47,492 [ERROR] LogOutputStream:75 - [STDERR_REDIRECT] 
2026-10-07 18:33:48,480 [ERROR] LogOutputStream:75 - [STDERR_REDIRECT] [Fatal Error] :1:1: Premature end of file.
2026-10-07 18:33:48,480 [ERROR] LogOutputStream:75 - [STDERR_REDIRECT] 
2026-10-07 18:33:49,486 [ERROR] LogOutputStream:75 - [STDERR_REDIRECT] [Fatal Error] :1:1: Premature end of file.
2026-10-07 18:33:49,486 [ERROR] LogOutputStream:75 - [STDERR_REDIRECT] 
2026-10-07 18:33:50,496 [ERROR] LogOutputStream:75 - [STDERR_REDIRECT] [Fatal Error] :1:1: Premature end of file.
2026-10-07 18:33:50,496 [ERROR] LogOutputStream:75 - [STDERR_REDIRECT] 
2026-10-07 18:33:51,486 [ERROR] LogOutputStream:75 - [STDERR_REDIRECT] [Fatal Error] :1:1: Premature end of file.
2026-10-07 18:33:51,486 [ERROR] LogOutputStream:75 - [STDERR_REDIRECT] 
2026-10-07 18:33:52,490 [ERROR] LogOutputStream:75 - [STDERR_REDIRECT] [Fatal Error] :1:1: Premature end of file.
2026-10-07 18:33:52,490 [ERROR] LogOutputStream:75 - [STDERR_REDIRECT] 
2026-10-07 18:33:53,482 [ERROR] LogOutputStream:75 - [STDERR_REDIRECT] [Fatal Error] :1:1: Premature end of file.
2026-10-07 18:33:53,482 [ERROR] LogOutputStream:75 - [STDERR_REDIRECT] 
2026-10-07 18:33:54,487 [ERROR] LogOutputStream:75 - [STDERR_REDIRECT] [Fatal Error] :1:1: Premature end of file.
2026-10-07 18:33:54,487 [ERROR] LogOutputStream:75 - [STDERR_REDIRECT] 
2026-10-07 18:33:55,490 [ERROR] LogOutputStream:75 - [STDERR_REDIRECT] [Fatal Error] :1:1: Premature end of file.
2026-10-07 18:33:55,490 [ERROR] LogOutputStream:75 - [STDERR_REDIRECT] 
2026-10-07 18:33:56,492 [ERROR] LogOutputStream:75 - [STDERR_REDIRECT] [Fatal Error] :1:1: Premature end of file.
2026-10-07 18:33:56,492 [ERROR] LogOutputStream:75 - [STDERR_REDIRECT] 
2026-10-07 18:33:57,484 [ERROR] LogOutputStream:75 - [STDERR_REDIRECT] [Fatal Error] :1:1: Premature end of file.
2026-10-07 18:33:57,484 [ERROR] LogOutputStream:75 - [STDERR_REDIRECT] 
2026-10-07 18:33:58,489 [ERROR] LogOutputStream:75 - [STDERR_REDIRECT] [Fatal Error] :1:1: Premature end of file.
2026-10-07 18:33:58,489 [ERROR] LogOutputStream:75 - [STDERR_REDIRECT] 
2026-10-07 18:33:59,518 [ERROR] LogOutputStream:75 - [STDERR_REDIRECT] [Fatal Error] :1:1: Premature end of file.
2026-10-07 18:33:59,518 [ERROR] LogOutputStream:75 - [STDERR_REDIRECT] 
2026-10-07 18:34:00,492 [ERROR] LogOutputStream:75 - [STDERR_REDIRECT] [Fatal Error] :1:1: Premature end of file.
2026-10-07 18:34:00,492 [ERROR] LogOutputStream:75 - [STDERR_REDIRECT] 
2026-10-07 18:34:01,495 [ERROR] LogOutputStream:75 - [STDERR_REDIRECT] [Fatal Error] :1:1: Premature end of file.
2026-10-07 18:34:01,495 [ERROR] LogOutputStream:75 - [STDERR_REDIRECT] 
2026-10-07 18:34:02,483 [ERROR] LogOutputStream:75 - [STDERR_REDIRECT] [Fatal Error] :1:1: Premature end of file.
2026-10-07 18:34:02,484 [ERROR] LogOutputStream:75 - [STDERR_REDIRECT] 
2026-10-07 18:34:03,483 [ERROR] LogOutputStream:75 - [STDERR_REDIRECT] [Fatal Error] :1:1: Premature end of file.
2026-10-07 18:34:03,483 [ERROR] LogOutputStream:75 - [STDERR_REDIRECT] 
2026-10-07 18:34:04,481 [ERROR] LogOutputStream:75 - [STDERR_REDIRECT] [Fatal Error] :1:1: Premature end of file.
2026-10-07 18:34:04,481 [ERROR] LogOutputStream:75 - [STDERR_REDIRECT] 
2026-10-07 18:34:05,485 [ERROR] LogOutputStream:75 - [STDERR_REDIRECT] [Fatal Error] :1:1: Premature end of file.
2026-10-07 18:34:05,485 [ERROR] LogOutputStream:75 - [STDERR_REDIRECT] 
2026-10-07 18:34:06,492 [ERROR] LogOutputStream:75 - [STDERR_REDIRECT] [Fatal Error] :1:1: Premature end of file.
2026-10-07 18:34:06,492 [ERROR] LogOutputStream:75 - [STDERR_REDIRECT] 
2026-10-07 18:34:07,482 [ERROR] LogOutputStream:75 - [STDERR_REDIRECT] [Fatal Error] :1:1: Premature end of file.
2026-10-07 18:34:07,482 [ERROR] LogOutputStream:75 - [STDERR_REDIRECT] 
2026-10-07 18:34:08,488 [ERROR] LogOutputStream:75 - [STDERR_REDIRECT] [Fatal Error] :1:1: Premature end of file.
2026-10-07 18:34:08,489 [ERROR] LogOutputStream:75 - [STDERR_REDIRECT] 
2026-10-07 18:34:09,494 [ERROR] LogOutputStream:75 - [STDERR_REDIRECT] [Fatal Error] :1:1: Premature end of file.
2026-10-07 18:34:09,494 [ERROR] LogOutputStream:75 - [STDERR_REDIRECT] 
2026-10-07 18:34:10,490 [ERROR] LogOutputStream:75 - [STDERR_REDIRECT] [Fatal Error] :1:1: Premature end of file.
2026-10-07 18:34:10,490 [ERROR] LogOutputStream:75 - [STDERR_REDIRECT] 
2026-10-07 18:34:11,481 [ERROR] LogOutputStream:75 - [STDERR_REDIRECT] [Fatal Error] :1:1: Premature end of file.
2026-10-07 18:34:11,481 [ERROR] LogOutputStream:75 - [STDERR_REDIRECT] 
2026-10-07 18:34:12,485 [ERROR] LogOutputStream:75 - [STDERR_REDIRECT] [Fatal Error] :1:1: Premature end of file.
2026-10-07 18:34:12,486 [ERROR] LogOutputStream:75 - [STDERR_REDIRECT] 
2026-10-07 18:34:13,494 [ERROR] LogOutputStream:75 - [STDERR_REDIRECT] [Fatal Error] :1:1: Premature end of file.
2026-10-07 18:34:13,496 [ERROR] LogOutputStream:75 - [STDERR_REDIRECT] 
2026-10-07 18:34:14,487 [ERROR] LogOutputStream:75 - [STDERR_REDIRECT] [Fatal Error] :1:1: Premature end of file.
2026-10-07 18:34:14,488 [ERROR] LogOutputStream:75 - [STDERR_REDIRECT] 
2026-10-07 18:34:15,491 [ERROR] LogOutputStream:75 - [STDERR_REDIRECT] [Fatal Error] :1:1: Premature end of file.
2026-10-07 18:34:15,491 [ERROR] LogOutputStream:75 - [STDERR_REDIRECT] 
2026-10-07 18:34:16,493 [ERROR] LogOutputStream:75 - [STDERR_REDIRECT] [Fatal Error] :1:1: Premature end of file.
2026-10-07 18:34:16,493 [ERROR] LogOutputStream:75 - [STDERR_REDIRECT] 
2026-10-07 18:34:17,485 [ERROR] LogOutputStream:75 - [STDERR_REDIRECT] [Fatal Error] :1:1: Premature end of file.
2026-10-07 18:34:17,485 [ERROR] LogOutputStream:75 - [STDERR_REDIRECT] 
2026-10-07 18:34:18,486 [ERROR] LogOutputStream:75 - [STDERR_REDIRECT] [Fatal Error] :1:1: Premature end of file.
2026-10-07 18:34:18,486 [ERROR] LogOutputStream:75 - [STDERR_REDIRECT] 
2026-10-07 18:34:19,493 [ERROR] LogOutputStream:75 - [STDERR_REDIRECT] [Fatal Error] :1:1: Premature end of file.
2026-10-07 18:34:19,493 [ERROR] LogOutputStream:75 - [STDERR_REDIRECT] 
2026-10-07 18:34:20,480 [ERROR] LogOutputStream:75 - [STDERR_REDIRECT] [Fatal Error] :1:1: Premature end of file.
2026-10-07 18:34:20,480 [ERROR] LogOutputStream:75 - [STDERR_REDIRECT] 
2026-10-07 18:34:21,488 [ERROR] LogOutputStream:75 - [STDERR_REDIRECT] [Fatal Error] :1:1: Premature end of file.
2026-10-07 18:34:21,488 [ERROR] LogOutputStream:75 - [STDERR_REDIRECT] 
2026-10-07 18:34:22,496 [ERROR] LogOutputStream:75 - [STDERR_REDIRECT] [Fatal Error] :1:1: Premature end of file.
2026-10-07 18:34:22,496 [ERROR] LogOutputStream:75 - [STDERR_REDIRECT] 
2026-10-07 18:34:23,485 [ERROR] LogOutputStream:75 - [STDERR_REDIRECT] [Fatal Error] :1:1: Premature end of file.
2026-10-07 18:34:23,485 [ERROR] LogOutputStream:75 - [STDERR_REDIRECT] 
2026-10-07 18:34:24,494 [ERROR] LogOutputStream:75 - [STDERR_REDIRECT] [Fatal Error] :1:1: Premature end of file.
2026-10-07 18:34:24,494 [ERROR] LogOutputStream:75 - [STDERR_REDIRECT] 
2026-10-07 18:34:25,483 [ERROR] LogOutputStream:75 - [STDERR_REDIRECT] [Fatal Error] :1:1: Premature end of file.
2026-10-07 18:34:25,483 [ERROR] LogOutputStream:75 - [STDERR_REDIRECT] 
2026-10-07 18:34:26,490 [ERROR] LogOutputStream:75 - [STDERR_REDIRECT] [Fatal Error] :1:1: Premature end of file.
2026-10-07 18:34:26,490 [ERROR] LogOutputStream:75 - [STDERR_REDIRECT] 
2026-10-07 18:34:27,491 [ERROR] LogOutputStream:75 - [STDERR_REDIRECT] [Fatal Error] :1:1: Premature end of file.
2026-10-07 18:34:27,491 [ERROR] LogOutputStream:75 - [STDERR_REDIRECT] 
2026-10-07 18:34:28,482 [ERROR] LogOutputStream:75 - [STDERR_REDIRECT] [Fatal Error] :1:1: Premature end of file.
2026-10-07 18:34:28,483 [ERROR] LogOutputStream:75 - [STDERR_REDIRECT] 
2026-10-07 18:34:29,485 [ERROR] LogOutputStream:75 - [STDERR_REDIRECT] [Fatal Error] :1:1: Premature end of file.
2026-10-07 18:34:29,485 [ERROR] LogOutputStream:75 - [STDERR_REDIRECT] 
2026-10-07 18:34:30,497 [ERROR] LogOutputStream:75 - [STDERR_REDIRECT] [Fatal Error] :1:1: Premature end of file.
2026-10-07 18:34:30,497 [ERROR] LogOutputStream:75 - [STDERR_REDIRECT] 
2026-10-07 18:34:31,479 [ERROR] LogOutputStream:75 - [STDERR_REDIRECT] [Fatal Error] :1:1: Premature end of file.
2026-10-07 18:34:31,479 [ERROR] LogOutputStream:75 - [STDERR_REDIRECT] 
2026-10-07 18:34:32,497 [ERROR] LogOutputStream:75 - [STDERR_REDIRECT] [Fatal Error] :1:1: Premature end of file.
2026-10-07 18:34:32,497 [ERROR] LogOutputStream:75 - [STDERR_REDIRECT] 
2026-10-07 18:34:33,486 [ERROR] LogOutputStream:75 - [STDERR_REDIRECT] [Fatal Error] :1:1: Premature end of file.
2026-10-07 18:34:33,486 [ERROR] LogOutputStream:75 - [STDERR_REDIRECT] 
2026-10-07 18:34:34,490 [ERROR] LogOutputStream:75 - [STDERR_REDIRECT] [Fatal Error] :1:1: Premature end of file.
2026-10-07 18:34:34,490 [ERROR] LogOutputStream:75 - [STDERR_REDIRECT] 
2026-10-07 18:34:35,481 [ERROR] LogOutputStream:75 - [STDERR_REDIRECT] [Fatal Error] :1:1: Premature end of file.
2026-10-07 18:34:35,481 [ERROR] LogOutputStream:75 - [STDERR_REDIRECT] 
2026-10-07 18:34:36,482 [ERROR] LogOutputStream:75 - [STDERR_REDIRECT] [Fatal Error] :1:1: Premature end of file.
2026-10-07 18:34:36,482 [ERROR] LogOutputStream:75 - [STDERR_REDIRECT] 
2026-10-07 18:34:37,482 [ERROR] LogOutputStream:75 - [STDERR_REDIRECT] [Fatal Error] :1:1: Premature end of file.
2026-10-07 18:34:37,482 [ERROR] LogOutputStream:75 - [STDERR_REDIRECT] 
2026-10-07 18:34:38,480 [ERROR] LogOutputStream:75 - [STDERR_REDIRECT] [Fatal Error] :1:1: Premature end of file.
2026-10-07 18:34:38,480 [ERROR] LogOutputStream:75 - [STDERR_REDIRECT] 
2026-10-07 18:34:39,481 [ERROR] LogOutputStream:75 - [STDERR_REDIRECT] [Fatal Error] :1:1: Premature end of file.
2026-10-07 18:34:39,481 [ERROR] LogOutputStream:75 - [STDERR_REDIRECT] 
2026-10-07 18:34:40,479 [ERROR] LogOutputStream:75 - [STDERR_REDIRECT] [Fatal Error] :1:1: Premature end of file.
2026-10-07 18:34:40,479 [ERROR] LogOutputStream:75 - [STDERR_REDIRECT] 
2026-10-07 18:34:41,478 [ERROR] LogOutputStream:75 - [STDERR_REDIRECT] [Fatal Error] :1:1: Premature end of file.
2026-10-07 18:34:41,479 [ERROR] LogOutputStream:75 - [STDERR_REDIRECT] 
2026-10-07 18:34:42,484 [ERROR] LogOutputStream:75 - [STDERR_REDIRECT] [Fatal Error] :1:1: Premature end of file.
2026-10-07 18:34:42,484 [ERROR] LogOutputStream:75 - [STDERR_REDIRECT] 
2026-10-07 18:34:43,480 [ERROR] LogOutputStream:75 - [STDERR_REDIRECT] [Fatal Error] :1:1: Premature end of file.
2026-10-07 18:34:43,481 [ERROR] LogOutputStream:75 - [STDERR_REDIRECT] 
2026-10-07 18:34:44,479 [ERROR] LogOutputStream:75 - [STDERR_REDIRECT] [Fatal Error] :1:1: Premature end of file.
2026-10-07 18:34:44,479 [ERROR] LogOutputStream:75 - [STDERR_REDIRECT] 
2026-10-07 18:34:45,481 [ERROR] LogOutputStream:75 - [STDERR_REDIRECT] [Fatal Error] :1:1: Premature end of file.
2026-10-07 18:34:45,481 [ERROR] LogOutputStream:75 - [STDERR_REDIRECT] 
2026-10-07 18:34:46,480 [ERROR] LogOutputStream:75 - [STDERR_REDIRECT] [Fatal Error] :1:1: Premature end of file.
2026-10-07 18:34:46,481 [ERROR] LogOutputStream:75 - [STDERR_REDIRECT] 
2026-10-07 18:34:47,480 [ERROR] LogOutputStream:75 - [STDERR_REDIRECT] [Fatal Error] :1:1: Premature end of file.
2026-10-07 18:34:47,480 [ERROR] LogOutputStream:75 - [STDERR_REDIRECT] 
2026-10-07 18:34:48,482 [ERROR] LogOutputStream:75 - [STDERR_REDIRECT] [Fatal Error] :1:1: Premature end of file.
2026-10-07 18:34:48,482 [ERROR] LogOutputStream:75 - [STDERR_REDIRECT] 
2026-10-07 18:34:49,480 [ERROR] LogOutputStream:75 - [STDERR_REDIRECT] [Fatal Error] :1:1: Premature end of file.
2026-10-07 18:34:49,480 [ERROR] LogOutputStream:75 - [STDERR_REDIRECT] 
2026-10-07 18:34:50,481 [ERROR] LogOutputStream:75 - [STDERR_REDIRECT] [Fatal Error] :1:1: Premature end of file.
2026-10-07 18:34:50,481 [ERROR] LogOutputStream:75 - [STDERR_REDIRECT] 
2026-10-07 18:34:51,484 [ERROR] LogOutputStream:75 - [STDERR_REDIRECT] [Fatal Error] :1:1: Premature end of file.
2026-10-07 18:34:51,484 [ERROR] LogOutputStream:75 - [STDERR_REDIRECT] 
2026-10-07 18:34:52,480 [ERROR] LogOutputStream:75 - [STDERR_REDIRECT] [Fatal Error] :1:1: Premature end of file.
2026-10-07 18:34:52,480 [ERROR] LogOutputStream:75 - [STDERR_REDIRECT] 
2026-10-07 18:34:53,483 [ERROR] LogOutputStream:75 - [STDERR_REDIRECT] [Fatal Error] :1:1: Premature end of file.
2026-10-07 18:34:53,483 [ERROR] LogOutputStream:75 - [STDERR_REDIRECT] 
2026-10-07 18:34:54,492 [ERROR] LogOutputStream:75 - [STDERR_REDIRECT] [Fatal Error] :1:1: Premature end of file.
2026-10-07 18:34:54,492 [ERROR] LogOutputStream:75 - [STDERR_REDIRECT] 
2026-10-07 18:34:55,488 [ERROR] LogOutputStream:75 - [STDERR_REDIRECT] [Fatal Error] :1:1: Premature end of file.
2026-10-07 18:34:55,488 [ERROR] LogOutputStream:75 - [STDERR_REDIRECT] 
2026-10-07 18:34:56,497 [ERROR] LogOutputStream:75 - [STDERR_REDIRECT] [Fatal Error] :1:1: Premature end of file.
2026-10-07 18:34:56,497 [ERROR] LogOutputStream:75 - [STDERR_REDIRECT] 
2026-10-07 18:34:57,485 [ERROR] LogOutputStream:75 - [STDERR_REDIRECT] [Fatal Error] :1:1: Premature end of file.
2026-10-07 18:34:57,485 [ERROR] LogOutputStream:75 - [STDERR_REDIRECT] 
2026-10-07 18:34:58,491 [ERROR] LogOutputStream:75 - [STDERR_REDIRECT] [Fatal Error] :1:1: Premature end of file.
2026-10-07 18:34:58,491 [ERROR] LogOutputStream:75 - [STDERR_REDIRECT] 
2026-10-07 18:34:59,485 [ERROR] LogOutputStream:75 - [STDERR_REDIRECT] [Fatal Error] :1:1: Premature end of file.
2026-10-07 18:34:59,486 [ERROR] LogOutputStream:75 - [STDERR_REDIRECT] 
2026-10-07 18:35:00,491 [ERROR] LogOutputStream:75 - [STDERR_REDIRECT] [Fatal Error] :1:1: Premature end of file.
2026-10-07 18:35:00,491 [ERROR] LogOutputStream:75 - [STDERR_REDIRECT] 
2026-10-07 18:35:01,481 [ERROR] LogOutputStream:75 - [STDERR_REDIRECT] [Fatal Error] :1:1: Premature end of file.
2026-10-07 18:35:01,481 [ERROR] LogOutputStream:75 - [STDERR_REDIRECT] 
2026-10-07 18:35:02,489 [ERROR] LogOutputStream:75 - [STDERR_REDIRECT] [Fatal Error] :1:1: Premature end of file.
2026-10-07 18:35:02,489 [ERROR] LogOutputStream:75 - [STDERR_REDIRECT] 
2026-10-07 18:35:03,494 [ERROR] LogOutputStream:75 - [STDERR_REDIRECT] [Fatal Error] :1:1: Premature end of file.
2026-10-07 18:35:03,494 [ERROR] LogOutputStream:75 - [STDERR_REDIRECT] 
2026-10-07 18:35:04,485 [ERROR] LogOutputStream:75 - [STDERR_REDIRECT] [Fatal Error] :1:1: Premature end of file.
2026-10-07 18:35:04,485 [ERROR] LogOutputStream:75 - [STDERR_REDIRECT] 
2026-10-07 18:35:05,491 [ERROR] LogOutputStream:75 - [STDERR_REDIRECT] [Fatal Error] :1:1: Premature end of file.
2026-10-07 18:35:05,491 [ERROR] LogOutputStream:75 - [STDERR_REDIRECT] 
2026-10-07 18:35:06,484 [ERROR] LogOutputStream:75 - [STDERR_REDIRECT] [Fatal Error] :1:1: Premature end of file.
2026-10-07 18:35:06,484 [ERROR] LogOutputStream:75 - [STDERR_REDIRECT] 
2026-10-07 18:35:07,494 [ERROR] LogOutputStream:75 - [STDERR_REDIRECT] [Fatal Error] :1:1: Premature end of file.
2026-10-07 18:35:07,494 [ERROR] LogOutputStream:75 - [STDERR_REDIRECT] 
2026-10-07 18:35:08,487 [ERROR] LogOutputStream:75 - [STDERR_REDIRECT] [Fatal Error] :1:1: Premature end of file.
2026-10-07 18:35:08,487 [ERROR] LogOutputStream:75 - [STDERR_REDIRECT] 
2026-10-07 18:35:09,494 [ERROR] LogOutputStream:75 - [STDERR_REDIRECT] [Fatal Error] :1:1: Premature end of file.
2026-10-07 18:35:09,499 [ERROR] LogOutputStream:75 - [STDERR_REDIRECT] 
2026-10-07 18:35:10,482 [ERROR] LogOutputStream:75 - [STDERR_REDIRECT] [Fatal Error] :1:1: Premature end of file.
2026-10-07 18:35:10,482 [ERROR] LogOutputStream:75 - [STDERR_REDIRECT] 
2026-10-07 18:35:11,485 [ERROR] LogOutputStream:75 - [STDERR_REDIRECT] [Fatal Error] :1:1: Premature end of file.
2026-10-07 18:35:11,485 [ERROR] LogOutputStream:75 - [STDERR_REDIRECT] 
2026-10-07 18:35:12,481 [ERROR] LogOutputStream:75 - [STDERR_REDIRECT] [Fatal Error] :1:1: Premature end of file.
2026-10-07 18:35:12,481 [ERROR] LogOutputStream:75 - [STDERR_REDIRECT] 
2026-10-07 18:35:13,490 [ERROR] LogOutputStream:75 - [STDERR_REDIRECT] [Fatal Error] :1:1: Premature end of file.
2026-10-07 18:35:13,490 [ERROR] LogOutputStream:75 - [STDERR_REDIRECT] 
2026-10-07 18:35:14,486 [ERROR] LogOutputStream:75 - [STDERR_REDIRECT] [Fatal Error] :1:1: Premature end of file.
2026-10-07 18:35:14,486 [ERROR] LogOutputStream:75 - [STDERR_REDIRECT] 
2026-10-07 18:35:15,479 [ERROR] LogOutputStream:75 - [STDERR_REDIRECT] [Fatal Error] :1:1: Premature end of file.
2026-10-07 18:35:15,480 [ERROR] LogOutputStream:75 - [STDERR_REDIRECT] 
2026-10-07 18:35:16,483 [ERROR] LogOutputStream:75 - [STDERR_REDIRECT] [Fatal Error] :1:1: Premature end of file.
2026-10-07 18:35:16,484 [ERROR] LogOutputStream:75 - [STDERR_REDIRECT] 
2026-10-07 18:35:17,489 [ERROR] LogOutputStream:75 - [STDERR_REDIRECT] [Fatal Error] :1:1: Premature end of file.
2026-10-07 18:35:17,489 [ERROR] LogOutputStream:75 - [STDERR_REDIRECT] 
2026-10-07 18:35:18,492 [ERROR] LogOutputStream:75 - [STDERR_REDIRECT] [Fatal Error] :1:1: Premature end of file.
2026-10-07 18:35:18,493 [ERROR] LogOutputStream:75 - [STDERR_REDIRECT] 
2026-10-07 18:35:19,494 [ERROR] LogOutputStream:75 - [STDERR_REDIRECT] [Fatal Error] :1:1: Premature end of file.
2026-10-07 18:35:19,495 [ERROR] LogOutputStream:75 - [STDERR_REDIRECT] 
2026-10-07 18:35:20,498 [ERROR] LogOutputStream:75 - [STDERR_REDIRECT] [Fatal Error] :1:1: Premature end of file.
2026-10-07 18:35:20,498 [ERROR] LogOutputStream:75 - [STDERR_REDIRECT] 
2026-10-07 18:35:21,485 [ERROR] LogOutputStream:75 - [STDERR_REDIRECT] [Fatal Error] :1:1: Premature end of file.
2026-10-07 18:35:21,485 [ERROR] LogOutputStream:75 - [STDERR_REDIRECT] 
2026-10-07 18:35:22,481 [ERROR] LogOutputStream:75 - [STDERR_REDIRECT] [Fatal Error] :1:1: Premature end of file.
2026-10-07 18:35:22,481 [ERROR] LogOutputStream:75 - [STDERR_REDIRECT] 
2026-10-07 18:35:23,482 [ERROR] LogOutputStream:75 - [STDERR_REDIRECT] [Fatal Error] :1:1: Premature end of file.
2026-10-07 18:35:23,482 [ERROR] LogOutputStream:75 - [STDERR_REDIRECT] 
2026-10-07 18:35:24,493 [ERROR] LogOutputStream:75 - [STDERR_REDIRECT] [Fatal Error] :1:1: Premature end of file.
2026-10-07 18:35:24,493 [ERROR] LogOutputStream:75 - [STDERR_REDIRECT] 
2026-10-07 18:35:25,493 [ERROR] LogOutputStream:75 - [STDERR_REDIRECT] [Fatal Error] :1:1: Premature end of file.
2026-10-07 18:35:25,493 [ERROR] LogOutputStream:75 - [STDERR_REDIRECT] 
2026-10-07 18:35:26,496 [ERROR] LogOutputStream:75 - [STDERR_REDIRECT] [Fatal Error] :1:1: Premature end of file.
2026-10-07 18:35:26,496 [ERROR] LogOutputStream:75 - [STDERR_REDIRECT] 
2026-10-07 18:35:27,486 [ERROR] LogOutputStream:75 - [STDERR_REDIRECT] [Fatal Error] :1:1: Premature end of file.
2026-10-07 18:35:27,486 [ERROR] LogOutputStream:75 - [STDERR_REDIRECT] 
2026-10-07 18:35:28,496 [ERROR] LogOutputStream:75 - [STDERR_REDIRECT] [Fatal Error] :1:1: Premature end of file.
2026-10-07 18:35:28,496 [ERROR] LogOutputStream:75 - [STDERR_REDIRECT] 
2026-10-07 18:35:29,485 [ERROR] LogOutputStream:75 - [STDERR_REDIRECT] [Fatal Error] :1:1: Premature end of file.
2026-10-07 18:35:29,485 [ERROR] LogOutputStream:75 - [STDERR_REDIRECT] 
2026-10-07 18:35:30,487 [ERROR] LogOutputStream:75 - [STDERR_REDIRECT] [Fatal Error] :1:1: Premature end of file.
2026-10-07 18:35:30,487 [ERROR] LogOutputStream:75 - [STDERR_REDIRECT] 
2026-10-07 18:35:31,489 [ERROR] LogOutputStream:75 - [STDERR_REDIRECT] [Fatal Error] :1:1: Premature end of file.
2026-10-07 18:35:31,490 [ERROR] LogOutputStream:75 - [STDERR_REDIRECT] 
2026-10-07 18:35:32,482 [ERROR] LogOutputStream:75 - [STDERR_REDIRECT] [Fatal Error] :1:1: Premature end of file.
2026-10-07 18:35:32,482 [ERROR] LogOutputStream:75 - [STDERR_REDIRECT] 
2026-10-07 18:35:33,493 [ERROR] LogOutputStream:75 - [STDERR_REDIRECT] [Fatal Error] :1:1: Premature end of file.
2026-10-07 18:35:33,493 [ERROR] LogOutputStream:75 - [STDERR_REDIRECT] 
2026-10-07 18:35:34,492 [ERROR] LogOutputStream:75 - [STDERR_REDIRECT] [Fatal Error] :1:1: Premature end of file.
2026-10-07 18:35:34,492 [ERROR] LogOutputStream:75 - [STDERR_REDIRECT] 
2026-10-07 18:35:35,483 [ERROR] LogOutputStream:75 - [STDERR_REDIRECT] [Fatal Error] :1:1: Premature end of file.
2026-10-07 18:35:35,483 [ERROR] LogOutputStream:75 - [STDERR_REDIRECT] 
2026-10-07 18:35:36,486 [ERROR] LogOutputStream:75 - [STDERR_REDIRECT] [Fatal Error] :1:1: Premature end of file.
2026-10-07 18:35:36,486 [ERROR] LogOutputStream:75 - [STDERR_REDIRECT] 
2026-10-07 18:35:37,489 [ERROR] LogOutputStream:75 - [STDERR_REDIRECT] [Fatal Error] :1:1: Premature end of file.
2026-10-07 18:35:37,489 [ERROR] LogOutputStream:75 - [STDERR_REDIRECT] 
2026-10-07 18:35:38,500 [ERROR] LogOutputStream:75 - [STDERR_REDIRECT] [Fatal Error] :1:1: Premature end of file.
2026-10-07 18:35:38,500 [ERROR] LogOutputStream:75 - [STDERR_REDIRECT] 
2026-10-07 18:35:39,480 [ERROR] LogOutputStream:75 - [STDERR_REDIRECT] [Fatal Error] :1:1: Premature end of file.
2026-10-07 18:35:39,480 [ERROR] LogOutputStream:75 - [STDERR_REDIRECT] 
2026-10-07 18:35:40,480 [ERROR] LogOutputStream:75 - [STDERR_REDIRECT] [Fatal Error] :1:1: Premature end of file.
2026-10-07 18:35:40,480 [ERROR] LogOutputStream:75 - [STDERR_REDIRECT] 
2026-10-07 18:35:41,483 [ERROR] LogOutputStream:75 - [STDERR_REDIRECT] [Fatal Error] :1:1: Premature end of file.
2026-10-07 18:35:41,483 [ERROR] LogOutputStream:75 - [STDERR_REDIRECT] 
2026-10-07 18:35:42,488 [ERROR] LogOutputStream:75 - [STDERR_REDIRECT] [Fatal Error] :1:1: Premature end of file.
2026-10-07 18:35:42,489 [ERROR] LogOutputStream:75 - [STDERR_REDIRECT] 
2026-10-07 18:35:43,495 [ERROR] LogOutputStream:75 - [STDERR_REDIRECT] [Fatal Error] :1:1: Premature end of file.
2026-10-07 18:35:43,496 [ERROR] LogOutputStream:75 - [STDERR_REDIRECT] 
2026-10-07 18:35:44,487 [ERROR] LogOutputStream:75 - [STDERR_REDIRECT] [Fatal Error] :1:1: Premature end of file.
2026-10-07 18:35:44,487 [ERROR] LogOutputStream:75 - [STDERR_REDIRECT] 
2026-10-07 18:35:45,498 [ERROR] LogOutputStream:75 - [STDERR_REDIRECT] [Fatal Error] :1:1: Premature end of file.
2026-10-07 18:35:45,498 [ERROR] LogOutputStream:75 - [STDERR_REDIRECT] 
2026-10-07 18:35:46,488 [ERROR] LogOutputStream:75 - [STDERR_REDIRECT] [Fatal Error] :1:1: Premature end of file.
2026-10-07 18:35:46,488 [ERROR] LogOutputStream:75 - [STDERR_REDIRECT] 
2026-10-07 18:35:47,491 [ERROR] LogOutputStream:75 - [STDERR_REDIRECT] [Fatal Error] :1:1: Premature end of file.
2026-10-07 18:35:47,491 [ERROR] LogOutputStream:75 - [STDERR_REDIRECT] 
2026-10-07 18:35:48,492 [ERROR] LogOutputStream:75 - [STDERR_REDIRECT] [Fatal Error] :1:1: Premature end of file.
2026-10-07 18:35:48,492 [ERROR] LogOutputStream:75 - [STDERR_REDIRECT] 
2026-10-07 18:35:49,493 [ERROR] LogOutputStream:75 - [STDERR_REDIRECT] [Fatal Error] :1:1: Premature end of file.
2026-10-07 18:35:49,493 [ERROR] LogOutputStream:75 - [STDERR_REDIRECT] 
2026-10-07 18:35:50,490 [ERROR] LogOutputStream:75 - [STDERR_REDIRECT] [Fatal Error] :1:1: Premature end of file.
2026-10-07 18:35:50,491 [ERROR] LogOutputStream:75 - [STDERR_REDIRECT] 
2026-10-07 18:35:51,497 [ERROR] LogOutputStream:75 - [STDERR_REDIRECT] [Fatal Error] :1:1: Premature end of file.
2026-10-07 18:35:51,497 [ERROR] LogOutputStream:75 - [STDERR_REDIRECT] 
2026-10-07 18:35:52,493 [ERROR] LogOutputStream:75 - [STDERR_REDIRECT] [Fatal Error] :1:1: Premature end of file.
2026-10-07 18:35:52,493 [ERROR] LogOutputStream:75 - [STDERR_REDIRECT] 
2026-10-07 18:35:53,496 [ERROR] LogOutputStream:75 - [STDERR_REDIRECT] [Fatal Error] :1:1: Premature end of file.
2026-10-07 18:35:53,497 [ERROR] LogOutputStream:75 - [STDERR_REDIRECT] 
2026-10-07 18:35:54,491 [ERROR] LogOutputStream:75 - [STDERR_REDIRECT] [Fatal Error] :1:1: Premature end of file.
2026-10-07 18:35:54,492 [ERROR] LogOutputStream:75 - [STDERR_REDIRECT] 
2026-10-07 18:35:55,494 [ERROR] LogOutputStream:75 - [STDERR_REDIRECT] [Fatal Error] :1:1: Premature end of file.
2026-10-07 18:35:55,494 [ERROR] LogOutputStream:75 - [STDERR_REDIRECT] 
2026-10-07 18:35:56,487 [ERROR] LogOutputStream:75 - [STDERR_REDIRECT] [Fatal Error] :1:1: Premature end of file.
2026-10-07 18:35:56,487 [ERROR] LogOutputStream:75 - [STDERR_REDIRECT] 
2026-10-07 18:35:57,487 [ERROR] LogOutputStream:75 - [STDERR_REDIRECT] [Fatal Error] :1:1: Premature end of file.
2026-10-07 18:35:57,487 [ERROR] LogOutputStream:75 - [STDERR_REDIRECT] 
2026-10-07 18:35:58,498 [ERROR] LogOutputStream:75 - [STDERR_REDIRECT] [Fatal Error] :1:1: Premature end of file.
2026-10-07 18:35:58,498 [ERROR] LogOutputStream:75 - [STDERR_REDIRECT] 
2026-10-07 18:35:59,490 [ERROR] LogOutputStream:75 - [STDERR_REDIRECT] [Fatal Error] :1:1: Premature end of file.
2026-10-07 18:35:59,490 [ERROR] LogOutputStream:75 - [STDERR_REDIRECT] 
2026-10-07 18:36:00,489 [ERROR] LogOutputStream:75 - [STDERR_REDIRECT] [Fatal Error] :1:1: Premature end of file.
2026-10-07 18:36:00,489 [ERROR] LogOutputStream:75 - [STDERR_REDIRECT] 
2026-10-07 18:36:01,491 [ERROR] LogOutputStream:75 - [STDERR_REDIRECT] [Fatal Error] :1:1: Premature end of file.
2026-10-07 18:36:01,491 [ERROR] LogOutputStream:75 - [STDERR_REDIRECT] 
2026-10-07 18:36:02,490 [ERROR] LogOutputStream:75 - [STDERR_REDIRECT] [Fatal Error] :1:1: Premature end of file.
2026-10-07 18:36:02,490 [ERROR] LogOutputStream:75 - [STDERR_REDIRECT] 
2026-10-07 18:36:03,492 [ERROR] LogOutputStream:75 - [STDERR_REDIRECT] [Fatal Error] :1:1: Premature end of file.
2026-10-07 18:36:03,492 [ERROR] LogOutputStream:75 - [STDERR_REDIRECT] 
2026-10-07 18:36:04,486 [ERROR] LogOutputStream:75 - [STDERR_REDIRECT] [Fatal Error] :1:1: Premature end of file.
2026-10-07 18:36:04,488 [ERROR] LogOutputStream:75 - [STDERR_REDIRECT] 
2026-10-07 18:36:05,489 [ERROR] LogOutputStream:75 - [STDERR_REDIRECT] [Fatal Error] :1:1: Premature end of file.
2026-10-07 18:36:05,491 [ERROR] LogOutputStream:75 - [STDERR_REDIRECT] 
2026-10-07 18:36:06,495 [ERROR] LogOutputStream:75 - [STDERR_REDIRECT] [Fatal Error] :1:1: Premature end of file.
2026-10-07 18:36:06,495 [ERROR] LogOutputStream:75 - [STDERR_REDIRECT] 
2026-10-07 18:36:07,503 [ERROR] LogOutputStream:75 - [STDERR_REDIRECT] [Fatal Error] :1:1: Premature end of file.
2026-10-07 18:36:07,503 [ERROR] LogOutputStream:75 - [STDERR_REDIRECT] 
2026-10-07 18:36:08,498 [ERROR] LogOutputStream:75 - [STDERR_REDIRECT] [Fatal Error] :1:1: Premature end of file.
2026-10-07 18:36:08,498 [ERROR] LogOutputStream:75 - [STDERR_REDIRECT] 
2026-10-07 18:36:09,486 [ERROR] LogOutputStream:75 - [STDERR_REDIRECT] [Fatal Error] :1:1: Premature end of file.
2026-10-07 18:36:09,486 [ERROR] LogOutputStream:75 - [STDERR_REDIRECT] 
2026-10-07 18:36:10,486 [ERROR] LogOutputStream:75 - [STDERR_REDIRECT] [Fatal Error] :1:1: Premature end of file.
2026-10-07 18:36:10,486 [ERROR] LogOutputStream:75 - [STDERR_REDIRECT] 
2026-10-07 18:36:11,485 [ERROR] LogOutputStream:75 - [STDERR_REDIRECT] [Fatal Error] :1:1: Premature end of file.
2026-10-07 18:36:11,485 [ERROR] LogOutputStream:75 - [STDERR_REDIRECT] 
2026-10-07 18:36:12,487 [ERROR] LogOutputStream:75 - [STDERR_REDIRECT] [Fatal Error] :1:1: Premature end of file.
2026-10-07 18:36:12,487 [ERROR] LogOutputStream:75 - [STDERR_REDIRECT] 
2026-10-07 18:36:13,489 [ERROR] LogOutputStream:75 - [STDERR_REDIRECT] [Fatal Error] :1:1: Premature end of file.
2026-10-07 18:36:13,489 [ERROR] LogOutputStream:75 - [STDERR_REDIRECT] 
2026-10-07 18:36:14,510 [ERROR] LogOutputStream:75 - [STDERR_REDIRECT] [Fatal Error] :1:1: Premature end of file.
2026-10-07 18:36:14,510 [ERROR] LogOutputStream:75 - [STDERR_REDIRECT] 
2026-10-07 18:36:15,522 [ERROR] LogOutputStream:75 - [STDERR_REDIRECT] [Fatal Error] :1:1: Premature end of file.
2026-10-07 18:36:15,523 [ERROR] LogOutputStream:75 - [STDERR_REDIRECT] 
2026-10-07 18:36:16,508 [ERROR] LogOutputStream:75 - [STDERR_REDIRECT] [Fatal Error] :1:1: Premature end of file.
2026-10-07 18:36:16,508 [ERROR] LogOutputStream:75 - [STDERR_REDIRECT] 
2026-10-07 18:36:17,518 [ERROR] LogOutputStream:75 - [STDERR_REDIRECT] [Fatal Error] :1:1: Premature end of file.
2026-10-07 18:36:17,518 [ERROR] LogOutputStream:75 - [STDERR_REDIRECT] 
2026-10-07 18:36:18,522 [ERROR] LogOutputStream:75 - [STDERR_REDIRECT] [Fatal Error] :1:1: Premature end of file.
2026-10-07 18:36:18,522 [ERROR] LogOutputStream:75 - [STDERR_REDIRECT] 
2026-10-07 18:36:19,550 [ERROR] LogOutputStream:75 - [STDERR_REDIRECT] [Fatal Error] :1:1: Premature end of file.
2026-10-07 18:36:19,550 [ERROR] LogOutputStream:75 - [STDERR_REDIRECT] 
2026-10-07 18:36:20,527 [ERROR] LogOutputStream:75 - [STDERR_REDIRECT] [Fatal Error] :1:1: Premature end of file.
2026-10-07 18:36:20,527 [ERROR] LogOutputStream:75 - [STDERR_REDIRECT] 
2026-10-07 18:36:21,531 [ERROR] LogOutputStream:75 - [STDERR_REDIRECT] [Fatal Error] :1:1: Premature end of file.
2026-10-07 18:36:21,531 [ERROR] LogOutputStream:75 - [STDERR_REDIRECT] 
2026-10-07 18:36:22,517 [ERROR] LogOutputStream:75 - [STDERR_REDIRECT] [Fatal Error] :1:1: Premature end of file.
2026-10-07 18:36:22,519 [ERROR] LogOutputStream:75 - [STDERR_REDIRECT] 
2026-10-07 18:36:23,521 [ERROR] LogOutputStream:75 - [STDERR_REDIRECT] [Fatal Error] :1:1: Premature end of file.
2026-10-07 18:36:23,521 [ERROR] LogOutputStream:75 - [STDERR_REDIRECT] 
2026-10-07 18:36:24,547 [ERROR] LogOutputStream:75 - [STDERR_REDIRECT] [Fatal Error] :1:1: Premature end of file.
2026-10-07 18:36:24,547 [ERROR] LogOutputStream:75 - [STDERR_REDIRECT] 
2026-10-07 18:36:25,522 [ERROR] LogOutputStream:75 - [STDERR_REDIRECT] [Fatal Error] :1:1: Premature end of file.
2026-10-07 18:36:25,522 [ERROR] LogOutputStream:75 - [STDERR_REDIRECT] 
2026-10-07 18:36:26,522 [ERROR] LogOutputStream:75 - [STDERR_REDIRECT] [Fatal Error] :1:1: Premature end of file.
2026-10-07 18:36:26,523 [ERROR] LogOutputStream:75 - [STDERR_REDIRECT] 
2026-10-07 18:36:27,531 [ERROR] LogOutputStream:75 - [STDERR_REDIRECT] [Fatal Error] :1:1: Premature end of file.
2026-10-07 18:36:27,532 [ERROR] LogOutputStream:75 - [STDERR_REDIRECT] 
